VFID,RAgas,DECgas,COreference,alphaCO,Mmol,Mmol_err_up,Mmol_err_down,r21,err_r21,tdep,tdep_err_up,tdep_err_down,HIreference,MHI,MHI_err_up,MHI_err_down,MH2_to_MHI,MH2_to_MHI_err_up,MH2_to_MHI_err_down,H2def,errH2def,HIdef,errHIdef,Separation,MH2,MH2_err_up,MH2_err_down,Mgas
VFID0000,,,,,,,,,,,,,,,,,,,,,,,,,,,,
VFID0001,,,,,,,,,,,,,,,,,,,,,,,,,,,,
VFID0002,145.9446417,74.8595806,AMIGA,,2137962089.5022328,267245261.18777907,267245261.18777907,,,977237220.9558108,466318233.2383137,466318233.2383137,AMIGA,9.251732640566562,8.754510248451973,8.634510248451974,1.1974774929553316,-1.0,-1.0,-0.1671978403536123,0.0542868102379064,0.4044138839760478,0.1382171453835724,0.0,9.33,0.9826016309019009,0.9823470351298339,9.593657076196166
VFID0003,,,,,,,,,,,,,,,,,,,,,,,,,,,,
VFID0004,,,,,,,,,,,,,,,,,,,,,,,,,,,,
VFID0005,173.1341542,74.6275556,AMIGA,,194984459.97580415,62898212.89542069,62898212.89542069,,,691830970.9189352,388987583.2481682,388987583.2481682,AMIGA,8.881732640566561,8.384510248451972,8.264510248451973,0.2560161482970676,-1.0,-1.0,0.3949021596463904,0.1400949941623392,0.2057603070172859,0.1382171453835725,0.0,8.29,0.9533668718537007,0.9533434196877564,8.980727863623173
VFID0006,,,,,,,,,,,,,,,,,,,,,,,,,,,,
VFID0007,,,,,,,,,,,,,,,,,,,,,,,,,,,,
VFID0008,,,,,,,,,,,,,,,,,,,,,,,,,,,,
VFID0009,,,,,,,,,,,,,,,,,,,,,,,,,,,,
VFID0010,,,,,,,,,,,,,,,,,,,,,,,,,,,,
VFID0011,,,,,,,,,,,,,,,,,,,,,,,,,,,,
VFID0012,,,,,,,,,,,,,,,,,,,,,,,,,,,,
VFID0013,,,,,,,,,,,,,,,,,,,,,,,,,,,,
VFID0014,,,,,,,,,,,,,,,,,,,,,,,,,,,,
VFID0015,,,,,,,,,,,,,,,,,,,,,,,,,,,,
VFID0016,,,,,,,,,,,,,,,,,,,,,,,,,,,,
VFID0017,,,,,,,,,,,,,,,,,,,,,,,,,,,,
VFID0018,,,,,,,,,,,,,,,,,,,,,,,,,,,,
VFID0019,,,,,,,,,,,,,,,,,,,,,,,,,,,,
VFID0020,,,,,,,,,,,,,,,,,,,,,,,,,,,,
VFID0021,,,,,,,,,,,,,,,,,,,,,,,,,,,,
VFID0022,,,,,,,,,,,,,,,,,,,,,,,,,,,,
VFID0023,,,,,,,,,,,,,,,,,,,,,,,,,,,,
VFID0024,,,,,,,,,,,,,,,,,,,,,,,,,,,,
VFID0025,,,,,,,,,,,,,,,,,,,,,,,,,,,,
VFID0026,,,,,,,,,,,,,,,,,,,,,,,,,,,,
VFID0027,,,,,,,,,,,,,,,,,,,,,,,,,,,,
VFID0028,,,,,,,,,,,,,,,,,,,,,,,,,,,,
VFID0029,,,,,,,,,,,,,,,,,,,,,,,,,,,,
VFID0030,,,,,,,,,,,,,,,,,,,,,,,,,,,,
VFID0031,,,,,,,,,,,,,,,,,,,,,,,,,,,,
VFID0032,,,,,,,,,,,,,,,,,,,,,,,,,,,,
VFID0033,,,,,,,,,,,,,,,,,,,,,,,,,,,,
VFID0034,,,,,,,,,,,,,,,,,,,,,,,,,,,,
VFID0035,194.9850417,73.6925556,AMIGA,,102329299.22807536,-1.0,-1.0,,,2511886431.5095787,-1.0,-1.0,AMIGA,9.201732640566561,8.704510248451973,8.584510248451974,0.0643083489154749,-1.0,-1.0,0.3266021596463897,-1.0,-0.5488230904860725,0.1382171453835724,0.0,8.01,0.9651492604437575,0.9651475535248962,9.228800109533072
VFID0036,,,,,,,,,,,,,,,,,,,,,,,,,,,,
VFID0037,,,,,,,,,,,,,,,,,,,,,,,,,,,,
VFID0038,,,,,,,,,,,,,,,,,,,,,,,,,,,,
VFID0039,,,,,,,,,,,,,,,,,,,,,,,,,,,,
VFID0040,,,,,,,,,,,,,,,,,,,,,,,,,,,,
VFID0041,,,,,,,,,,,,,,,,,,,,,,,,,,,,
VFID0042,,,,,,,,,,,,,,,,,,,,,,,,,,,,
VFID0043,,,,,,,,,,,,,,,,,,,,,,,,,,,,
VFID0044,,,,,,,,,,,,,,,,,,,,,,,,,,,,
VFID0045,,,,,,,,,,,,,,,,,,,,,,,,,,,,
VFID0046,,,,,,,,,,,,,,,,,,,,,,,,,,,,
VFID0047,,,,,,,,,,,,,,,,,,,,,,,,,,,,
VFID0048,,,,,,,,,,,,,,,,,,,,,,,,,,,,
VFID0049,,,,,,,,,,,,,,,,,,,,,,,,,,,,
VFID0050,,,,,,,,,,,,,,,,,,,,,,,,,,,,
VFID0051,,,,,,,,,,,,,,,,,,,,,,,,,,,,
VFID0052,,,,,,,,,,,,,,,,,,,,,,,,,,,,
VFID0053,,,,,,,,,,,,,,,,,,,,,,,,,,,,
VFID0054,,,,,,,,,,,,,,,,,,,,,,,,,,,,
VFID0055,,,,,,,,,,,,,,,,,,,,,,,,,,,,
VFID0056,,,,,,,,,,,,,,,,,,,,,,,,,,,,
VFID0057,,,,,,,,,,,,,,,,,,,,,,,,,,,,
VFID0058,,,,,,,,,,,,,,,,,,,,,,,,,,,,
VFID0059,,,,,,,,,,,,,,,,,,,,,,,,,,,,
VFID0060,,,,,,,,,,,,,,,,,,,,,,,,,,,,
VFID0061,,,,,,,,,,,,,,,,,,,,,,,,,,,,
VFID0062,,,,,,,,,,,,,,,,,,,,,,,,,,,,
VFID0063,,,,,,,,,,,,,,,,,,,,,,,,,,,,
VFID0064,,,,,,,,,,,,,,,,,,,,,,,,,,,,
VFID0065,,,,,,,,,,,,,,,,,,,,,,,,,,,,
VFID0066,,,,,,,,,,,,,,,,,,,,,,,,,,,,
VFID0067,,,,,,,,,,,,,,,,,,,,,,,,,,,,
VFID0068,,,,,,,,,,,,,,,,,,,,,,,,,,,,
VFID0069,,,,,,,,,,,,,,,,,,,,,,,,,,,,
VFID0070,,,,,,,,,,,,,,,,,,,,,,,,,,,,
VFID0071,,,,,,,,,,,,,,,,,,,,,,,,,,,,
VFID0072,,,,,,,,,,,,,,,,,,,,,,,,,,,,
VFID0073,,,,,,,,,,,,,,,,,,,,,,,,,,,,
VFID0074,,,,,,,,,,,,,,,,,,,,,,,,,,,,
VFID0075,,,,,,,,,,,,,,,,,,,,,,,,,,,,
VFID0076,,,,,,,,,,,,,,,,,,,,,,,,,,,,
VFID0077,,,,,,,,,,,,,,,,,,,,,,,,,,,,
VFID0078,,,,,,,,,,,,,,,,,,,,,,,,,,,,
VFID0079,,,,,,,,,,,,,,,,,,,,,,,,,,,,
VFID0080,,,,,,,,,,,,,,,,,,,,,,,,,,,,
VFID0081,,,,,,,,,,,,,,,,,,,,,,,,,,,,
VFID0082,,,,,,,,,,,,,,,,,,,,,,,,,,,,
VFID0083,,,,,,,,,,,,,,,,,,,,,,,,,,,,
VFID0084,,,,,,,,,,,,,,,,,,,,,,,,,,,,
VFID0085,,,,,,,,,,,,,,,,,,,,,,,,,,,,
VFID0086,,,,,,,,,,,,,,,,,,,,,,,,,,,,
VFID0087,,,,,,,,,,,,,,,,,,,,,,,,,,,,
VFID0088,,,,,,,,,,,,,,,,,,,,,,,,,,,,
VFID0089,,,,,,,,,,,,,,,,,,,,,,,,,,,,
VFID0090,,,,,,,,,,,,,,,,,,,,,,,,,,,,
VFID0091,,,,,,,,,,,,,,,,,,,,,,,,,,,,
VFID0092,,,,,,,,,,,,,,,,,,,,,,,,,,,,
VFID0093,,,,,,,,,,,,,,,,,,,,,,,,,,,,
VFID0094,,,,,,,,,,,,,,,,,,,,,,,,,,,,
VFID0095,,,,,,,,,,,,,,,,,,,,,,,,,,,,
VFID0096,,,,,,,,,,,,,,,,,,,,,,,,,,,,
VFID0097,,,,,,,,,,,,,,,,,,,,,,,,,,,,
VFID0098,,,,,,,,,,,,,,,,,,,,,,,,,,,,
VFID0099,,,,,,,,,,,,,,,,,,,,,,,,,,,,
VFID0100,,,,,,,,,,,,,,,,,,,,,,,,,,,,
VFID0101,,,,,,,,,,,,,,,,,,,,,,,,,,,,
VFID0102,,,,,,,,,,,,,,,,,,,,,,,,,,,,
VFID0103,,,,,,,,,,,,,,,,,,,,,,,,,,,,
VFID0104,,,,,,,,,,,,,,,,,,,,,,,,,,,,
VFID0105,,,,,,,,,,,,,,,,,,,,,,,,,,,,
VFID0106,,,,,,,,,,,,,,,,,,,,,,,,,,,,
VFID0107,,,,,,,,,,,,,,,,,,,,,,,,,,,,
VFID0108,,,,,,,,,,,,,,,,,,,,,,,,,,,,
VFID0109,,,,,,,,,,,,,,,,,,,,,,,,,,,,
VFID0110,,,,,,,,,,,,,,,,,,,,,,,,,,,,
VFID0111,,,,,,,,,,,,,,,,,,,,,,,,,,,,
VFID0112,,,,,,,,,,,,,,,,,,,,,,,,,,,,
VFID0113,,,,,,,,,,,,,,,,,,,,,,,,,,,,
VFID0114,,,,,,,,,,,,,,,,,,,,,,,,,,,,
VFID0115,,,,,,,,,,,,,,,,,,,,,,,,,,,,
VFID0116,,,,,,,,,,,,,,,,,,,,,,,,,,,,
VFID0117,,,,,,,,,,,,,,,,,,,,,,,,,,,,
VFID0118,,,,,,,,,,,,,,,,,,,,,,,,,,,,
VFID0119,,,,,,,,,,,,,,,,,,,,,,,,,,,,
VFID0120,,,,,,,,,,,,,,,,,,,,,,,,,,,,
VFID0121,,,,,,,,,,,,,,,,,,,,,,,,,,,,
VFID0122,,,,,,,,,,,,,,,,,,,,,,,,,,,,
VFID0123,,,,,,,,,,,,,,,,,,,,,,,,,,,,
VFID0124,,,,,,,,,,,,,,,,,,,,,,,,,,,,
VFID0125,,,,,,,,,,,,,,,,,,,,,,,,,,,,
VFID0126,,,,,,,,,,,,,,,,,,,,,,,,,,,,
VFID0127,,,,,,,,,,,,,,,,,,,,,,,,,,,,
VFID0128,,,,,,,,,,,,,,,,,,,,,,,,,,,,
VFID0129,,,,,,,,,,,,,,,,,,,,,,,,,,,,
VFID0130,,,,,,,,,,,,,,,,,,,,,,,,,,,,
VFID0131,,,,,,,,,,,,,,,,,,,,,,,,,,,,
VFID0132,,,,,,,,,,,,,,,,,,,,,,,,,,,,
VFID0133,,,,,,,,,,,,,,,,,,,,,,,,,,,,
VFID0134,,,,,,,,,,,,,,,,,,,,,,,,,,,,
VFID0135,,,,,,,,,,,,,,,,,,,,,,,,,,,,
VFID0136,,,,,,,,,,,,,,,,,,,,,,,,,,,,
VFID0137,,,,,,,,,,,,,,,,,,,,,,,,,,,,
VFID0138,,,,,,,,,,,,,,,,,,,,,,,,,,,,
VFID0139,,,,,,,,,,,,,,,,,,,,,,,,,,,,
VFID0140,,,,,,,,,,,,,,,,,,,,,,,,,,,,
VFID0141,,,,,,,,,,,,,,,,,,,,,,,,,,,,
VFID0142,,,,,,,,,,,,,,,,,,,,,,,,,,,,
VFID0143,,,,,,,,,,,,,,,,,,,,,,,,,,,,
VFID0144,,,,,,,,,,,,,,,,,,,,,,,,,,,,
VFID0145,,,,,,,,,,,,,,,,,,,,,,,,,,,,
VFID0146,,,,,,,,,,,,,,,,,,,,,,,,,,,,
VFID0147,,,,,,,,,,,,,,,,,,,,,,,,,,,,
VFID0148,,,,,,,,,,,,,,,,,,,,,,,,,,,,
VFID0149,,,,,,,,,,,,,,,,,,,,,,,,,,,,
VFID0150,,,,,,,,,,,,,,,,,,,,,,,,,,,,
VFID0151,,,,,,,,,,,,,,,,,,,,,,,,,,,,
VFID0152,,,,,,,,,,,,,,,,,,,,,,,,,,,,
VFID0153,,,,,,,,,,,,,,,,,,,,,,,,,,,,
VFID0154,,,,,,,,,,,,,,,,,,,,,,,,,,,,
VFID0155,,,,,,,,,,,,,,,,,,,,,,,,,,,,
VFID0156,,,,,,,,,,,,,,,,,,,,,,,,,,,,
VFID0157,,,,,,,,,,,,,,,,,,,,,,,,,,,,
VFID0158,,,,,,,,,,,,,,,,,,,,,,,,,,,,
VFID0159,,,,,,,,,,,,,,,,,,,,,,,,,,,,
VFID0160,,,,,,,,,,,,,,,,,,,,,,,,,,,,
VFID0161,,,,,,,,,,,,,,,,,,,,,,,,,,,,
VFID0162,,,,,,,,,,,,,,,,,,,,,,,,,,,,
VFID0163,,,,,,,,,,,,,,,,,,,,,,,,,,,,
VFID0164,,,,,,,,,,,,,,,,,,,,,,,,,,,,
VFID0165,,,,,,,,,,,,,,,,,,,,,,,,,,,,
VFID0166,,,,,,,,,,,,,,,,,,,,,,,,,,,,
VFID0167,,,,,,,,,,,,,,,,,,,,,,,,,,,,
VFID0168,,,,,,,,,,,,,,,,,,,,,,,,,,,,
VFID0169,,,,,,,,,,,,,,,,,,,,,,,,,,,,
VFID0170,,,,,,,,,,,,,,,,,,,,,,,,,,,,
VFID0171,,,,,,,,,,,,,,,,,,,,,,,,,,,,
VFID0172,176.1622292,67.9558639,AMIGA,,457088189.6148752,57136023.7018594,57136023.7018594,,,616595001.8614824,294226914.12674177,294226914.12674177,AMIGA,8.061323263590374,,,3.9689601315087266,-2.0,-2.0,0.0249021596463894,0.0542868102379064,0.3983365587833241,-1.0,0.0,8.66,0.9463157621846567,0.9463157621846567,8.757588775784644
VFID0173,,,,,,,,,,,,,,,,,,,,,,,,,,,,
VFID0174,,,,,,,,,,,,,,,,,,,,,,,,,,,,
VFID0175,,,,,,,,,,,,,,,,,,,,,,,,,,,,
VFID0176,,,,,,,,,,,,,,,,,,,,,,,,,,,,
VFID0177,,,,,,,,,,,,,,,,,,,,,,,,,,,,
VFID0178,,,,,,,,,,,,,,,,,,,,,,,,,,,,
VFID0179,,,,,,,,,,,,,,,,,,,,,,,,,,,,
VFID0180,,,,,,,,,,,,,,,,,,,,,,,,,,,,
VFID0181,,,,,,,,,,,,,,,,,,,,,,,,,,,,
VFID0182,,,,,,,,,,,,,,,,,,,,,,,,,,,,
VFID0183,,,,,,,,,,,,,,,,,,,,,,,,,,,,
VFID0184,,,,,,,,,,,,,,,,,,,,,,,,,,,,
VFID0185,,,,,,,,,,,,,,,,,,,,,,,,,,,,
VFID0186,,,,,,,,,,,,,,,,,,,,,,,,,,,,
VFID0187,,,,,,,,,,,,,,,,,,,,,,,,,,,,
VFID0188,,,,,,,,,,,,,,,,,,,,,,,,,,,,
VFID0189,,,,,,,,,,,,,,,,,,,,,,,,,,,,
VFID0190,,,,,,,,,,,,,,,,,,,,,,,,,,,,
VFID0191,,,,,,,,,,,,,,,,,,,,,,,,,,,,
VFID0192,,,,,,,,,,,,,,,,,,,,,,,,,,,,
VFID0193,,,,,,,,,,,,,,,,,,,,,,,,,,,,
VFID0194,171.9216625,66.5897833,AMIGA,,630957344.4801943,78869668.06002429,78869668.06002429,,,1230268770.8123837,587059873.8066734,587059873.8066734,AMIGA,8.581732640566562,8.084510248451974,7.964510248451973,1.6529790884916538,-1.0,-1.0,0.136002159646388,0.0542868102379064,0.346001870573513,0.1382171453835724,0.0,8.8,0.9555065076747264,0.9551026260568483,9.005466467334237
VFID0195,,,,,,,,,,,,,,,,,,,,,,,,,,,,
VFID0196,,,,,,,,,,,,,,,,,,,,,,,,,,,,
VFID0197,,,,,,,,,,,,,,,,,,,,,,,,,,,,
VFID0198,,,,,,,,,,,,,,,,,,,,,,,,,,,,
VFID0199,,,,,,,,,,,,,,,,,,,,,,,,,,,,
VFID0200,,,,,,,,,,,,,,,,,,,,,,,,,,,,
VFID0201,,,,,,,,,,,,,,,,,,,,,,,,,,,,
VFID0202,,,,,,,,,,,,,,,,,,,,,,,,,,,,
VFID0203,,,,,,,,,,,,,,,,,,,,,,,,,,,,
VFID0204,,,,,,,,,,,,,,,,,,,,,,,,,,,,
VFID0205,,,,,,,,,,,,,,,,,,,,,,,,,,,,
VFID0206,,,,,,,,,,,,,,,,,,,,,,,,,,,,
VFID0207,,,,,,,,,,,,,,,,,,,,,,,,,,,,
VFID0208,,,,,,,,,,,,,,,,,,,,,,,,,,,,
VFID0209,,,,,,,,,,,,,,,,,,,,,,,,,,,,
VFID0210,,,,,,,,,,,,,,,,,,,,,,,,,,,,
VFID0211,,,,,,,,,,,,,,,,,,,,,,,,,,,,
VFID0212,,,,,,,,,,,,,,,,,,,,,,,,,,,,
VFID0213,,,,,,,,,,,,,,,,,,,,,,,,,,,,
VFID0214,,,,,,,,,,,,,,,,,,,,,,,,,,,,
VFID0215,,,,,,,,,,,,,,,,,,,,,,,,,,,,
VFID0216,,,,,,,,,,,,,,,,,,,,,,,,,,,,
VFID0217,,,,,,,,,,,,,,,,,,,,,,,,,,,,
VFID0218,,,,,,,,,,,,,,,,,,,,,,,,,,,,
VFID0219,,,,,,,,,,,,,,,,,,,,,,,,,,,,
VFID0220,,,,,,,,,,,,,,,,,,,,,,,,,,,,
VFID0221,,,,,,,,,,,,,,,,,,,,,,,,,,,,
VFID0222,,,,,,,,,,,,,,,,,,,,,,,,,,,,
VFID0223,,,,,,,,,,,,,,,,,,,,,,,,,,,,
VFID0224,,,,,,,,,,,,,,,,,,,,,,,,,,,,
VFID0225,,,,,,,,,,,,,,,,,,,,,,,,,,,,
VFID0226,,,,,,,,,,,,,,,,,,,,,,,,,,,,
VFID0227,,,,,,,,,,,,,,,,,,,,,,,,,,,,
VFID0228,,,,,,,,,,,,,,,,,,,,,,,,,,,,
VFID0229,,,,,,,,,,,,,,,,,,,,,,,,,,,,
VFID0230,,,,,,,,,,,,,,,,,,,,,,,,,,,,
VFID0231,,,,,,,,,,,,,,,,,,,,,,,,,,,,
VFID0232,,,,,,,,,,,,,,,,,,,,,,,,,,,,
VFID0233,,,,,,,,,,,,,,,,,,,,,,,,,,,,
VFID0234,,,,,,,,,,,,,,,,,,,,,,,,,,,,
VFID0235,,,,,,,,,,,,,,,,,,,,,,,,,,,,
VFID0236,,,,,,,,,,,,,,,,,,,,,,,,,,,,
VFID0237,,,,,,,,,,,,,,,,,,,,,,,,,,,,
VFID0238,,,,,,,,,,,,,,,,,,,,,,,,,,,,
VFID0239,,,,,,,,,,,,,,,,,,,,,,,,,,,,
VFID0240,,,,,,,,,,,,,,,,,,,,,,,,,,,,
VFID0241,,,,,,,,,,,,,,,,,,,,,,,,,,,,
VFID0242,,,,,,,,,,,,,,,,,,,,,,,,,,,,
VFID0243,,,,,,,,,,,,,,,,,,,,,,,,,,,,
VFID0244,,,,,,,,,,,,,,,,,,,,,,,,,,,,
VFID0245,,,,,,,,,,,,,,,,,,,,,,,,,,,,
VFID0246,,,,,,,,,,,,,,,,,,,,,,,,,,,,
VFID0247,,,,,,,,,,,,,,,,,,,,,,,,,,,,
VFID0248,,,,,,,,,,,,,,,,,,,,,,,,,,,,
VFID0249,,,,,,,,,,,,,,,,,,,,,,,,,,,,
VFID0250,,,,,,,,,,,,,,,,,,,,,,,,,,,,
VFID0251,,,,,,,,,,,,,,,,,,,,,,,,,,,,
VFID0252,,,,,,,,,,,,,,,,,,,,,,,,,,,,
VFID0253,,,,,,,,,,,,,,,,,,,,,,,,,,,,
VFID0254,,,,,,,,,,,,,,,,,,,,,,,,,,,,
VFID0255,,,,,,,,,,,,,,,,,,,,,,,,,,,,
VFID0256,,,,,,,,,,,,,,,,,,,,,,,,,,,,
VFID0257,,,,,,,,,,,,,,,,,,,,,,,,,,,,
VFID0258,,,,,,,,,,,,,,,,,,,,,,,,,,,,
VFID0259,191.5038458,64.5693444,AMIGA,,204173794.46695316,-1.0,-1.0,,,691830970.9189373,-1.0,-1.0,AMIGA,9.691732640566562,9.194510248451973,9.074510248451974,0.0415209574395126,-1.0,-1.0,0.0914021596463889,-1.0,-0.4307540853414195,0.1382171453835724,0.0,8.31,0.9871940506962128,0.9871933594266427,9.709400653792969
VFID0260,,,,,,,,,,,,,,,,,,,,,,,,,,,,
VFID0261,,,,,,,,,,,,,,,,,,,,,,,,,,,,
VFID0262,,,,,,,,,,,,,,,,,,,,,,,,,,,,
VFID0263,,,,,,,,,,,,,,,,,,,,,,,,,,,,
VFID0264,,,,,,,,,,,,,,,,,,,,,,,,,,,,
VFID0265,,,,,,,,,,,,,,,,,,,,,,,,,,,,
VFID0266,,,,,,,,,,,,,,,,,,,,,,,,,,,,
VFID0267,,,,,,,,,,,,,,,,,,,,,,,,,,,,
VFID0268,,,,,,,,,,,,,,,,,,,,,,,,,,,,
VFID0269,,,,,,,,,,,,,,,,,,,,,,,,,,,,
VFID0270,,,,,,,,,,,,,,,,,,,,,,,,,,,,
VFID0271,,,,,,,,,,,,,,,,,,,,,,,,,,,,
VFID0272,,,,,,,,,,,,,,,,,,,,,,,,,,,,
VFID0273,,,,,,,,,,,,,,,,,,,,,,,,,,,,
VFID0274,,,,,,,,,,,,,,,,,,,,,,,,,,,,
VFID0275,,,,,,,,,,,,,,,,,,,,,,,,,,,,
VFID0276,,,,,,,,,,,,,,,,,,,,,,,,,,,,
VFID0277,,,,,,,,,,,,,,,,,,,,,,,,,,,,
VFID0278,,,,,,,,,,,,,,,,,,,,,,,,,,,,
VFID0279,,,,,,,,,,,,,,,,,,,,,,,,,,,,
VFID0280,,,,,,,,,,,,,,,,,,,,,,,,,,,,
VFID0281,,,,,,,,,,,,,,,,,,,,,,,,,,,,
VFID0282,,,,,,,,,,,,,,,,,,,,,,,,,,,,
VFID0283,,,,,,,,,,,,,,,,,,,,,,,,,,,,
VFID0284,,,,,,,,,,,,,,,,,,,,,,,,,,,,
VFID0285,,,,,,,,,,,,,,,,,,,,,,,,,,,,
VFID0286,,,,,,,,,,,,,,,,,,,,,,,,,,,,
VFID0287,,,,,,,,,,,,,,,,,,,,,,,,,,,,
VFID0288,,,,,,,,,,,,,,,,,,,,,,,,,,,,
VFID0289,,,,,,,,,,,,,,,,,,,,,,,,,,,,
VFID0290,,,,,,,,,,,,,,,,,,,,,,,,,,,,
VFID0291,,,,,,,,,,,,,,,,,,,,,,,,,,,,
VFID0292,,,,,,,,,,,,,,,,,,,,,,,,,,,,
VFID0293,,,,,,,,,,,,,,,,,,,,,,,,,,,,
VFID0294,,,,,,,,,,,,,,,,,,,,,,,,,,,,
VFID0295,,,,,,,,,,,,,,,,,,,,,,,,,,,,
VFID0296,,,,,,,,,,,,,,,,,,,,,,,,,,,,
VFID0297,,,,,,,,,,,,,,,,,,,,,,,,,,,,
VFID0298,,,,,,,,,,,,,,,,,,,,,,,,,,,,
VFID0299,,,,,,,,,,,,,,,,,,,,,,,,,,,,
VFID0300,,,,,,,,,,,,,,,,,,,,,,,,,,,,
VFID0301,,,,,,,,,,,,,,,,,,,,,,,,,,,,
VFID0302,,,,,,,,,,,,,,,,,,,,,,,,,,,,
VFID0303,,,,,,,,,,,,,,,,,,,,,,,,,,,,
VFID0304,,,,,,,,,,,,,,,,,,,,,,,,,,,,
VFID0305,,,,,,,,,,,,,,,,,,,,,,,,,,,,
VFID0306,,,,,,,,,,,,,,,,,,,,,,,,,,,,
VFID0307,,,,,,,,,,,,,,,,,,,,,,,,,,,,
VFID0308,,,,,,,,,,,,,,,,,,,,,,,,,,,,
VFID0309,,,,,,,,,,,,,,,,,,,,,,,,,,,,
VFID0310,,,,,,,,,,,,,,,,,,,,,,,,,,,,
VFID0311,,,,,,,,,,,,,,,,,,,,,,,,,,,,
VFID0312,,,,,,,,,,,,,,,,,,,,,,,,,,,,
VFID0313,,,,,,,,,,,,,,,,,,,,,,,,,,,,
VFID0314,,,,,,,,,,,,,,,,,,,,,,,,,,,,
VFID0315,,,,,,,,,,,,,,,,,,,,,,,,,,,,
VFID0316,,,,,,,,,,,,,,,,,,,,,,,,,,,,
VFID0317,,,,,,,,,,,,,,,,,,,,,,,,,,,,
VFID0318,,,,,,,,,,,,,,,,,,,,,,,,,,,,
VFID0319,,,,,,,,,,,,,,,,,,,,,,,,,,,,
VFID0320,,,,,,,,,,,,,,,,,,,,,,,,,,,,
VFID0321,,,,,,,,,,,,,,,,,,,,,,,,,,,,
VFID0322,,,,,,,,,,,,,,,,,,,,,,,,,,,,
VFID0323,,,,,,,,,,,,,,,,,,,,,,,,,,,,
VFID0324,,,,,,,,,,,,,,,,,,,,,,,,,,,,
VFID0325,,,,,,,,,,,,,,,,,,,,,,,,,,,,
VFID0326,,,,,,,,,,,,,,,,,,,,,,,,,,,,
VFID0327,,,,,,,,,,,,,,,,,,,,,,,,,,,,
VFID0328,,,,,,,,,,,,,,,,,,,,,,,,,,,,
VFID0329,,,,,,,,,,,,,,,,,,,,,,,,,,,,
VFID0330,,,,,,,,,,,,,,,,,,,,,,,,,,,,
VFID0331,,,,,,,,,,,,,,,,,,,,,,,,,,,,
VFID0332,,,,,,,,,,,,,,,,,,,,,,,,,,,,
VFID0333,,,,,,,,,,,,,,,,,,,,,,,,,,,,
VFID0334,,,,,,,,,,,,,,,,,,,,,,,,,,,,
VFID0335,,,,,,,,,,,,,,,,,,,,,,,,,,,,
VFID0336,,,,,,,,,,,,,,,,,,,,,,,,,,,,
VFID0337,,,,,,,,,,,,,,,,,,,,,,,,,,,,
VFID0338,,,,,,,,,,,,,,,,,,,,,,,,,,,,
VFID0339,,,,,,,,,,,,,,,,,,,,,,,,,,,,
VFID0340,,,,,,,,,,,,,,,,,,,,,,,,,,,,
VFID0341,,,,,,,,,,,,,,,,,,,,,,,,,,,,
VFID0342,,,,,,,,,,,,,,,,,,,,,,,,,,,,
VFID0343,,,,,,,,,,,,,,,,,,,,,,,,,,,,
VFID0344,,,,,,,,,,,,,,,,,,,,,,,,,,,,
VFID0345,,,,,,,,,,,,,,,,,,,,,,,,,,,,
VFID0346,,,,,,,,,,,,,,,,,,,,,,,,,,,,
VFID0347,,,,,,,,,,,,,,,,,,,,,,,,,,,,
VFID0348,,,,,,,,,,,,,,,,,,,,,,,,,,,,
VFID0349,,,,,,,,,,,,,,,,,,,,,,,,,,,,
VFID0350,,,,,,,,,,,,,,,,,,,,,,,,,,,,
VFID0351,,,,,,,,,,,,,,,,,,,,,,,,,,,,
VFID0352,,,,,,,,,,,,,,,,,,,,,,,,,,,,
VFID0353,,,,,,,,,,,,,,,,,,,,,,,,,,,,
VFID0354,,,,,,,,,,,,,,,,,,,,,,,,,,,,
VFID0355,,,,,,,,,,,,,,,,,,,,,,,,,,,,
VFID0356,,,,,,,,,,,,,,,,,,,,,,,,,,,,
VFID0357,,,,,,,,,,,,,,,,,,,,,,,,,,,,
VFID0358,,,,,,,,,,,,,,,,,,,,,,,,,,,,
VFID0359,,,,,,,,,,,,,,,,,,,,,,,,,,,,
VFID0360,,,,,,,,,,,,,,,,,,,,,,,,,,,,
VFID0361,,,,,,,,,,,,,,,,,,,,,,,,,,,,
VFID0362,,,,,,,,,,,,,,,,,,,,,,,,,,,,
VFID0363,,,,,,,,,,,,,,,,,,,,,,,,,,,,
VFID0364,,,,,,,,,,,,,,,,,,,,,,,,,,,,
VFID0365,,,,,,,,,,,,,,,,,,,,,,,,,,,,
VFID0366,,,,,,,,,,,,,,,,,,,,,,,,,,,,
VFID0367,,,,,,,,,,,,,,,,,,,,,,,,,,,,
VFID0368,,,,,,,,,,,,,,,,,,,,,,,,,,,,
VFID0369,,,,,,,,,,,,,,,,,,,,,,,,,,,,
VFID0370,,,,,,,,,,,,,,,,,,,,,,,,,,,,
VFID0371,,,,,,,,,,,,,,,,,,,,,,,,,,,,
VFID0372,,,,,,,,,,,,,,,,,,,,,,,,,,,,
VFID0373,,,,,,,,,,,,,,,,,,,,,,,,,,,,
VFID0374,,,,,,,,,,,,,,,,,,,,,,,,,,,,
VFID0375,,,,,,,,,,,,,,,,,,,,,,,,,,,,
VFID0376,,,,,,,,,,,,,,,,,,,,,,,,,,,,
VFID0377,243.625625,62.53669444444444,This work,4.3,968867971.0144082,130871624.016775,130871624.016775,0.4374464547868726,0.0707826901042935,904200200.8536508,433942319.7937759,433942319.7937759,Huchtmeier_Richter19,10.132830818003088,9.185796681213937,9.185796681213937,0.0713565396301647,0.0125652634790465,0.0125652634790465,-0.09886243952349,0.0586631262964489,-0.7469266705679534,0.0490625565330033,0.0,8.986264599169877,0.9575482813192738,0.9575482813192738,10.16276484292062
VFID0378,,,,,,,,,,,,,,,,,,,,,,,,,,,,
VFID0379,,,,,,,,,,,,,,,,,,,,,,,,,,,,
VFID0380,,,,,,,,,,,,,,,,,,,,,,,,,,,,
VFID0381,,,,,,,,,,,,,,,,,,,,,,,,,,,,
VFID0382,,,,,,,,,,,,,,,,,,,,,,,,,,,,
VFID0383,,,,,,,,,,,,,,,,,,,,,,,,,,,,
VFID0384,,,,,,,,,,,,,,,,,,,,,,,,,,,,
VFID0385,,,,,,,,,,,,,,,,,,,,,,,,,,,,
VFID0386,,,,,,,,,,,,,,,,,,,,,,,,,,,,
VFID0387,,,,,,,,,,,,,,,,,,,,,,,,,,,,
VFID0388,,,,,,,,,,,,,,,,,,,,,,,,,,,,
VFID0389,,,,,,,,,,,,,,,,,,,,,,,,,,,,
VFID0390,,,,,,,,,,,,,,,,,,,,,,,,,,,,
VFID0391,,,,,,,,,,,,,,,,,,,,,,,,,,,,
VFID0392,,,,,,,,,,,,,,,,,,,,,,,,,,,,
VFID0393,,,,,,,,,,,,,,,,,,,,,,,,,,,,
VFID0394,,,,,,,,,,,,,,,,,,,,,,,,,,,,
VFID0395,,,,,,,,,,,,,,,,,,,,,,,,,,,,
VFID0396,,,,,,,,,,,,,,,,,,,,,,,,,,,,
VFID0397,,,,,,,,,,,,,,,,,,,,,,,,,,,,
VFID0398,,,,,,,,,,,,,,,,,,,,,,,,,,,,
VFID0399,,,,,,,,,,,,,,,,,,,,,,,,,,,,
VFID0400,,,,,,,,,,,,,,,,,,,,,,,,,,,,
VFID0401,,,,,,,,,,,,,,,,,,,,,,,,,,,,
VFID0402,,,,,,,,,,,,,,,,,,,,,,,,,,,,
VFID0403,,,,,,,,,,,,,,,,,,,,,,,,,,,,
VFID0404,,,,,,,,,,,,,,,,,,,,,,,,,,,,
VFID0405,,,,,,,,,,,,,,,,,,,,,,,,,,,,
VFID0406,,,,,,,,,,,,,,,,,,,,,,,,,,,,
VFID0407,,,,,,,,,,,,,,,,,,,,,,,,,,,,
VFID0408,,,,,,,,,,,,,,,,,,,,,,,,,,,,
VFID0409,,,,,,,,,,,,,,,,,,,,,,,,,,,,
VFID0410,,,,,,,,,,,,,,,,,,,,,,,,,,,,
VFID0411,,,,,,,,,,,,,,,,,,,,,,,,,,,,
VFID0412,,,,,,,,,,,,,,,,,,,,,,,,,,,,
VFID0413,,,,,,,,,,,,,,,,,,,,,,,,,,,,
VFID0414,,,,,,,,,,,,,,,,,,,,,,,,,,,,
VFID0415,,,,,,,,,,,,,,,,,,,,,,,,,,,,
VFID0416,,,,,,,,,,,,,,,,,,,,,,,,,,,,
VFID0417,,,,,,,,,,,,,,,,,,,,,,,,,,,,
VFID0418,,,,,,,,,,,,,,,,,,,,,,,,,,,,
VFID0419,,,,,,,,,,,,,,,,,,,,,,,,,,,,
VFID0420,,,,,,,,,,,,,,,,,,,,,,,,,,,,
VFID0421,,,,,,,,,,,,,,,,,,,,,,,,,,,,
VFID0422,243.76179166666668,61.78205555555555,This work,4.3,272882319.8610509,44262580.20403246,44262580.20403246,0.2989581534578839,0.0671810995838639,2546685986.217859,1243414142.410053,1243414142.410053,This work,8.265562828408983,,,1.4805141758186469,-2.0,-2.0,0.3380267611531948,0.0704442645723606,0.3372563620035294,-1.0,0.0,8.435975398493193,0.9448381661884859,0.9448381661884859,8.66010454172524
VFID0423,,,,,,,,,,,,,,,,,,,,,,,,,,,,
VFID0424,,,,,,,,,,,,,,,,,,,,,,,,,,,,
VFID0425,,,,,,,,,,,,,,,,,,,,,,,,,,,,
VFID0426,111.1162417,61.6939333,AMIGA,,295120922.66663903,-1.0,-1.0,,,1412537544.6227567,-1.0,-1.0,AMIGA,9.64173264056656,9.144510248451972,9.024510248451973,0.067339108027412,-1.0,-1.0,0.2716021596463882,-1.0,-0.2132547298237259,0.1382171453835723,0.0,8.47,0.985432244470475,0.9854304633972149,9.67003506312817
VFID0427,,,,,,,,,,,,,,,,,,,,,,,,,,,,
VFID0428,,,,,,,,,,,,,,,,,,,,,,,,,,,,
VFID0429,,,,,,,,,,,,,,,,,,,,,,,,,,,,
VFID0430,,,,,,,,,,,,,,,,,,,,,,,,,,,,
VFID0431,,,,,,,,,,,,,,,,,,,,,,,,,,,,
VFID0432,,,,,,,,,,,,,,,,,,,,,,,,,,,,
VFID0433,,,,,,,,,,,,,,,,,,,,,,,,,,,,
VFID0434,,,,,,,,,,,,,,,,,,,,,,,,,,,,
VFID0435,,,,,,,,,,,,,,,,,,,,,,,,,,,,
VFID0436,,,,,,,,,,,,,,,,,,,,,,,,,,,,
VFID0437,,,,,,,,,,,,,,,,,,,,,,,,,,,,
VFID0438,,,,,,,,,,,,,,,,,,,,,,,,,,,,
VFID0439,,,,,,,,,,,,,,,,,,,,,,,,,,,,
VFID0440,,,,,,,,,,,,,,,,,,,,,,,,,,,,
VFID0441,,,,,,,,,,,,,,,,,,,,,,,,,,,,
VFID0442,,,,,,,,,,,,,,,,,,,,,,,,,,,,
VFID0443,,,,,,,,,,,,,,,,,,,,,,,,,,,,
VFID0444,,,,,,,,,,,,,,,,,,,,,,,,,,,,
VFID0445,,,,,,,,,,,,,,,,,,,,,,,,,,,,
VFID0446,,,,,,,,,,,,,,,,,,,,,,,,,,,,
VFID0447,,,,,,,,,,,,,,,,,,,,,,,,,,,,
VFID0448,,,,,,,,,,,,,,,,,,,,,,,,,,,,
VFID0449,,,,,,,,,,,,,,,,,,,,,,,,,,,,
VFID0450,,,,,,,,,,,,,,,,,,,,,,,,,,,,
VFID0451,,,,,,,,,,,,,,,,,,,,,,,,,,,,
VFID0452,,,,,,,,,,,,,,,,,,,,,,,,,,,,
VFID0453,,,,,,,,,,,,,,,,,,,,,,,,,,,,
VFID0454,,,,,,,,,,,,,,,,,,,,,,,,,,,,
VFID0455,,,,,,,,,,,,,,,,,,,,,,,,,,,,
VFID0456,,,,,,,,,,,,,,,,,,,,,,,,,,,,
VFID0457,,,,,,,,,,,,,,,,,,,,,,,,,,,,
VFID0458,,,,,,,,,,,,,,,,,,,,,,,,,,,,
VFID0459,,,,,,,,,,,,,,,,,,,,,,,,,,,,
VFID0460,,,,,,,,,,,,,,,,,,,,,,,,,,,,
VFID0461,,,,,,,,,,,,,,,,,,,,,,,,,,,,
VFID0462,,,,,,,,,,,,,,,,,,,,,,,,,,,,
VFID0463,,,,,,,,,,,,,,,,,,,,,,,,,,,,
VFID0464,,,,,,,,,,,,,,,,,,,,,,,,,,,,
VFID0465,,,,,,,,,,,,,,,,,,,,,,,,,,,,
VFID0466,,,,,,,,,,,,,,,,,,,,,,,,,,,,
VFID0467,,,,,,,,,,,,,,,,,,,,,,,,,,,,
VFID0468,,,,,,,,,,,,,,,,,,,,,,,,,,,,
VFID0469,,,,,,,,,,,,,,,,,,,,,,,,,,,,
VFID0470,,,,,,,,,,,,,,,,,,,,,,,,,,,,
VFID0471,,,,,,,,,,,,,,,,,,,,,,,,,,,,
VFID0472,,,,,,,,,,,,,,,,,,,,,,,,,,,,
VFID0473,,,,,,,,,,,,,,,,,,,,,,,,,,,,
VFID0474,,,,,,,,,,,,,,,,,,,,,,,,,,,,
VFID0475,,,,,,,,,,,,,,,,,,,,,,,,,,,,
VFID0476,,,,,,,,,,,,,,,,,,,,,,,,,,,,
VFID0477,,,,,,,,,,,,,,,,,,,,,,,,,,,,
VFID0478,,,,,,,,,,,,,,,,,,,,,,,,,,,,
VFID0479,,,,,,,,,,,,,,,,,,,,,,,,,,,,
VFID0480,,,,,,,,,,,,,,,,,,,,,,,,,,,,
VFID0481,,,,,,,,,,,,,,,,,,,,,,,,,,,,
VFID0482,,,,,,,,,,,,,,,,,,,,,,,,,,,,
VFID0483,256.90408333333335,60.72888888888889,This work,4.3,1326904497.447436,61747480.79852482,61747480.79852482,0.754770921990844,0.0417677121747248,470803481.928599,217917142.0516926,217917142.0516926,Huchtmeier_Richter19,8.757770106395014,7.979618856011371,7.979618856011371,2.317765850176585,0.4010691561718145,0.4010691561718145,-0.3731375064553077,0.0202098871725985,0.5574260475826591,0.0723824136505419,0.0,9.122839666101697,0.9645589416728759,0.9645589416728759,9.278615839028346
VFID0484,,,,,,,,,,,,,,,,,,,,,,,,,,,,
VFID0485,,,,,,,,,,,,,,,,,,,,,,,,,,,,
VFID0486,,,,,,,,,,,,,,,,,,,,,,,,,,,,
VFID0487,,,,,,,,,,,,,,,,,,,,,,,,,,,,
VFID0488,,,,,,,,,,,,,,,,,,,,,,,,,,,,
VFID0489,,,,,,,,,,,,,,,,,,,,,,,,,,,,
VFID0490,,,,,,,,,,,,,,,,,,,,,,,,,,,,
VFID0491,,,,,,,,,,,,,,,,,,,,,,,,,,,,
VFID0492,,,,,,,,,,,,,,,,,,,,,,,,,,,,
VFID0493,,,,,,,,,,,,,,,,,,,,,,,,,,,,
VFID0494,,,,,,,,,,,,,,,,,,,,,,,,,,,,
VFID0495,,,,,,,,,,,,,,,,,,,,,,,,,,,,
VFID0496,,,,,,,,,,,,,,,,,,,,,,,,,,,,
VFID0497,,,,,,,,,,,,,,,,,,,,,,,,,,,,
VFID0498,,,,,,,,,,,,,,,,,,,,,,,,,,,,
VFID0499,,,,,,,,,,,,,,,,,,,,,,,,,,,,
VFID0500,,,,,,,,,,,,,,,,,,,,,,,,,,,,
VFID0501,222.44204166666665,60.39852777777778,This work,4.3,60017779.68933503,22759192.1276132,22759192.1276132,1.9429318723644715,-1.0,261987110.50297013,156288926.61213398,156288926.61213398,Springob2005,9.91691485456648,8.994349940092127,8.994349940092127,0.0072671658288519,-1.0,-1.0,0.5988222346439578,0.1646877242837214,-0.8303411265074612,0.0519062192472502,0.0,7.778279925002429,0.9965142855554806,0.9965142855554806,9.92005953192868
VFID0502,,,,,,,,,,,,,,,,,,,,,,,,,,,,
VFID0503,,,,,,,,,,,,,,,,,,,,,,,,,,,,
VFID0504,,,,,,,,,,,,,,,,,,,,,,,,,,,,
VFID0505,,,,,,,,,,,,,,,,,,,,,,,,,,,,
VFID0506,,,,,,,,,,,,,,,,,,,,,,,,,,,,
VFID0507,,,,,,,,,,,,,,,,,,,,,,,,,,,,
VFID0508,,,,,,,,,,,,,,,,,,,,,,,,,,,,
VFID0509,,,,,,,,,,,,,,,,,,,,,,,,,,,,
VFID0510,,,,,,,,,,,,,,,,,,,,,,,,,,,,
VFID0511,,,,,,,,,,,,,,,,,,,,,,,,,,,,
VFID0512,,,,,,,,,,,,,,,,,,,,,,,,,,,,
VFID0513,,,,,,,,,,,,,,,,,,,,,,,,,,,,
VFID0514,,,,,,,,,,,,,,,,,,,,,,,,,,,,
VFID0515,,,,,,,,,,,,,,,,,,,,,,,,,,,,
VFID0516,,,,,,,,,,,,,,,,,,,,,,,,,,,,
VFID0517,,,,,,,,,,,,,,,,,,,,,,,,,,,,
VFID0518,,,,,,,,,,,,,,,,,,,,,,,,,,,,
VFID0519,,,,,,,,,,,,,,,,,,,,,,,,,,,,
VFID0520,175.12916666666666,60.29888888888889,Literature,4.3,24041637.912107892,-1.0,-1.0,-1000.0,-1000.0,1204936199.7037904,-1.0,-1.0,Serra2012,7.060434152936677,,,,,,1.30393810763188,-1.0,1.577582070821543,-1.0,0.0,,,,
VFID0521,,,,,,,,,,,,,,,,,,,,,,,,,,,,
VFID0522,,,,,,,,,,,,,,,,,,,,,,,,,,,,
VFID0523,,,,,,,,,,,,,,,,,,,,,,,,,,,,
VFID0524,,,,,,,,,,,,,,,,,,,,,,,,,,,,
VFID0525,,,,,,,,,,,,,,,,,,,,,,,,,,,,
VFID0526,,,,,,,,,,,,,,,,,,,,,,,,,,,,
VFID0527,,,,,,,,,,,,,,,,,,,,,,,,,,,,
VFID0528,,,,,,,,,,,,,,,,,,,,,,,,,,,,
VFID0529,,,,,,,,,,,,,,,,,,,,,,,,,,,,
VFID0530,,,,,,,,,,,,,,,,,,,,,,,,,,,,
VFID0531,,,,,,,,,,,,,,,,,,,,,,,,,,,,
VFID0532,,,,,,,,,,,,,,,,,,,,,,,,,,,,
VFID0533,,,,,,,,,,,,,,,,,,,,,,,,,,,,
VFID0534,,,,,,,,,,,,,,,,,,,,,,,,,,,,
VFID0535,,,,,,,,,,,,,,,,,,,,,,,,,,,,
VFID0536,,,,,,,,,,,,,,,,,,,,,,,,,,,,
VFID0537,,,,,,,,,,,,,,,,,,,,,,,,,,,,
VFID0538,,,,,,,,,,,,,,,,,,,,,,,,,,,,
VFID0539,151.132475,60.1078528,AMIGA,,398107170.5534969,-1.0,-1.0,,,10964781961.43184,-1.0,-1.0,AMIGA,7.991323263590374,,,,,,0.4332021596463882,-1.0,0.7989274459940123,-1.0,0.0,,,,
VFID0540,,,,,,,,,,,,,,,,,,,,,,,,,,,,
VFID0541,,,,,,,,,,,,,,,,,,,,,,,,,,,,
VFID0542,,,,,,,,,,,,,,,,,,,,,,,,,,,,
VFID0543,,,,,,,,,,,,,,,,,,,,,,,,,,,,
VFID0544,,,,,,,,,,,,,,,,,,,,,,,,,,,,
VFID0545,,,,,,,,,,,,,,,,,,,,,,,,,,,,
VFID0546,,,,,,,,,,,,,,,,,,,,,,,,,,,,
VFID0547,,,,,,,,,,,,,,,,,,,,,,,,,,,,
VFID0548,,,,,,,,,,,,,,,,,,,,,,,,,,,,
VFID0549,,,,,,,,,,,,,,,,,,,,,,,,,,,,
VFID0550,,,,,,,,,,,,,,,,,,,,,,,,,,,,
VFID0551,,,,,,,,,,,,,,,,,,,,,,,,,,,,
VFID0552,,,,,,,,,,,,,,,,,,,,,,,,,,,,
VFID0553,,,,,,,,,,,,,,,,,,,,,,,,,,,,
VFID0554,,,,,,,,,,,,,,,,,,,,,,,,,,,,
VFID0555,,,,,,,,,,,,,,,,,,,,,,,,,,,,
VFID0556,,,,,,,,,,,,,,,,,,,,,,,,,,,,
VFID0557,,,,,,,,,,,,,,,,,,,,,,,,,,,,
VFID0558,,,,,,,,,,,,,,,,,,,,,,,,,,,,
VFID0559,,,,,,,,,,,,,,,,,,,,,,,,,,,,
VFID0560,,,,,,,,,,,,,,,,,,,,,,,,,,,,
VFID0561,,,,,,,,,,,,,,,,,,,,,,,,,,,,
VFID0562,,,,,,,,,,,,,,,,,,,,,,,,,,,,
VFID0563,,,,,,,,,,,,,,,,,,,,,,,,,,,,
VFID0564,,,,,,,,,,,,,,,,,,,,,,,,,,,,
VFID0565,,,,,,,,,,,,,,,,,,,,,,,,,,,,
VFID0566,,,,,,,,,,,,,,,,,,,,,,,,,,,,
VFID0567,,,,,,,,,,,,,,,,,,,,,,,,,,,,
VFID0568,227.92075,59.80894444444444,This work,4.3,1667051682.750569,98585987.4454216,98585987.4454216,0.2194520614644789,0.0453978073419117,1745617408.084412,810487773.8717517,810487773.8717517,Schneider1992,9.707897935757774,8.667132390754599,8.667132390754599,0.3266262828685757,0.0354591315796296,0.0354591315796296,0.1190530953999999,0.0256832771194509,-0.0309255136394526,0.0395383704622902,0.0,9.221949064246388,0.9675243204161259,0.9675243204161259,9.83064653296536
VFID0569,235.38666666666663,59.75522222222222,This work,4.3,840138737.3834268,68182113.61177057,68182113.61177057,0.4743636150988186,0.0558037902363387,821014844.9379036,383917449.16557306,383917449.16557306,Springob2005,9.196729510781541,8.335145321197949,8.335145321197949,0.5340986730450185,0.0852926673166968,0.0852926673166968,-0.0936488501117001,0.0352455069484297,-0.1979575219334908,0.0597310462216506,0.0,8.92435100975809,0.9545998328464519,0.9545998328464519,9.382582805062547
VFID0570,,,,,,,,,,,,,,,,,,,,,,,,,,,,
VFID0571,,,,,,,,,,,,,,,,,,,,,,,,,,,,
VFID0572,,,,,,,,,,,,,,,,,,,,,,,,,,,,
VFID0573,,,,,,,,,,,,,,,,,,,,,,,,,,,,
VFID0574,,,,,,,,,,,,,,,,,,,,,,,,,,,,
VFID0575,,,,,,,,,,,,,,,,,,,,,,,,,,,,
VFID0576,,,,,,,,,,,,,,,,,,,,,,,,,,,,
VFID0577,,,,,,,,,,,,,,,,,,,,,,,,,,,,
VFID0578,,,,,,,,,,,,,,,,,,,,,,,,,,,,
VFID0579,,,,,,,,,,,,,,,,,,,,,,,,,,,,
VFID0580,,,,,,,,,,,,,,,,,,,,,,,,,,,,
VFID0581,,,,,,,,,,,,,,,,,,,,,,,,,,,,
VFID0582,,,,,,,,,,,,,,,,,,,,,,,,,,,,
VFID0583,,,,,,,,,,,,,,,,,,,,,,,,,,,,
VFID0584,,,,,,,,,,,,,,,,,,,,,,,,,,,,
VFID0585,,,,,,,,,,,,,,,,,,,,,,,,,,,,
VFID0586,,,,,,,,,,,,,,,,,,,,,,,,,,,,
VFID0587,,,,,,,,,,,,,,,,,,,,,,,,,,,,
VFID0588,,,,,,,,,,,,,,,,,,,,,,,,,,,,
VFID0589,,,,,,,,,,,,,,,,,,,,,,,,,,,,
VFID0590,,,,,,,,,,,,,,,,,,,,,,,,,,,,
VFID0591,,,,,,,,,,,,,,,,,,,,,,,,,,,,
VFID0592,,,,,,,,,,,,,,,,,,,,,,,,,,,,
VFID0593,,,,,,,,,,,,,,,,,,,,,,,,,,,,
VFID0594,,,,,,,,,,,,,,,,,,,,,,,,,,,,
VFID0595,,,,,,,,,,,,,,,,,,,,,,,,,,,,
VFID0596,,,,,,,,,,,,,,,,,,,,,,,,,,,,
VFID0597,,,,,,,,,,,,,,,,,,,,,,,,,,,,
VFID0598,,,,,,,,,,,,,,,,,,,,,,,,,,,,
VFID0599,,,,,,,,,,,,,,,,,,,,,,,,,,,,
VFID0600,,,,,,,,,,,,,,,,,,,,,,,,,,,,
VFID0601,,,,,,,,,,,,,,,,,,,,,,,,,,,,
VFID0602,234.47270833333337,59.39175,This work,4.3,2187661388.1030893,162674536.37662143,162674536.37662143,0.4166688302848592,0.0685848633482649,2818253802.480184,1314664308.1375785,1314664308.1375785,Springob2005,9.948569719679561,8.883214118389596,8.883214118389596,0.2462693601177171,0.0280037443259975,0.0280037443259975,0.154922058008168,0.0322941447331552,-0.0467354156059833,0.0373618790350354,0.0,9.33998010163822,0.9730294232878737,0.9730294232878737,10.044181637580607
VFID0603,,,,,,,,,,,,,,,,,,,,,,,,,,,,
VFID0604,,,,,,,,,,,,,,,,,,,,,,,,,,,,
VFID0605,,,,,,,,,,,,,,,,,,,,,,,,,,,,
VFID0606,234.66595833333335,59.35583333333334,Literature,4.3,46440206.925321,-1.0,-1.0,-1000.0,-1000.0,313974332.7589033,-1.0,-1.0,This work,8.082712645646483,,,,,,2.1277080134738053,-1.0,1.511062066789334,-1.0,0.0,,,,
VFID0607,,,,,,,,,,,,,,,,,,,,,,,,,,,,
VFID0608,,,,,,,,,,,,,,,,,,,,,,,,,,,,
VFID0609,,,,,,,,,,,,,,,,,,,,,,,,,,,,
VFID0610,234.90454166666663,59.331944444444446,This work,4.3,1590005906.2111115,291860621.2518401,291860621.2518401,0.3217515824298559,0.1348658501530558,604503385.6285294,299683733.94790363,299683733.94790363,This work,9.813329406947847,8.093998119964121,8.093998119964121,0.2443820652116581,0.0451004252680769,0.0451004252680769,0.5446034220994402,0.07971885940762,0.1649777784154267,0.0082880626317414,0.0,9.201398737546949,0.9673285441064932,0.9673285441064932,9.908283150114391
VFID0611,,,,,,,,,,,,,,,,,,,,,,,,,,,,
VFID0612,,,,,,,,,,,,,,,,,,,,,,,,,,,,
VFID0613,,,,,,,,,,,,,,,,,,,,,,,,,,,,
VFID0614,,,,,,,,,,,,,,,,,,,,,,,,,,,,
VFID0615,,,,,,,,,,,,,,,,,,,,,,,,,,,,
VFID0616,,,,,,,,,,,,,,,,,,,,,,,,,,,,
VFID0617,,,,,,,,,,,,,,,,,,,,,,,,,,,,
VFID0618,,,,,,,,,,,,,,,,,,,,,,,,,,,,
VFID0619,,,,,,,,,,,,,,,,,,,,,,,,,,,,
VFID0620,,,,,,,,,,,,,,,,,,,,,,,,,,,,
VFID0621,,,,,,,,,,,,,,,,,,,,,,,,,,,,
VFID0622,,,,,,,,,,,,,,,,,,,,,,,,,,,,
VFID0623,,,,,,,,,,,,,,,,,,,,,,,,,,,,
VFID0624,,,,,,,,,,,,,,,,,,,,,,,,,,,,
VFID0625,,,,,,,,,,,,,,,,,,,,,,,,,,,,
VFID0626,,,,,,,,,,,,,,,,,,,,,,,,,,,,
VFID0627,,,,,,,,,,,,,,,,,,,,,,,,,,,,
VFID0628,,,,,,,,,,,,,,,,,,,,,,,,,,,,
VFID0629,,,,,,,,,,,,,,,,,,,,,,,,,,,,
VFID0630,,,,,,,,,,,,,,,,,,,,,,,,,,,,
VFID0631,,,,,,,,,,,,,,,,,,,,,,,,,,,,
VFID0632,,,,,,,,,,,,,,,,,,,,,,,,,,,,
VFID0633,,,,,,,,,,,,,,,,,,,,,,,,,,,,
VFID0634,,,,,,,,,,,,,,,,,,,,,,,,,,,,
VFID0635,,,,,,,,,,,,,,,,,,,,,,,,,,,,
VFID0636,,,,,,,,,,,,,,,,,,,,,,,,,,,,
VFID0637,226.39887500000003,59.09377777777778,This work,4.3,105600631.27231036,16960566.505218457,16960566.505218457,0.687344933717326,0.2554927509949669,941166616.8896232,459026600.1337979,459026600.1337979,This work,8.28151179426685,7.714429386494459,7.714429386494459,0.5522741553494489,0.1739613083360731,0.1739613083360731,0.4425356452624083,0.0697522387359147,0.7248237713799224,0.117679795096365,0.0,8.023666514383981,0.9124653056426364,0.9124653056426364,8.472480221008965
VFID0638,,,,,,,,,,,,,,,,,,,,,,,,,,,,
VFID0639,,,,,,,,,,,,,,,,,,,,,,,,,,,,
VFID0640,,,,,,,,,,,,,,,,,,,,,,,,,,,,
VFID0641,,,,,,,,,,,,,,,,,,,,,,,,,,,,
VFID0642,,,,,,,,,,,,,,,,,,,,,,,,,,,,
VFID0643,,,,,,,,,,,,,,,,,,,,,,,,,,,,
VFID0644,,,,,,,,,,,,,,,,,,,,,,,,,,,,
VFID0645,,,,,,,,,,,,,,,,,,,,,,,,,,,,
VFID0646,,,,,,,,,,,,,,,,,,,,,,,,,,,,
VFID0647,,,,,,,,,,,,,,,,,,,,,,,,,,,,
VFID0648,,,,,,,,,,,,,,,,,,,,,,,,,,,,
VFID0649,,,,,,,,,,,,,,,,,,,,,,,,,,,,
VFID0650,222.82437499999995,58.97794444444445,This work,4.3,2740405901.185445,183382848.09553337,183382848.09553337,0.4886189075493629,0.0536163247502035,6573775887.238917,3059130189.854775,3059130189.854775,Springob2005,10.232201065740375,9.155272000099956,9.155272000099956,0.1605513006928556,0.0172133767792664,0.0172133767792664,-0.3317127344109689,0.0290621761430088,-0.334140347875854,0.0363793760115375,0.0,9.437814894057357,0.977413331582026,0.977413331582026,10.296865408391335
VFID0651,,,,,,,,,,,,,,,,,,,,,,,,,,,,
VFID0652,,,,,,,,,,,,,,,,,,,,,,,,,,,,
VFID0653,,,,,,,,,,,,,,,,,,,,,,,,,,,,
VFID0654,,,,,,,,,,,,,,,,,,,,,,,,,,,,
VFID0655,,,,,,,,,,,,,,,,,,,,,,,,,,,,
VFID0656,,,,,,,,,,,,,,,,,,,,,,,,,,,,
VFID0657,,,,,,,,,,,,,,,,,,,,,,,,,,,,
VFID0658,,,,,,,,,,,,,,,,,,,,,,,,,,,,
VFID0659,,,,,,,,,,,,,,,,,,,,,,,,,,,,
VFID0660,,,,,,,,,,,,,,,,,,,,,,,,,,,,
VFID0661,,,,,,,,,,,,,,,,,,,,,,,,,,,,
VFID0662,,,,,,,,,,,,,,,,,,,,,,,,,,,,
VFID0663,,,,,,,,,,,,,,,,,,,,,,,,,,,,
VFID0664,,,,,,,,,,,,,,,,,,,,,,,,,,,,
VFID0665,,,,,,,,,,,,,,,,,,,,,,,,,,,,
VFID0666,,,,,,,,,,,,,,,,,,,,,,,,,,,,
VFID0667,,,,,,,,,,,,,,,,,,,,,,,,,,,,
VFID0668,,,,,,,,,,,,,,,,,,,,,,,,,,,,
VFID0669,,,,,,,,,,,,,,,,,,,,,,,,,,,,
VFID0670,,,,,,,,,,,,,,,,,,,,,,,,,,,,
VFID0671,,,,,,,,,,,,,,,,,,,,,,,,,,,,
VFID0672,,,,,,,,,,,,,,,,,,,,,,,,,,,,
VFID0673,,,,,,,,,,,,,,,,,,,,,,,,,,,,
VFID0674,,,,,,,,,,,,,,,,,,,,,,,,,,,,
VFID0675,,,,,,,,,,,,,,,,,,,,,,,,,,,,
VFID0676,,,,,,,,,,,,,,,,,,,,,,,,,,,,
VFID0677,,,,,,,,,,,,,,,,,,,,,,,,,,,,
VFID0678,,,,,,,,,,,,,,,,,,,,,,,,,,,,
VFID0679,,,,,,,,,,,,,,,,,,,,,,,,,,,,
VFID0680,,,,,,,,,,,,,,,,,,,,,,,,,,,,
VFID0681,,,,,,,,,,,,,,,,,,,,,,,,,,,,
VFID0682,,,,,,,,,,,,,,,,,,,,,,,,,,,,
VFID0683,,,,,,,,,,,,,,,,,,,,,,,,,,,,
VFID0684,,,,,,,,,,,,,,,,,,,,,,,,,,,,
VFID0685,,,,,,,,,,,,,,,,,,,,,,,,,,,,
VFID0686,,,,,,,,,,,,,,,,,,,,,,,,,,,,
VFID0687,,,,,,,,,,,,,,,,,,,,,,,,,,,,
VFID0688,,,,,,,,,,,,,,,,,,,,,,,,,,,,
VFID0689,,,,,,,,,,,,,,,,,,,,,,,,,,,,
VFID0690,,,,,,,,,,,,,,,,,,,,,,,,,,,,
VFID0691,,,,,,,,,,,,,,,,,,,,,,,,,,,,
VFID0692,,,,,,,,,,,,,,,,,,,,,,,,,,,,
VFID0693,,,,,,,,,,,,,,,,,,,,,,,,,,,,
VFID0694,,,,,,,,,,,,,,,,,,,,,,,,,,,,
VFID0695,,,,,,,,,,,,,,,,,,,,,,,,,,,,
VFID0696,,,,,,,,,,,,,,,,,,,,,,,,,,,,
VFID0697,,,,,,,,,,,,,,,,,,,,,,,,,,,,
VFID0698,,,,,,,,,,,,,,,,,,,,,,,,,,,,
VFID0699,,,,,,,,,,,,,,,,,,,,,,,,,,,,
VFID0700,,,,,,,,,,,,,,,,,,,,,,,,,,,,
VFID0701,,,,,,,,,,,,,,,,,,,,,,,,,,,,
VFID0702,,,,,,,,,,,,,,,,,,,,,,,,,,,,
VFID0703,,,,,,,,,,,,,,,,,,,,,,,,,,,,
VFID0704,,,,,,,,,,,,,,,,,,,,,,,,,,,,
VFID0705,,,,,,,,,,,,,,,,,,,,,,,,,,,,
VFID0706,,,,,,,,,,,,,,,,,,,,,,,,,,,,
VFID0707,,,,,,,,,,,,,,,,,,,,,,,,,,,,
VFID0708,,,,,,,,,,,,,,,,,,,,,,,,,,,,
VFID0709,,,,,,,,,,,,,,,,,,,,,,,,,,,,
VFID0710,,,,,,,,,,,,,,,,,,,,,,,,,,,,
VFID0711,,,,,,,,,,,,,,,,,,,,,,,,,,,,
VFID0712,,,,,,,,,,,,,,,,,,,,,,,,,,,,
VFID0713,,,,,,,,,,,,,,,,,,,,,,,,,,,,
VFID0714,,,,,,,,,,,,,,,,,,,,,,,,,,,,
VFID0715,,,,,,,,,,,,,,,,,,,,,,,,,,,,
VFID0716,,,,,,,,,,,,,,,,,,,,,,,,,,,,
VFID0717,,,,,,,,,,,,,,,,,,,,,,,,,,,,
VFID0718,,,,,,,,,,,,,,,,,,,,,,,,,,,,
VFID0719,228.37158333333335,58.50936111111111,This work,4.3,305084961.97307265,64228413.04696267,64228413.04696267,0.4444389332515399,0.1134391621892501,1362764467.2537208,690045115.5524274,690045115.5524274,This work,8.225229645984212,7.5950987849565115,7.5950987849565115,1.816314940140483,0.572189108286295,0.572189108286295,0.1032813584053897,0.0914304172427898,0.4230800008769719,0.1017778916832948,0.0,8.484420801240999,0.9359231490905388,0.9359231490905388,8.674910865032833
VFID0720,,,,,,,,,,,,,,,,,,,,,,,,,,,,
VFID0721,,,,,,,,,,,,,,,,,,,,,,,,,,,,
VFID0722,,,,,,,,,,,,,,,,,,,,,,,,,,,,
VFID0723,,,,,,,,,,,,,,,,,,,,,,,,,,,,
VFID0724,,,,,,,,,,,,,,,,,,,,,,,,,,,,
VFID0725,,,,,,,,,,,,,,,,,,,,,,,,,,,,
VFID0726,,,,,,,,,,,,,,,,,,,,,,,,,,,,
VFID0727,,,,,,,,,,,,,,,,,,,,,,,,,,,,
VFID0728,,,,,,,,,,,,,,,,,,,,,,,,,,,,
VFID0729,,,,,,,,,,,,,,,,,,,,,,,,,,,,
VFID0730,,,,,,,,,,,,,,,,,,,,,,,,,,,,
VFID0731,,,,,,,,,,,,,,,,,,,,,,,,,,,,
VFID0732,,,,,,,,,,,,,,,,,,,,,,,,,,,,
VFID0733,,,,,,,,,,,,,,,,,,,,,,,,,,,,
VFID0734,,,,,,,,,,,,,,,,,,,,,,,,,,,,
VFID0735,,,,,,,,,,,,,,,,,,,,,,,,,,,,
VFID0736,,,,,,,,,,,,,,,,,,,,,,,,,,,,
VFID0737,,,,,,,,,,,,,,,,,,,,,,,,,,,,
VFID0738,,,,,,,,,,,,,,,,,,,,,,,,,,,,
VFID0739,,,,,,,,,,,,,,,,,,,,,,,,,,,,
VFID0740,,,,,,,,,,,,,,,,,,,,,,,,,,,,
VFID0741,,,,,,,,,,,,,,,,,,,,,,,,,,,,
VFID0742,,,,,,,,,,,,,,,,,,,,,,,,,,,,
VFID0743,,,,,,,,,,,,,,,,,,,,,,,,,,,,
VFID0744,,,,,,,,,,,,,,,,,,,,,,,,,,,,
VFID0745,,,,,,,,,,,,,,,,,,,,,,,,,,,,
VFID0746,,,,,,,,,,,,,,,,,,,,,,,,,,,,
VFID0747,,,,,,,,,,,,,,,,,,,,,,,,,,,,
VFID0748,,,,,,,,,,,,,,,,,,,,,,,,,,,,
VFID0749,,,,,,,,,,,,,,,,,,,,,,,,,,,,
VFID0750,,,,,,,,,,,,,,,,,,,,,,,,,,,,
VFID0751,,,,,,,,,,,,,,,,,,,,,,,,,,,,
VFID0752,,,,,,,,,,,,,,,,,,,,,,,,,,,,
VFID0753,,,,,,,,,,,,,,,,,,,,,,,,,,,,
VFID0754,,,,,,,,,,,,,,,,,,,,,,,,,,,,
VFID0755,,,,,,,,,,,,,,,,,,,,,,,,,,,,
VFID0756,,,,,,,,,,,,,,,,,,,,,,,,,,,,
VFID0757,,,,,,,,,,,,,,,,,,,,,,,,,,,,
VFID0758,,,,,,,,,,,,,,,,,,,,,,,,,,,,
VFID0759,,,,,,,,,,,,,,,,,,,,,,,,,,,,
VFID0760,,,,,,,,,,,,,,,,,,,,,,,,,,,,
VFID0761,,,,,,,,,,,,,,,,,,,,,,,,,,,,
VFID0762,,,,,,,,,,,,,,,,,,,,,,,,,,,,
VFID0763,,,,,,,,,,,,,,,,,,,,,,,,,,,,
VFID0764,,,,,,,,,,,,,,,,,,,,,,,,,,,,
VFID0765,,,,,,,,,,,,,,,,,,,,,,,,,,,,
VFID0766,,,,,,,,,,,,,,,,,,,,,,,,,,,,
VFID0767,,,,,,,,,,,,,,,,,,,,,,,,,,,,
VFID0768,,,,,,,,,,,,,,,,,,,,,,,,,,,,
VFID0769,,,,,,,,,,,,,,,,,,,,,,,,,,,,
VFID0770,,,,,,,,,,,,,,,,,,,,,,,,,,,,
VFID0771,,,,,,,,,,,,,,,,,,,,,,,,,,,,
VFID0772,,,,,,,,,,,,,,,,,,,,,,,,,,,,
VFID0773,,,,,,,,,,,,,,,,,,,,,,,,,,,,
VFID0774,,,,,,,,,,,,,,,,,,,,,,,,,,,,
VFID0775,230.96529166666664,58.05294444444444,This work,4.3,146917627.9157269,35380735.382661946,35380735.382661946,1.3886506064302078,-1.0,202802781.76765096,105393135.00972836,105393135.00972836,deVaucouleurs1991,9.600780377752331,8.585439463343613,8.585439463343613,0.0368377867945783,0.0095574202548679,0.0095574202548679,0.3801282518940887,0.1045868923992094,-0.1284361319631912,0.0419221354548692,0.0,8.167073907752298,0.9176737395419071,0.9176737395419071,9.616491194111926
VFID0776,,,,,,,,,,,,,,,,,,,,,,,,,,,,
VFID0777,,,,,,,,,,,,,,,,,,,,,,,,,,,,
VFID0778,,,,,,,,,,,,,,,,,,,,,,,,,,,,
VFID0779,,,,,,,,,,,,,,,,,,,,,,,,,,,,
VFID0780,,,,,,,,,,,,,,,,,,,,,,,,,,,,
VFID0781,,,,,,,,,,,,,,,,,,,,,,,,,,,,
VFID0782,266.04354166666667,57.98788888888889,This work,4.3,105779914.90955871,37137121.20565803,37137121.20565803,1.1577461845229329,0.6192564054496816,8598114283.573109,5299315952.764087,5299315952.764087,Huchtmeier_Richter19,9.202653982009428,8.459264837884996,8.459264837884996,0.0663359925016315,-1.0,-1.0,0.2878989463141899,0.1524717317761057,-0.2597107786608834,0.0784142814547537,0.0,8.0244032133322,0.9652288617745852,0.9652288617745852,9.230548050394203
VFID0783,,,,,,,,,,,,,,,,,,,,,,,,,,,,
VFID0784,,,,,,,,,,,,,,,,,,,,,,,,,,,,
VFID0785,,,,,,,,,,,,,,,,,,,,,,,,,,,,
VFID0786,,,,,,,,,,,,,,,,,,,,,,,,,,,,
VFID0787,176.05416666666665,57.948055555555555,Literature,4.3,21599567.823191047,-1.0,-1.0,-1000.0,-1000.0,1715714657.9802732,-1.0,-1.0,Serra2012,8.355812530206272,6.568115961916399,6.568115961916399,0.0951990317778572,-1.0,-1.0,1.536757098026988,-1.0,0.2916025868434015,0.0070808882919008,0.0,7.334445061619401,0.9240365333913012,0.9240365333913012,8.395305581389803
VFID0788,,,,,,,,,,,,,,,,,,,,,,,,,,,,
VFID0789,218.0232708,57.9214361,AMIGA,,4466835921.509635,558354490.1887044,558354490.1887044,,,1621810097.3589315,773895634.5817207,773895634.5817207,AMIGA,9.681732640566562,9.184510248451973,9.064510248451974,0.929538451134332,-1.0,-1.0,-0.349497840353612,0.0542868102379064,-0.1094810297587844,0.1382171453835724,0.0,9.65,0.9989879152243535,0.9988148531614186,9.967186078021308
VFID0790,,,,,,,,,,,,,,,,,,,,,,,,,,,,
VFID0791,,,,,,,,,,,,,,,,,,,,,,,,,,,,
VFID0792,,,,,,,,,,,,,,,,,,,,,,,,,,,,
VFID0793,,,,,,,,,,,,,,,,,,,,,,,,,,,,
VFID0794,,,,,,,,,,,,,,,,,,,,,,,,,,,,
VFID0795,,,,,,,,,,,,,,,,,,,,,,,,,,,,
VFID0796,,,,,,,,,,,,,,,,,,,,,,,,,,,,
VFID0797,,,,,,,,,,,,,,,,,,,,,,,,,,,,
VFID0798,,,,,,,,,,,,,,,,,,,,,,,,,,,,
VFID0799,,,,,,,,,,,,,,,,,,,,,,,,,,,,
VFID0800,,,,,,,,,,,,,,,,,,,,,,,,,,,,
VFID0801,,,,,,,,,,,,,,,,,,,,,,,,,,,,
VFID0802,,,,,,,,,,,,,,,,,,,,,,,,,,,,
VFID0803,,,,,,,,,,,,,,,,,,,,,,,,,,,,
VFID0804,,,,,,,,,,,,,,,,,,,,,,,,,,,,
VFID0805,,,,,,,,,,,,,,,,,,,,,,,,,,,,
VFID0806,,,,,,,,,,,,,,,,,,,,,,,,,,,,
VFID0807,,,,,,,,,,,,,,,,,,,,,,,,,,,,
VFID0808,,,,,,,,,,,,,,,,,,,,,,,,,,,,
VFID0809,,,,,,,,,,,,,,,,,,,,,,,,,,,,
VFID0810,,,,,,,,,,,,,,,,,,,,,,,,,,,,
VFID0811,,,,,,,,,,,,,,,,,,,,,,,,,,,,
VFID0812,,,,,,,,,,,,,,,,,,,,,,,,,,,,
VFID0813,,,,,,,,,,,,,,,,,,,,,,,,,,,,
VFID0814,,,,,,,,,,,,,,,,,,,,,,,,,,,,
VFID0815,,,,,,,,,,,,,,,,,,,,,,,,,,,,
VFID0816,,,,,,,,,,,,,,,,,,,,,,,,,,,,
VFID0817,,,,,,,,,,,,,,,,,,,,,,,,,,,,
VFID0818,,,,,,,,,,,,,,,,,,,,,,,,,,,,
VFID0819,,,,,,,,,,,,,,,,,,,,,,,,,,,,
VFID0820,,,,,,,,,,,,,,,,,,,,,,,,,,,,
VFID0821,,,,,,,,,,,,,,,,,,,,,,,,,,,,
VFID0822,,,,,,,,,,,,,,,,,,,,,,,,,,,,
VFID0823,,,,,,,,,,,,,,,,,,,,,,,,,,,,
VFID0824,,,,,,,,,,,,,,,,,,,,,,,,,,,,
VFID0825,,,,,,,,,,,,,,,,,,,,,,,,,,,,
VFID0826,,,,,,,,,,,,,,,,,,,,,,,,,,,,
VFID0827,,,,,,,,,,,,,,,,,,,,,,,,,,,,
VFID0828,,,,,,,,,,,,,,,,,,,,,,,,,,,,
VFID0829,,,,,,,,,,,,,,,,,,,,,,,,,,,,
VFID0830,,,,,,,,,,,,,,,,,,,,,,,,,,,,
VFID0831,,,,,,,,,,,,,,,,,,,,,,,,,,,,
VFID0832,,,,,,,,,,,,,,,,,,,,,,,,,,,,
VFID0833,,,,,,,,,,,,,,,,,,,,,,,,,,,,
VFID0834,,,,,,,,,,,,,,,,,,,,,,,,,,,,
VFID0835,,,,,,,,,,,,,,,,,,,,,,,,,,,,
VFID0836,,,,,,,,,,,,,,,,,,,,,,,,,,,,
VFID0837,,,,,,,,,,,,,,,,,,,,,,,,,,,,
VFID0838,,,,,,,,,,,,,,,,,,,,,,,,,,,,
VFID0839,,,,,,,,,,,,,,,,,,,,,,,,,,,,
VFID0840,,,,,,,,,,,,,,,,,,,,,,,,,,,,
VFID0841,,,,,,,,,,,,,,,,,,,,,,,,,,,,
VFID0842,,,,,,,,,,,,,,,,,,,,,,,,,,,,
VFID0843,,,,,,,,,,,,,,,,,,,,,,,,,,,,
VFID0844,,,,,,,,,,,,,,,,,,,,,,,,,,,,
VFID0845,,,,,,,,,,,,,,,,,,,,,,,,,,,,
VFID0846,,,,,,,,,,,,,,,,,,,,,,,,,,,,
VFID0847,141.9738167,57.3754583,AMIGA,,2454708915.685034,306838614.4606292,306838614.4606292,,,4677351412.871989,2231939390.2658396,2231939390.2658396,AMIGA,9.801732640566561,9.304510248451972,9.184510248451973,0.3874961210363403,-1.0,-1.0,-0.2838978403536121,0.0542868102379064,-0.0610077965452688,0.1382171453835725,0.0,9.39,0.9976628284395359,0.9976191522493782,9.943964418224434
VFID0848,,,,,,,,,,,,,,,,,,,,,,,,,,,,
VFID0849,,,,,,,,,,,,,,,,,,,,,,,,,,,,
VFID0850,,,,,,,,,,,,,,,,,,,,,,,,,,,,
VFID0851,,,,,,,,,,,,,,,,,,,,,,,,,,,,
VFID0852,,,,,,,,,,,,,,,,,,,,,,,,,,,,
VFID0853,,,,,,,,,,,,,,,,,,,,,,,,,,,,
VFID0854,,,,,,,,,,,,,,,,,,,,,,,,,,,,
VFID0855,,,,,,,,,,,,,,,,,,,,,,,,,,,,
VFID0856,,,,,,,,,,,,,,,,,,,,,,,,,,,,
VFID0857,,,,,,,,,,,,,,,,,,,,,,,,,,,,
VFID0858,,,,,,,,,,,,,,,,,,,,,,,,,,,,
VFID0859,,,,,,,,,,,,,,,,,,,,,,,,,,,,
VFID0860,,,,,,,,,,,,,,,,,,,,,,,,,,,,
VFID0861,,,,,,,,,,,,,,,,,,,,,,,,,,,,
VFID0862,,,,,,,,,,,,,,,,,,,,,,,,,,,,
VFID0863,,,,,,,,,,,,,,,,,,,,,,,,,,,,
VFID0864,,,,,,,,,,,,,,,,,,,,,,,,,,,,
VFID0865,,,,,,,,,,,,,,,,,,,,,,,,,,,,
VFID0866,,,,,,,,,,,,,,,,,,,,,,,,,,,,
VFID0867,,,,,,,,,,,,,,,,,,,,,,,,,,,,
VFID0868,,,,,,,,,,,,,,,,,,,,,,,,,,,,
VFID0869,,,,,,,,,,,,,,,,,,,,,,,,,,,,
VFID0870,,,,,,,,,,,,,,,,,,,,,,,,,,,,
VFID0871,,,,,,,,,,,,,,,,,,,,,,,,,,,,
VFID0872,,,,,,,,,,,,,,,,,,,,,,,,,,,,
VFID0873,,,,,,,,,,,,,,,,,,,,,,,,,,,,
VFID0874,,,,,,,,,,,,,,,,,,,,,,,,,,,,
VFID0875,,,,,,,,,,,,,,,,,,,,,,,,,,,,
VFID0876,,,,,,,,,,,,,,,,,,,,,,,,,,,,
VFID0877,,,,,,,,,,,,,,,,,,,,,,,,,,,,
VFID0878,,,,,,,,,,,,,,,,,,,,,,,,,,,,
VFID0879,,,,,,,,,,,,,,,,,,,,,,,,,,,,
VFID0880,,,,,,,,,,,,,,,,,,,,,,,,,,,,
VFID0881,,,,,,,,,,,,,,,,,,,,,,,,,,,,
VFID0882,,,,,,,,,,,,,,,,,,,,,,,,,,,,
VFID0883,,,,,,,,,,,,,,,,,,,,,,,,,,,,
VFID0884,,,,,,,,,,,,,,,,,,,,,,,,,,,,
VFID0885,,,,,,,,,,,,,,,,,,,,,,,,,,,,
VFID0886,,,,,,,,,,,,,,,,,,,,,,,,,,,,
VFID0887,,,,,,,,,,,,,,,,,,,,,,,,,,,,
VFID0888,,,,,,,,,,,,,,,,,,,,,,,,,,,,
VFID0889,,,,,,,,,,,,,,,,,,,,,,,,,,,,
VFID0890,,,,,,,,,,,,,,,,,,,,,,,,,,,,
VFID0891,,,,,,,,,,,,,,,,,,,,,,,,,,,,
VFID0892,,,,,,,,,,,,,,,,,,,,,,,,,,,,
VFID0893,,,,,,,,,,,,,,,,,,,,,,,,,,,,
VFID0894,,,,,,,,,,,,,,,,,,,,,,,,,,,,
VFID0895,,,,,,,,,,,,,,,,,,,,,,,,,,,,
VFID0896,,,,,,,,,,,,,,,,,,,,,,,,,,,,
VFID0897,,,,,,,,,,,,,,,,,,,,,,,,,,,,
VFID0898,,,,,,,,,,,,,,,,,,,,,,,,,,,,
VFID0899,,,,,,,,,,,,,,,,,,,,,,,,,,,,
VFID0900,,,,,,,,,,,,,,,,,,,,,,,,,,,,
VFID0901,,,,,,,,,,,,,,,,,,,,,,,,,,,,
VFID0902,,,,,,,,,,,,,,,,,,,,,,,,,,,,
VFID0903,,,,,,,,,,,,,,,,,,,,,,,,,,,,
VFID0904,,,,,,,,,,,,,,,,,,,,,,,,,,,,
VFID0905,,,,,,,,,,,,,,,,,,,,,,,,,,,,
VFID0906,,,,,,,,,,,,,,,,,,,,,,,,,,,,
VFID0907,,,,,,,,,,,,,,,,,,,,,,,,,,,,
VFID0908,,,,,,,,,,,,,,,,,,,,,,,,,,,,
VFID0909,,,,,,,,,,,,,,,,,,,,,,,,,,,,
VFID0910,,,,,,,,,,,,,,,,,,,,,,,,,,,,
VFID0911,,,,,,,,,,,,,,,,,,,,,,,,,,,,
VFID0912,,,,,,,,,,,,,,,,,,,,,,,,,,,,
VFID0913,,,,,,,,,,,,,,,,,,,,,,,,,,,,
VFID0914,,,,,,,,,,,,,,,,,,,,,,,,,,,,
VFID0915,,,,,,,,,,,,,,,,,,,,,,,,,,,,
VFID0916,,,,,,,,,,,,,,,,,,,,,,,,,,,,
VFID0917,,,,,,,,,,,,,,,,,,,,,,,,,,,,
VFID0918,,,,,,,,,,,,,,,,,,,,,,,,,,,,
VFID0919,,,,,,,,,,,,,,,,,,,,,,,,,,,,
VFID0920,,,,,,,,,,,,,,,,,,,,,,,,,,,,
VFID0921,,,,,,,,,,,,,,,,,,,,,,,,,,,,
VFID0922,,,,,,,,,,,,,,,,,,,,,,,,,,,,
VFID0923,,,,,,,,,,,,,,,,,,,,,,,,,,,,
VFID0924,,,,,,,,,,,,,,,,,,,,,,,,,,,,
VFID0925,,,,,,,,,,,,,,,,,,,,,,,,,,,,
VFID0926,,,,,,,,,,,,,,,,,,,,,,,,,,,,
VFID0927,,,,,,,,,,,,,,,,,,,,,,,,,,,,
VFID0928,,,,,,,,,,,,,,,,,,,,,,,,,,,,
VFID0929,,,,,,,,,,,,,,,,,,,,,,,,,,,,
VFID0930,,,,,,,,,,,,,,,,,,,,,,,,,,,,
VFID0931,,,,,,,,,,,,,,,,,,,,,,,,,,,,
VFID0932,,,,,,,,,,,,,,,,,,,,,,,,,,,,
VFID0933,,,,,,,,,,,,,,,,,,,,,,,,,,,,
VFID0934,,,,,,,,,,,,,,,,,,,,,,,,,,,,
VFID0935,,,,,,,,,,,,,,,,,,,,,,,,,,,,
VFID0936,,,,,,,,,,,,,,,,,,,,,,,,,,,,
VFID0937,,,,,,,,,,,,,,,,,,,,,,,,,,,,
VFID0938,,,,,,,,,,,,,,,,,,,,,,,,,,,,
VFID0939,,,,,,,,,,,,,,,,,,,,,,,,,,,,
VFID0940,,,,,,,,,,,,,,,,,,,,,,,,,,,,
VFID0941,,,,,,,,,,,,,,,,,,,,,,,,,,,,
VFID0942,,,,,,,,,,,,,,,,,,,,,,,,,,,,
VFID0943,,,,,,,,,,,,,,,,,,,,,,,,,,,,
VFID0944,,,,,,,,,,,,,,,,,,,,,,,,,,,,
VFID0945,,,,,,,,,,,,,,,,,,,,,,,,,,,,
VFID0946,,,,,,,,,,,,,,,,,,,,,,,,,,,,
VFID0947,,,,,,,,,,,,,,,,,,,,,,,,,,,,
VFID0948,,,,,,,,,,,,,,,,,,,,,,,,,,,,
VFID0949,,,,,,,,,,,,,,,,,,,,,,,,,,,,
VFID0950,,,,,,,,,,,,,,,,,,,,,,,,,,,,
VFID0951,,,,,,,,,,,,,,,,,,,,,,,,,,,,
VFID0952,,,,,,,,,,,,,,,,,,,,,,,,,,,,
VFID0953,,,,,,,,,,,,,,,,,,,,,,,,,,,,
VFID0954,,,,,,,,,,,,,,,,,,,,,,,,,,,,
VFID0955,,,,,,,,,,,,,,,,,,,,,,,,,,,,
VFID0956,177.3125,56.08416666666667,Literature,4.3,234951424.1055507,-1.0,-1.0,-1000.0,-1000.0,796119170.3474923,-1.0,-1.0,deVaucouleurs1991,9.645932483342488,8.628607899270143,8.628607899270143,0.053094018694688,-1.0,-1.0,1.051024077900495,-1.0,-0.1940582971744415,0.0417310898812063,0.0,8.370978081745895,0.9853548341219142,0.9853548341219142,9.668399629435422
VFID0957,,,,,,,,,,,,,,,,,,,,,,,,,,,,
VFID0958,,,,,,,,,,,,,,,,,,,,,,,,,,,,
VFID0959,,,,,,,,,,,,,,,,,,,,,,,,,,,,
VFID0960,,,,,,,,,,,,,,,,,,,,,,,,,,,,
VFID0961,,,,,,,,,,,,,,,,,,,,,,,,,,,,
VFID0962,,,,,,,,,,,,,,,,,,,,,,,,,,,,
VFID0963,,,,,,,,,,,,,,,,,,,,,,,,,,,,
VFID0964,,,,,,,,,,,,,,,,,,,,,,,,,,,,
VFID0965,,,,,,,,,,,,,,,,,,,,,,,,,,,,
VFID0966,,,,,,,,,,,,,,,,,,,,,,,,,,,,
VFID0967,,,,,,,,,,,,,,,,,,,,,,,,,,,,
VFID0968,,,,,,,,,,,,,,,,,,,,,,,,,,,,
VFID0969,,,,,,,,,,,,,,,,,,,,,,,,,,,,
VFID0970,,,,,,,,,,,,,,,,,,,,,,,,,,,,
VFID0971,,,,,,,,,,,,,,,,,,,,,,,,,,,,
VFID0972,,,,,,,,,,,,,,,,,,,,,,,,,,,,
VFID0973,,,,,,,,,,,,,,,,,,,,,,,,,,,,
VFID0974,,,,,,,,,,,,,,,,,,,,,,,,,,,,
VFID0975,,,,,,,,,,,,,,,,,,,,,,,,,,,,
VFID0976,,,,,,,,,,,,,,,,,,,,,,,,,,,,
VFID0977,,,,,,,,,,,,,,,,,,,,,,,,,,,,
VFID0978,,,,,,,,,,,,,,,,,,,,,,,,,,,,
VFID0979,,,,,,,,,,,,,,,,,,,,,,,,,,,,
VFID0980,,,,,,,,,,,,,,,,,,,,,,,,,,,,
VFID0981,,,,,,,,,,,,,,,,,,,,,,,,,,,,
VFID0982,,,,,,,,,,,,,,,,,,,,,,,,,,,,
VFID0983,,,,,,,,,,,,,,,,,,,,,,,,,,,,
VFID0984,,,,,,,,,,,,,,,,,,,,,,,,,,,,
VFID0985,,,,,,,,,,,,,,,,,,,,,,,,,,,,
VFID0986,,,,,,,,,,,,,,,,,,,,,,,,,,,,
VFID0987,,,,,,,,,,,,,,,,,,,,,,,,,,,,
VFID0988,,,,,,,,,,,,,,,,,,,,,,,,,,,,
VFID0989,,,,,,,,,,,,,,,,,,,,,,,,,,,,
VFID0990,,,,,,,,,,,,,,,,,,,,,,,,,,,,
VFID0991,,,,,,,,,,,,,,,,,,,,,,,,,,,,
VFID0992,,,,,,,,,,,,,,,,,,,,,,,,,,,,
VFID0993,,,,,,,,,,,,,,,,,,,,,,,,,,,,
VFID0994,,,,,,,,,,,,,,,,,,,,,,,,,,,,
VFID0995,,,,,,,,,,,,,,,,,,,,,,,,,,,,
VFID0996,,,,,,,,,,,,,,,,,,,,,,,,,,,,
VFID0997,,,,,,,,,,,,,,,,,,,,,,,,,,,,
VFID0998,,,,,,,,,,,,,,,,,,,,,,,,,,,,
VFID0999,,,,,,,,,,,,,,,,,,,,,,,,,,,,
VFID1000,,,,,,,,,,,,,,,,,,,,,,,,,,,,
VFID1001,,,,,,,,,,,,,,,,,,,,,,,,,,,,
VFID1002,,,,,,,,,,,,,,,,,,,,,,,,,,,,
VFID1003,,,,,,,,,,,,,,,,,,,,,,,,,,,,
VFID1004,,,,,,,,,,,,,,,,,,,,,,,,,,,,
VFID1005,,,,,,,,,,,,,,,,,,,,,,,,,,,,
VFID1006,,,,,,,,,,,,,,,,,,,,,,,,,,,,
VFID1007,,,,,,,,,,,,,,,,,,,,,,,,,,,,
VFID1008,,,,,,,,,,,,,,,,,,,,,,,,,,,,
VFID1009,179.48333333333332,55.45333333333333,Literature,4.3,86686010.63068998,-1.0,-1.0,-1000.0,-1000.0,586069359.9205784,-1.0,-1.0,deVaucouleurs1991,8.956967147491799,,,,,,1.2653531428633995,-1.0,0.1323146060709081,-1.0,0.0,,,,
VFID1010,,,,,,,,,,,,,,,,,,,,,,,,,,,,
VFID1011,,,,,,,,,,,,,,,,,,,,,,,,,,,,
VFID1012,,,,,,,,,,,,,,,,,,,,,,,,,,,,
VFID1013,,,,,,,,,,,,,,,,,,,,,,,,,,,,
VFID1014,,,,,,,,,,,,,,,,,,,,,,,,,,,,
VFID1015,,,,,,,,,,,,,,,,,,,,,,,,,,,,
VFID1016,,,,,,,,,,,,,,,,,,,,,,,,,,,,
VFID1017,,,,,,,,,,,,,,,,,,,,,,,,,,,,
VFID1018,,,,,,,,,,,,,,,,,,,,,,,,,,,,
VFID1019,,,,,,,,,,,,,,,,,,,,,,,,,,,,
VFID1020,,,,,,,,,,,,,,,,,,,,,,,,,,,,
VFID1021,,,,,,,,,,,,,,,,,,,,,,,,,,,,
VFID1022,,,,,,,,,,,,,,,,,,,,,,,,,,,,
VFID1023,,,,,,,,,,,,,,,,,,,,,,,,,,,,
VFID1024,,,,,,,,,,,,,,,,,,,,,,,,,,,,
VFID1025,,,,,,,,,,,,,,,,,,,,,,,,,,,,
VFID1026,,,,,,,,,,,,,,,,,,,,,,,,,,,,
VFID1027,,,,,,,,,,,,,,,,,,,,,,,,,,,,
VFID1028,,,,,,,,,,,,,,,,,,,,,,,,,,,,
VFID1029,,,,,,,,,,,,,,,,,,,,,,,,,,,,
VFID1030,,,,,,,,,,,,,,,,,,,,,,,,,,,,
VFID1031,,,,,,,,,,,,,,,,,,,,,,,,,,,,
VFID1032,,,,,,,,,,,,,,,,,,,,,,,,,,,,
VFID1033,,,,,,,,,,,,,,,,,,,,,,,,,,,,
VFID1034,,,,,,,,,,,,,,,,,,,,,,,,,,,,
VFID1035,179.11666666666665,55.125,Literature,4.3,1816839375.7257943,605613125.2419314,605613125.2419314,-1000.0,-1000.0,1316183777.4559617,748244441.2232213,748244441.2232213,deVaucouleurs1991,9.309239249818745,8.615196827278432,8.615196827278432,0.8914095526175997,-1.0,-1.0,-0.4610143739800438,0.1447648273010839,-0.084836243859673,0.0878500248663216,0.0,9.259316533626432,0.9818055692597573,0.9818055692597573,9.586024827941154
VFID1036,,,,,,,,,,,,,,,,,,,,,,,,,,,,
VFID1037,,,,,,,,,,,,,,,,,,,,,,,,,,,,
VFID1038,,,,,,,,,,,,,,,,,,,,,,,,,,,,
VFID1039,,,,,,,,,,,,,,,,,,,,,,,,,,,,
VFID1040,,,,,,,,,,,,,,,,,,,,,,,,,,,,
VFID1041,,,,,,,,,,,,,,,,,,,,,,,,,,,,
VFID1042,,,,,,,,,,,,,,,,,,,,,,,,,,,,
VFID1043,,,,,,,,,,,,,,,,,,,,,,,,,,,,
VFID1044,,,,,,,,,,,,,,,,,,,,,,,,,,,,
VFID1045,,,,,,,,,,,,,,,,,,,,,,,,,,,,
VFID1046,,,,,,,,,,,,,,,,,,,,,,,,,,,,
VFID1047,,,,,,,,,,,,,,,,,,,,,,,,,,,,
VFID1048,,,,,,,,,,,,,,,,,,,,,,,,,,,,
VFID1049,,,,,,,,,,,,,,,,,,,,,,,,,,,,
VFID1050,,,,,,,,,,,,,,,,,,,,,,,,,,,,
VFID1051,,,,,,,,,,,,,,,,,,,,,,,,,,,,
VFID1052,,,,,,,,,,,,,,,,,,,,,,,,,,,,
VFID1053,,,,,,,,,,,,,,,,,,,,,,,,,,,,
VFID1054,,,,,,,,,,,,,,,,,,,,,,,,,,,,
VFID1055,,,,,,,,,,,,,,,,,,,,,,,,,,,,
VFID1056,,,,,,,,,,,,,,,,,,,,,,,,,,,,
VFID1057,,,,,,,,,,,,,,,,,,,,,,,,,,,,
VFID1058,,,,,,,,,,,,,,,,,,,,,,,,,,,,
VFID1059,,,,,,,,,,,,,,,,,,,,,,,,,,,,
VFID1060,,,,,,,,,,,,,,,,,,,,,,,,,,,,
VFID1061,,,,,,,,,,,,,,,,,,,,,,,,,,,,
VFID1062,,,,,,,,,,,,,,,,,,,,,,,,,,,,
VFID1063,,,,,,,,,,,,,,,,,,,,,,,,,,,,
VFID1064,,,,,,,,,,,,,,,,,,,,,,,,,,,,
VFID1065,,,,,,,,,,,,,,,,,,,,,,,,,,,,
VFID1066,,,,,,,,,,,,,,,,,,,,,,,,,,,,
VFID1067,,,,,,,,,,,,,,,,,,,,,,,,,,,,
VFID1068,,,,,,,,,,,,,,,,,,,,,,,,,,,,
VFID1069,,,,,,,,,,,,,,,,,,,,,,,,,,,,
VFID1070,,,,,,,,,,,,,,,,,,,,,,,,,,,,
VFID1071,,,,,,,,,,,,,,,,,,,,,,,,,,,,
VFID1072,,,,,,,,,,,,,,,,,,,,,,,,,,,,
VFID1073,,,,,,,,,,,,,,,,,,,,,,,,,,,,
VFID1074,,,,,,,,,,,,,,,,,,,,,,,,,,,,
VFID1075,,,,,,,,,,,,,,,,,,,,,,,,,,,,
VFID1076,,,,,,,,,,,,,,,,,,,,,,,,,,,,
VFID1077,,,,,,,,,,,,,,,,,,,,,,,,,,,,
VFID1078,,,,,,,,,,,,,,,,,,,,,,,,,,,,
VFID1079,,,,,,,,,,,,,,,,,,,,,,,,,,,,
VFID1080,,,,,,,,,,,,,,,,,,,,,,,,,,,,
VFID1081,,,,,,,,,,,,,,,,,,,,,,,,,,,,
VFID1082,,,,,,,,,,,,,,,,,,,,,,,,,,,,
VFID1083,,,,,,,,,,,,,,,,,,,,,,,,,,,,
VFID1084,,,,,,,,,,,,,,,,,,,,,,,,,,,,
VFID1085,,,,,,,,,,,,,,,,,,,,,,,,,,,,
VFID1086,,,,,,,,,,,,,,,,,,,,,,,,,,,,
VFID1087,,,,,,,,,,,,,,,,,,,,,,,,,,,,
VFID1088,,,,,,,,,,,,,,,,,,,,,,,,,,,,
VFID1089,,,,,,,,,,,,,,,,,,,,,,,,,,,,
VFID1090,,,,,,,,,,,,,,,,,,,,,,,,,,,,
VFID1091,,,,,,,,,,,,,,,,,,,,,,,,,,,,
VFID1092,,,,,,,,,,,,,,,,,,,,,,,,,,,,
VFID1093,,,,,,,,,,,,,,,,,,,,,,,,,,,,
VFID1094,,,,,,,,,,,,,,,,,,,,,,,,,,,,
VFID1095,,,,,,,,,,,,,,,,,,,,,,,,,,,,
VFID1096,,,,,,,,,,,,,,,,,,,,,,,,,,,,
VFID1097,,,,,,,,,,,,,,,,,,,,,,,,,,,,
VFID1098,,,,,,,,,,,,,,,,,,,,,,,,,,,,
VFID1099,,,,,,,,,,,,,,,,,,,,,,,,,,,,
VFID1100,,,,,,,,,,,,,,,,,,,,,,,,,,,,
VFID1101,,,,,,,,,,,,,,,,,,,,,,,,,,,,
VFID1102,,,,,,,,,,,,,,,,,,,,,,,,,,,,
VFID1103,,,,,,,,,,,,,,,,,,,,,,,,,,,,
VFID1104,,,,,,,,,,,,,,,,,,,,,,,,,,,,
VFID1105,,,,,,,,,,,,,,,,,,,,,,,,,,,,
VFID1106,,,,,,,,,,,,,,,,,,,,,,,,,,,,
VFID1107,,,,,,,,,,,,,,,,,,,,,,,,,,,,
VFID1108,,,,,,,,,,,,,,,,,,,,,,,,,,,,
VFID1109,,,,,,,,,,,,,,,,,,,,,,,,,,,,
VFID1110,,,,,,,,,,,,,,,,,,,,,,,,,,,,
VFID1111,,,,,,,,,,,,,,,,,,,,,,,,,,,,
VFID1112,,,,,,,,,,,,,,,,,,,,,,,,,,,,
VFID1113,,,,,,,,,,,,,,,,,,,,,,,,,,,,
VFID1114,,,,,,,,,,,,,,,,,,,,,,,,,,,,
VFID1115,,,,,,,,,,,,,,,,,,,,,,,,,,,,
VFID1116,,,,,,,,,,,,,,,,,,,,,,,,,,,,
VFID1117,,,,,,,,,,,,,,,,,,,,,,,,,,,,
VFID1118,,,,,,,,,,,,,,,,,,,,,,,,,,,,
VFID1119,,,,,,,,,,,,,,,,,,,,,,,,,,,,
VFID1120,,,,,,,,,,,,,,,,,,,,,,,,,,,,
VFID1121,,,,,,,,,,,,,,,,,,,,,,,,,,,,
VFID1122,,,,,,,,,,,,,,,,,,,,,,,,,,,,
VFID1123,,,,,,,,,,,,,,,,,,,,,,,,,,,,
VFID1124,,,,,,,,,,,,,,,,,,,,,,,,,,,,
VFID1125,,,,,,,,,,,,,,,,,,,,,,,,,,,,
VFID1126,,,,,,,,,,,,,,,,,,,,,,,,,,,,
VFID1127,,,,,,,,,,,,,,,,,,,,,,,,,,,,
VFID1128,,,,,,,,,,,,,,,,,,,,,,,,,,,,
VFID1129,,,,,,,,,,,,,,,,,,,,,,,,,,,,
VFID1130,,,,,,,,,,,,,,,,,,,,,,,,,,,,
VFID1131,,,,,,,,,,,,,,,,,,,,,,,,,,,,
VFID1132,,,,,,,,,,,,,,,,,,,,,,,,,,,,
VFID1133,,,,,,,,,,,,,,,,,,,,,,,,,,,,
VFID1134,,,,,,,,,,,,,,,,,,,,,,,,,,,,
VFID1135,,,,,,,,,,,,,,,,,,,,,,,,,,,,
VFID1136,,,,,,,,,,,,,,,,,,,,,,,,,,,,
VFID1137,,,,,,,,,,,,,,,,,,,,,,,,,,,,
VFID1138,,,,,,,,,,,,,,,,,,,,,,,,,,,,
VFID1139,,,,,,,,,,,,,,,,,,,,,,,,,,,,
VFID1140,,,,,,,,,,,,,,,,,,,,,,,,,,,,
VFID1141,,,,,,,,,,,,,,,,,,,,,,,,,,,,
VFID1142,,,,,,,,,,,,,,,,,,,,,,,,,,,,
VFID1143,,,,,,,,,,,,,,,,,,,,,,,,,,,,
VFID1144,,,,,,,,,,,,,,,,,,,,,,,,,,,,
VFID1145,,,,,,,,,,,,,,,,,,,,,,,,,,,,
VFID1146,,,,,,,,,,,,,,,,,,,,,,,,,,,,
VFID1147,,,,,,,,,,,,,,,,,,,,,,,,,,,,
VFID1148,,,,,,,,,,,,,,,,,,,,,,,,,,,,
VFID1149,,,,,,,,,,,,,,,,,,,,,,,,,,,,
VFID1150,,,,,,,,,,,,,,,,,,,,,,,,,,,,
VFID1151,,,,,,,,,,,,,,,,,,,,,,,,,,,,
VFID1152,,,,,,,,,,,,,,,,,,,,,,,,,,,,
VFID1153,,,,,,,,,,,,,,,,,,,,,,,,,,,,
VFID1154,,,,,,,,,,,,,,,,,,,,,,,,,,,,
VFID1155,,,,,,,,,,,,,,,,,,,,,,,,,,,,
VFID1156,,,,,,,,,,,,,,,,,,,,,,,,,,,,
VFID1157,,,,,,,,,,,,,,,,,,,,,,,,,,,,
VFID1158,,,,,,,,,,,,,,,,,,,,,,,,,,,,
VFID1159,,,,,,,,,,,,,,,,,,,,,,,,,,,,
VFID1160,,,,,,,,,,,,,,,,,,,,,,,,,,,,
VFID1161,,,,,,,,,,,,,,,,,,,,,,,,,,,,
VFID1162,,,,,,,,,,,,,,,,,,,,,,,,,,,,
VFID1163,,,,,,,,,,,,,,,,,,,,,,,,,,,,
VFID1164,,,,,,,,,,,,,,,,,,,,,,,,,,,,
VFID1165,,,,,,,,,,,,,,,,,,,,,,,,,,,,
VFID1166,,,,,,,,,,,,,,,,,,,,,,,,,,,,
VFID1167,179.39583333333334,53.37444444444444,Literature,4.3,966488206.8472246,87862564.25883858,87862564.25883858,-1000.0,-1000.0,1135524631.1026945,533020132.94834936,533020132.94834936,deVaucouleurs1991,9.839588901136096,8.015819201166842,8.015819201166842,0.1398323505068171,0.0128840217487548,0.0128840217487548,0.4611056005393656,0.0394813165366592,0.0708600734199969,0.0065165031770689,0.0,8.985196559107022,0.9553970120345845,0.9553970120345845,9.896429880012914
VFID1168,,,,,,,,,,,,,,,,,,,,,,,,,,,,
VFID1169,,,,,,,,,,,,,,,,,,,,,,,,,,,,
VFID1170,,,,,,,,,,,,,,,,,,,,,,,,,,,,
VFID1171,,,,,,,,,,,,,,,,,,,,,,,,,,,,
VFID1172,,,,,,,,,,,,,,,,,,,,,,,,,,,,
VFID1173,,,,,,,,,,,,,,,,,,,,,,,,,,,,
VFID1174,,,,,,,,,,,,,,,,,,,,,,,,,,,,
VFID1175,,,,,,,,,,,,,,,,,,,,,,,,,,,,
VFID1176,,,,,,,,,,,,,,,,,,,,,,,,,,,,
VFID1177,,,,,,,,,,,,,,,,,,,,,,,,,,,,
VFID1178,,,,,,,,,,,,,,,,,,,,,,,,,,,,
VFID1179,,,,,,,,,,,,,,,,,,,,,,,,,,,,
VFID1180,,,,,,,,,,,,,,,,,,,,,,,,,,,,
VFID1181,,,,,,,,,,,,,,,,,,,,,,,,,,,,
VFID1182,,,,,,,,,,,,,,,,,,,,,,,,,,,,
VFID1183,,,,,,,,,,,,,,,,,,,,,,,,,,,,
VFID1184,,,,,,,,,,,,,,,,,,,,,,,,,,,,
VFID1185,,,,,,,,,,,,,,,,,,,,,,,,,,,,
VFID1186,,,,,,,,,,,,,,,,,,,,,,,,,,,,
VFID1187,,,,,,,,,,,,,,,,,,,,,,,,,,,,
VFID1188,,,,,,,,,,,,,,,,,,,,,,,,,,,,
VFID1189,,,,,,,,,,,,,,,,,,,,,,,,,,,,
VFID1190,,,,,,,,,,,,,,,,,,,,,,,,,,,,
VFID1191,,,,,,,,,,,,,,,,,,,,,,,,,,,,
VFID1192,,,,,,,,,,,,,,,,,,,,,,,,,,,,
VFID1193,,,,,,,,,,,,,,,,,,,,,,,,,,,,
VFID1194,,,,,,,,,,,,,,,,,,,,,,,,,,,,
VFID1195,,,,,,,,,,,,,,,,,,,,,,,,,,,,
VFID1196,,,,,,,,,,,,,,,,,,,,,,,,,,,,
VFID1197,,,,,,,,,,,,,,,,,,,,,,,,,,,,
VFID1198,,,,,,,,,,,,,,,,,,,,,,,,,,,,
VFID1199,,,,,,,,,,,,,,,,,,,,,,,,,,,,
VFID1200,,,,,,,,,,,,,,,,,,,,,,,,,,,,
VFID1201,,,,,,,,,,,,,,,,,,,,,,,,,,,,
VFID1202,,,,,,,,,,,,,,,,,,,,,,,,,,,,
VFID1203,,,,,,,,,,,,,,,,,,,,,,,,,,,,
VFID1204,,,,,,,,,,,,,,,,,,,,,,,,,,,,
VFID1205,,,,,,,,,,,,,,,,,,,,,,,,,,,,
VFID1206,,,,,,,,,,,,,,,,,,,,,,,,,,,,
VFID1207,,,,,,,,,,,,,,,,,,,,,,,,,,,,
VFID1208,,,,,,,,,,,,,,,,,,,,,,,,,,,,
VFID1209,,,,,,,,,,,,,,,,,,,,,,,,,,,,
VFID1210,,,,,,,,,,,,,,,,,,,,,,,,,,,,
VFID1211,,,,,,,,,,,,,,,,,,,,,,,,,,,,
VFID1212,178.45,52.32666666666667,Literature,4.3,5945266286.005075,1494620016.0347958,1494620016.0347958,-1000.0,-1000.0,3582377192.3970523,1879557614.507688,1879557614.507688,Springob2005,9.58539042112699,8.26325520237473,8.26325520237473,1.5444750257682665,0.3951826203761652,0.3951826203761652,-0.4331691516132334,0.109180177014784,0.1871336367793716,0.0206846936201742,0.0,9.774171311259622,0.9945209516923373,0.9945209516923373,9.99098861372115
VFID1213,,,,,,,,,,,,,,,,,,,,,,,,,,,,
VFID1214,,,,,,,,,,,,,,,,,,,,,,,,,,,,
VFID1215,,,,,,,,,,,,,,,,,,,,,,,,,,,,
VFID1216,,,,,,,,,,,,,,,,,,,,,,,,,,,,
VFID1217,,,,,,,,,,,,,,,,,,,,,,,,,,,,
VFID1218,,,,,,,,,,,,,,,,,,,,,,,,,,,,
VFID1219,,,,,,,,,,,,,,,,,,,,,,,,,,,,
VFID1220,,,,,,,,,,,,,,,,,,,,,,,,,,,,
VFID1221,,,,,,,,,,,,,,,,,,,,,,,,,,,,
VFID1222,,,,,,,,,,,,,,,,,,,,,,,,,,,,
VFID1223,,,,,,,,,,,,,,,,,,,,,,,,,,,,
VFID1224,,,,,,,,,,,,,,,,,,,,,,,,,,,,
VFID1225,,,,,,,,,,,,,,,,,,,,,,,,,,,,
VFID1226,,,,,,,,,,,,,,,,,,,,,,,,,,,,
VFID1227,,,,,,,,,,,,,,,,,,,,,,,,,,,,
VFID1228,,,,,,,,,,,,,,,,,,,,,,,,,,,,
VFID1229,,,,,,,,,,,,,,,,,,,,,,,,,,,,
VFID1230,,,,,,,,,,,,,,,,,,,,,,,,,,,,
VFID1231,,,,,,,,,,,,,,,,,,,,,,,,,,,,
VFID1232,,,,,,,,,,,,,,,,,,,,,,,,,,,,
VFID1233,,,,,,,,,,,,,,,,,,,,,,,,,,,,
VFID1234,,,,,,,,,,,,,,,,,,,,,,,,,,,,
VFID1235,,,,,,,,,,,,,,,,,,,,,,,,,,,,
VFID1236,,,,,,,,,,,,,,,,,,,,,,,,,,,,
VFID1237,,,,,,,,,,,,,,,,,,,,,,,,,,,,
VFID1238,,,,,,,,,,,,,,,,,,,,,,,,,,,,
VFID1239,,,,,,,,,,,,,,,,,,,,,,,,,,,,
VFID1240,,,,,,,,,,,,,,,,,,,,,,,,,,,,
VFID1241,,,,,,,,,,,,,,,,,,,,,,,,,,,,
VFID1242,,,,,,,,,,,,,,,,,,,,,,,,,,,,
VFID1243,,,,,,,,,,,,,,,,,,,,,,,,,,,,
VFID1244,,,,,,,,,,,,,,,,,,,,,,,,,,,,
VFID1245,,,,,,,,,,,,,,,,,,,,,,,,,,,,
VFID1246,,,,,,,,,,,,,,,,,,,,,,,,,,,,
VFID1247,,,,,,,,,,,,,,,,,,,,,,,,,,,,
VFID1248,,,,,,,,,,,,,,,,,,,,,,,,,,,,
VFID1249,,,,,,,,,,,,,,,,,,,,,,,,,,,,
VFID1250,,,,,,,,,,,,,,,,,,,,,,,,,,,,
VFID1251,,,,,,,,,,,,,,,,,,,,,,,,,,,,
VFID1252,,,,,,,,,,,,,,,,,,,,,,,,,,,,
VFID1253,,,,,,,,,,,,,,,,,,,,,,,,,,,,
VFID1254,,,,,,,,,,,,,,,,,,,,,,,,,,,,
VFID1255,,,,,,,,,,,,,,,,,,,,,,,,,,,,
VFID1256,,,,,,,,,,,,,,,,,,,,,,,,,,,,
VFID1257,,,,,,,,,,,,,,,,,,,,,,,,,,,,
VFID1258,,,,,,,,,,,,,,,,,,,,,,,,,,,,
VFID1259,,,,,,,,,,,,,,,,,,,,,,,,,,,,
VFID1260,,,,,,,,,,,,,,,,,,,,,,,,,,,,
VFID1261,,,,,,,,,,,,,,,,,,,,,,,,,,,,
VFID1262,,,,,,,,,,,,,,,,,,,,,,,,,,,,
VFID1263,,,,,,,,,,,,,,,,,,,,,,,,,,,,
VFID1264,,,,,,,,,,,,,,,,,,,,,,,,,,,,
VFID1265,,,,,,,,,,,,,,,,,,,,,,,,,,,,
VFID1266,166.7279042,51.2033778,AMIGA,,263026799.18953815,-1.0,-1.0,,,489778819.3684462,-1.0,-1.0,AMIGA,9.711732640566561,9.214510248451973,9.094510248451973,0.0510819372720623,-1.0,-1.0,0.0786021596463886,-1.0,-0.4865918705064089,0.1382171453835724,0.0,8.42,0.9882656336378155,0.9882645995014716,9.73336921341504
VFID1267,,,,,,,,,,,,,,,,,,,,,,,,,,,,
VFID1268,,,,,,,,,,,,,,,,,,,,,,,,,,,,
VFID1269,,,,,,,,,,,,,,,,,,,,,,,,,,,,
VFID1270,,,,,,,,,,,,,,,,,,,,,,,,,,,,
VFID1271,,,,,,,,,,,,,,,,,,,,,,,,,,,,
VFID1272,,,,,,,,,,,,,,,,,,,,,,,,,,,,
VFID1273,,,,,,,,,,,,,,,,,,,,,,,,,,,,
VFID1274,,,,,,,,,,,,,,,,,,,,,,,,,,,,
VFID1275,179.85416666666666,50.961666666666666,Literature,4.3,19478861.617871903,-1.0,-1.0,-1000.0,-1000.0,6754039127.78161,-1.0,-1.0,Huchtmeier_Richter19,8.000020147197061,,,,,,1.800338587366774,-1.0,1.2299680714262369,-1.0,0.0,,,,
VFID1276,,,,,,,,,,,,,,,,,,,,,,,,,,,,
VFID1277,,,,,,,,,,,,,,,,,,,,,,,,,,,,
VFID1278,,,,,,,,,,,,,,,,,,,,,,,,,,,,
VFID1279,,,,,,,,,,,,,,,,,,,,,,,,,,,,
VFID1280,,,,,,,,,,,,,,,,,,,,,,,,,,,,
VFID1281,,,,,,,,,,,,,,,,,,,,,,,,,,,,
VFID1282,,,,,,,,,,,,,,,,,,,,,,,,,,,,
VFID1283,,,,,,,,,,,,,,,,,,,,,,,,,,,,
VFID1284,,,,,,,,,,,,,,,,,,,,,,,,,,,,
VFID1285,,,,,,,,,,,,,,,,,,,,,,,,,,,,
VFID1286,,,,,,,,,,,,,,,,,,,,,,,,,,,,
VFID1287,,,,,,,,,,,,,,,,,,,,,,,,,,,,
VFID1288,,,,,,,,,,,,,,,,,,,,,,,,,,,,
VFID1289,,,,,,,,,,,,,,,,,,,,,,,,,,,,
VFID1290,,,,,,,,,,,,,,,,,,,,,,,,,,,,
VFID1291,,,,,,,,,,,,,,,,,,,,,,,,,,,,
VFID1292,,,,,,,,,,,,,,,,,,,,,,,,,,,,
VFID1293,,,,,,,,,,,,,,,,,,,,,,,,,,,,
VFID1294,,,,,,,,,,,,,,,,,,,,,,,,,,,,
VFID1295,,,,,,,,,,,,,,,,,,,,,,,,,,,,
VFID1296,,,,,,,,,,,,,,,,,,,,,,,,,,,,
VFID1297,,,,,,,,,,,,,,,,,,,,,,,,,,,,
VFID1298,,,,,,,,,,,,,,,,,,,,,,,,,,,,
VFID1299,,,,,,,,,,,,,,,,,,,,,,,,,,,,
VFID1300,,,,,,,,,,,,,,,,,,,,,,,,,,,,
VFID1301,,,,,,,,,,,,,,,,,,,,,,,,,,,,
VFID1302,181.39166666666668,50.53888888888888,Literature,4.3,2502630446.2662125,442943441.8170288,442943441.8170288,-1000.0,-1000.0,773386743.7365925,381556282.84423727,381556282.84423727,Springob2005,9.81448558051192,8.854380889205402,8.854380889205402,0.3836287469318939,0.079867337697461,0.079867337697461,-0.2274945641142061,0.0768662799828764,-0.2463773434016136,0.0476079652212066,0.0,9.398396723760595,0.9772737308827706,0.9772737308827706,9.955505157057626
VFID1303,,,,,,,,,,,,,,,,,,,,,,,,,,,,
VFID1304,,,,,,,,,,,,,,,,,,,,,,,,,,,,
VFID1305,,,,,,,,,,,,,,,,,,,,,,,,,,,,
VFID1306,,,,,,,,,,,,,,,,,,,,,,,,,,,,
VFID1307,,,,,,,,,,,,,,,,,,,,,,,,,,,,
VFID1308,,,,,,,,,,,,,,,,,,,,,,,,,,,,
VFID1309,,,,,,,,,,,,,,,,,,,,,,,,,,,,
VFID1310,,,,,,,,,,,,,,,,,,,,,,,,,,,,
VFID1311,,,,,,,,,,,,,,,,,,,,,,,,,,,,
VFID1312,,,,,,,,,,,,,,,,,,,,,,,,,,,,
VFID1313,,,,,,,,,,,,,,,,,,,,,,,,,,,,
VFID1314,,,,,,,,,,,,,,,,,,,,,,,,,,,,
VFID1315,,,,,,,,,,,,,,,,,,,,,,,,,,,,
VFID1316,,,,,,,,,,,,,,,,,,,,,,,,,,,,
VFID1317,,,,,,,,,,,,,,,,,,,,,,,,,,,,
VFID1318,,,,,,,,,,,,,,,,,,,,,,,,,,,,
VFID1319,,,,,,,,,,,,,,,,,,,,,,,,,,,,
VFID1320,,,,,,,,,,,,,,,,,,,,,,,,,,,,
VFID1321,,,,,,,,,,,,,,,,,,,,,,,,,,,,
VFID1322,,,,,,,,,,,,,,,,,,,,,,,,,,,,
VFID1323,,,,,,,,,,,,,,,,,,,,,,,,,,,,
VFID1324,,,,,,,,,,,,,,,,,,,,,,,,,,,,
VFID1325,,,,,,,,,,,,,,,,,,,,,,,,,,,,
VFID1326,,,,,,,,,,,,,,,,,,,,,,,,,,,,
VFID1327,,,,,,,,,,,,,,,,,,,,,,,,,,,,
VFID1328,,,,,,,,,,,,,,,,,,,,,,,,,,,,
VFID1329,,,,,,,,,,,,,,,,,,,,,,,,,,,,
VFID1330,,,,,,,,,,,,,,,,,,,,,,,,,,,,
VFID1331,,,,,,,,,,,,,,,,,,,,,,,,,,,,
VFID1332,,,,,,,,,,,,,,,,,,,,,,,,,,,,
VFID1333,,,,,,,,,,,,,,,,,,,,,,,,,,,,
VFID1334,,,,,,,,,,,,,,,,,,,,,,,,,,,,
VFID1335,,,,,,,,,,,,,,,,,,,,,,,,,,,,
VFID1336,,,,,,,,,,,,,,,,,,,,,,,,,,,,
VFID1337,,,,,,,,,,,,,,,,,,,,,,,,,,,,
VFID1338,,,,,,,,,,,,,,,,,,,,,,,,,,,,
VFID1339,,,,,,,,,,,,,,,,,,,,,,,,,,,,
VFID1340,,,,,,,,,,,,,,,,,,,,,,,,,,,,
VFID1341,,,,,,,,,,,,,,,,,,,,,,,,,,,,
VFID1342,,,,,,,,,,,,,,,,,,,,,,,,,,,,
VFID1343,,,,,,,,,,,,,,,,,,,,,,,,,,,,
VFID1344,,,,,,,,,,,,,,,,,,,,,,,,,,,,
VFID1345,,,,,,,,,,,,,,,,,,,,,,,,,,,,
VFID1346,,,,,,,,,,,,,,,,,,,,,,,,,,,,
VFID1347,,,,,,,,,,,,,,,,,,,,,,,,,,,,
VFID1348,,,,,,,,,,,,,,,,,,,,,,,,,,,,
VFID1349,,,,,,,,,,,,,,,,,,,,,,,,,,,,
VFID1350,,,,,,,,,,,,,,,,,,,,,,,,,,,,
VFID1351,,,,,,,,,,,,,,,,,,,,,,,,,,,,
VFID1352,,,,,,,,,,,,,,,,,,,,,,,,,,,,
VFID1353,,,,,,,,,,,,,,,,,,,,,,,,,,,,
VFID1354,,,,,,,,,,,,,,,,,,,,,,,,,,,,
VFID1355,,,,,,,,,,,,,,,,,,,,,,,,,,,,
VFID1356,,,,,,,,,,,,,,,,,,,,,,,,,,,,
VFID1357,,,,,,,,,,,,,,,,,,,,,,,,,,,,
VFID1358,,,,,,,,,,,,,,,,,,,,,,,,,,,,
VFID1359,,,,,,,,,,,,,,,,,,,,,,,,,,,,
VFID1360,,,,,,,,,,,,,,,,,,,,,,,,,,,,
VFID1361,,,,,,,,,,,,,,,,,,,,,,,,,,,,
VFID1362,,,,,,,,,,,,,,,,,,,,,,,,,,,,
VFID1363,131.02466666666666,49.793861111111106,Literature,4.3,59800109.76396742,-1.0,-1.0,-1000.0,-1000.0,3773131845.629696,-1.0,-1.0,This work,7.839285465588234,,,,,,1.256500178503435,-1.0,1.0857190565957415,-1.0,0.0,,,,
VFID1364,,,,,,,,,,,,,,,,,,,,,,,,,,,,
VFID1365,,,,,,,,,,,,,,,,,,,,,,,,,,,,
VFID1366,,,,,,,,,,,,,,,,,,,,,,,,,,,,
VFID1367,,,,,,,,,,,,,,,,,,,,,,,,,,,,
VFID1368,,,,,,,,,,,,,,,,,,,,,,,,,,,,
VFID1369,,,,,,,,,,,,,,,,,,,,,,,,,,,,
VFID1370,,,,,,,,,,,,,,,,,,,,,,,,,,,,
VFID1371,,,,,,,,,,,,,,,,,,,,,,,,,,,,
VFID1372,,,,,,,,,,,,,,,,,,,,,,,,,,,,
VFID1373,,,,,,,,,,,,,,,,,,,,,,,,,,,,
VFID1374,181.53333333333336,49.5825,Literature,4.3,4154642554.257694,1384880851.4192312,1384880851.4192312,-1000.0,-1000.0,3967652836.885258,2255592441.384784,2255592441.384784,Springob2005,9.685512662185985,8.44464935255531,8.44464935255531,0.8570792934168143,-1.0,-1.0,-0.5367315054433721,0.1447648273010839,0.0015889624548748,0.0249414100048855,0.0,9.61853366508976,0.9980249541894648,0.9980249541894648,9.954343109791234
VFID1375,,,,,,,,,,,,,,,,,,,,,,,,,,,,
VFID1376,,,,,,,,,,,,,,,,,,,,,,,,,,,,
VFID1377,,,,,,,,,,,,,,,,,,,,,,,,,,,,
VFID1378,,,,,,,,,,,,,,,,,,,,,,,,,,,,
VFID1379,,,,,,,,,,,,,,,,,,,,,,,,,,,,
VFID1380,,,,,,,,,,,,,,,,,,,,,,,,,,,,
VFID1381,,,,,,,,,,,,,,,,,,,,,,,,,,,,
VFID1382,,,,,,,,,,,,,,,,,,,,,,,,,,,,
VFID1383,,,,,,,,,,,,,,,,,,,,,,,,,,,,
VFID1384,,,,,,,,,,,,,,,,,,,,,,,,,,,,
VFID1385,,,,,,,,,,,,,,,,,,,,,,,,,,,,
VFID1386,,,,,,,,,,,,,,,,,,,,,,,,,,,,
VFID1387,,,,,,,,,,,,,,,,,,,,,,,,,,,,
VFID1388,,,,,,,,,,,,,,,,,,,,,,,,,,,,
VFID1389,,,,,,,,,,,,,,,,,,,,,,,,,,,,
VFID1390,,,,,,,,,,,,,,,,,,,,,,,,,,,,
VFID1391,,,,,,,,,,,,,,,,,,,,,,,,,,,,
VFID1392,,,,,,,,,,,,,,,,,,,,,,,,,,,,
VFID1393,,,,,,,,,,,,,,,,,,,,,,,,,,,,
VFID1394,,,,,,,,,,,,,,,,,,,,,,,,,,,,
VFID1395,,,,,,,,,,,,,,,,,,,,,,,,,,,,
VFID1396,,,,,,,,,,,,,,,,,,,,,,,,,,,,
VFID1397,,,,,,,,,,,,,,,,,,,,,,,,,,,,
VFID1398,,,,,,,,,,,,,,,,,,,,,,,,,,,,
VFID1399,,,,,,,,,,,,,,,,,,,,,,,,,,,,
VFID1400,,,,,,,,,,,,,,,,,,,,,,,,,,,,
VFID1401,,,,,,,,,,,,,,,,,,,,,,,,,,,,
VFID1402,,,,,,,,,,,,,,,,,,,,,,,,,,,,
VFID1403,,,,,,,,,,,,,,,,,,,,,,,,,,,,
VFID1404,,,,,,,,,,,,,,,,,,,,,,,,,,,,
VFID1405,,,,,,,,,,,,,,,,,,,,,,,,,,,,
VFID1406,,,,,,,,,,,,,,,,,,,,,,,,,,,,
VFID1407,,,,,,,,,,,,,,,,,,,,,,,,,,,,
VFID1408,,,,,,,,,,,,,,,,,,,,,,,,,,,,
VFID1409,,,,,,,,,,,,,,,,,,,,,,,,,,,,
VFID1410,,,,,,,,,,,,,,,,,,,,,,,,,,,,
VFID1411,,,,,,,,,,,,,,,,,,,,,,,,,,,,
VFID1412,,,,,,,,,,,,,,,,,,,,,,,,,,,,
VFID1413,,,,,,,,,,,,,,,,,,,,,,,,,,,,
VFID1414,,,,,,,,,,,,,,,,,,,,,,,,,,,,
VFID1415,,,,,,,,,,,,,,,,,,,,,,,,,,,,
VFID1416,,,,,,,,,,,,,,,,,,,,,,,,,,,,
VFID1417,,,,,,,,,,,,,,,,,,,,,,,,,,,,
VFID1418,,,,,,,,,,,,,,,,,,,,,,,,,,,,
VFID1419,,,,,,,,,,,,,,,,,,,,,,,,,,,,
VFID1420,,,,,,,,,,,,,,,,,,,,,,,,,,,,
VFID1421,,,,,,,,,,,,,,,,,,,,,,,,,,,,
VFID1422,,,,,,,,,,,,,,,,,,,,,,,,,,,,
VFID1423,,,,,,,,,,,,,,,,,,,,,,,,,,,,
VFID1424,,,,,,,,,,,,,,,,,,,,,,,,,,,,
VFID1425,,,,,,,,,,,,,,,,,,,,,,,,,,,,
VFID1426,,,,,,,,,,,,,,,,,,,,,,,,,,,,
VFID1427,,,,,,,,,,,,,,,,,,,,,,,,,,,,
VFID1428,,,,,,,,,,,,,,,,,,,,,,,,,,,,
VFID1429,,,,,,,,,,,,,,,,,,,,,,,,,,,,
VFID1430,,,,,,,,,,,,,,,,,,,,,,,,,,,,
VFID1431,,,,,,,,,,,,,,,,,,,,,,,,,,,,
VFID1432,,,,,,,,,,,,,,,,,,,,,,,,,,,,
VFID1433,,,,,,,,,,,,,,,,,,,,,,,,,,,,
VFID1434,,,,,,,,,,,,,,,,,,,,,,,,,,,,
VFID1435,,,,,,,,,,,,,,,,,,,,,,,,,,,,
VFID1436,,,,,,,,,,,,,,,,,,,,,,,,,,,,
VFID1437,,,,,,,,,,,,,,,,,,,,,,,,,,,,
VFID1438,,,,,,,,,,,,,,,,,,,,,,,,,,,,
VFID1439,,,,,,,,,,,,,,,,,,,,,,,,,,,,
VFID1440,,,,,,,,,,,,,,,,,,,,,,,,,,,,
VFID1441,,,,,,,,,,,,,,,,,,,,,,,,,,,,
VFID1442,,,,,,,,,,,,,,,,,,,,,,,,,,,,
VFID1443,,,,,,,,,,,,,,,,,,,,,,,,,,,,
VFID1444,,,,,,,,,,,,,,,,,,,,,,,,,,,,
VFID1445,,,,,,,,,,,,,,,,,,,,,,,,,,,,
VFID1446,,,,,,,,,,,,,,,,,,,,,,,,,,,,
VFID1447,,,,,,,,,,,,,,,,,,,,,,,,,,,,
VFID1448,,,,,,,,,,,,,,,,,,,,,,,,,,,,
VFID1449,,,,,,,,,,,,,,,,,,,,,,,,,,,,
VFID1450,,,,,,,,,,,,,,,,,,,,,,,,,,,,
VFID1451,,,,,,,,,,,,,,,,,,,,,,,,,,,,
VFID1452,,,,,,,,,,,,,,,,,,,,,,,,,,,,
VFID1453,,,,,,,,,,,,,,,,,,,,,,,,,,,,
VFID1454,,,,,,,,,,,,,,,,,,,,,,,,,,,,
VFID1455,,,,,,,,,,,,,,,,,,,,,,,,,,,,
VFID1456,,,,,,,,,,,,,,,,,,,,,,,,,,,,
VFID1457,,,,,,,,,,,,,,,,,,,,,,,,,,,,
VFID1458,,,,,,,,,,,,,,,,,,,,,,,,,,,,
VFID1459,,,,,,,,,,,,,,,,,,,,,,,,,,,,
VFID1460,,,,,,,,,,,,,,,,,,,,,,,,,,,,
VFID1461,,,,,,,,,,,,,,,,,,,,,,,,,,,,
VFID1462,,,,,,,,,,,,,,,,,,,,,,,,,,,,
VFID1463,,,,,,,,,,,,,,,,,,,,,,,,,,,,
VFID1464,,,,,,,,,,,,,,,,,,,,,,,,,,,,
VFID1465,,,,,,,,,,,,,,,,,,,,,,,,,,,,
VFID1466,,,,,,,,,,,,,,,,,,,,,,,,,,,,
VFID1467,,,,,,,,,,,,,,,,,,,,,,,,,,,,
VFID1468,,,,,,,,,,,,,,,,,,,,,,,,,,,,
VFID1469,,,,,,,,,,,,,,,,,,,,,,,,,,,,
VFID1470,,,,,,,,,,,,,,,,,,,,,,,,,,,,
VFID1471,,,,,,,,,,,,,,,,,,,,,,,,,,,,
VFID1472,,,,,,,,,,,,,,,,,,,,,,,,,,,,
VFID1473,,,,,,,,,,,,,,,,,,,,,,,,,,,,
VFID1474,,,,,,,,,,,,,,,,,,,,,,,,,,,,
VFID1475,,,,,,,,,,,,,,,,,,,,,,,,,,,,
VFID1476,,,,,,,,,,,,,,,,,,,,,,,,,,,,
VFID1477,,,,,,,,,,,,,,,,,,,,,,,,,,,,
VFID1478,,,,,,,,,,,,,,,,,,,,,,,,,,,,
VFID1479,,,,,,,,,,,,,,,,,,,,,,,,,,,,
VFID1480,,,,,,,,,,,,,,,,,,,,,,,,,,,,
VFID1481,,,,,,,,,,,,,,,,,,,,,,,,,,,,
VFID1482,,,,,,,,,,,,,,,,,,,,,,,,,,,,
VFID1483,,,,,,,,,,,,,,,,,,,,,,,,,,,,
VFID1484,,,,,,,,,,,,,,,,,,,,,,,,,,,,
VFID1485,,,,,,,,,,,,,,,,,,,,,,,,,,,,
VFID1486,,,,,,,,,,,,,,,,,,,,,,,,,,,,
VFID1487,,,,,,,,,,,,,,,,,,,,,,,,,,,,
VFID1488,,,,,,,,,,,,,,,,,,,,,,,,,,,,
VFID1489,,,,,,,,,,,,,,,,,,,,,,,,,,,,
VFID1490,,,,,,,,,,,,,,,,,,,,,,,,,,,,
VFID1491,,,,,,,,,,,,,,,,,,,,,,,,,,,,
VFID1492,,,,,,,,,,,,,,,,,,,,,,,,,,,,
VFID1493,,,,,,,,,,,,,,,,,,,,,,,,,,,,
VFID1494,,,,,,,,,,,,,,,,,,,,,,,,,,,,
VFID1495,,,,,,,,,,,,,,,,,,,,,,,,,,,,
VFID1496,,,,,,,,,,,,,,,,,,,,,,,,,,,,
VFID1497,,,,,,,,,,,,,,,,,,,,,,,,,,,,
VFID1498,,,,,,,,,,,,,,,,,,,,,,,,,,,,
VFID1499,,,,,,,,,,,,,,,,,,,,,,,,,,,,
VFID1500,,,,,,,,,,,,,,,,,,,,,,,,,,,,
VFID1501,,,,,,,,,,,,,,,,,,,,,,,,,,,,
VFID1502,,,,,,,,,,,,,,,,,,,,,,,,,,,,
VFID1503,,,,,,,,,,,,,,,,,,,,,,,,,,,,
VFID1504,,,,,,,,,,,,,,,,,,,,,,,,,,,,
VFID1505,,,,,,,,,,,,,,,,,,,,,,,,,,,,
VFID1506,,,,,,,,,,,,,,,,,,,,,,,,,,,,
VFID1507,,,,,,,,,,,,,,,,,,,,,,,,,,,,
VFID1508,,,,,,,,,,,,,,,,,,,,,,,,,,,,
VFID1509,,,,,,,,,,,,,,,,,,,,,,,,,,,,
VFID1510,,,,,,,,,,,,,,,,,,,,,,,,,,,,
VFID1511,,,,,,,,,,,,,,,,,,,,,,,,,,,,
VFID1512,,,,,,,,,,,,,,,,,,,,,,,,,,,,
VFID1513,,,,,,,,,,,,,,,,,,,,,,,,,,,,
VFID1514,,,,,,,,,,,,,,,,,,,,,,,,,,,,
VFID1515,,,,,,,,,,,,,,,,,,,,,,,,,,,,
VFID1516,,,,,,,,,,,,,,,,,,,,,,,,,,,,
VFID1517,,,,,,,,,,,,,,,,,,,,,,,,,,,,
VFID1518,,,,,,,,,,,,,,,,,,,,,,,,,,,,
VFID1519,,,,,,,,,,,,,,,,,,,,,,,,,,,,
VFID1520,,,,,,,,,,,,,,,,,,,,,,,,,,,,
VFID1521,,,,,,,,,,,,,,,,,,,,,,,,,,,,
VFID1522,,,,,,,,,,,,,,,,,,,,,,,,,,,,
VFID1523,,,,,,,,,,,,,,,,,,,,,,,,,,,,
VFID1524,,,,,,,,,,,,,,,,,,,,,,,,,,,,
VFID1525,,,,,,,,,,,,,,,,,,,,,,,,,,,,
VFID1526,,,,,,,,,,,,,,,,,,,,,,,,,,,,
VFID1527,,,,,,,,,,,,,,,,,,,,,,,,,,,,
VFID1528,,,,,,,,,,,,,,,,,,,,,,,,,,,,
VFID1529,,,,,,,,,,,,,,,,,,,,,,,,,,,,
VFID1530,,,,,,,,,,,,,,,,,,,,,,,,,,,,
VFID1531,,,,,,,,,,,,,,,,,,,,,,,,,,,,
VFID1532,181.50416666666663,47.47833333333333,Literature,4.3,708691527.6054473,141738305.52108946,141738305.52108946,-1000.0,-1000.0,2346698203.212024,1178210598.474243,1178210598.474243,Springob2005,9.434962816142535,8.281443807132627,8.281443807132627,0.2603121413124933,0.0551783802121522,0.0551783802121522,-0.1412550811633899,0.0868588963806503,0.0269414296465893,0.0304975745988654,0.0,8.850457240809778,0.9512398642370975,0.9512398642370975,9.535440936229136
VFID1533,,,,,,,,,,,,,,,,,,,,,,,,,,,,
VFID1534,,,,,,,,,,,,,,,,,,,,,,,,,,,,
VFID1535,,,,,,,,,,,,,,,,,,,,,,,,,,,,
VFID1536,168.85645833333334,47.44702777777778,Literature,4.3,38991961.51846713,-1.0,-1.0,-1000.0,-1000.0,1002247734.489537,-1.0,-1.0,This work,8.02591022727231,,,,,,1.5880270764148277,-1.0,0.9708503328104944,-1.0,0.0,,,,
VFID1537,,,,,,,,,,,,,,,,,,,,,,,,,,,,
VFID1538,,,,,,,,,,,,,,,,,,,,,,,,,,,,
VFID1539,,,,,,,,,,,,,,,,,,,,,,,,,,,,
VFID1540,,,,,,,,,,,,,,,,,,,,,,,,,,,,
VFID1541,,,,,,,,,,,,,,,,,,,,,,,,,,,,
VFID1542,,,,,,,,,,,,,,,,,,,,,,,,,,,,
VFID1543,,,,,,,,,,,,,,,,,,,,,,,,,,,,
VFID1544,,,,,,,,,,,,,,,,,,,,,,,,,,,,
VFID1545,,,,,,,,,,,,,,,,,,,,,,,,,,,,
VFID1546,,,,,,,,,,,,,,,,,,,,,,,,,,,,
VFID1547,,,,,,,,,,,,,,,,,,,,,,,,,,,,
VFID1548,209.0694583,47.2355639,AMIGA,,457088189.6148752,57136023.7018594,57136023.7018594,,,1288249551.6931343,614727153.2781254,614727153.2781254,AMIGA,9.411732640566562,8.914510248451974,8.794510248451974,0.1771199004472866,-1.0,-1.0,0.7620021596463893,0.0542868102379064,0.0588525636346037,0.1382171453835724,0.0,8.66,0.976952100425755,0.9769407294798154,9.482553342535343
VFID1549,,,,,,,,,,,,,,,,,,,,,,,,,,,,
VFID1550,,,,,,,,,,,,,,,,,,,,,,,,,,,,
VFID1551,,,,,,,,,,,,,,,,,,,,,,,,,,,,
VFID1552,133.668875,47.10488888888889,This work,4.3,45675415.05796907,-1.0,-1.0,-1000.0,-1000.0,616144395.6016816,-1.0,-1.0,Springob2005,9.362974070344935,8.43474499327053,8.43474499327053,0.0198019715486103,-1.0,-1.0,0.5230196571178922,-1.0,-0.1819623607536638,0.0512336425839227,0.0,7.659682502528496,0.9718086961283667,0.9718086961283667,9.371489917584013
VFID1553,,,,,,,,,,,,,,,,,,,,,,,,,,,,
VFID1554,,,,,,,,,,,,,,,,,,,,,,,,,,,,
VFID1555,,,,,,,,,,,,,,,,,,,,,,,,,,,,
VFID1556,,,,,,,,,,,,,,,,,,,,,,,,,,,,
VFID1557,,,,,,,,,,,,,,,,,,,,,,,,,,,,
VFID1558,,,,,,,,,,,,,,,,,,,,,,,,,,,,
VFID1559,,,,,,,,,,,,,,,,,,,,,,,,,,,,
VFID1560,,,,,,,,,,,,,,,,,,,,,,,,,,,,
VFID1561,,,,,,,,,,,,,,,,,,,,,,,,,,,,
VFID1562,,,,,,,,,,,,,,,,,,,,,,,,,,,,
VFID1563,,,,,,,,,,,,,,,,,,,,,,,,,,,,
VFID1564,,,,,,,,,,,,,,,,,,,,,,,,,,,,
VFID1565,,,,,,,,,,,,,,,,,,,,,,,,,,,,
VFID1566,,,,,,,,,,,,,,,,,,,,,,,,,,,,
VFID1567,,,,,,,,,,,,,,,,,,,,,,,,,,,,
VFID1568,,,,,,,,,,,,,,,,,,,,,,,,,,,,
VFID1569,,,,,,,,,,,,,,,,,,,,,,,,,,,,
VFID1570,,,,,,,,,,,,,,,,,,,,,,,,,,,,
VFID1571,202.13829166666665,46.927166666666665,This work,4.3,40215401.30587816,16358258.283905337,16358258.283905337,-1000.0,-1000.0,259652439.2546605,159540421.5115151,159540421.5115151,Springob2005,9.434667245706786,8.508731560903904,8.508731560903904,0.0147817264553549,-1.0,-1.0,0.7484097528005709,0.1766562330738157,-0.0730555361167102,0.0515049092740313,0.0,7.604392406845818,0.9750198625708508,0.9750198625708508,9.441039883827766
VFID1572,,,,,,,,,,,,,,,,,,,,,,,,,,,,
VFID1573,,,,,,,,,,,,,,,,,,,,,,,,,,,,
VFID1574,,,,,,,,,,,,,,,,,,,,,,,,,,,,
VFID1575,,,,,,,,,,,,,,,,,,,,,,,,,,,,
VFID1576,,,,,,,,,,,,,,,,,,,,,,,,,,,,
VFID1577,,,,,,,,,,,,,,,,,,,,,,,,,,,,
VFID1578,,,,,,,,,,,,,,,,,,,,,,,,,,,,
VFID1579,,,,,,,,,,,,,,,,,,,,,,,,,,,,
VFID1580,,,,,,,,,,,,,,,,,,,,,,,,,,,,
VFID1581,,,,,,,,,,,,,,,,,,,,,,,,,,,,
VFID1582,,,,,,,,,,,,,,,,,,,,,,,,,,,,
VFID1583,,,,,,,,,,,,,,,,,,,,,,,,,,,,
VFID1584,,,,,,,,,,,,,,,,,,,,,,,,,,,,
VFID1585,,,,,,,,,,,,,,,,,,,,,,,,,,,,
VFID1586,,,,,,,,,,,,,,,,,,,,,,,,,,,,
VFID1587,,,,,,,,,,,,,,,,,,,,,,,,,,,,
VFID1588,202.041875,46.67213888888889,This work,4.3,227005020.97428632,29872082.11715873,29872082.11715873,0.9208297048617085,0.1655462012259003,306221347.45625204,146664496.89872518,146664496.89872518,deVaucouleurs1991,9.829547598778383,8.813667764757735,8.813667764757735,0.0336114976765867,0.0054830340320118,0.0054830340320118,0.3612666964739262,0.0571497510088658,-0.3375157217989617,0.0418701461941299,0.0,8.356035463172464,0.9258994833604237,0.9258994833604237,9.8439049304566
VFID1589,202.5475,46.67077777777777,Literature,4.3,122405424.6282951,-1.0,-1.0,-1000.0,-1000.0,808724620.5250219,-1.0,-1.0,This work,8.432117677991865,7.738710533561243,7.738710533561243,0.4525671080313667,-1.0,-1.0,1.5124014948276034,-1.0,0.9444315720567024,0.0879786243266255,0.0,8.087800664818786,0.9342714462408336,0.9342714462408336,8.594253883752662
VFID1590,,,,,,,,,,,,,,,,,,,,,,,,,,,,
VFID1591,,,,,,,,,,,,,,,,,,,,,,,,,,,,
VFID1592,,,,,,,,,,,,,,,,,,,,,,,,,,,,
VFID1593,202.10529166666663,46.591638888888895,Literature,4.3,195053945.73000255,3120863.131680041,3120863.131680041,1.35619364925873,0.1017966964645339,549736711.3212223,253315863.7053903,253315863.7053903,deVaucouleurs1991,9.328471940122931,8.634748007122715,8.634748007122715,0.0915551545162505,0.0185913624114591,0.0185913624114591,0.9374474196028596,0.006948711710452,-0.4788026900742395,0.0879144732463874,0.0,8.290154740043528,0.9242607292788692,0.9242607292788692,9.366517624920164
VFID1594,,,,,,,,,,,,,,,,,,,,,,,,,,,,
VFID1595,,,,,,,,,,,,,,,,,,,,,,,,,,,,
VFID1596,,,,,,,,,,,,,,,,,,,,,,,,,,,,
VFID1597,,,,,,,,,,,,,,,,,,,,,,,,,,,,
VFID1598,,,,,,,,,,,,,,,,,,,,,,,,,,,,
VFID1599,,,,,,,,,,,,,,,,,,,,,,,,,,,,
VFID1600,,,,,,,,,,,,,,,,,,,,,,,,,,,,
VFID1601,,,,,,,,,,,,,,,,,,,,,,,,,,,,
VFID1602,,,,,,,,,,,,,,,,,,,,,,,,,,,,
VFID1603,,,,,,,,,,,,,,,,,,,,,,,,,,,,
VFID1604,,,,,,,,,,,,,,,,,,,,,,,,,,,,
VFID1605,202.14020833333333,46.49991666666667,This work,4.3,64330930.39088418,13796374.636117106,13796374.636117106,0.4954334765612406,0.1509526706402101,867800372.9989011,440846664.8429214,440846664.8429214,This work,9.032839643735644,7.65368174836118,7.65368174836118,0.0596458440568802,0.0130319549502824,0.0130319549502824,0.4714823271842281,0.0931385468596405,0.1565313076442311,0.0181395461115491,0.0,7.80841983246216,0.8973878501421222,0.8973878501421222,9.05800038289485
VFID1606,,,,,,,,,,,,,,,,,,,,,,,,,,,,
VFID1607,,,,,,,,,,,,,,,,,,,,,,,,,,,,
VFID1608,,,,,,,,,,,,,,,,,,,,,,,,,,,,
VFID1609,182.49166666666667,46.456944444444446,Literature,4.3,27508080.22299064,6709287.85926601,6709287.85926601,-1000.0,-1000.0,78065704300.72195,278370214191.15625,63897553457.51968,Springob2005,8.793824519146895,7.626383458182462,7.626383458182462,0.0442217335078815,0.0111972245600698,0.0111972245600698,0.7703118405223908,0.105925483391037,0.1604386777150299,0.029535426755749,0.0,7.4394602822234,0.8774048493810874,0.8774048493810874,8.81261724713701
VFID1610,,,,,,,,,,,,,,,,,,,,,,,,,,,,
VFID1611,,,,,,,,,,,,,,,,,,,,,,,,,,,,
VFID1612,,,,,,,,,,,,,,,,,,,,,,,,,,,,
VFID1613,,,,,,,,,,,,,,,,,,,,,,,,,,,,
VFID1614,,,,,,,,,,,,,,,,,,,,,,,,,,,,
VFID1615,,,,,,,,,,,,,,,,,,,,,,,,,,,,
VFID1616,,,,,,,,,,,,,,,,,,,,,,,,,,,,
VFID1617,,,,,,,,,,,,,,,,,,,,,,,,,,,,
VFID1618,,,,,,,,,,,,,,,,,,,,,,,,,,,,
VFID1619,,,,,,,,,,,,,,,,,,,,,,,,,,,,
VFID1620,,,,,,,,,,,,,,,,,,,,,,,,,,,,
VFID1621,,,,,,,,,,,,,,,,,,,,,,,,,,,,
VFID1622,210.4902667,46.3118222,AMIGA,,131825673.85564049,16478209.23195506,16478209.23195506,,,912010839.355908,435193496.7097097,435193496.7097097,AMIGA,8.011732640566562,7.514510248451973,7.394510248451977,1.2831202512891655,-1.0,-1.0,0.4758021596463901,0.0542868102379064,0.8372634640093697,0.1382171453835724,0.0,8.12,0.9235159648242104,0.9231967932298966,8.370261426825074
VFID1623,,,,,,,,,,,,,,,,,,,,,,,,,,,,
VFID1624,,,,,,,,,,,,,,,,,,,,,,,,,,,,
VFID1625,,,,,,,,,,,,,,,,,,,,,,,,,,,,
VFID1626,,,,,,,,,,,,,,,,,,,,,,,,,,,,
VFID1627,,,,,,,,,,,,,,,,,,,,,,,,,,,,
VFID1628,202.20733333333337,46.262388888888886,This work,4.3,185177871.17204183,30518584.776851524,30518584.776851524,0.6541751299628558,0.1387589700617137,1809627082.0667927,885122677.3307781,885122677.3307781,This work,8.061009740199214,7.525618233793909,7.525618233793909,1.609086335870054,-1.0,-1.0,0.3687130725600589,0.0715747128973599,0.976402403613001,0.1265880776848043,0.0,8.26758908708633,0.9291407572255178,0.9291407572255178,8.477498190541896
VFID1629,,,,,,,,,,,,,,,,,,,,,,,,,,,,
VFID1630,,,,,,,,,,,,,,,,,,,,,,,,,,,,
VFID1631,,,,,,,,,,,,,,,,,,,,,,,,,,,,
VFID1632,,,,,,,,,,,,,,,,,,,,,,,,,,,,
VFID1633,,,,,,,,,,,,,,,,,,,,,,,,,,,,
VFID1634,,,,,,,,,,,,,,,,,,,,,,,,,,,,
VFID1635,216.8682708,46.14655,AMIGA,,1288249551.6931322,161031193.96164152,161031193.96164152,,,831763771.1026698,396901186.2164559,396901186.2164559,AMIGA,9.551732640566561,9.054510248451972,8.934510248451973,0.361632421499315,-1.0,-1.0,-0.1982978403536108,0.0542868102379064,-0.4162392607184095,0.1382171453835724,0.0,9.11,0.9862293302493066,0.9861894838824931,9.685792524310756
VFID1636,,,,,,,,,,,,,,,,,,,,,,,,,,,,
VFID1637,,,,,,,,,,,,,,,,,,,,,,,,,,,,
VFID1638,,,,,,,,,,,,,,,,,,,,,,,,,,,,
VFID1639,,,,,,,,,,,,,,,,,,,,,,,,,,,,
VFID1640,,,,,,,,,,,,,,,,,,,,,,,,,,,,
VFID1641,,,,,,,,,,,,,,,,,,,,,,,,,,,,
VFID1642,,,,,,,,,,,,,,,,,,,,,,,,,,,,
VFID1643,,,,,,,,,,,,,,,,,,,,,,,,,,,,
VFID1644,,,,,,,,,,,,,,,,,,,,,,,,,,,,
VFID1645,,,,,,,,,,,,,,,,,,,,,,,,,,,,
VFID1646,,,,,,,,,,,,,,,,,,,,,,,,,,,,
VFID1647,,,,,,,,,,,,,,,,,,,,,,,,,,,,
VFID1648,126.82529166666666,46.034194444444445,This work,4.3,10816149.933281992,-1.0,-1.0,-1000.0,-1000.0,95956124.4041511,-1.0,-1.0,This work,8.552944570455226,7.560875204241647,7.560875204241647,0.0302780657942087,-1.0,-1.0,0.6179261554059563,-1.0,-0.085236938506144,0.0442297968960634,0.0,7.03407269882183,0.9327730521966617,0.9327730521966617,8.565899024424516
VFID1649,,,,,,,,,,,,,,,,,,,,,,,,,,,,
VFID1650,,,,,,,,,,,,,,,,,,,,,,,,,,,,
VFID1651,,,,,,,,,,,,,,,,,,,,,,,,,,,,
VFID1652,,,,,,,,,,,,,,,,,,,,,,,,,,,,
VFID1653,,,,,,,,,,,,,,,,,,,,,,,,,,,,
VFID1654,126.51815,45.9674556,AMIGA,,218776162.3949552,-1.0,-1.0,,,2089296130.8540387,-1.0,-1.0,AMIGA,9.74173264056656,9.244510248451972,9.124510248451973,0.0396522065192461,-1.0,-1.0,-0.5055978403536106,-1.0,-0.6781898644438744,0.1382171453835723,0.0,8.34,0.9893899191744445,0.9893892907738648,9.758620720200799
VFID1655,,,,,,,,,,,,,,,,,,,,,,,,,,,,
VFID1656,,,,,,,,,,,,,,,,,,,,,,,,,,,,
VFID1657,,,,,,,,,,,,,,,,,,,,,,,,,,,,
VFID1658,,,,,,,,,,,,,,,,,,,,,,,,,,,,
VFID1659,,,,,,,,,,,,,,,,,,,,,,,,,,,,
VFID1660,140.2949667,45.8876611,AMIGA,,64565422.903465495,8070677.862933187,8070677.862933187,,,831763771.1026704,415414759.7542975,415414759.7542975,AMIGA,8.161732640566562,7.664510248451974,7.544510248451974,0.4449050746838662,-1.0,-1.0,0.5104021596463904,0.0542868102379064,0.1194095469637286,0.1382171453835724,0.0,7.81,0.9203612744954084,0.9202954114736906,8.321571956935843
VFID1661,,,,,,,,,,,,,,,,,,,,,,,,,,,,
VFID1662,,,,,,,,,,,,,,,,,,,,,,,,,,,,
VFID1663,,,,,,,,,,,,,,,,,,,,,,,,,,,,
VFID1664,,,,,,,,,,,,,,,,,,,,,,,,,,,,
VFID1665,,,,,,,,,,,,,,,,,,,,,,,,,,,,
VFID1666,,,,,,,,,,,,,,,,,,,,,,,,,,,,
VFID1667,,,,,,,,,,,,,,,,,,,,,,,,,,,,
VFID1668,,,,,,,,,,,,,,,,,,,,,,,,,,,,
VFID1669,,,,,,,,,,,,,,,,,,,,,,,,,,,,
VFID1670,,,,,,,,,,,,,,,,,,,,,,,,,,,,
VFID1671,,,,,,,,,,,,,,,,,,,,,,,,,,,,
VFID1672,,,,,,,,,,,,,,,,,,,,,,,,,,,,
VFID1673,,,,,,,,,,,,,,,,,,,,,,,,,,,,
VFID1674,,,,,,,,,,,,,,,,,,,,,,,,,,,,
VFID1675,,,,,,,,,,,,,,,,,,,,,,,,,,,,
VFID1676,,,,,,,,,,,,,,,,,,,,,,,,,,,,
VFID1677,,,,,,,,,,,,,,,,,,,,,,,,,,,,
VFID1678,,,,,,,,,,,,,,,,,,,,,,,,,,,,
VFID1679,,,,,,,,,,,,,,,,,,,,,,,,,,,,
VFID1680,,,,,,,,,,,,,,,,,,,,,,,,,,,,
VFID1681,,,,,,,,,,,,,,,,,,,,,,,,,,,,
VFID1682,,,,,,,,,,,,,,,,,,,,,,,,,,,,
VFID1683,,,,,,,,,,,,,,,,,,,,,,,,,,,,
VFID1684,,,,,,,,,,,,,,,,,,,,,,,,,,,,
VFID1685,,,,,,,,,,,,,,,,,,,,,,,,,,,,
VFID1686,,,,,,,,,,,,,,,,,,,,,,,,,,,,
VFID1687,,,,,,,,,,,,,,,,,,,,,,,,,,,,
VFID1688,,,,,,,,,,,,,,,,,,,,,,,,,,,,
VFID1689,,,,,,,,,,,,,,,,,,,,,,,,,,,,
VFID1690,,,,,,,,,,,,,,,,,,,,,,,,,,,,
VFID1691,,,,,,,,,,,,,,,,,,,,,,,,,,,,
VFID1692,,,,,,,,,,,,,,,,,,,,,,,,,,,,
VFID1693,,,,,,,,,,,,,,,,,,,,,,,,,,,,
VFID1694,,,,,,,,,,,,,,,,,,,,,,,,,,,,
VFID1695,,,,,,,,,,,,,,,,,,,,,,,,,,,,
VFID1696,,,,,,,,,,,,,,,,,,,,,,,,,,,,
VFID1697,,,,,,,,,,,,,,,,,,,,,,,,,,,,
VFID1698,,,,,,,,,,,,,,,,,,,,,,,,,,,,
VFID1699,,,,,,,,,,,,,,,,,,,,,,,,,,,,
VFID1700,,,,,,,,,,,,,,,,,,,,,,,,,,,,
VFID1701,,,,,,,,,,,,,,,,,,,,,,,,,,,,
VFID1702,,,,,,,,,,,,,,,,,,,,,,,,,,,,
VFID1703,,,,,,,,,,,,,,,,,,,,,,,,,,,,
VFID1704,,,,,,,,,,,,,,,,,,,,,,,,,,,,
VFID1705,,,,,,,,,,,,,,,,,,,,,,,,,,,,
VFID1706,,,,,,,,,,,,,,,,,,,,,,,,,,,,
VFID1707,,,,,,,,,,,,,,,,,,,,,,,,,,,,
VFID1708,,,,,,,,,,,,,,,,,,,,,,,,,,,,
VFID1709,,,,,,,,,,,,,,,,,,,,,,,,,,,,
VFID1710,,,,,,,,,,,,,,,,,,,,,,,,,,,,
VFID1711,,,,,,,,,,,,,,,,,,,,,,,,,,,,
VFID1712,,,,,,,,,,,,,,,,,,,,,,,,,,,,
VFID1713,,,,,,,,,,,,,,,,,,,,,,,,,,,,
VFID1714,,,,,,,,,,,,,,,,,,,,,,,,,,,,
VFID1715,,,,,,,,,,,,,,,,,,,,,,,,,,,,
VFID1716,,,,,,,,,,,,,,,,,,,,,,,,,,,,
VFID1717,,,,,,,,,,,,,,,,,,,,,,,,,,,,
VFID1718,,,,,,,,,,,,,,,,,,,,,,,,,,,,
VFID1719,,,,,,,,,,,,,,,,,,,,,,,,,,,,
VFID1720,,,,,,,,,,,,,,,,,,,,,,,,,,,,
VFID1721,,,,,,,,,,,,,,,,,,,,,,,,,,,,
VFID1722,,,,,,,,,,,,,,,,,,,,,,,,,,,,
VFID1723,,,,,,,,,,,,,,,,,,,,,,,,,,,,
VFID1724,,,,,,,,,,,,,,,,,,,,,,,,,,,,
VFID1725,,,,,,,,,,,,,,,,,,,,,,,,,,,,
VFID1726,134.8769583333333,44.91388888888888,This work,4.3,2187718316.413336,81330872.44645897,81330872.44645897,0.8848790532892489,0.0407721475025541,1862050275.9714525,860295415.9517221,860295415.9517221,Springob2005,9.741495224429913,8.446151653466092,8.446151653466092,0.3967310379201028,0.024929095366943,0.024929095366943,-0.250089243251459,0.0161453825416529,-0.0583435318734633,0.022000914857537,0.0,9.339991402897848,0.9719111485531472,0.9719111485531472,9.886608008501804
VFID1727,,,,,,,,,,,,,,,,,,,,,,,,,,,,
VFID1728,,,,,,,,,,,,,,,,,,,,,,,,,,,,
VFID1729,,,,,,,,,,,,,,,,,,,,,,,,,,,,
VFID1730,,,,,,,,,,,,,,,,,,,,,,,,,,,,
VFID1731,,,,,,,,,,,,,,,,,,,,,,,,,,,,
VFID1732,,,,,,,,,,,,,,,,,,,,,,,,,,,,
VFID1733,,,,,,,,,,,,,,,,,,,,,,,,,,,,
VFID1734,,,,,,,,,,,,,,,,,,,,,,,,,,,,
VFID1735,,,,,,,,,,,,,,,,,,,,,,,,,,,,
VFID1736,,,,,,,,,,,,,,,,,,,,,,,,,,,,
VFID1737,,,,,,,,,,,,,,,,,,,,,,,,,,,,
VFID1738,,,,,,,,,,,,,,,,,,,,,,,,,,,,
VFID1739,,,,,,,,,,,,,,,,,,,,,,,,,,,,
VFID1740,,,,,,,,,,,,,,,,,,,,,,,,,,,,
VFID1741,,,,,,,,,,,,,,,,,,,,,,,,,,,,
VFID1742,,,,,,,,,,,,,,,,,,,,,,,,,,,,
VFID1743,,,,,,,,,,,,,,,,,,,,,,,,,,,,
VFID1744,,,,,,,,,,,,,,,,,,,,,,,,,,,,
VFID1745,,,,,,,,,,,,,,,,,,,,,,,,,,,,
VFID1746,,,,,,,,,,,,,,,,,,,,,,,,,,,,
VFID1747,,,,,,,,,,,,,,,,,,,,,,,,,,,,
VFID1748,,,,,,,,,,,,,,,,,,,,,,,,,,,,
VFID1749,,,,,,,,,,,,,,,,,,,,,,,,,,,,
VFID1750,,,,,,,,,,,,,,,,,,,,,,,,,,,,
VFID1751,,,,,,,,,,,,,,,,,,,,,,,,,,,,
VFID1752,,,,,,,,,,,,,,,,,,,,,,,,,,,,
VFID1753,,,,,,,,,,,,,,,,,,,,,,,,,,,,
VFID1754,180.7875,44.53111111111111,Literature,4.3,1515551585.089062,286725975.5573901,286725975.5573901,-1000.0,-1000.0,563080805.3746476,280337611.88745224,280337611.88745224,deVaucouleurs1991,9.327617843548305,8.31145618400588,8.31145618400588,0.7127756906119935,0.1513290103399786,0.1513290103399786,-0.025868563464547,0.0821638209006151,0.2972988554491955,0.0418429843294913,0.0,9.180570723110936,0.9671540297061485,0.9671540297061485,9.561318333946323
VFID1755,,,,,,,,,,,,,,,,,,,,,,,,,,,,
VFID1756,,,,,,,,,,,,,,,,,,,,,,,,,,,,
VFID1757,,,,,,,,,,,,,,,,,,,,,,,,,,,,
VFID1758,,,,,,,,,,,,,,,,,,,,,,,,,,,,
VFID1759,,,,,,,,,,,,,,,,,,,,,,,,,,,,
VFID1760,,,,,,,,,,,,,,,,,,,,,,,,,,,,
VFID1761,,,,,,,,,,,,,,,,,,,,,,,,,,,,
VFID1762,,,,,,,,,,,,,,,,,,,,,,,,,,,,
VFID1763,,,,,,,,,,,,,,,,,,,,,,,,,,,,
VFID1764,,,,,,,,,,,,,,,,,,,,,,,,,,,,
VFID1765,,,,,,,,,,,,,,,,,,,,,,,,,,,,
VFID1766,,,,,,,,,,,,,,,,,,,,,,,,,,,,
VFID1767,,,,,,,,,,,,,,,,,,,,,,,,,,,,
VFID1768,,,,,,,,,,,,,,,,,,,,,,,,,,,,
VFID1769,,,,,,,,,,,,,,,,,,,,,,,,,,,,
VFID1770,,,,,,,,,,,,,,,,,,,,,,,,,,,,
VFID1771,,,,,,,,,,,,,,,,,,,,,,,,,,,,
VFID1772,,,,,,,,,,,,,,,,,,,,,,,,,,,,
VFID1773,,,,,,,,,,,,,,,,,,,,,,,,,,,,
VFID1774,,,,,,,,,,,,,,,,,,,,,,,,,,,,
VFID1775,,,,,,,,,,,,,,,,,,,,,,,,,,,,
VFID1776,,,,,,,,,,,,,,,,,,,,,,,,,,,,
VFID1777,,,,,,,,,,,,,,,,,,,,,,,,,,,,
VFID1778,,,,,,,,,,,,,,,,,,,,,,,,,,,,
VFID1779,,,,,,,,,,,,,,,,,,,,,,,,,,,,
VFID1780,,,,,,,,,,,,,,,,,,,,,,,,,,,,
VFID1781,,,,,,,,,,,,,,,,,,,,,,,,,,,,
VFID1782,,,,,,,,,,,,,,,,,,,,,,,,,,,,
VFID1783,,,,,,,,,,,,,,,,,,,,,,,,,,,,
VFID1784,,,,,,,,,,,,,,,,,,,,,,,,,,,,
VFID1785,,,,,,,,,,,,,,,,,,,,,,,,,,,,
VFID1786,,,,,,,,,,,,,,,,,,,,,,,,,,,,
VFID1787,,,,,,,,,,,,,,,,,,,,,,,,,,,,
VFID1788,,,,,,,,,,,,,,,,,,,,,,,,,,,,
VFID1789,206.59862500000003,43.87233333333334,This work,4.3,1038918353.8179884,65797406.11644827,65797406.11644827,0.5780019258601048,0.0681262930024213,788100165.4925612,366349566.3484028,366349566.3484028,deVaucouleurs1991,10.076882615465925,9.06146225659843,9.06146225659843,0.0870359758964804,0.0100471011725021,0.0100471011725021,0.1948207409434736,0.0275050010377687,-0.2407187619649757,0.0419144674394998,0.0,9.016581418702915,0.9579641139772904,0.9579641139772904,10.113126532942077
VFID1790,,,,,,,,,,,,,,,,,,,,,,,,,,,,
VFID1791,,,,,,,,,,,,,,,,,,,,,,,,,,,,
VFID1792,,,,,,,,,,,,,,,,,,,,,,,,,,,,
VFID1793,,,,,,,,,,,,,,,,,,,,,,,,,,,,
VFID1794,,,,,,,,,,,,,,,,,,,,,,,,,,,,
VFID1795,,,,,,,,,,,,,,,,,,,,,,,,,,,,
VFID1796,,,,,,,,,,,,,,,,,,,,,,,,,,,,
VFID1797,,,,,,,,,,,,,,,,,,,,,,,,,,,,
VFID1798,,,,,,,,,,,,,,,,,,,,,,,,,,,,
VFID1799,,,,,,,,,,,,,,,,,,,,,,,,,,,,
VFID1800,,,,,,,,,,,,,,,,,,,,,,,,,,,,
VFID1801,,,,,,,,,,,,,,,,,,,,,,,,,,,,
VFID1802,,,,,,,,,,,,,,,,,,,,,,,,,,,,
VFID1803,,,,,,,,,,,,,,,,,,,,,,,,,,,,
VFID1804,182.37083333333337,43.68527777777778,Literature,4.3,281794112.8901024,84538233.86703071,84538233.86703071,-1000.0,-1000.0,1697977440.2125094,933232752.7408788,933232752.7408788,Springob2005,9.101094267735299,8.095399956945538,8.095399956945538,0.223273740444383,0.0705139250552484,0.0705139250552484,0.4860702438540656,0.1302883445709755,-0.1760534196930088,0.0428637339353409,0.0,8.449931915792323,0.9331870854987472,0.9331870854987472,9.188617920733753
VFID1805,,,,,,,,,,,,,,,,,,,,,,,,,,,,
VFID1806,,,,,,,,,,,,,,,,,,,,,,,,,,,,
VFID1807,,,,,,,,,,,,,,,,,,,,,,,,,,,,
VFID1808,,,,,,,,,,,,,,,,,,,,,,,,,,,,
VFID1809,,,,,,,,,,,,,,,,,,,,,,,,,,,,
VFID1810,,,,,,,,,,,,,,,,,,,,,,,,,,,,
VFID1811,,,,,,,,,,,,,,,,,,,,,,,,,,,,
VFID1812,,,,,,,,,,,,,,,,,,,,,,,,,,,,
VFID1813,,,,,,,,,,,,,,,,,,,,,,,,,,,,
VFID1814,,,,,,,,,,,,,,,,,,,,,,,,,,,,
VFID1815,,,,,,,,,,,,,,,,,,,,,,,,,,,,
VFID1816,,,,,,,,,,,,,,,,,,,,,,,,,,,,
VFID1817,183.8875,43.43388888888889,Literature,4.3,27785308.536849,-1.0,-1.0,-1000.0,-1000.0,3190180262.099144,-1.0,-1.0,deVaucouleurs1991,8.485773725438182,7.987967871858669,7.987967871858669,0.0907907279533142,-1.0,-1.0,-0.1845130640449941,-1.0,-0.0698737002079195,0.1380315795196381,0.0,7.443815223691382,0.9306271806115797,0.9306271806115797,8.523515163090773
VFID1818,,,,,,,,,,,,,,,,,,,,,,,,,,,,
VFID1819,207.16245833333332,43.412277777777774,This work,4.3,97811825.2421868,18685944.636292662,18685944.636292662,0.4934641222852172,0.1922361800581284,371870187.9183923,185403341.13393104,185403341.13393104,Springob2005,9.674879253717972,8.316034369371303,8.316034369371303,0.0206781703849776,0.0040526999472752,0.0040526999472752,0.3300107964030365,0.0829675003466905,-0.4070675441275497,0.0190081314629396,0.0,7.990391363243352,0.9068664392179574,0.9068664392179574,9.683768080174296
VFID1820,,,,,,,,,,,,,,,,,,,,,,,,,,,,
VFID1821,,,,,,,,,,,,,,,,,,,,,,,,,,,,
VFID1822,,,,,,,,,,,,,,,,,,,,,,,,,,,,
VFID1823,247.78145,43.3480417,AMIGA,,426579518.8015934,-1.0,-1.0,,,1380384264.6028872,-1.0,-1.0,AMIGA,9.74173264056656,9.244510248451972,9.124510248451973,0.077315640750043,-1.0,-1.0,0.1845021596463869,-1.0,-0.415313320382161,0.1382171453835723,0.0,8.63,0.9900811151276523,0.9900788139766359,9.774075605658863
VFID1824,,,,,,,,,,,,,,,,,,,,,,,,,,,,
VFID1825,,,,,,,,,,,,,,,,,,,,,,,,,,,,
VFID1826,111.6476042,43.2964556,AMIGA,,134896288.2591656,-1.0,-1.0,,,1949844599.7580488,-1.0,-1.0,AMIGA,8.281323263590373,,,,,,1.283902159646388,-1.0,1.1171838562851055,-1.0,0.0,,,,
VFID1827,,,,,,,,,,,,,,,,,,,,,,,,,,,,
VFID1828,,,,,,,,,,,,,,,,,,,,,,,,,,,,
VFID1829,,,,,,,,,,,,,,,,,,,,,,,,,,,,
VFID1830,208.04079166666668,43.24294444444445,This work,4.3,162118063.07112756,29027250.490917023,29027250.490917023,0.3933241796045433,0.1578703596420657,281728904.360249,139202263.58271998,139202263.58271998,Springob2005,9.504101582965395,8.52022669536709,8.52022669536709,0.0507843412469185,0.0105100011441595,0.0105100011441595,0.4021707533415153,0.0777604572508234,-0.4220724104156819,0.0450722692178932,0.0,8.209831406304874,0.9190923355575737,0.9190923355575737,9.525615175285816
VFID1831,,,,,,,,,,,,,,,,,,,,,,,,,,,,
VFID1832,,,,,,,,,,,,,,,,,,,,,,,,,,,,
VFID1833,,,,,,,,,,,,,,,,,,,,,,,,,,,,
VFID1834,,,,,,,,,,,,,,,,,,,,,,,,,,,,
VFID1835,,,,,,,,,,,,,,,,,,,,,,,,,,,,
VFID1836,,,,,,,,,,,,,,,,,,,,,,,,,,,,
VFID1837,,,,,,,,,,,,,,,,,,,,,,,,,,,,
VFID1838,,,,,,,,,,,,,,,,,,,,,,,,,,,,
VFID1839,,,,,,,,,,,,,,,,,,,,,,,,,,,,
VFID1840,,,,,,,,,,,,,,,,,,,,,,,,,,,,
VFID1841,,,,,,,,,,,,,,,,,,,,,,,,,,,,
VFID1842,153.202375,43.14552777777778,Literature,4.3,96310295.25991508,-1.0,-1.0,-1000.0,-1000.0,1966403842.944945,-1.0,-1.0,This work,8.039234307276152,,,,,,0.9523294453610518,-1.0,1.0352446840100722,-1.0,0.0,,,,
VFID1843,,,,,,,,,,,,,,,,,,,,,,,,,,,,
VFID1844,,,,,,,,,,,,,,,,,,,,,,,,,,,,
VFID1845,,,,,,,,,,,,,,,,,,,,,,,,,,,,
VFID1846,,,,,,,,,,,,,,,,,,,,,,,,,,,,
VFID1847,,,,,,,,,,,,,,,,,,,,,,,,,,,,
VFID1848,,,,,,,,,,,,,,,,,,,,,,,,,,,,
VFID1849,,,,,,,,,,,,,,,,,,,,,,,,,,,,
VFID1850,,,,,,,,,,,,,,,,,,,,,,,,,,,,
VFID1851,,,,,,,,,,,,,,,,,,,,,,,,,,,,
VFID1852,,,,,,,,,,,,,,,,,,,,,,,,,,,,
VFID1853,181.7625,43.065555555555555,Literature,4.3,25436851.28551623,5718361.9168989975,5718361.9168989975,1.2476458262583097,0.3031065799019153,367674364.9063482,188417867.3226096,188417867.3226096,Springob2005,8.727665376223861,7.776676024182257,7.776676024182257,0.0476209411968245,0.011959386162677,0.011959386162677,1.7492388087218351,0.0976320928309635,-0.3022371576017519,0.0486177615497374,0.0,7.4054633509245535,0.8756954038128849,0.8756954038128849,8.747869547301347
VFID1854,,,,,,,,,,,,,,,,,,,,,,,,,,,,
VFID1855,,,,,,,,,,,,,,,,,,,,,,,,,,,,
VFID1856,,,,,,,,,,,,,,,,,,,,,,,,,,,,
VFID1857,,,,,,,,,,,,,,,,,,,,,,,,,,,,
VFID1858,,,,,,,,,,,,,,,,,,,,,,,,,,,,
VFID1859,,,,,,,,,,,,,,,,,,,,,,,,,,,,
VFID1860,,,,,,,,,,,,,,,,,,,,,,,,,,,,
VFID1861,,,,,,,,,,,,,,,,,,,,,,,,,,,,
VFID1862,,,,,,,,,,,,,,,,,,,,,,,,,,,,
VFID1863,,,,,,,,,,,,,,,,,,,,,,,,,,,,
VFID1864,,,,,,,,,,,,,,,,,,,,,,,,,,,,
VFID1865,,,,,,,,,,,,,,,,,,,,,,,,,,,,
VFID1866,,,,,,,,,,,,,,,,,,,,,,,,,,,,
VFID1867,,,,,,,,,,,,,,,,,,,,,,,,,,,,
VFID1868,,,,,,,,,,,,,,,,,,,,,,,,,,,,
VFID1869,,,,,,,,,,,,,,,,,,,,,,,,,,,,
VFID1870,,,,,,,,,,,,,,,,,,,,,,,,,,,,
VFID1871,,,,,,,,,,,,,,,,,,,,,,,,,,,,
VFID1872,,,,,,,,,,,,,,,,,,,,,,,,,,,,
VFID1873,,,,,,,,,,,,,,,,,,,,,,,,,,,,
VFID1874,,,,,,,,,,,,,,,,,,,,,,,,,,,,
VFID1875,,,,,,,,,,,,,,,,,,,,,,,,,,,,
VFID1876,,,,,,,,,,,,,,,,,,,,,,,,,,,,
VFID1877,,,,,,,,,,,,,,,,,,,,,,,,,,,,
VFID1878,,,,,,,,,,,,,,,,,,,,,,,,,,,,
VFID1879,,,,,,,,,,,,,,,,,,,,,,,,,,,,
VFID1880,,,,,,,,,,,,,,,,,,,,,,,,,,,,
VFID1881,,,,,,,,,,,,,,,,,,,,,,,,,,,,
VFID1882,,,,,,,,,,,,,,,,,,,,,,,,,,,,
VFID1883,,,,,,,,,,,,,,,,,,,,,,,,,,,,
VFID1884,,,,,,,,,,,,,,,,,,,,,,,,,,,,
VFID1885,,,,,,,,,,,,,,,,,,,,,,,,,,,,
VFID1886,,,,,,,,,,,,,,,,,,,,,,,,,,,,
VFID1887,,,,,,,,,,,,,,,,,,,,,,,,,,,,
VFID1888,,,,,,,,,,,,,,,,,,,,,,,,,,,,
VFID1889,,,,,,,,,,,,,,,,,,,,,,,,,,,,
VFID1890,,,,,,,,,,,,,,,,,,,,,,,,,,,,
VFID1891,,,,,,,,,,,,,,,,,,,,,,,,,,,,
VFID1892,,,,,,,,,,,,,,,,,,,,,,,,,,,,
VFID1893,,,,,,,,,,,,,,,,,,,,,,,,,,,,
VFID1894,,,,,,,,,,,,,,,,,,,,,,,,,,,,
VFID1895,,,,,,,,,,,,,,,,,,,,,,,,,,,,
VFID1896,,,,,,,,,,,,,,,,,,,,,,,,,,,,
VFID1897,,,,,,,,,,,,,,,,,,,,,,,,,,,,
VFID1898,,,,,,,,,,,,,,,,,,,,,,,,,,,,
VFID1899,182.4,42.534166666666664,Literature,4.3,61159493.81237228,-1.0,-1.0,-1000.0,-1000.0,1192515087.339897,-1.0,-1.0,Huchtmeier_Richter19,8.875307802198424,,,,,,1.3277382773371589,-1.0,0.0475408394151486,-1.0,0.0,,,,
VFID1900,,,,,,,,,,,,,,,,,,,,,,,,,,,,
VFID1901,,,,,,,,,,,,,,,,,,,,,,,,,,,,
VFID1902,,,,,,,,,,,,,,,,,,,,,,,,,,,,
VFID1903,,,,,,,,,,,,,,,,,,,,,,,,,,,,
VFID1904,,,,,,,,,,,,,,,,,,,,,,,,,,,,
VFID1905,,,,,,,,,,,,,,,,,,,,,,,,,,,,
VFID1906,,,,,,,,,,,,,,,,,,,,,,,,,,,,
VFID1907,,,,,,,,,,,,,,,,,,,,,,,,,,,,
VFID1908,,,,,,,,,,,,,,,,,,,,,,,,,,,,
VFID1909,,,,,,,,,,,,,,,,,,,,,,,,,,,,
VFID1910,,,,,,,,,,,,,,,,,,,,,,,,,,,,
VFID1911,,,,,,,,,,,,,,,,,,,,,,,,,,,,
VFID1912,,,,,,,,,,,,,,,,,,,,,,,,,,,,
VFID1913,,,,,,,,,,,,,,,,,,,,,,,,,,,,
VFID1914,,,,,,,,,,,,,,,,,,,,,,,,,,,,
VFID1915,,,,,,,,,,,,,,,,,,,,,,,,,,,,
VFID1916,,,,,,,,,,,,,,,,,,,,,,,,,,,,
VFID1917,,,,,,,,,,,,,,,,,,,,,,,,,,,,
VFID1918,,,,,,,,,,,,,,,,,,,,,,,,,,,,
VFID1919,,,,,,,,,,,,,,,,,,,,,,,,,,,,
VFID1920,,,,,,,,,,,,,,,,,,,,,,,,,,,,
VFID1921,,,,,,,,,,,,,,,,,,,,,,,,,,,,
VFID1922,,,,,,,,,,,,,,,,,,,,,,,,,,,,
VFID1923,,,,,,,,,,,,,,,,,,,,,,,,,,,,
VFID1924,,,,,,,,,,,,,,,,,,,,,,,,,,,,
VFID1925,,,,,,,,,,,,,,,,,,,,,,,,,,,,
VFID1926,,,,,,,,,,,,,,,,,,,,,,,,,,,,
VFID1927,,,,,,,,,,,,,,,,,,,,,,,,,,,,
VFID1928,,,,,,,,,,,,,,,,,,,,,,,,,,,,
VFID1929,,,,,,,,,,,,,,,,,,,,,,,,,,,,
VFID1930,,,,,,,,,,,,,,,,,,,,,,,,,,,,
VFID1931,,,,,,,,,,,,,,,,,,,,,,,,,,,,
VFID1932,,,,,,,,,,,,,,,,,,,,,,,,,,,,
VFID1933,139.34495833333332,41.999722222222225,This work,4.3,3257375168.4456387,29196775.267925262,29196775.267925262,0.9958531147189472,0.0096880347683836,665070648.1439761,306334359.67962444,306334359.67962444,deVaucouleurs1991,9.109250863543968,8.093251207621082,8.093251207621082,2.5328934318258933,0.2451811931869116,0.2451811931869116,-0.6983656217009298,0.0038927043194351,0.1857267190390157,0.0418585958089729,0.0,9.512867781347317,0.9808427548976588,0.9808427548976588,9.657381400874655
VFID1934,139.37929166666666,41.994083333333336,This work,4.3,94576363.40021768,19851977.64463505,19851977.64463505,0.5533031886405729,0.1293139681504254,422457097.3618411,277206597.8938721,277206597.8938721,deVaucouleurs1991,9.305238755769158,8.807795923510785,8.807795923510785,0.046832123997332,-1.0,-1.0,0.2960195489052593,0.0911602438068777,-0.1620270461781441,0.1381470066244629,0.0,7.97578261074113,0.9696563771663981,0.9696563771663981,9.325115797078151
VFID1935,,,,,,,,,,,,,,,,,,,,,,,,,,,,
VFID1936,,,,,,,,,,,,,,,,,,,,,,,,,,,,
VFID1937,,,,,,,,,,,,,,,,,,,,,,,,,,,,
VFID1938,,,,,,,,,,,,,,,,,,,,,,,,,,,,
VFID1939,,,,,,,,,,,,,,,,,,,,,,,,,,,,
VFID1940,,,,,,,,,,,,,,,,,,,,,,,,,,,,
VFID1941,,,,,,,,,,,,,,,,,,,,,,,,,,,,
VFID1942,209.27070833333337,41.846250000000005,This work,4.3,9472825435.059984,162465648.16017318,162465648.16017318,0.5168012041214972,0.0208213946695362,4533979312.538997,2089422131.3874629,2089422131.3874629,deVaucouleurs1991,9.824010953413177,8.807685400862184,8.807685400862184,1.4205894360583946,0.1389703459236591,0.1389703459236591,-0.7002773745669923,0.0074484571660801,-0.1507208095230101,0.0418271967036918,0.0,9.97647953421338,1.0014025329124987,1.0014025329124987,10.207932087020565
VFID1943,,,,,,,,,,,,,,,,,,,,,,,,,,,,
VFID1944,,,,,,,,,,,,,,,,,,,,,,,,,,,,
VFID1945,,,,,,,,,,,,,,,,,,,,,,,,,,,,
VFID1946,,,,,,,,,,,,,,,,,,,,,,,,,,,,
VFID1947,,,,,,,,,,,,,,,,,,,,,,,,,,,,
VFID1948,,,,,,,,,,,,,,,,,,,,,,,,,,,,
VFID1949,,,,,,,,,,,,,,,,,,,,,,,,,,,,
VFID1950,,,,,,,,,,,,,,,,,,,,,,,,,,,,
VFID1951,,,,,,,,,,,,,,,,,,,,,,,,,,,,
VFID1952,,,,,,,,,,,,,,,,,,,,,,,,,,,,
VFID1953,206.3299166666667,41.712583333333335,This work,4.3,4572010969.055024,103795501.61031796,103795501.61031796,0.7033201074739402,0.0234709523426279,6167473096.057125,2843675459.916974,2843675459.916974,Springob2005,9.762478396054057,8.593517837681269,8.593517837681269,0.7900032312231821,0.0564629189355153,0.0564629189355153,-0.2219051040266269,0.0098595156268967,0.0405007943723383,0.0294322695961334,0.0,9.660107263673016,0.9868122457420778,0.9868122457420778,10.015332211001063
VFID1954,207.1881666666667,41.70980555555556,This work,4.3,445029373.1299639,41124826.559864655,41124826.559864655,0.7706354052166288,0.089011071265672,1125611901.8173013,340265656.010597,440118059.1784731,This work,8.705658276531068,7.820738407946764,7.820738407946764,0.8764565681923412,0.1400361819866618,0.1400361819866618,-0.1612590636915385,0.0401328234102014,-0.1783369738393148,0.0566062575114568,0.0,8.648388676525348,0.9410046242455133,0.9410046242455133,8.978996793368262
VFID1955,,,,,,,,,,,,,,,,,,,,,,,,,,,,
VFID1956,,,,,,,,,,,,,,,,,,,,,,,,,,,,
VFID1957,,,,,,,,,,,,,,,,,,,,,,,,,,,,
VFID1958,,,,,,,,,,,,,,,,,,,,,,,,,,,,
VFID1959,,,,,,,,,,,,,,,,,,,,,,,,,,,,
VFID1960,,,,,,,,,,,,,,,,,,,,,,,,,,,,
VFID1961,,,,,,,,,,,,,,,,,,,,,,,,,,,,
VFID1962,,,,,,,,,,,,,,,,,,,,,,,,,,,,
VFID1963,,,,,,,,,,,,,,,,,,,,,,,,,,,,
VFID1964,,,,,,,,,,,,,,,,,,,,,,,,,,,,
VFID1965,,,,,,,,,,,,,,,,,,,,,,,,,,,,
VFID1966,,,,,,,,,,,,,,,,,,,,,,,,,,,,
VFID1967,,,,,,,,,,,,,,,,,,,,,,,,,,,,
VFID1968,,,,,,,,,,,,,,,,,,,,,,,,,,,,
VFID1969,,,,,,,,,,,,,,,,,,,,,,,,,,,,
VFID1970,,,,,,,,,,,,,,,,,,,,,,,,,,,,
VFID1971,,,,,,,,,,,,,,,,,,,,,,,,,,,,
VFID1972,,,,,,,,,,,,,,,,,,,,,,,,,,,,
VFID1973,,,,,,,,,,,,,,,,,,,,,,,,,,,,
VFID1974,,,,,,,,,,,,,,,,,,,,,,,,,,,,
VFID1975,,,,,,,,,,,,,,,,,,,,,,,,,,,,
VFID1976,,,,,,,,,,,,,,,,,,,,,,,,,,,,
VFID1977,206.28629166666664,41.50338888888889,This work,4.3,267238406.5560653,52945825.14866645,52945825.14866645,0.6313914361629717,0.2004171613229771,1308877112.5293446,656174804.9191372,656174804.9191372,Tang2008,9.373986068020615,8.561294989544466,8.561294989544466,0.1129569105283765,0.0283396332611339,0.0283396332611339,0.590103286094628,0.0860433198888132,0.1782111253767393,0.0668487410711148,0.0,8.42689887355176,0.9314043906704381,0.9314043906704381,9.420464418445164
VFID1978,,,,,,,,,,,,,,,,,,,,,,,,,,,,
VFID1979,,,,,,,,,,,,,,,,,,,,,,,,,,,,
VFID1980,,,,,,,,,,,,,,,,,,,,,,,,,,,,
VFID1981,,,,,,,,,,,,,,,,,,,,,,,,,,,,
VFID1982,,,,,,,,,,,,,,,,,,,,,,,,,,,,
VFID1983,,,,,,,,,,,,,,,,,,,,,,,,,,,,
VFID1984,,,,,,,,,,,,,,,,,,,,,,,,,,,,
VFID1985,,,,,,,,,,,,,,,,,,,,,,,,,,,,
VFID1986,,,,,,,,,,,,,,,,,,,,,,,,,,,,
VFID1987,,,,,,,,,,,,,,,,,,,,,,,,,,,,
VFID1988,207.58491666666663,41.36622222222223,This work,4.3,750739826.0297054,64918426.73715775,64918426.73715775,0.5296023800362568,0.0849852039513281,1060448190.5105138,496889218.95316976,496889218.95316976,Springob2005,9.910547833344646,8.913850468894731,8.913850468894731,0.0922447423234069,0.0122483392432555,0.0122483392432555,0.0524127042620126,0.037554574205675,-0.483443587556529,0.0437609706955948,0.0,8.875489455384376,0.9514561910643891,0.9514561910643891,9.948867796192557
VFID1989,,,,,,,,,,,,,,,,,,,,,,,,,,,,
VFID1990,,,,,,,,,,,,,,,,,,,,,,,,,,,,
VFID1991,,,,,,,,,,,,,,,,,,,,,,,,,,,,
VFID1992,,,,,,,,,,,,,,,,,,,,,,,,,,,,
VFID1993,208.72208333333336,41.31352777777777,This work,4.3,219715746.74873412,36398329.960569225,36398329.960569225,0.6102266838680764,0.1351311929800532,491882286.72271895,240730774.5769364,240730774.5769364,Springob2005,9.30607129261529,8.361668227189183,8.361668227189183,0.1085900144089844,0.0218159269679729,0.0218159269679729,0.5374409762761019,0.0719456574518826,0.0869203999413184,0.0493606927186097,0.0,8.341861183370288,0.9259335315403373,0.9259335315403373,9.350842254994944
VFID1994,,,,,,,,,,,,,,,,,,,,,,,,,,,,
VFID1995,,,,,,,,,,,,,,,,,,,,,,,,,,,,
VFID1996,,,,,,,,,,,,,,,,,,,,,,,,,,,,
VFID1997,,,,,,,,,,,,,,,,,,,,,,,,,,,,
VFID1998,,,,,,,,,,,,,,,,,,,,,,,,,,,,
VFID1999,,,,,,,,,,,,,,,,,,,,,,,,,,,,
VFID2000,,,,,,,,,,,,,,,,,,,,,,,,,,,,
VFID2001,,,,,,,,,,,,,,,,,,,,,,,,,,,,
VFID2002,,,,,,,,,,,,,,,,,,,,,,,,,,,,
VFID2003,,,,,,,,,,,,,,,,,,,,,,,,,,,,
VFID2004,,,,,,,,,,,,,,,,,,,,,,,,,,,,
VFID2005,,,,,,,,,,,,,,,,,,,,,,,,,,,,
VFID2006,,,,,,,,,,,,,,,,,,,,,,,,,,,,
VFID2007,,,,,,,,,,,,,,,,,,,,,,,,,,,,
VFID2008,,,,,,,,,,,,,,,,,,,,,,,,,,,,
VFID2009,,,,,,,,,,,,,,,,,,,,,,,,,,,,
VFID2010,,,,,,,,,,,,,,,,,,,,,,,,,,,,
VFID2011,,,,,,,,,,,,,,,,,,,,,,,,,,,,
VFID2012,,,,,,,,,,,,,,,,,,,,,,,,,,,,
VFID2013,,,,,,,,,,,,,,,,,,,,,,,,,,,,
VFID2014,,,,,,,,,,,,,,,,,,,,,,,,,,,,
VFID2015,,,,,,,,,,,,,,,,,,,,,,,,,,,,
VFID2016,,,,,,,,,,,,,,,,,,,,,,,,,,,,
VFID2017,,,,,,,,,,,,,,,,,,,,,,,,,,,,
VFID2018,,,,,,,,,,,,,,,,,,,,,,,,,,,,
VFID2019,,,,,,,,,,,,,,,,,,,,,,,,,,,,
VFID2020,,,,,,,,,,,,,,,,,,,,,,,,,,,,
VFID2021,,,,,,,,,,,,,,,,,,,,,,,,,,,,
VFID2022,,,,,,,,,,,,,,,,,,,,,,,,,,,,
VFID2023,,,,,,,,,,,,,,,,,,,,,,,,,,,,
VFID2024,,,,,,,,,,,,,,,,,,,,,,,,,,,,
VFID2025,,,,,,,,,,,,,,,,,,,,,,,,,,,,
VFID2026,,,,,,,,,,,,,,,,,,,,,,,,,,,,
VFID2027,,,,,,,,,,,,,,,,,,,,,,,,,,,,
VFID2028,,,,,,,,,,,,,,,,,,,,,,,,,,,,
VFID2029,,,,,,,,,,,,,,,,,,,,,,,,,,,,
VFID2030,,,,,,,,,,,,,,,,,,,,,,,,,,,,
VFID2031,,,,,,,,,,,,,,,,,,,,,,,,,,,,
VFID2032,,,,,,,,,,,,,,,,,,,,,,,,,,,,
VFID2033,,,,,,,,,,,,,,,,,,,,,,,,,,,,
VFID2034,,,,,,,,,,,,,,,,,,,,,,,,,,,,
VFID2035,,,,,,,,,,,,,,,,,,,,,,,,,,,,
VFID2036,,,,,,,,,,,,,,,,,,,,,,,,,,,,
VFID2037,,,,,,,,,,,,,,,,,,,,,,,,,,,,
VFID2038,,,,,,,,,,,,,,,,,,,,,,,,,,,,
VFID2039,,,,,,,,,,,,,,,,,,,,,,,,,,,,
VFID2040,,,,,,,,,,,,,,,,,,,,,,,,,,,,
VFID2041,,,,,,,,,,,,,,,,,,,,,,,,,,,,
VFID2042,,,,,,,,,,,,,,,,,,,,,,,,,,,,
VFID2043,,,,,,,,,,,,,,,,,,,,,,,,,,,,
VFID2044,,,,,,,,,,,,,,,,,,,,,,,,,,,,
VFID2045,,,,,,,,,,,,,,,,,,,,,,,,,,,,
VFID2046,,,,,,,,,,,,,,,,,,,,,,,,,,,,
VFID2047,,,,,,,,,,,,,,,,,,,,,,,,,,,,
VFID2048,,,,,,,,,,,,,,,,,,,,,,,,,,,,
VFID2049,,,,,,,,,,,,,,,,,,,,,,,,,,,,
VFID2050,,,,,,,,,,,,,,,,,,,,,,,,,,,,
VFID2051,,,,,,,,,,,,,,,,,,,,,,,,,,,,
VFID2052,,,,,,,,,,,,,,,,,,,,,,,,,,,,
VFID2053,,,,,,,,,,,,,,,,,,,,,,,,,,,,
VFID2054,,,,,,,,,,,,,,,,,,,,,,,,,,,,
VFID2055,,,,,,,,,,,,,,,,,,,,,,,,,,,,
VFID2056,,,,,,,,,,,,,,,,,,,,,,,,,,,,
VFID2057,208.91641666666663,40.46175,This work,4.3,3400561409.3631296,204521747.8236397,204521747.8236397,0.965972442441978,0.0842048256858638,1075351937.6859722,499423319.0436694,499423319.0436694,Springob2005,9.801981110382542,8.373741780432704,8.373741780432704,0.5364997347941088,0.0379698782794378,0.0379698782794378,0.1091515376449763,0.0261200007341288,-0.008717052476717,0.0162011178568,0.0,9.531550622001411,0.9806838666546389,0.9806838666546389,9.988513600014011
VFID2058,,,,,,,,,,,,,,,,,,,,,,,,,,,,
VFID2059,,,,,,,,,,,,,,,,,,,,,,,,,,,,
VFID2060,,,,,,,,,,,,,,,,,,,,,,,,,,,,
VFID2061,,,,,,,,,,,,,,,,,,,,,,,,,,,,
VFID2062,,,,,,,,,,,,,,,,,,,,,,,,,,,,
VFID2063,,,,,,,,,,,,,,,,,,,,,,,,,,,,
VFID2064,,,,,,,,,,,,,,,,,,,,,,,,,,,,
VFID2065,,,,,,,,,,,,,,,,,,,,,,,,,,,,
VFID2066,208.34,40.36388888888889,This work,4.3,1859490110.7325895,75545428.95013908,75545428.95013908,1.0074880478091652,0.0600808031394465,1070024872.7990243,494678498.2934448,494678498.2934448,Tang2008,9.728362975254482,8.455573709288146,8.455573709288146,0.3475608876798513,0.0233093225004884,0.0233093225004884,0.1688082866398552,0.0176440642177622,-0.1339589173489397,0.0231736821203063,0.0,9.269393873006534,0.9687212730336573,0.9687212730336573,9.85791137255368
VFID2067,,,,,,,,,,,,,,,,,,,,,,,,,,,,
VFID2068,208.43983333333333,40.33866666666667,Literature,4.3,119418930.8030456,-1.0,-1.0,-1000.0,-1000.0,3690397764.163083,-1.0,-1.0,Huchtmeier_Richter19,9.71857564251177,8.5547188398731,8.5547188398731,0.0228295597197549,-1.0,-1.0,0.8427289811645213,-1.0,-0.8944573563625191,0.0297801930447944,0.0,8.077073178481868,0.9880405009317471,0.9880405009317471,9.728378913134812
VFID2069,,,,,,,,,,,,,,,,,,,,,,,,,,,,
VFID2070,,,,,,,,,,,,,,,,,,,,,,,,,,,,
VFID2071,,,,,,,,,,,,,,,,,,,,,,,,,,,,
VFID2072,,,,,,,,,,,,,,,,,,,,,,,,,,,,
VFID2073,,,,,,,,,,,,,,,,,,,,,,,,,,,,
VFID2074,208.36120833333337,40.283027777777775,Literature,4.3,416770205.8887202,55364307.79333552,55364307.79333552,1.3811652037498194,0.1993839500064806,2817712408.5197477,1918397543.018545,1918397543.018545,Huchtmeier_Richter19,9.676459415797268,8.753166042717037,8.753166042717037,0.0877884232287899,0.0156754943243854,0.0156754943243854,1.0613054951337553,0.0576922558985869,-0.3331069824477151,0.0518192279543652,0.0,8.619896664512634,0.9397381416222389,0.9397381416222389,9.713003848328812
VFID2075,,,,,,,,,,,,,,,,,,,,,,,,,,,,
VFID2076,208.50170833333337,40.27730555555556,This work,4.3,34837960.8688955,-1.0,-1.0,-1000.0,-1000.0,12943529772.70342,-1.0,-1.0,Huchtmeier_Richter19,9.236316752468687,8.456523555018066,8.456523555018066,0.0202178967597376,-1.0,-1.0,1.23194943263635,-1.0,-0.3992905390716803,0.072109272466955,0.0,7.542052727010036,0.9659074833750142,0.9659074833750142,9.245009690165938
VFID2077,,,,,,,,,,,,,,,,,,,,,,,,,,,,
VFID2078,,,,,,,,,,,,,,,,,,,,,,,,,,,,
VFID2079,207.85570833333333,40.21325,This work,4.3,67055226.80287552,12169975.34715132,12169975.34715132,0.8025977969025504,0.1845043864406598,237920922.8775435,117768503.11339092,117768503.11339092,This work,8.134639092402248,,,0.4918056835738706,-2.0,-2.0,0.1780695238692864,0.0788208971942479,0.3020701576462006,-1.0,0.0,7.826432635777103,0.9310077442443955,0.9310077442443955,8.30835134982338
VFID2080,140.82220833333332,40.20005555555556,This work,4.3,246842314.55875197,37382079.87943972,37382079.87943972,0.5128527901265943,0.1088102808204554,4596418987.239413,2228245799.994332,2228245799.994332,This work,8.844521311845682,7.371488304741247,7.371488304741247,0.3531004720435279,0.0547779878301212,0.0547779878301212,-0.0477174503507864,0.0657700485539853,0.0959279382019531,0.0146134010825939,0.0,8.392419609997175,0.9271858350663493,0.9271858350663493,8.97585135739678
VFID2081,,,,,,,,,,,,,,,,,,,,,,,,,,,,
VFID2082,,,,,,,,,,,,,,,,,,,,,,,,,,,,
VFID2083,,,,,,,,,,,,,,,,,,,,,,,,,,,,
VFID2084,140.81079166666666,40.163805555555555,Literature,4.3,57044760.18605951,-1.0,-1.0,-1000.0,-1000.0,32078626038.19437,-1.0,-1.0,This work,8.891680225060782,7.478132393642558,7.478132393642558,0.0732041215820452,-1.0,-1.0,0.9529864009323008,-1.0,0.0362739611073941,0.016758551559859,0.0,7.756215758714087,0.9504799452489189,0.9504799452489189,8.922362556948217
VFID2085,,,,,,,,,,,,,,,,,,,,,,,,,,,,
VFID2086,140.45004166666666,40.15125,This work,4.3,1298667216.853764,115705040.45852382,115705040.45852382,0.7304330020619664,0.0765136789729222,6974255883.541334,3271319180.006082,3271319180.006082,Springob2005,9.599588610282266,8.617957592452523,8.617957592452523,0.3265196085685392,0.0447947428404084,0.0447947428404084,-0.290895717831674,0.0386935620976622,-0.1641896691751174,0.0453057467949651,0.0,9.113497877478062,0.9629634902431843,0.9629634902431843,9.722302284374585
VFID2087,,,,,,,,,,,,,,,,,,,,,,,,,,,,
VFID2088,,,,,,,,,,,,,,,,,,,,,,,,,,,,
VFID2089,,,,,,,,,,,,,,,,,,,,,,,,,,,,
VFID2090,,,,,,,,,,,,,,,,,,,,,,,,,,,,
VFID2091,,,,,,,,,,,,,,,,,,,,,,,,,,,,
VFID2092,,,,,,,,,,,,,,,,,,,,,,,,,,,,
VFID2093,,,,,,,,,,,,,,,,,,,,,,,,,,,,
VFID2094,,,,,,,,,,,,,,,,,,,,,,,,,,,,
VFID2095,,,,,,,,,,,,,,,,,,,,,,,,,,,,
VFID2096,171.84129166666668,40.01305555555555,This work,4.3,62032476.66036629,-1.0,-1.0,-1000.0,-1000.0,5402802856.5979395,-1.0,-1.0,This work,8.335857663900283,7.522944307257427,7.522944307257427,0.2862605207007907,-1.0,-1.0,0.5115830388319207,-1.0,1.0148368533645744,0.0668145356774233,0.0,7.792619120814468,0.9266260735528262,0.9266260735528262,8.445186603906818
VFID2097,,,,,,,,,,,,,,,,,,,,,,,,,,,,
VFID2098,,,,,,,,,,,,,,,,,,,,,,,,,,,,
VFID2099,207.2336666666667,39.98511111111111,This work,4.3,2575971244.4002357,197272783.0572623,197272783.0572623,0.799173150255772,0.085729369570756,6621265623.140227,3091079634.7830806,3091079634.7830806,Huchtmeier_Richter19,9.30129410365667,8.543113934203646,8.543113934203646,1.287202596167636,0.2453073821424155,0.2453073821424155,0.0272611489663798,0.0332590984071384,0.0587700195151814,0.0757886448811557,0.0,9.410941010680009,0.9782152577202956,0.9782152577202956,9.660598738967707
VFID2100,,,,,,,,,,,,,,,,,,,,,,,,,,,,
VFID2101,207.43475,39.98477777777778,This work,4.3,4248792644.636884,172738861.90628982,172738861.90628982,0.6726926370941368,0.0360817388067035,3298113039.5525746,1524744567.0785284,1524744567.0785284,deVaucouleurs1991,9.597298270890255,8.581388269000968,8.581388269000968,1.073908465003963,0.1123578453204211,0.1123578453204211,-0.4168633769297329,0.0176566711559445,0.0102647350691782,0.0418672378237667,0.0,9.628265536576121,0.986145954199212,0.986145954199212,9.914087855141469
VFID2102,,,,,,,,,,,,,,,,,,,,,,,,,,,,
VFID2103,,,,,,,,,,,,,,,,,,,,,,,,,,,,
VFID2104,,,,,,,,,,,,,,,,,,,,,,,,,,,,
VFID2105,,,,,,,,,,,,,,,,,,,,,,,,,,,,
VFID2106,,,,,,,,,,,,,,,,,,,,,,,,,,,,
VFID2107,,,,,,,,,,,,,,,,,,,,,,,,,,,,
VFID2108,,,,,,,,,,,,,,,,,,,,,,,,,,,,
VFID2109,,,,,,,,,,,,,,,,,,,,,,,,,,,,
VFID2110,,,,,,,,,,,,,,,,,,,,,,,,,,,,
VFID2111,,,,,,,,,,,,,,,,,,,,,,,,,,,,
VFID2112,,,,,,,,,,,,,,,,,,,,,,,,,,,,
VFID2113,,,,,,,,,,,,,,,,,,,,,,,,,,,,
VFID2114,170.63120833333335,39.87694444444445,Literature,4.3,58426925.451183766,-1.0,-1.0,-1000.0,-1000.0,328558746850.1641,-1.0,-1.0,This work,7.952630534880571,,,,,,1.29898912623218,-1.0,0.7937910989735855,-1.0,0.0,,,,
VFID2115,,,,,,,,,,,,,,,,,,,,,,,,,,,,
VFID2116,,,,,,,,,,,,,,,,,,,,,,,,,,,,
VFID2117,,,,,,,,,,,,,,,,,,,,,,,,,,,,
VFID2118,,,,,,,,,,,,,,,,,,,,,,,,,,,,
VFID2119,,,,,,,,,,,,,,,,,,,,,,,,,,,,
VFID2120,,,,,,,,,,,,,,,,,,,,,,,,,,,,
VFID2121,,,,,,,,,,,,,,,,,,,,,,,,,,,,
VFID2122,,,,,,,,,,,,,,,,,,,,,,,,,,,,
VFID2123,,,,,,,,,,,,,,,,,,,,,,,,,,,,
VFID2124,,,,,,,,,,,,,,,,,,,,,,,,,,,,
VFID2125,,,,,,,,,,,,,,,,,,,,,,,,,,,,
VFID2126,,,,,,,,,,,,,,,,,,,,,,,,,,,,
VFID2127,,,,,,,,,,,,,,,,,,,,,,,,,,,,
VFID2128,,,,,,,,,,,,,,,,,,,,,,,,,,,,
VFID2129,,,,,,,,,,,,,,,,,,,,,,,,,,,,
VFID2130,,,,,,,,,,,,,,,,,,,,,,,,,,,,
VFID2131,,,,,,,,,,,,,,,,,,,,,,,,,,,,
VFID2132,,,,,,,,,,,,,,,,,,,,,,,,,,,,
VFID2133,,,,,,,,,,,,,,,,,,,,,,,,,,,,
VFID2134,,,,,,,,,,,,,,,,,,,,,,,,,,,,
VFID2135,,,,,,,,,,,,,,,,,,,,,,,,,,,,
VFID2136,,,,,,,,,,,,,,,,,,,,,,,,,,,,
VFID2137,208.49787499999996,39.71555555555556,This work,4.3,48447898.19461443,9668593.544407891,9668593.544407891,0.5642845375655304,0.2199971471473596,13842256627.032694,3795671004.180774,3525341942.8856025,This work,8.164402326125616,,,0.3317971220877787,-2.0,-2.0,0.7109247259651879,0.086670773770915,0.1937762019366307,-1.0,0.0,7.685274940885635,0.9310555851060673,0.9310555851060673,8.288840398205833
VFID2138,,,,,,,,,,,,,,,,,,,,,,,,,,,,
VFID2139,,,,,,,,,,,,,,,,,,,,,,,,,,,,
VFID2140,207.68070833333337,39.70677777777778,This work,4.3,699680267.6457139,52778310.70751182,52778310.70751182,0.7038966296075833,0.0652307110665437,1566389005.4176133,730961630.3658296,730961630.3658296,This work,8.121443326657083,7.594714690318551,7.594714690318551,5.290007642616227,1.6228206049213971,1.6228206049213971,-0.0384974664832444,0.0327597192094232,1.2703083228067342,0.1291384813806003,0.0,8.844899626129633,0.9542132694837765,0.9542132694837765,8.92009449978821
VFID2141,,,,,,,,,,,,,,,,,,,,,,,,,,,,
VFID2142,,,,,,,,,,,,,,,,,,,,,,,,,,,,
VFID2143,,,,,,,,,,,,,,,,,,,,,,,,,,,,
VFID2144,208.09595833333333,39.68725,This work,4.3,1031204340.2452308,149289636.38939002,149289636.38939002,0.2869429105163,0.1127702874109446,2256029282.0387335,1089068525.6921074,1089068525.6921074,Theureau1998,9.376521856058607,,,0.4333341102202353,-2.0,-2.0,0.3357574273912416,0.0628737319645458,0.1060757265236524,-1.0,0.0,9.013344732255147,0.9895709938440713,0.9895709938440713,9.532869292312208
VFID2145,,,,,,,,,,,,,,,,,,,,,,,,,,,,
VFID2146,,,,,,,,,,,,,,,,,,,,,,,,,,,,
VFID2147,,,,,,,,,,,,,,,,,,,,,,,,,,,,
VFID2148,,,,,,,,,,,,,,,,,,,,,,,,,,,,
VFID2149,,,,,,,,,,,,,,,,,,,,,,,,,,,,
VFID2150,,,,,,,,,,,,,,,,,,,,,,,,,,,,
VFID2151,,,,,,,,,,,,,,,,,,,,,,,,,,,,
VFID2152,,,,,,,,,,,,,,,,,,,,,,,,,,,,
VFID2153,208.257875,39.58077777777778,This work,4.3,87385457.85675097,23508326.03864083,23508326.03864083,0.6884813632706396,-1.0,778823712.9407617,415374519.0817027,415374519.0817027,Springob2005,9.229914714559944,8.333773587523329,8.333773587523329,0.0514664782687053,0.0153110983343753,0.0153110983343753,0.638162993579928,0.1168333556608527,0.0310275422612757,0.055162403951421,0.0,7.941439166066462,0.9065050363332422,0.9065050363332422,9.251710146090142
VFID2154,207.71125000000004,39.57486111111111,This work,4.3,103119210.28189144,33657945.80024362,33657945.80024362,1.0420804719254877,0.4245667874622902,681301865.9696319,384565691.0085755,384565691.0085755,Theureau1998,8.603648169940914,,,0.2568570015488787,-2.0,-2.0,1.2709625812468346,0.1417530263593521,0.7078494126408632,-1.0,0.0,8.013339578399554,0.9521699544050702,0.9521699544050702,8.702934038739834
VFID2155,,,,,,,,,,,,,,,,,,,,,,,,,,,,
VFID2156,208.103625,39.55761111111111,This work,4.3,48899686.62824296,14148640.293451007,14148640.293451007,0.4120221734377961,0.1796474370838398,565335263.5026896,230723185.67241752,259744205.94036877,This work,8.189297995533593,,,0.316233649773617,-2.0,-2.0,0.5575994931411312,0.1256588094846972,0.4558449434824396,-1.0,0.0,7.689306075973089,0.9321733259647248,0.9321733259647248,8.308630984963832
VFID2157,,,,,,,,,,,,,,,,,,,,,,,,,,,,
VFID2158,,,,,,,,,,,,,,,,,,,,,,,,,,,,
VFID2159,,,,,,,,,,,,,,,,,,,,,,,,,,,,
VFID2160,207.26895833333336,39.49766666666667,This work,4.3,231233667.07410985,44220624.78816426,44220624.78816426,0.4785400190924356,0.1320450421211638,297886667.9445814,435861769.544843,199577414.94658297,This work,8.902071140898189,7.591252923612378,7.591252923612378,0.2897209667520872,0.0571872192699131,0.0571872192699131,1.0093510930465417,0.083053534439078,0.3117011759697252,0.0212307870376859,0.0,8.364051066599847,0.9265710240677583,0.9265710240677583,9.01256690103626
VFID2161,,,,,,,,,,,,,,,,,,,,,,,,,,,,
VFID2162,,,,,,,,,,,,,,,,,,,,,,,,,,,,
VFID2163,,,,,,,,,,,,,,,,,,,,,,,,,,,,
VFID2164,,,,,,,,,,,,,,,,,,,,,,,,,,,,
VFID2165,,,,,,,,,,,,,,,,,,,,,,,,,,,,
VFID2166,,,,,,,,,,,,,,,,,,,,,,,,,,,,
VFID2167,,,,,,,,,,,,,,,,,,,,,,,,,,,,
VFID2168,,,,,,,,,,,,,,,,,,,,,,,,,,,,
VFID2169,182.63333333333333,39.40555555555555,Literature,4.3,521305323.9135932,120301228.5954446,120301228.5954446,-1000.0,-1000.0,261271573.16742292,134581583.90704525,134581583.90704525,Huchtmeier_Richter19,9.150050275345206,8.149127226152029,8.149127226152029,0.3690131857994174,0.0927772978905362,0.0927772978905362,0.1865099993952004,0.100221803516135,-0.1425742217248693,0.043337241293955,0.0,8.717092160251187,0.9455210922183197,0.9455210922183197,9.286457906453885
VFID2170,,,,,,,,,,,,,,,,,,,,,,,,,,,,
VFID2171,,,,,,,,,,,,,,,,,,,,,,,,,,,,
VFID2172,,,,,,,,,,,,,,,,,,,,,,,,,,,,
VFID2173,,,,,,,,,,,,,,,,,,,,,,,,,,,,
VFID2174,,,,,,,,,,,,,,,,,,,,,,,,,,,,
VFID2175,,,,,,,,,,,,,,,,,,,,,,,,,,,,
VFID2176,,,,,,,,,,,,,,,,,,,,,,,,,,,,
VFID2177,,,,,,,,,,,,,,,,,,,,,,,,,,,,
VFID2178,,,,,,,,,,,,,,,,,,,,,,,,,,,,
VFID2179,,,,,,,,,,,,,,,,,,,,,,,,,,,,
VFID2180,,,,,,,,,,,,,,,,,,,,,,,,,,,,
VFID2181,,,,,,,,,,,,,,,,,,,,,,,,,,,,
VFID2182,,,,,,,,,,,,,,,,,,,,,,,,,,,,
VFID2183,,,,,,,,,,,,,,,,,,,,,,,,,,,,
VFID2184,,,,,,,,,,,,,,,,,,,,,,,,,,,,
VFID2185,,,,,,,,,,,,,,,,,,,,,,,,,,,,
VFID2186,,,,,,,,,,,,,,,,,,,,,,,,,,,,
VFID2187,,,,,,,,,,,,,,,,,,,,,,,,,,,,
VFID2188,,,,,,,,,,,,,,,,,,,,,,,,,,,,
VFID2189,,,,,,,,,,,,,,,,,,,,,,,,,,,,
VFID2190,,,,,,,,,,,,,,,,,,,,,,,,,,,,
VFID2191,,,,,,,,,,,,,,,,,,,,,,,,,,,,
VFID2192,,,,,,,,,,,,,,,,,,,,,,,,,,,,
VFID2193,,,,,,,,,,,,,,,,,,,,,,,,,,,,
VFID2194,,,,,,,,,,,,,,,,,,,,,,,,,,,,
VFID2195,,,,,,,,,,,,,,,,,,,,,,,,,,,,
VFID2196,,,,,,,,,,,,,,,,,,,,,,,,,,,,
VFID2197,,,,,,,,,,,,,,,,,,,,,,,,,,,,
VFID2198,,,,,,,,,,,,,,,,,,,,,,,,,,,,
VFID2199,,,,,,,,,,,,,,,,,,,,,,,,,,,,
VFID2200,,,,,,,,,,,,,,,,,,,,,,,,,,,,
VFID2201,,,,,,,,,,,,,,,,,,,,,,,,,,,,
VFID2202,,,,,,,,,,,,,,,,,,,,,,,,,,,,
VFID2203,,,,,,,,,,,,,,,,,,,,,,,,,,,,
VFID2204,,,,,,,,,,,,,,,,,,,,,,,,,,,,
VFID2205,,,,,,,,,,,,,,,,,,,,,,,,,,,,
VFID2206,,,,,,,,,,,,,,,,,,,,,,,,,,,,
VFID2207,,,,,,,,,,,,,,,,,,,,,,,,,,,,
VFID2208,,,,,,,,,,,,,,,,,,,,,,,,,,,,
VFID2209,,,,,,,,,,,,,,,,,,,,,,,,,,,,
VFID2210,,,,,,,,,,,,,,,,,,,,,,,,,,,,
VFID2211,,,,,,,,,,,,,,,,,,,,,,,,,,,,
VFID2212,,,,,,,,,,,,,,,,,,,,,,,,,,,,
VFID2213,,,,,,,,,,,,,,,,,,,,,,,,,,,,
VFID2214,,,,,,,,,,,,,,,,,,,,,,,,,,,,
VFID2215,,,,,,,,,,,,,,,,,,,,,,,,,,,,
VFID2216,,,,,,,,,,,,,,,,,,,,,,,,,,,,
VFID2217,,,,,,,,,,,,,,,,,,,,,,,,,,,,
VFID2218,,,,,,,,,,,,,,,,,,,,,,,,,,,,
VFID2219,,,,,,,,,,,,,,,,,,,,,,,,,,,,
VFID2220,,,,,,,,,,,,,,,,,,,,,,,,,,,,
VFID2221,,,,,,,,,,,,,,,,,,,,,,,,,,,,
VFID2222,272.3589792,38.7943694,AMIGA,,707945784.3841373,228369607.86585072,228369607.86585072,,,2884031503.126603,1621570140.0627978,1621570140.0627978,AMIGA,9.64173264056656,9.144510248451972,9.024510248451973,0.1615352690735653,-1.0,-1.0,-0.0921978403536112,0.1400949941623392,-0.014758948058553,0.1382171453835723,0.0,8.85,0.9870965962779891,0.9870872292248901,9.706765041901681
VFID2223,,,,,,,,,,,,,,,,,,,,,,,,,,,,
VFID2224,171.18083333333334,38.76219444444445,Literature,4.3,526115508.1657049,6695001.164356797,6695001.164356797,-1000.0,-1000.0,4376038191.075048,2016009300.6588345,2016009300.6588345,This work,7.691963776197503,,,10.693437300996193,-2.0,-2.0,0.5389210560786069,0.0055265469595323,1.7694244424287229,-1.0,0.0,8.721081103567782,0.944262657070882,0.944262657070882,8.759905967549969
VFID2225,,,,,,,,,,,,,,,,,,,,,,,,,,,,
VFID2226,,,,,,,,,,,,,,,,,,,,,,,,,,,,
VFID2227,,,,,,,,,,,,,,,,,,,,,,,,,,,,
VFID2228,,,,,,,,,,,,,,,,,,,,,,,,,,,,
VFID2229,,,,,,,,,,,,,,,,,,,,,,,,,,,,
VFID2230,,,,,,,,,,,,,,,,,,,,,,,,,,,,
VFID2231,,,,,,,,,,,,,,,,,,,,,,,,,,,,
VFID2232,,,,,,,,,,,,,,,,,,,,,,,,,,,,
VFID2233,,,,,,,,,,,,,,,,,,,,,,,,,,,,
VFID2234,,,,,,,,,,,,,,,,,,,,,,,,,,,,
VFID2235,155.0151666666667,38.61555555555556,This work,4.3,66856200.80818572,11001020.327450156,11001020.327450156,0.6654531170082296,0.1273937942060463,254180186.25550345,124302116.28311488,124302116.28311488,Springob2005,8.976945007368942,8.010021466170528,8.010021466170528,0.0705012287425422,0.013873029272526,0.013873029272526,0.503360466045546,0.0714620688247684,-0.1635714645586787,0.0468663109967537,0.0,7.825141693600843,0.8983452213672862,0.8983452213672862,9.006532177491504
VFID2236,,,,,,,,,,,,,,,,,,,,,,,,,,,,
VFID2237,,,,,,,,,,,,,,,,,,,,,,,,,,,,
VFID2238,,,,,,,,,,,,,,,,,,,,,,,,,,,,
VFID2239,170.99370833333333,38.563027777777776,Literature,4.3,148269271.7414216,-1.0,-1.0,-1000.0,-1000.0,1702359013.066187,-1.0,-1.0,This work,8.02858623247372,7.446191401261198,7.446191401261198,1.388241176902192,-1.0,-1.0,1.0484510052188585,-1.0,1.0213613623282622,0.1136029162471721,0.0,8.17105115442753,0.9252156517315435,0.9252156517315435,8.40666441444065
VFID2240,,,,,,,,,,,,,,,,,,,,,,,,,,,,
VFID2241,,,,,,,,,,,,,,,,,,,,,,,,,,,,
VFID2242,,,,,,,,,,,,,,,,,,,,,,,,,,,,
VFID2243,,,,,,,,,,,,,,,,,,,,,,,,,,,,
VFID2244,,,,,,,,,,,,,,,,,,,,,,,,,,,,
VFID2245,210.10416666666669,38.52027777777778,This work,4.3,45914155.25333172,14699222.009786053,14699222.009786053,0.4823744197709666,0.2458881262636459,1101403870.706638,638725948.7259598,638725948.7259598,This work,8.80368877897984,7.542167324599532,7.542167324599532,0.072153569257183,0.0234351607556533,0.0234351607556533,0.6017555612403838,0.1390375358513794,-0.2541197410675906,0.0237827930566066,0.0,7.661946598406004,0.8912918455320563,0.8912918455320563,8.83394577469508
VFID2246,,,,,,,,,,,,,,,,,,,,,,,,,,,,
VFID2247,,,,,,,,,,,,,,,,,,,,,,,,,,,,
VFID2248,,,,,,,,,,,,,,,,,,,,,,,,,,,,
VFID2249,,,,,,,,,,,,,,,,,,,,,,,,,,,,
VFID2250,,,,,,,,,,,,,,,,,,,,,,,,,,,,
VFID2251,,,,,,,,,,,,,,,,,,,,,,,,,,,,
VFID2252,,,,,,,,,,,,,,,,,,,,,,,,,,,,
VFID2253,,,,,,,,,,,,,,,,,,,,,,,,,,,,
VFID2254,,,,,,,,,,,,,,,,,,,,,,,,,,,,
VFID2255,,,,,,,,,,,,,,,,,,,,,,,,,,,,
VFID2256,,,,,,,,,,,,,,,,,,,,,,,,,,,,
VFID2257,172.63904166666666,38.240722222222225,This work,4.3,34623078.58196983,13155961.645074772,13155961.645074772,-1000.0,-1000.0,3884773311.3717184,2532123345.028663,2532123345.028663,This work,8.35529581708006,7.651128077381304,7.651128077381304,0.1527811815469435,-1.0,-1.0,0.6109364782064279,0.1650217652673488,0.0857682715943237,0.0858255453331608,0.0,7.5393656814399606,0.9251683863322346,0.9251683863322346,8.417042695350057
VFID2258,,,,,,,,,,,,,,,,,,,,,,,,,,,,
VFID2259,209.98787499999997,38.20091666666667,This work,4.3,24006796.368120696,7802557.148083337,7802557.148083337,0.8657769132880071,0.3885257599706428,363357566.81886584,232952660.05423072,232952660.05423072,Vogt2004,7.777625422573894,,,0.4005980086500108,-2.0,-2.0,1.2883679509628203,0.1411520080474875,0.8578098106018937,-1.0,0.0,7.3803342086835695,0.9115807657878909,0.9115807657878909,7.923938927112693
VFID2260,209.96145833333333,38.18255555555555,This work,4.3,3870566934.144946,166401296.39956477,166401296.39956477,0.6539608982254106,0.0373073947511375,3960724019.864126,1831911671.8559968,1831911671.8559968,Theureau1998,9.960091761371253,8.939308155447959,8.939308155447959,0.424309563854189,0.0443713427470357,0.0443713427470357,-0.2062724225140808,0.018670950803191,-0.1556503793947019,0.0414000347234875,0.0,9.587774582160469,0.9843135432083324,0.9843135432083324,10.11369615183965
VFID2261,,,,,,,,,,,,,,,,,,,,,,,,,,,,
VFID2262,,,,,,,,,,,,,,,,,,,,,,,,,,,,
VFID2263,,,,,,,,,,,,,,,,,,,,,,,,,,,,
VFID2264,,,,,,,,,,,,,,,,,,,,,,,,,,,,
VFID2265,,,,,,,,,,,,,,,,,,,,,,,,,,,,
VFID2266,,,,,,,,,,,,,,,,,,,,,,,,,,,,
VFID2267,,,,,,,,,,,,,,,,,,,,,,,,,,,,
VFID2268,,,,,,,,,,,,,,,,,,,,,,,,,,,,
VFID2269,,,,,,,,,,,,,,,,,,,,,,,,,,,,
VFID2270,,,,,,,,,,,,,,,,,,,,,,,,,,,,
VFID2271,,,,,,,,,,,,,,,,,,,,,,,,,,,,
VFID2272,,,,,,,,,,,,,,,,,,,,,,,,,,,,
VFID2273,,,,,,,,,,,,,,,,,,,,,,,,,,,,
VFID2274,,,,,,,,,,,,,,,,,,,,,,,,,,,,
VFID2275,,,,,,,,,,,,,,,,,,,,,,,,,,,,
VFID2276,,,,,,,,,,,,,,,,,,,,,,,,,,,,
VFID2277,,,,,,,,,,,,,,,,,,,,,,,,,,,,
VFID2278,,,,,,,,,,,,,,,,,,,,,,,,,,,,
VFID2279,,,,,,,,,,,,,,,,,,,,,,,,,,,,
VFID2280,,,,,,,,,,,,,,,,,,,,,,,,,,,,
VFID2281,,,,,,,,,,,,,,,,,,,,,,,,,,,,
VFID2282,,,,,,,,,,,,,,,,,,,,,,,,,,,,
VFID2283,,,,,,,,,,,,,,,,,,,,,,,,,,,,
VFID2284,,,,,,,,,,,,,,,,,,,,,,,,,,,,
VFID2285,,,,,,,,,,,,,,,,,,,,,,,,,,,,
VFID2286,,,,,,,,,,,,,,,,,,,,,,,,,,,,
VFID2287,,,,,,,,,,,,,,,,,,,,,,,,,,,,
VFID2288,,,,,,,,,,,,,,,,,,,,,,,,,,,,
VFID2289,,,,,,,,,,,,,,,,,,,,,,,,,,,,
VFID2290,,,,,,,,,,,,,,,,,,,,,,,,,,,,
VFID2291,,,,,,,,,,,,,,,,,,,,,,,,,,,,
VFID2292,,,,,,,,,,,,,,,,,,,,,,,,,,,,
VFID2293,,,,,,,,,,,,,,,,,,,,,,,,,,,,
VFID2294,,,,,,,,,,,,,,,,,,,,,,,,,,,,
VFID2295,,,,,,,,,,,,,,,,,,,,,,,,,,,,
VFID2296,,,,,,,,,,,,,,,,,,,,,,,,,,,,
VFID2297,,,,,,,,,,,,,,,,,,,,,,,,,,,,
VFID2298,,,,,,,,,,,,,,,,,,,,,,,,,,,,
VFID2299,,,,,,,,,,,,,,,,,,,,,,,,,,,,
VFID2300,,,,,,,,,,,,,,,,,,,,,,,,,,,,
VFID2301,158.84466666666668,37.67166666666667,This work,4.3,36829596.9664618,-1.0,-1.0,-1000.0,-1000.0,422860351.35313725,-1.0,-1.0,This work,8.545809905030035,7.241774399226329,7.241774399226329,0.1048062208502284,-1.0,-1.0,0.1953051933355798,-1.0,0.0730115280061127,0.0215649673772649,0.0,7.566196966310808,0.933947726825153,0.933947726825153,8.589096015996446
VFID2302,,,,,,,,,,,,,,,,,,,,,,,,,,,,
VFID2303,,,,,,,,,,,,,,,,,,,,,,,,,,,,
VFID2304,,,,,,,,,,,,,,,,,,,,,,,,,,,,
VFID2305,,,,,,,,,,,,,,,,,,,,,,,,,,,,
VFID2306,,,,,,,,,,,,,,,,,,,,,,,,,,,,
VFID2307,,,,,,,,,,,,,,,,,,,,,,,,,,,,
VFID2308,,,,,,,,,,,,,,,,,,,,,,,,,,,,
VFID2309,,,,,,,,,,,,,,,,,,,,,,,,,,,,
VFID2310,,,,,,,,,,,,,,,,,,,,,,,,,,,,
VFID2311,,,,,,,,,,,,,,,,,,,,,,,,,,,,
VFID2312,,,,,,,,,,,,,,,,,,,,,,,,,,,,
VFID2313,159.06770833333331,37.32469444444445,Literature,4.3,2614010999.5700374,871336999.856679,871336999.856679,-1000.0,-1000.0,1611786117.145822,916293015.6502962,916293015.6502962,Springob2005,9.568175239306708,8.582299881998315,8.582299881998315,0.7065325447963358,-1.0,-1.0,-0.2302052510818839,0.1447648273010839,0.0720993160306164,0.0448651324280218,0.0,9.417307410728274,0.9912688944695179,0.9912688944695179,9.800289814306767
VFID2314,,,,,,,,,,,,,,,,,,,,,,,,,,,,
VFID2315,,,,,,,,,,,,,,,,,,,,,,,,,,,,
VFID2316,,,,,,,,,,,,,,,,,,,,,,,,,,,,
VFID2317,,,,,,,,,,,,,,,,,,,,,,,,,,,,
VFID2318,,,,,,,,,,,,,,,,,,,,,,,,,,,,
VFID2319,,,,,,,,,,,,,,,,,,,,,,,,,,,,
VFID2320,,,,,,,,,,,,,,,,,,,,,,,,,,,,
VFID2321,,,,,,,,,,,,,,,,,,,,,,,,,,,,
VFID2322,,,,,,,,,,,,,,,,,,,,,,,,,,,,
VFID2323,,,,,,,,,,,,,,,,,,,,,,,,,,,,
VFID2324,,,,,,,,,,,,,,,,,,,,,,,,,,,,
VFID2325,,,,,,,,,,,,,,,,,,,,,,,,,,,,
VFID2326,,,,,,,,,,,,,,,,,,,,,,,,,,,,
VFID2327,,,,,,,,,,,,,,,,,,,,,,,,,,,,
VFID2328,,,,,,,,,,,,,,,,,,,,,,,,,,,,
VFID2329,,,,,,,,,,,,,,,,,,,,,,,,,,,,
VFID2330,,,,,,,,,,,,,,,,,,,,,,,,,,,,
VFID2331,,,,,,,,,,,,,,,,,,,,,,,,,,,,
VFID2332,,,,,,,,,,,,,,,,,,,,,,,,,,,,
VFID2333,,,,,,,,,,,,,,,,,,,,,,,,,,,,
VFID2334,,,,,,,,,,,,,,,,,,,,,,,,,,,,
VFID2335,,,,,,,,,,,,,,,,,,,,,,,,,,,,
VFID2336,,,,,,,,,,,,,,,,,,,,,,,,,,,,
VFID2337,,,,,,,,,,,,,,,,,,,,,,,,,,,,
VFID2338,,,,,,,,,,,,,,,,,,,,,,,,,,,,
VFID2339,,,,,,,,,,,,,,,,,,,,,,,,,,,,
VFID2340,,,,,,,,,,,,,,,,,,,,,,,,,,,,
VFID2341,,,,,,,,,,,,,,,,,,,,,,,,,,,,
VFID2342,,,,,,,,,,,,,,,,,,,,,,,,,,,,
VFID2343,,,,,,,,,,,,,,,,,,,,,,,,,,,,
VFID2344,,,,,,,,,,,,,,,,,,,,,,,,,,,,
VFID2345,,,,,,,,,,,,,,,,,,,,,,,,,,,,
VFID2346,210.35008333333337,36.80008333333333,This work,4.3,87875110.72121555,19194325.217104267,19194325.217104267,0.5866952533720148,0.2011138995823155,192249794.9361933,97988273.96890588,97988273.96890588,This work,8.218639092401837,,,0.531161749684884,-2.0,-2.0,0.3360362744141536,0.0948617811941177,0.3978501576462463,-1.0,0.0,7.943865885232235,0.935605952884812,0.935605952884812,8.403660163756577
VFID2347,,,,,,,,,,,,,,,,,,,,,,,,,,,,
VFID2348,,,,,,,,,,,,,,,,,,,,,,,,,,,,
VFID2349,,,,,,,,,,,,,,,,,,,,,,,,,,,,
VFID2350,,,,,,,,,,,,,,,,,,,,,,,,,,,,
VFID2351,,,,,,,,,,,,,,,,,,,,,,,,,,,,
VFID2352,,,,,,,,,,,,,,,,,,,,,,,,,,,,
VFID2353,,,,,,,,,,,,,,,,,,,,,,,,,,,,
VFID2354,,,,,,,,,,,,,,,,,,,,,,,,,,,,
VFID2355,173.00995833333334,36.69797222222222,This work,4.3,379318129.5885421,61146335.50899234,61146335.50899234,0.2296329287819108,0.0947338990865735,690245526.0986031,336781522.3471118,336781522.3471118,This work,8.958575685503307,7.867874016425871,7.867874016425871,0.417280331651556,0.0753087248948431,0.0753087248948431,0.1220985592528514,0.070008560173398,0.4921697218849399,0.0352437930340335,0.0,8.579003600393538,0.9373883506985633,0.9373883506985633,9.11003144573533
VFID2356,,,,,,,,,,,,,,,,,,,,,,,,,,,,
VFID2357,,,,,,,,,,,,,,,,,,,,,,,,,,,,
VFID2358,,,,,,,,,,,,,,,,,,,,,,,,,,,,
VFID2359,,,,,,,,,,,,,,,,,,,,,,,,,,,,
VFID2360,,,,,,,,,,,,,,,,,,,,,,,,,,,,
VFID2361,,,,,,,,,,,,,,,,,,,,,,,,,,,,
VFID2362,,,,,,,,,,,,,,,,,,,,,,,,,,,,
VFID2363,,,,,,,,,,,,,,,,,,,,,,,,,,,,
VFID2364,,,,,,,,,,,,,,,,,,,,,,,,,,,,
VFID2365,,,,,,,,,,,,,,,,,,,,,,,,,,,,
VFID2366,172.78979166666667,36.60069444444444,This work,4.3,23252474.31876801,6239353.483351166,6239353.483351166,0.6163970241222565,0.2420390964312238,443066764.09861654,236149725.1190066,236149725.1190066,This work,8.30836347241975,7.790947622840915,7.790947622840915,0.1143156528632627,-1.0,-1.0,0.8243329862564748,0.1165345567665512,0.3608579146266404,0.1319375641225068,0.0,7.366469173389915,0.9219779842951712,0.9219779842951712,8.355371703543474
VFID2367,,,,,,,,,,,,,,,,,,,,,,,,,,,,
VFID2368,,,,,,,,,,,,,,,,,,,,,,,,,,,,
VFID2369,,,,,,,,,,,,,,,,,,,,,,,,,,,,
VFID2370,,,,,,,,,,,,,,,,,,,,,,,,,,,,
VFID2371,,,,,,,,,,,,,,,,,,,,,,,,,,,,
VFID2372,,,,,,,,,,,,,,,,,,,,,,,,,,,,
VFID2373,,,,,,,,,,,,,,,,,,,,,,,,,,,,
VFID2374,,,,,,,,,,,,,,,,,,,,,,,,,,,,
VFID2375,,,,,,,,,,,,,,,,,,,,,,,,,,,,
VFID2376,,,,,,,,,,,,,,,,,,,,,,,,,,,,
VFID2377,,,,,,,,,,,,,,,,,,,,,,,,,,,,
VFID2378,,,,,,,,,,,,,,,,,,,,,,,,,,,,
VFID2379,,,,,,,,,,,,,,,,,,,,,,,,,,,,
VFID2380,,,,,,,,,,,,,,,,,,,,,,,,,,,,
VFID2381,,,,,,,,,,,,,,,,,,,,,,,,,,,,
VFID2382,,,,,,,,,,,,,,,,,,,,,,,,,,,,
VFID2383,,,,,,,,,,,,,,,,,,,,,,,,,,,,
VFID2384,,,,,,,,,,,,,,,,,,,,,,,,,,,,
VFID2385,,,,,,,,,,,,,,,,,,,,,,,,,,,,
VFID2386,,,,,,,,,,,,,,,,,,,,,,,,,,,,
VFID2387,,,,,,,,,,,,,,,,,,,,,,,,,,,,
VFID2388,,,,,,,,,,,,,,,,,,,,,,,,,,,,
VFID2389,,,,,,,,,,,,,,,,,,,,,,,,,,,,
VFID2390,,,,,,,,,,,,,,,,,,,,,,,,,,,,
VFID2391,,,,,,,,,,,,,,,,,,,,,,,,,,,,
VFID2392,,,,,,,,,,,,,,,,,,,,,,,,,,,,
VFID2393,,,,,,,,,,,,,,,,,,,,,,,,,,,,
VFID2394,,,,,,,,,,,,,,,,,,,,,,,,,,,,
VFID2395,,,,,,,,,,,,,,,,,,,,,,,,,,,,
VFID2396,,,,,,,,,,,,,,,,,,,,,,,,,,,,
VFID2397,,,,,,,,,,,,,,,,,,,,,,,,,,,,
VFID2398,,,,,,,,,,,,,,,,,,,,,,,,,,,,
VFID2399,,,,,,,,,,,,,,,,,,,,,,,,,,,,
VFID2400,,,,,,,,,,,,,,,,,,,,,,,,,,,,
VFID2401,,,,,,,,,,,,,,,,,,,,,,,,,,,,
VFID2402,,,,,,,,,,,,,,,,,,,,,,,,,,,,
VFID2403,,,,,,,,,,,,,,,,,,,,,,,,,,,,
VFID2404,,,,,,,,,,,,,,,,,,,,,,,,,,,,
VFID2405,,,,,,,,,,,,,,,,,,,,,,,,,,,,
VFID2406,,,,,,,,,,,,,,,,,,,,,,,,,,,,
VFID2407,,,,,,,,,,,,,,,,,,,,,,,,,,,,
VFID2408,,,,,,,,,,,,,,,,,,,,,,,,,,,,
VFID2409,,,,,,,,,,,,,,,,,,,,,,,,,,,,
VFID2410,,,,,,,,,,,,,,,,,,,,,,,,,,,,
VFID2411,,,,,,,,,,,,,,,,,,,,,,,,,,,,
VFID2412,,,,,,,,,,,,,,,,,,,,,,,,,,,,
VFID2413,,,,,,,,,,,,,,,,,,,,,,,,,,,,
VFID2414,,,,,,,,,,,,,,,,,,,,,,,,,,,,
VFID2415,,,,,,,,,,,,,,,,,,,,,,,,,,,,
VFID2416,,,,,,,,,,,,,,,,,,,,,,,,,,,,
VFID2417,,,,,,,,,,,,,,,,,,,,,,,,,,,,
VFID2418,,,,,,,,,,,,,,,,,,,,,,,,,,,,
VFID2419,,,,,,,,,,,,,,,,,,,,,,,,,,,,
VFID2420,,,,,,,,,,,,,,,,,,,,,,,,,,,,
VFID2421,,,,,,,,,,,,,,,,,,,,,,,,,,,,
VFID2422,,,,,,,,,,,,,,,,,,,,,,,,,,,,
VFID2423,,,,,,,,,,,,,,,,,,,,,,,,,,,,
VFID2424,,,,,,,,,,,,,,,,,,,,,,,,,,,,
VFID2425,,,,,,,,,,,,,,,,,,,,,,,,,,,,
VFID2426,,,,,,,,,,,,,,,,,,,,,,,,,,,,
VFID2427,,,,,,,,,,,,,,,,,,,,,,,,,,,,
VFID2428,,,,,,,,,,,,,,,,,,,,,,,,,,,,
VFID2429,,,,,,,,,,,,,,,,,,,,,,,,,,,,
VFID2430,,,,,,,,,,,,,,,,,,,,,,,,,,,,
VFID2431,,,,,,,,,,,,,,,,,,,,,,,,,,,,
VFID2432,,,,,,,,,,,,,,,,,,,,,,,,,,,,
VFID2433,,,,,,,,,,,,,,,,,,,,,,,,,,,,
VFID2434,,,,,,,,,,,,,,,,,,,,,,,,,,,,
VFID2435,,,,,,,,,,,,,,,,,,,,,,,,,,,,
VFID2436,,,,,,,,,,,,,,,,,,,,,,,,,,,,
VFID2437,,,,,,,,,,,,,,,,,,,,,,,,,,,,
VFID2438,,,,,,,,,,,,,,,,,,,,,,,,,,,,
VFID2439,,,,,,,,,,,,,,,,,,,,,,,,,,,,
VFID2440,,,,,,,,,,,,,,,,,,,,,,,,,,,,
VFID2441,,,,,,,,,,,,,,,,,,,,,,,,,,,,
VFID2442,,,,,,,,,,,,,,,,,,,,,,,,,,,,
VFID2443,,,,,,,,,,,,,,,,,,,,,,,,,,,,
VFID2444,,,,,,,,,,,,,,,,,,,,,,,,,,,,
VFID2445,,,,,,,,,,,,,,,,,,,,,,,,,,,,
VFID2446,,,,,,,,,,,,,,,,,,,,,,,,,,,,
VFID2447,,,,,,,,,,,,,,,,,,,,,,,,,,,,
VFID2448,,,,,,,,,,,,,,,,,,,,,,,,,,,,
VFID2449,,,,,,,,,,,,,,,,,,,,,,,,,,,,
VFID2450,,,,,,,,,,,,,,,,,,,,,,,,,,,,
VFID2451,,,,,,,,,,,,,,,,,,,,,,,,,,,,
VFID2452,,,,,,,,,,,,,,,,,,,,,,,,,,,,
VFID2453,,,,,,,,,,,,,,,,,,,,,,,,,,,,
VFID2454,,,,,,,,,,,,,,,,,,,,,,,,,,,,
VFID2455,,,,,,,,,,,,,,,,,,,,,,,,,,,,
VFID2456,,,,,,,,,,,,,,,,,,,,,,,,,,,,
VFID2457,,,,,,,,,,,,,,,,,,,,,,,,,,,,
VFID2458,,,,,,,,,,,,,,,,,,,,,,,,,,,,
VFID2459,,,,,,,,,,,,,,,,,,,,,,,,,,,,
VFID2460,,,,,,,,,,,,,,,,,,,,,,,,,,,,
VFID2461,,,,,,,,,,,,,,,,,,,,,,,,,,,,
VFID2462,172.78091666666668,35.58975,This work,4.3,29707174.76671288,7545486.741545225,7545486.741545225,0.3919752671248165,-1.0,1078602322.7013557,567256234.9220663,567256234.9220663,This work,8.612036926533543,7.367011956111356,7.367011956111356,0.0725812468684879,0.0188919441978564,0.0188919441978564,0.4425408084677524,0.1103088153235999,0.1771188395930867,0.0247035484790473,0.0,7.472861351178636,0.879408003460258,0.879408003460258,8.64246712597326
VFID2463,,,,,,,,,,,,,,,,,,,,,,,,,,,,
VFID2464,,,,,,,,,,,,,,,,,,,,,,,,,,,,
VFID2465,,,,,,,,,,,,,,,,,,,,,,,,,,,,
VFID2466,,,,,,,,,,,,,,,,,,,,,,,,,,,,
VFID2467,,,,,,,,,,,,,,,,,,,,,,,,,,,,
VFID2468,,,,,,,,,,,,,,,,,,,,,,,,,,,,
VFID2469,,,,,,,,,,,,,,,,,,,,,,,,,,,,
VFID2470,,,,,,,,,,,,,,,,,,,,,,,,,,,,
VFID2471,,,,,,,,,,,,,,,,,,,,,,,,,,,,
VFID2472,,,,,,,,,,,,,,,,,,,,,,,,,,,,
VFID2473,,,,,,,,,,,,,,,,,,,,,,,,,,,,
VFID2474,,,,,,,,,,,,,,,,,,,,,,,,,,,,
VFID2475,,,,,,,,,,,,,,,,,,,,,,,,,,,,
VFID2476,,,,,,,,,,,,,,,,,,,,,,,,,,,,
VFID2477,,,,,,,,,,,,,,,,,,,,,,,,,,,,
VFID2478,,,,,,,,,,,,,,,,,,,,,,,,,,,,
VFID2479,,,,,,,,,,,,,,,,,,,,,,,,,,,,
VFID2480,,,,,,,,,,,,,,,,,,,,,,,,,,,,
VFID2481,,,,,,,,,,,,,,,,,,,,,,,,,,,,
VFID2482,172.2255,35.414,Literature,4.3,88183383.77025168,-1.0,-1.0,-1000.0,-1000.0,462792976.72696793,-1.0,-1.0,This work,7.839760893331933,7.3177429897247315,7.3177429897247315,1.2753396623534683,-1.0,-1.0,0.9096154001010488,-1.0,0.8817483567148958,0.130546853191156,0.0,7.9453867595453405,0.9143508413915367,0.9143508413915367,8.196807130577758
VFID2483,,,,,,,,,,,,,,,,,,,,,,,,,,,,
VFID2484,,,,,,,,,,,,,,,,,,,,,,,,,,,,
VFID2485,,,,,,,,,,,,,,,,,,,,,,,,,,,,
VFID2486,198.62745833333332,35.386833333333335,This work,4.3,63893510.98981847,15735184.586286068,15735184.586286068,1.2410995199733563,-1.0,967067422.607222,505033160.5726876,505033160.5726876,Springob2005,9.75975987019187,8.842205211967034,8.842205211967034,0.011109560627758,0.0030479096080301,0.0030479096080301,0.3124454060954207,0.1069545832070819,-0.8374243181817977,0.0525085049591185,0.0,7.805456753550968,0.8986888057450904,0.8986888057450904,9.764558087106394
VFID2487,,,,,,,,,,,,,,,,,,,,,,,,,,,,
VFID2488,,,,,,,,,,,,,,,,,,,,,,,,,,,,
VFID2489,,,,,,,,,,,,,,,,,,,,,,,,,,,,
VFID2490,,,,,,,,,,,,,,,,,,,,,,,,,,,,
VFID2491,173.16458333333333,35.328361111111114,This work,4.3,70518274.0050375,14127599.885559298,14127599.885559298,0.6000766577350107,0.1426576413146902,973423158.035084,488859916.464618,488859916.464618,deVaucouleurs1991,8.419190199458146,7.9217879991389815,7.9217879991389815,0.2686033807494838,-1.0,-1.0,0.1319004856172521,0.0870063647955581,0.420215045240182,0.1381599320554719,0.0,7.848301674029137,0.9306313057448794,0.9306313057448794,8.522516063889045
VFID2492,,,,,,,,,,,,,,,,,,,,,,,,,,,,
VFID2493,,,,,,,,,,,,,,,,,,,,,,,,,,,,
VFID2494,,,,,,,,,,,,,,,,,,,,,,,,,,,,
VFID2495,,,,,,,,,,,,,,,,,,,,,,,,,,,,
VFID2496,,,,,,,,,,,,,,,,,,,,,,,,,,,,
VFID2497,,,,,,,,,,,,,,,,,,,,,,,,,,,,
VFID2498,,,,,,,,,,,,,,,,,,,,,,,,,,,,
VFID2499,,,,,,,,,,,,,,,,,,,,,,,,,,,,
VFID2500,,,,,,,,,,,,,,,,,,,,,,,,,,,,
VFID2501,,,,,,,,,,,,,,,,,,,,,,,,,,,,
VFID2502,,,,,,,,,,,,,,,,,,,,,,,,,,,,
VFID2503,,,,,,,,,,,,,,,,,,,,,,,,,,,,
VFID2504,,,,,,,,,,,,,,,,,,,,,,,,,,,,
VFID2505,,,,,,,,,,,,,,,,,,,,,,,,,,,,
VFID2506,,,,,,,,,,,,,,,,,,,,,,,,,,,,
VFID2507,206.11833333333337,35.19219444444444,This work,4.3,240876383.22317225,28374421.41357707,28374421.41357707,0.4893590609884573,0.1176325867580766,1152906855.4045017,548027413.8190627,548027413.8190627,deVaucouleurs1991,9.556575674187659,9.061449997479649,9.061449997479649,0.0668680328899533,-1.0,-1.0,0.2950079380567096,0.0511584177835186,-0.1915764837612776,0.1388860525883495,0.0,8.38179422158968,0.9815821231211004,0.9815821231211004,9.584686376524779
VFID2508,,,,,,,,,,,,,,,,,,,,,,,,,,,,
VFID2509,,,,,,,,,,,,,,,,,,,,,,,,,,,,
VFID2510,,,,,,,,,,,,,,,,,,,,,,,,,,,,
VFID2511,,,,,,,,,,,,,,,,,,,,,,,,,,,,
VFID2512,,,,,,,,,,,,,,,,,,,,,,,,,,,,
VFID2513,,,,,,,,,,,,,,,,,,,,,,,,,,,,
VFID2514,,,,,,,,,,,,,,,,,,,,,,,,,,,,
VFID2515,,,,,,,,,,,,,,,,,,,,,,,,,,,,
VFID2516,,,,,,,,,,,,,,,,,,,,,,,,,,,,
VFID2517,,,,,,,,,,,,,,,,,,,,,,,,,,,,
VFID2518,,,,,,,,,,,,,,,,,,,,,,,,,,,,
VFID2519,161.49741666666665,34.96488888888889,This work,4.3,91868681.16093144,21196488.05626443,21196488.05626443,0.5060049906765312,0.1600608557505686,621108513.0461981,319922368.7698301,319922368.7698301,This work,8.887576283458536,7.748337749506612,7.748337749506612,0.1190121218840453,0.0287854309008263,0.0287854309008263,0.7217346778269365,0.1002030037030575,-0.1912841791438939,0.0315170657223762,0.0,7.963167481819453,0.9063863850612566,0.9063863850612566,8.936411074579233
VFID2520,,,,,,,,,,,,,,,,,,,,,,,,,,,,
VFID2521,,,,,,,,,,,,,,,,,,,,,,,,,,,,
VFID2522,,,,,,,,,,,,,,,,,,,,,,,,,,,,
VFID2523,,,,,,,,,,,,,,,,,,,,,,,,,,,,
VFID2524,,,,,,,,,,,,,,,,,,,,,,,,,,,,
VFID2525,,,,,,,,,,,,,,,,,,,,,,,,,,,,
VFID2526,138.185,34.9255,This work,4.3,1153987991.5916843,112886673.1923527,112886673.1923527,0.341983568399509,0.0540226214485421,8554631165.051927,4027453500.278054,4027453500.278054,deVaucouleurs1991,8.990681695990457,8.492920534408091,8.492920534408091,1.1790157143839903,0.3921104124226496,0.3921104124226496,-0.5635991299249685,0.0424840289544376,0.4281842351623766,0.138045784683734,0.0,9.062201289571357,0.965040174942419,0.965040174942419,9.32894205824481
VFID2527,,,,,,,,,,,,,,,,,,,,,,,,,,,,
VFID2528,,,,,,,,,,,,,,,,,,,,,,,,,,,,
VFID2529,,,,,,,,,,,,,,,,,,,,,,,,,,,,
VFID2530,,,,,,,,,,,,,,,,,,,,,,,,,,,,
VFID2531,,,,,,,,,,,,,,,,,,,,,,,,,,,,
VFID2532,,,,,,,,,,,,,,,,,,,,,,,,,,,,
VFID2533,,,,,,,,,,,,,,,,,,,,,,,,,,,,
VFID2534,,,,,,,,,,,,,,,,,,,,,,,,,,,,
VFID2535,,,,,,,,,,,,,,,,,,,,,,,,,,,,
VFID2536,,,,,,,,,,,,,,,,,,,,,,,,,,,,
VFID2537,,,,,,,,,,,,,,,,,,,,,,,,,,,,
VFID2538,,,,,,,,,,,,,,,,,,,,,,,,,,,,
VFID2539,,,,,,,,,,,,,,,,,,,,,,,,,,,,
VFID2540,,,,,,,,,,,,,,,,,,,,,,,,,,,,
VFID2541,,,,,,,,,,,,,,,,,,,,,,,,,,,,
VFID2542,,,,,,,,,,,,,,,,,,,,,,,,,,,,
VFID2543,,,,,,,,,,,,,,,,,,,,,,,,,,,,
VFID2544,162.10341666666667,34.71141666666667,This work,4.3,359245977.78012544,25128155.70579748,25128155.70579748,0.9719158127439678,0.0811277759768856,610087201.437511,284177870.80836606,284177870.80836606,Springob2005,9.43279698882945,8.536281370221714,8.536281370221714,0.1326156949628859,0.0192168661997797,0.0192168661997797,0.0404102452971208,0.0303775686811247,-0.0373151875306518,0.0551148579840612,0.0,8.555391914349268,0.9361061322251143,0.9361061322251143,9.486879564298087
VFID2545,,,,,,,,,,,,,,,,,,,,,,,,,,,,
VFID2546,,,,,,,,,,,,,,,,,,,,,,,,,,,,
VFID2547,,,,,,,,,,,,,,,,,,,,,,,,,,,,
VFID2548,,,,,,,,,,,,,,,,,,,,,,,,,,,,
VFID2549,,,,,,,,,,,,,,,,,,,,,,,,,,,,
VFID2550,141.50616666666667,34.6534,This work,4.3,34975310.83837008,13645398.479035556,13645398.479035556,-1000.0,-1000.0,420495723.10661286,253795578.29934075,253795578.29934075,Springob2005,9.27074909560115,8.409835483270742,8.409835483270742,0.0187504842075133,-1.0,-1.0,0.6956405767315887,0.1694372722004473,0.0534515353516198,0.0598233458515737,0.0,7.543761582914802,0.9674926724890952,0.9674926724890952,9.278816923767442
VFID2551,,,,,,,,,,,,,,,,,,,,,,,,,,,,
VFID2552,,,,,,,,,,,,,,,,,,,,,,,,,,,,
VFID2553,136.66825,34.6199167,AMIGA,,125892541.1794166,15736567.647427076,15736567.647427076,,,3548133892.335751,1693099170.2799714,1693099170.2799714,AMIGA,9.451732640566561,8.954510248451973,8.834510248451974,0.0444905074683867,-1.0,-1.0,0.009802159646389,0.0542868102379064,-0.3978977097150942,0.1382171453835724,0.0,8.1,0.9763811083644249,0.9763802970010891,9.47063713794863
VFID2554,,,,,,,,,,,,,,,,,,,,,,,,,,,,
VFID2555,,,,,,,,,,,,,,,,,,,,,,,,,,,,
VFID2556,,,,,,,,,,,,,,,,,,,,,,,,,,,,
VFID2557,,,,,,,,,,,,,,,,,,,,,,,,,,,,
VFID2558,141.07720833333332,34.5135,Literature,4.3,203045251.55639184,-1.0,-1.0,-1000.0,-1000.0,1168403468.3221738,-1.0,-1.0,Springob2005,8.69979957887471,8.024632489211315,8.024632489211315,0.405315543241114,-1.0,-1.0,1.29260932217084,-1.0,0.6227486397493252,0.0917523553316729,0.0,8.30759283747555,0.9468796135175144,0.9468796135175144,8.84757342859783
VFID2559,,,,,,,,,,,,,,,,,,,,,,,,,,,,
VFID2560,163.15975,34.48313888888889,This work,4.3,42982404.6055583,13154682.973768145,13154682.973768145,0.6829799758490869,-1.0,713330359.3356845,394428060.80468434,394428060.80468434,deVaucouleurs1991,8.965478371155701,8.467073395258565,8.467073395258565,0.0465384952381013,-1.0,-1.0,0.614211451661899,0.1329149981049543,0.1640086615246527,0.1378412920823364,0.0,7.63329070798449,0.9535315593231325,0.9535315593231325,8.98523357894938
VFID2561,,,,,,,,,,,,,,,,,,,,,,,,,,,,
VFID2562,,,,,,,,,,,,,,,,,,,,,,,,,,,,
VFID2563,,,,,,,,,,,,,,,,,,,,,,,,,,,,
VFID2564,139.19700000000003,34.429899999999996,This work,4.3,101707624.80947758,19270918.38495365,19270918.38495365,0.2185570009645016,0.0924661738323556,473058720.04408175,166042517.78380427,140160997.14852032,Springob2005,9.141226589346815,8.153665467740726,8.153665467740726,0.0734728561864922,0.0158418507242405,0.0158418507242405,0.4109804112791604,0.0822873755185108,-0.3004148797559143,0.044691320776969,0.0,8.007353512298886,0.9085061593185718,0.9085061593185718,9.1720176566962
VFID2565,,,,,,,,,,,,,,,,,,,,,,,,,,,,
VFID2566,,,,,,,,,,,,,,,,,,,,,,,,,,,,
VFID2567,,,,,,,,,,,,,,,,,,,,,,,,,,,,
VFID2568,,,,,,,,,,,,,,,,,,,,,,,,,,,,
VFID2569,,,,,,,,,,,,,,,,,,,,,,,,,,,,
VFID2570,,,,,,,,,,,,,,,,,,,,,,,,,,,,
VFID2571,,,,,,,,,,,,,,,,,,,,,,,,,,,,
VFID2572,,,,,,,,,,,,,,,,,,,,,,,,,,,,
VFID2573,141.45,34.27708333333333,This work,4.3,92066556.11923636,-1.0,-1.0,-1000.0,-1000.0,1795154772.6741402,-1.0,-1.0,deVaucouleurs1991,8.952139018591188,8.258762580765632,8.258762580765632,0.1027928434036756,-1.0,-1.0,0.1943002615952114,-1.0,0.0914597524481255,0.0879848450374365,0.0,7.964101898051178,0.9539875681939454,0.9539875681939454,8.9946329576713
VFID2574,,,,,,,,,,,,,,,,,,,,,,,,,,,,
VFID2575,,,,,,,,,,,,,,,,,,,,,,,,,,,,
VFID2576,,,,,,,,,,,,,,,,,,,,,,,,,,,,
VFID2577,,,,,,,,,,,,,,,,,,,,,,,,,,,,
VFID2578,,,,,,,,,,,,,,,,,,,,,,,,,,,,
VFID2579,,,,,,,,,,,,,,,,,,,,,,,,,,,,
VFID2580,,,,,,,,,,,,,,,,,,,,,,,,,,,,
VFID2581,,,,,,,,,,,,,,,,,,,,,,,,,,,,
VFID2582,,,,,,,,,,,,,,,,,,,,,,,,,,,,
VFID2583,,,,,,,,,,,,,,,,,,,,,,,,,,,,
VFID2584,,,,,,,,,,,,,,,,,,,,,,,,,,,,
VFID2585,,,,,,,,,,,,,,,,,,,,,,,,,,,,
VFID2586,,,,,,,,,,,,,,,,,,,,,,,,,,,,
VFID2587,,,,,,,,,,,,,,,,,,,,,,,,,,,,
VFID2588,,,,,,,,,,,,,,,,,,,,,,,,,,,,
VFID2589,,,,,,,,,,,,,,,,,,,,,,,,,,,,
VFID2590,,,,,,,,,,,,,,,,,,,,,,,,,,,,
VFID2591,163.28379166666667,33.91036111111111,This work,4.3,293581585.10080075,12229439.910920143,12229439.910920143,0.4597347206189018,0.0266231559384093,613378869.841099,283624657.1764304,283624657.1764304,Springob2005,8.827827228290557,7.830732218933964,7.830732218933964,0.4364169227530473,0.0475472231400532,0.0475472231400532,-0.2202266513390505,0.0180909789292691,-0.1563080330314061,0.0437209209969716,0.0,8.46772881098544,0.9308369596373004,0.9308369596373004,8.985107741296371
VFID2592,,,,,,,,,,,,,,,,,,,,,,,,,,,,
VFID2593,,,,,,,,,,,,,,,,,,,,,,,,,,,,
VFID2594,,,,,,,,,,,,,,,,,,,,,,,,,,,,
VFID2595,,,,,,,,,,,,,,,,,,,,,,,,,,,,
VFID2596,,,,,,,,,,,,,,,,,,,,,,,,,,,,
VFID2597,,,,,,,,,,,,,,,,,,,,,,,,,,,,
VFID2598,,,,,,,,,,,,,,,,,,,,,,,,,,,,
VFID2599,174.6837083333333,33.80580555555555,This work,4.3,145918219.62422907,-1.0,-1.0,-1000.0,-1000.0,1563541893.132624,-1.0,-1.0,Springob2005,9.621324823295405,8.75473386862155,8.75473386862155,0.0348967272306233,-1.0,-1.0,0.1805926375387603,-1.0,-0.2946616264323562,0.0590463908051435,0.0,8.164109522107628,0.983907002267527,0.983907002267527,9.636221836825891
VFID2600,,,,,,,,,,,,,,,,,,,,,,,,,,,,
VFID2601,205.321875,33.77261111111111,This work,4.3,32545837.710911337,-1.0,-1.0,-1000.0,-1000.0,318050039.9828982,-1.0,-1.0,Springob2005,8.91435136299788,8.047890271368098,8.047890271368098,0.0396409534370219,-1.0,-1.0,0.5082067051375443,-1.0,0.1617118338636309,0.0590640495388422,0.0,7.512495454508843,0.9509117993768216,0.9509117993768216,8.931234741850519
VFID2602,,,,,,,,,,,,,,,,,,,,,,,,,,,,
VFID2603,,,,,,,,,,,,,,,,,,,,,,,,,,,,
VFID2604,,,,,,,,,,,,,,,,,,,,,,,,,,,,
VFID2605,,,,,,,,,,,,,,,,,,,,,,,,,,,,
VFID2606,,,,,,,,,,,,,,,,,,,,,,,,,,,,
VFID2607,,,,,,,,,,,,,,,,,,,,,,,,,,,,
VFID2608,,,,,,,,,,,,,,,,,,,,,,,,,,,,
VFID2609,,,,,,,,,,,,,,,,,,,,,,,,,,,,
VFID2610,,,,,,,,,,,,,,,,,,,,,,,,,,,,
VFID2611,,,,,,,,,,,,,,,,,,,,,,,,,,,,
VFID2612,,,,,,,,,,,,,,,,,,,,,,,,,,,,
VFID2613,,,,,,,,,,,,,,,,,,,,,,,,,,,,
VFID2614,,,,,,,,,,,,,,,,,,,,,,,,,,,,
VFID2615,,,,,,,,,,,,,,,,,,,,,,,,,,,,
VFID2616,,,,,,,,,,,,,,,,,,,,,,,,,,,,
VFID2617,147.738125,33.553638888888884,This work,4.3,1282335045.409753,38340709.2107383,38340709.2107383,0.5023425528970719,0.0205827475227023,2177717351.1963563,1004987377.9106952,1004987377.9106952,Springob2005,9.331372893140124,8.35515348421245,8.35515348421245,0.5979000892996954,0.0656365544106594,0.0656365544106594,-0.3258993517781796,0.0129850295381735,-0.1456000139450992,0.0458738195996495,0.0,9.108001511424568,0.9623496153022087,0.9623496153022087,9.534922514161698
VFID2618,,,,,,,,,,,,,,,,,,,,,,,,,,,,
VFID2619,173.375625,33.50772222222222,This work,4.3,154701766.42291892,31983595.010239672,31983595.010239672,0.2583211710030342,0.1016195577452502,740449207.4547693,373775669.9956971,373775669.9956971,This work,8.511670604572432,7.601156599501281,7.601156599501281,0.4762386824495686,0.1145378586808498,0.1145378586808498,0.1876068870372176,0.089787590313627,0.4747319493263902,0.0533666948101453,0.0,8.189495272609172,0.9187287340938011,0.9187287340938011,8.680827185697954
VFID2620,208.32429166666665,33.490833333333335,This work,4.3,438077339.5529678,19087862.873166088,19087862.873166088,0.9055346896504954,0.0520492866013401,100357720.6592458,46422842.94176521,46422842.94176521,deVaucouleurs1991,9.09332913799704,8.077341032612908,8.077341032612908,0.3533634699870221,0.0373775768462248,0.0373775768462248,0.3106513706581921,0.0189230365706685,-0.0685715554149659,0.0418597090991086,0.0,8.641550788988196,0.9395011150996213,0.9395011150996213,9.224743587817633
VFID2621,,,,,,,,,,,,,,,,,,,,,,,,,,,,
VFID2622,,,,,,,,,,,,,,,,,,,,,,,,,,,,
VFID2623,,,,,,,,,,,,,,,,,,,,,,,,,,,,
VFID2624,,,,,,,,,,,,,,,,,,,,,,,,,,,,
VFID2625,,,,,,,,,,,,,,,,,,,,,,,,,,,,
VFID2626,147.14775,33.42147222222222,This work,4.3,513435945.1265464,31650161.000951495,31650161.000951495,0.5356025903263764,0.0439371077264604,562971318.9474269,261570243.88511744,261570243.88511744,Springob2005,10.063813101947833,8.825885464829769,8.825885464829769,0.0443274928030506,0.003746401389664,0.003746401389664,-0.0660841102668499,0.0267715776515703,-0.343749044042303,0.025110575957972,0.0,8.71048626991324,0.9421483006030053,0.9421483006030053,10.082649813271223
VFID2627,,,,,,,,,,,,,,,,,,,,,,,,,,,,
VFID2628,164.9428333333333,33.39183333333333,This work,4.3,44773239.00945233,11383026.866809914,11383026.866809914,0.517424436961368,0.1763195411074351,97953174.08480088,51526770.17249057,51526770.17249057,deVaucouleurs1991,9.112209509659515,8.614925954370909,8.614925954370909,0.0345787272343164,-1.0,-1.0,0.4506836461642338,0.1104138513313352,-0.6416116200310871,0.1381976811619288,0.0,7.651018513482153,0.9603279774711864,0.9603279774711864,9.126973053962878
VFID2629,,,,,,,,,,,,,,,,,,,,,,,,,,,,
VFID2630,,,,,,,,,,,,,,,,,,,,,,,,,,,,
VFID2631,,,,,,,,,,,,,,,,,,,,,,,,,,,,
VFID2632,,,,,,,,,,,,,,,,,,,,,,,,,,,,
VFID2633,,,,,,,,,,,,,,,,,,,,,,,,,,,,
VFID2634,,,,,,,,,,,,,,,,,,,,,,,,,,,,
VFID2635,,,,,,,,,,,,,,,,,,,,,,,,,,,,
VFID2636,,,,,,,,,,,,,,,,,,,,,,,,,,,,
VFID2637,,,,,,,,,,,,,,,,,,,,,,,,,,,,
VFID2638,,,,,,,,,,,,,,,,,,,,,,,,,,,,
VFID2639,148.85208333333333,33.26277777777778,This work,4.3,23394534.53711768,-1.0,-1.0,-1000.0,-1000.0,1199815336.0539956,-1.0,-1.0,ONeil2004,8.728153986428467,7.094685530848881,7.094685530848881,0.0437482235204569,-1.0,-1.0,0.6596877508522061,-1.0,-0.0928349846618523,0.0100998716721686,0.0,7.369114408794183,0.9418467112500551,0.9418467112500551,8.746749735743197
VFID2640,,,,,,,,,,,,,,,,,,,,,,,,,,,,
VFID2641,,,,,,,,,,,,,,,,,,,,,,,,,,,,
VFID2642,,,,,,,,,,,,,,,,,,,,,,,,,,,,
VFID2643,,,,,,,,,,,,,,,,,,,,,,,,,,,,
VFID2644,,,,,,,,,,,,,,,,,,,,,,,,,,,,
VFID2645,,,,,,,,,,,,,,,,,,,,,,,,,,,,
VFID2646,,,,,,,,,,,,,,,,,,,,,,,,,,,,
VFID2647,,,,,,,,,,,,,,,,,,,,,,,,,,,,
VFID2648,,,,,,,,,,,,,,,,,,,,,,,,,,,,
VFID2649,,,,,,,,,,,,,,,,,,,,,,,,,,,,
VFID2650,,,,,,,,,,,,,,,,,,,,,,,,,,,,
VFID2651,,,,,,,,,,,,,,,,,,,,,,,,,,,,
VFID2652,,,,,,,,,,,,,,,,,,,,,,,,,,,,
VFID2653,,,,,,,,,,,,,,,,,,,,,,,,,,,,
VFID2654,,,,,,,,,,,,,,,,,,,,,,,,,,,,
VFID2655,,,,,,,,,,,,,,,,,,,,,,,,,,,,
VFID2656,,,,,,,,,,,,,,,,,,,,,,,,,,,,
VFID2657,,,,,,,,,,,,,,,,,,,,,,,,,,,,
VFID2658,,,,,,,,,,,,,,,,,,,,,,,,,,,,
VFID2659,204.603625,33.117694444444446,This work,4.3,223415508.9276101,49577717.175455526,49577717.175455526,0.5196936347107463,0.2103641128868225,1119730008.6885805,572399082.1231687,572399082.1231687,Springob2005,9.67081495738222,8.731295704763602,8.731295704763602,0.0476758407059626,0.0119146687530731,0.0119146687530731,-0.1259111577809069,0.0963734751361279,-0.3915963545422816,0.049918905965891,0.0,8.349113317427296,0.9270956016687045,0.9270956016687045,9.691041886623694
VFID2660,,,,,,,,,,,,,,,,,,,,,,,,,,,,
VFID2661,,,,,,,,,,,,,,,,,,,,,,,,,,,,
VFID2662,,,,,,,,,,,,,,,,,,,,,,,,,,,,
VFID2663,151.79808333333332,33.027388888888886,This work,4.3,50612931.73942706,14817966.47220828,14817966.47220828,0.4957249575820647,0.1933621291859781,358312116.60249513,195531552.614488,195531552.614488,Springob2005,9.785593063754447,8.939647619604205,8.939647619604205,0.0082921744595475,0.0027002860171331,0.0027002860171331,0.2840406652267768,0.1271485537537901,-0.3668338922003009,0.061921129137974,0.0,7.704261494419608,0.8941142254281083,0.8941142254281083,9.789179460317559
VFID2664,,,,,,,,,,,,,,,,,,,,,,,,,,,,
VFID2665,,,,,,,,,,,,,,,,,,,,,,,,,,,,
VFID2666,,,,,,,,,,,,,,,,,,,,,,,,,,,,
VFID2667,,,,,,,,,,,,,,,,,,,,,,,,,,,,
VFID2668,,,,,,,,,,,,,,,,,,,,,,,,,,,,
VFID2669,,,,,,,,,,,,,,,,,,,,,,,,,,,,
VFID2670,163.0475,32.95044444444445,Literature,4.3,1377850196.95427,-1.0,-1.0,-1000.0,-1000.0,1021414461.9806864,-1.0,-1.0,Springob2005,10.287552782529813,8.88195980962925,8.88195980962925,0.0710639298042609,-1.0,-1.0,-0.0978998429958526,-1.0,-0.4393665334923646,0.0170683420835339,0.0,9.139202002642241,1.0135689952301055,1.0135689952301055,10.317368176361297
VFID2671,,,,,,,,,,,,,,,,,,,,,,,,,,,,
VFID2672,,,,,,,,,,,,,,,,,,,,,,,,,,,,
VFID2673,147.8670416666667,32.94305555555555,This work,4.3,41647899.825142816,-1.0,-1.0,-1000.0,-1000.0,2689014265.2515154,-1.0,-1.0,Springob2005,9.078499229093415,8.121632575827942,8.121632575827942,0.0347611292962175,-1.0,-1.0,0.7575090534797697,-1.0,-0.2159711784874307,0.0479642500093952,0.0,7.619593106166619,0.9587235456280075,0.9587235456280075,9.093339335213269
VFID2674,,,,,,,,,,,,,,,,,,,,,,,,,,,,
VFID2675,,,,,,,,,,,,,,,,,,,,,,,,,,,,
VFID2676,,,,,,,,,,,,,,,,,,,,,,,,,,,,
VFID2677,162.94304166666666,32.900749999999995,Literature,4.3,207322201.77980375,-1.0,-1.0,-1000.0,-1000.0,124923980.08846304,-1.0,-1.0,deVaucouleurs1991,9.413354465092322,8.915372300340602,8.915372300340602,0.0800371005479042,-1.0,-1.0,0.6517563472092558,-1.0,0.1272428304750263,0.1379755540085973,0.0,8.316645812437132,0.9752903799407757,0.9752903799407757,9.446793139363054
VFID2678,,,,,,,,,,,,,,,,,,,,,,,,,,,,
VFID2679,147.01954166666667,32.8825,This work,4.3,34356641.84081998,8002491.332139373,8002491.332139373,0.4150592902547848,-1.0,717811988.6716319,370442161.8297699,370442161.8297699,deVaucouleurs1991,8.605653383567613,8.108328742759664,8.108328742759664,0.0851838616174869,-1.0,-1.0,0.071591452137806,0.1011576696910313,-0.1078416739776066,0.1381846078783073,0.0,7.5360107075085825,0.9365792666358256,0.9365792666358256,8.64115671006651
VFID2680,,,,,,,,,,,,,,,,,,,,,,,,,,,,
VFID2681,,,,,,,,,,,,,,,,,,,,,,,,,,,,
VFID2682,,,,,,,,,,,,,,,,,,,,,,,,,,,,
VFID2683,,,,,,,,,,,,,,,,,,,,,,,,,,,,
VFID2684,,,,,,,,,,,,,,,,,,,,,,,,,,,,
VFID2685,,,,,,,,,,,,,,,,,,,,,,,,,,,,
VFID2686,,,,,,,,,,,,,,,,,,,,,,,,,,,,
VFID2687,,,,,,,,,,,,,,,,,,,,,,,,,,,,
VFID2688,,,,,,,,,,,,,,,,,,,,,,,,,,,,
VFID2689,,,,,,,,,,,,,,,,,,,,,,,,,,,,
VFID2690,,,,,,,,,,,,,,,,,,,,,,,,,,,,
VFID2691,,,,,,,,,,,,,,,,,,,,,,,,,,,,
VFID2692,,,,,,,,,,,,,,,,,,,,,,,,,,,,
VFID2693,,,,,,,,,,,,,,,,,,,,,,,,,,,,
VFID2694,,,,,,,,,,,,,,,,,,,,,,,,,,,,
VFID2695,,,,,,,,,,,,,,,,,,,,,,,,,,,,
VFID2696,,,,,,,,,,,,,,,,,,,,,,,,,,,,
VFID2697,,,,,,,,,,,,,,,,,,,,,,,,,,,,
VFID2698,,,,,,,,,,,,,,,,,,,,,,,,,,,,
VFID2699,,,,,,,,,,,,,,,,,,,,,,,,,,,,
VFID2700,,,,,,,,,,,,,,,,,,,,,,,,,,,,
VFID2701,,,,,,,,,,,,,,,,,,,,,,,,,,,,
VFID2702,173.43333333333334,32.633583333333334,This work,4.3,407502501.8704676,52258966.37820119,52258966.37820119,0.480479243407194,0.0826330197464585,467875473.2916176,223663050.60823363,223663050.60823363,This work,8.481582267612955,7.53375386244479,7.53375386244479,1.3444603903372252,0.2295912266559604,0.2295912266559604,0.1557718802017973,0.0556948254890337,0.7688068739632374,0.0489729094706877,0.0,8.610130279444592,0.9390691313746992,0.9390691313746992,8.851625167343704
VFID2703,,,,,,,,,,,,,,,,,,,,,,,,,,,,
VFID2704,,,,,,,,,,,,,,,,,,,,,,,,,,,,
VFID2705,,,,,,,,,,,,,,,,,,,,,,,,,,,,
VFID2706,,,,,,,,,,,,,,,,,,,,,,,,,,,,
VFID2707,,,,,,,,,,,,,,,,,,,,,,,,,,,,
VFID2708,,,,,,,,,,,,,,,,,,,,,,,,,,,,
VFID2709,,,,,,,,,,,,,,,,,,,,,,,,,,,,
VFID2710,,,,,,,,,,,,,,,,,,,,,,,,,,,,
VFID2711,,,,,,,,,,,,,,,,,,,,,,,,,,,,
VFID2712,,,,,,,,,,,,,,,,,,,,,,,,,,,,
VFID2713,,,,,,,,,,,,,,,,,,,,,,,,,,,,
VFID2714,,,,,,,,,,,,,,,,,,,,,,,,,,,,
VFID2715,,,,,,,,,,,,,,,,,,,,,,,,,,,,
VFID2716,,,,,,,,,,,,,,,,,,,,,,,,,,,,
VFID2717,,,,,,,,,,,,,,,,,,,,,,,,,,,,
VFID2718,,,,,,,,,,,,,,,,,,,,,,,,,,,,
VFID2719,,,,,,,,,,,,,,,,,,,,,,,,,,,,
VFID2720,,,,,,,,,,,,,,,,,,,,,,,,,,,,
VFID2721,149.58783333333335,32.36988888888889,This work,4.3,923814268.8465408,17998546.187990334,17998546.187990334,0.4942670873948167,0.0128421239995613,786293464.4494076,362425428.9733591,362425428.9733591,deVaucouleurs1991,8.789091767728587,7.773996285059593,7.773996285059593,1.501387853984465,0.1479306883813554,0.1479306883813554,-0.1429825062458007,0.0084612995872912,0.3289347202048542,0.0419458335005935,0.0,8.96558466589219,0.955289175846708,0.955289175846708,9.187272804435326
VFID2722,,,,,,,,,,,,,,,,,,,,,,,,,,,,
VFID2723,,,,,,,,,,,,,,,,,,,,,,,,,,,,
VFID2724,,,,,,,,,,,,,,,,,,,,,,,,,,,,
VFID2725,,,,,,,,,,,,,,,,,,,,,,,,,,,,
VFID2726,,,,,,,,,,,,,,,,,,,,,,,,,,,,
VFID2727,,,,,,,,,,,,,,,,,,,,,,,,,,,,
VFID2728,,,,,,,,,,,,,,,,,,,,,,,,,,,,
VFID2729,,,,,,,,,,,,,,,,,,,,,,,,,,,,
VFID2730,,,,,,,,,,,,,,,,,,,,,,,,,,,,
VFID2731,,,,,,,,,,,,,,,,,,,,,,,,,,,,
VFID2732,,,,,,,,,,,,,,,,,,,,,,,,,,,,
VFID2733,,,,,,,,,,,,,,,,,,,,,,,,,,,,
VFID2734,,,,,,,,,,,,,,,,,,,,,,,,,,,,
VFID2735,,,,,,,,,,,,,,,,,,,,,,,,,,,,
VFID2736,,,,,,,,,,,,,,,,,,,,,,,,,,,,
VFID2737,,,,,,,,,,,,,,,,,,,,,,,,,,,,
VFID2738,,,,,,,,,,,,,,,,,,,,,,,,,,,,
VFID2739,,,,,,,,,,,,,,,,,,,,,,,,,,,,
VFID2740,,,,,,,,,,,,,,,,,,,,,,,,,,,,
VFID2741,,,,,,,,,,,,,,,,,,,,,,,,,,,,
VFID2742,,,,,,,,,,,,,,,,,,,,,,,,,,,,
VFID2743,,,,,,,,,,,,,,,,,,,,,,,,,,,,
VFID2744,,,,,,,,,,,,,,,,,,,,,,,,,,,,
VFID2745,,,,,,,,,,,,,,,,,,,,,,,,,,,,
VFID2746,,,,,,,,,,,,,,,,,,,,,,,,,,,,
VFID2747,,,,,,,,,,,,,,,,,,,,,,,,,,,,
VFID2748,,,,,,,,,,,,,,,,,,,,,,,,,,,,
VFID2749,,,,,,,,,,,,,,,,,,,,,,,,,,,,
VFID2750,,,,,,,,,,,,,,,,,,,,,,,,,,,,
VFID2751,,,,,,,,,,,,,,,,,,,,,,,,,,,,
VFID2752,,,,,,,,,,,,,,,,,,,,,,,,,,,,
VFID2753,,,,,,,,,,,,,,,,,,,,,,,,,,,,
VFID2754,,,,,,,,,,,,,,,,,,,,,,,,,,,,
VFID2755,,,,,,,,,,,,,,,,,,,,,,,,,,,,
VFID2756,135.0555,31.9984,This work,4.3,19204655.28418065,-1.0,-1.0,-1000.0,-1000.0,175148537.852665,-1.0,-1.0,This work,7.946953746776912,7.1266792904876874,7.1266792904876874,0.2169965201565308,-1.0,-1.0,0.6319956434860821,-1.0,0.4039075426593141,0.0656916023046935,0.0,7.283406516160307,0.9048472316921581,0.9048472316921581,8.032243083200093
VFID2757,,,,,,,,,,,,,,,,,,,,,,,,,,,,
VFID2758,145.879375,31.976999999999997,This work,4.3,39488259.02289691,-1.0,-1.0,-1000.0,-1000.0,12487283934.704931,-1.0,-1.0,This work,7.821577753505569,7.095428086410424,7.095428086410424,0.5955116105952362,-1.0,-1.0,0.699634172868981,-1.0,0.5581714965423537,0.0815895699857381,0.0,7.596467986777407,0.9045084941747753,0.9045084941747753,8.024477722423123
VFID2759,,,,,,,,,,,,,,,,,,,,,,,,,,,,
VFID2760,174.93604166666668,31.931194444444447,This work,4.3,1827123533.528595,166172402.58403042,166172402.58403042,0.4625633447409422,0.0587309707566491,1957798139.2298405,919013428.997104,919013428.997104,Springob2005,10.024265461255624,9.087140220863509,9.087140220863509,0.172783572835532,0.0254113504585471,0.0254113504585471,-0.0503657517543683,0.039498017601184,-0.4106865201490652,0.0501948396169587,0.0,9.261767911400757,0.970171875587036,0.970171875587036,10.093483335438039
VFID2761,145.80004166666666,31.92869444444445,This work,4.3,24502055.23666334,-1.0,-1.0,-1000.0,-1000.0,466877037.6282767,-1.0,-1.0,deVaucouleurs1991,8.20953917146959,7.712791283046411,7.712791283046411,0.1512388418977766,-1.0,-1.0,1.7816996450571194,-1.0,0.8228044652961302,0.1383682419087104,0.0,7.389202514589269,0.9175654809176225,0.9175654809176225,8.27070460540135
VFID2762,,,,,,,,,,,,,,,,,,,,,,,,,,,,
VFID2763,,,,,,,,,,,,,,,,,,,,,,,,,,,,
VFID2764,174.92708333333334,31.909138888888886,This work,4.3,3224652575.8995576,147761274.1032272,147761274.1032272,1.0228455947623818,0.059926187163945,2130506828.997655,985979629.3602515,985979629.3602515,Springob2005,9.772223389589717,8.852448195166856,8.852448195166856,0.5448281531898178,0.0701307502579888,0.0701307502579888,-0.3456807709535656,0.0199004092600964,-0.2542040709114115,0.0522407155456998,0.0,9.508482930599952,0.9813181653480996,0.9813181653480996,9.961103565083722
VFID2765,,,,,,,,,,,,,,,,,,,,,,,,,,,,
VFID2766,,,,,,,,,,,,,,,,,,,,,,,,,,,,
VFID2767,,,,,,,,,,,,,,,,,,,,,,,,,,,,
VFID2768,,,,,,,,,,,,,,,,,,,,,,,,,,,,
VFID2769,,,,,,,,,,,,,,,,,,,,,,,,,,,,
VFID2770,,,,,,,,,,,,,,,,,,,,,,,,,,,,
VFID2771,,,,,,,,,,,,,,,,,,,,,,,,,,,,
VFID2772,145.72595833333332,31.847388888888887,Literature,4.3,1495608485.2128952,263930909.1552168,263930909.1552168,0.1232210109759591,0.0222304222565392,699548646.1413859,344997217.20567787,344997217.20567787,Springob2005,9.40511805175011,8.035733503531125,8.035733503531125,0.5884368590880626,0.1068409723627359,0.1068409723627359,-0.052515760777144,0.0766402026888091,0.0489986472481973,0.018552385634702,0.0,9.174817920423534,0.9660992325931497,0.9660992325931497,9.606088007901226
VFID2773,,,,,,,,,,,,,,,,,,,,,,,,,,,,
VFID2774,,,,,,,,,,,,,,,,,,,,,,,,,,,,
VFID2775,,,,,,,,,,,,,,,,,,,,,,,,,,,,
VFID2776,,,,,,,,,,,,,,,,,,,,,,,,,,,,
VFID2777,,,,,,,,,,,,,,,,,,,,,,,,,,,,
VFID2778,,,,,,,,,,,,,,,,,,,,,,,,,,,,
VFID2779,,,,,,,,,,,,,,,,,,,,,,,,,,,,
VFID2780,,,,,,,,,,,,,,,,,,,,,,,,,,,,
VFID2781,,,,,,,,,,,,,,,,,,,,,,,,,,,,
VFID2782,,,,,,,,,,,,,,,,,,,,,,,,,,,,
VFID2783,,,,,,,,,,,,,,,,,,,,,,,,,,,,
VFID2784,,,,,,,,,,,,,,,,,,,,,,,,,,,,
VFID2785,,,,,,,,,,,,,,,,,,,,,,,,,,,,
VFID2786,,,,,,,,,,,,,,,,,,,,,,,,,,,,
VFID2787,,,,,,,,,,,,,,,,,,,,,,,,,,,,
VFID2788,,,,,,,,,,,,,,,,,,,,,,,,,,,,
VFID2789,,,,,,,,,,,,,,,,,,,,,,,,,,,,
VFID2790,,,,,,,,,,,,,,,,,,,,,,,,,,,,
VFID2791,,,,,,,,,,,,,,,,,,,,,,,,,,,,
VFID2792,,,,,,,,,,,,,,,,,,,,,,,,,,,,
VFID2793,,,,,,,,,,,,,,,,,,,,,,,,,,,,
VFID2794,,,,,,,,,,,,,,,,,,,,,,,,,,,,
VFID2795,186.04583333333332,31.521666666666665,Literature,4.3,65700107.66431522,-1.0,-1.0,-1000.0,-1000.0,827115350.9621918,-1.0,-1.0,deVaucouleurs1991,9.26133417604085,8.763204540596671,8.763204540596671,0.0359941485934344,-1.0,-1.0,0.4380360783974204,-1.0,-0.5556069879253496,0.1379287104563105,0.0,7.817566081248969,0.9673943954240785,0.9673943954240785,9.276691478514968
VFID2796,,,,,,,,,,,,,,,,,,,,,,,,,,,,
VFID2797,,,,,,,,,,,,,,,,,,,,,,,,,,,,
VFID2798,,,,,,,,,,,,,,,,,,,,,,,,,,,,
VFID2799,,,,,,,,,,,,,,,,,,,,,,,,,,,,
VFID2800,,,,,,,,,,,,,,,,,,,,,,,,,,,,
VFID2801,,,,,,,,,,,,,,,,,,,,,,,,,,,,
VFID2802,,,,,,,,,,,,,,,,,,,,,,,,,,,,
VFID2803,,,,,,,,,,,,,,,,,,,,,,,,,,,,
VFID2804,,,,,,,,,,,,,,,,,,,,,,,,,,,,
VFID2805,,,,,,,,,,,,,,,,,,,,,,,,,,,,
VFID2806,,,,,,,,,,,,,,,,,,,,,,,,,,,,
VFID2807,,,,,,,,,,,,,,,,,,,,,,,,,,,,
VFID2808,,,,,,,,,,,,,,,,,,,,,,,,,,,,
VFID2809,,,,,,,,,,,,,,,,,,,,,,,,,,,,
VFID2810,,,,,,,,,,,,,,,,,,,,,,,,,,,,
VFID2811,,,,,,,,,,,,,,,,,,,,,,,,,,,,
VFID2812,,,,,,,,,,,,,,,,,,,,,,,,,,,,
VFID2813,,,,,,,,,,,,,,,,,,,,,,,,,,,,
VFID2814,,,,,,,,,,,,,,,,,,,,,,,,,,,,
VFID2815,,,,,,,,,,,,,,,,,,,,,,,,,,,,
VFID2816,,,,,,,,,,,,,,,,,,,,,,,,,,,,
VFID2817,,,,,,,,,,,,,,,,,,,,,,,,,,,,
VFID2818,,,,,,,,,,,,,,,,,,,,,,,,,,,,
VFID2819,186.6125,31.223333333333333,Literature,4.3,8934470991.477812,1630377918.1528852,1630377918.1528852,-1000.0,-1000.0,3097910332.044524,1534562052.1427782,1534562052.1427782,Springob2005,9.731787583130089,8.322201992005029,8.322201992005029,1.6568426288194695,0.3091512169861344,0.3091512169861344,-0.5452666834534146,0.0792508178655568,-0.7987793460178327,0.0169121460388376,0.0,9.951068843099803,1.0011640276149336,1.0011640276149336,10.156153413995238
VFID2820,,,,,,,,,,,,,,,,,,,,,,,,,,,,
VFID2821,,,,,,,,,,,,,,,,,,,,,,,,,,,,
VFID2822,133.88829166666665,31.2116,This work,4.3,269430905.37817335,39360082.64896138,39360082.64896138,0.6349639537777962,0.1051956843733091,1123174954.128534,542642359.11158,542642359.11158,This work,7.951991739352086,7.216901811694338,7.216901811694338,3.0092319979215163,0.7070831085815066,0.7070831085815066,-0.304445250839974,0.0634443427256679,0.726620119280045,0.0799271603502727,0.0,8.430447410486364,0.9316550361839283,0.9316550361839283,8.555052927182034
VFID2823,,,,,,,,,,,,,,,,,,,,,,,,,,,,
VFID2824,,,,,,,,,,,,,,,,,,,,,,,,,,,,
VFID2825,,,,,,,,,,,,,,,,,,,,,,,,,,,,
VFID2826,,,,,,,,,,,,,,,,,,,,,,,,,,,,
VFID2827,,,,,,,,,,,,,,,,,,,,,,,,,,,,
VFID2828,,,,,,,,,,,,,,,,,,,,,,,,,,,,
VFID2829,,,,,,,,,,,,,,,,,,,,,,,,,,,,
VFID2830,,,,,,,,,,,,,,,,,,,,,,,,,,,,
VFID2831,,,,,,,,,,,,,,,,,,,,,,,,,,,,
VFID2832,,,,,,,,,,,,,,,,,,,,,,,,,,,,
VFID2833,,,,,,,,,,,,,,,,,,,,,,,,,,,,
VFID2834,,,,,,,,,,,,,,,,,,,,,,,,,,,,
VFID2835,132.88358333333335,30.967699999999997,This work,4.3,28513480.123967443,-1.0,-1.0,-1000.0,-1000.0,20325920705.822487,-1.0,-1.0,This work,7.935405821899081,,,,,,0.3530813024835213,-1.0,0.1869258174015504,-1.0,0.0,,,,
VFID2836,,,,,,,,,,,,,,,,,,,,,,,,,,,,
VFID2837,,,,,,,,,,,,,,,,,,,,,,,,,,,,
VFID2838,,,,,,,,,,,,,,,,,,,,,,,,,,,,
VFID2839,,,,,,,,,,,,,,,,,,,,,,,,,,,,
VFID2840,132.88725,30.865361111111113,Literature,4.3,136941488.8860594,-1.0,-1.0,-1000.0,-1000.0,6116951617.01262,-1.0,-1.0,This work,7.661123477058118,7.146310182058833,7.146310182058833,2.9882131207537985,-1.0,-1.0,0.9128671142552632,-1.0,1.3668710041380256,0.1327305873787444,0.0,8.136535045391126,0.9190185446636399,0.9190185446636399,8.261901834996204
VFID2841,,,,,,,,,,,,,,,,,,,,,,,,,,,,
VFID2842,,,,,,,,,,,,,,,,,,,,,,,,,,,,
VFID2843,,,,,,,,,,,,,,,,,,,,,,,,,,,,
VFID2844,,,,,,,,,,,,,,,,,,,,,,,,,,,,
VFID2845,,,,,,,,,,,,,,,,,,,,,,,,,,,,
VFID2846,,,,,,,,,,,,,,,,,,,,,,,,,,,,
VFID2847,,,,,,,,,,,,,,,,,,,,,,,,,,,,
VFID2848,,,,,,,,,,,,,,,,,,,,,,,,,,,,
VFID2849,,,,,,,,,,,,,,,,,,,,,,,,,,,,
VFID2850,,,,,,,,,,,,,,,,,,,,,,,,,,,,
VFID2851,,,,,,,,,,,,,,,,,,,,,,,,,,,,
VFID2852,,,,,,,,,,,,,,,,,,,,,,,,,,,,
VFID2853,,,,,,,,,,,,,,,,,,,,,,,,,,,,
VFID2854,,,,,,,,,,,,,,,,,,,,,,,,,,,,
VFID2855,,,,,,,,,,,,,,,,,,,,,,,,,,,,
VFID2856,,,,,,,,,,,,,,,,,,,,,,,,,,,,
VFID2857,,,,,,,,,,,,,,,,,,,,,,,,,,,,
VFID2858,,,,,,,,,,,,,,,,,,,,,,,,,,,,
VFID2859,,,,,,,,,,,,,,,,,,,,,,,,,,,,
VFID2860,,,,,,,,,,,,,,,,,,,,,,,,,,,,
VFID2861,,,,,,,,,,,,,,,,,,,,,,,,,,,,
VFID2862,,,,,,,,,,,,,,,,,,,,,,,,,,,,
VFID2863,,,,,,,,,,,,,,,,,,,,,,,,,,,,
VFID2864,,,,,,,,,,,,,,,,,,,,,,,,,,,,
VFID2865,,,,,,,,,,,,,,,,,,,,,,,,,,,,
VFID2866,,,,,,,,,,,,,,,,,,,,,,,,,,,,
VFID2867,,,,,,,,,,,,,,,,,,,,,,,,,,,,
VFID2868,,,,,,,,,,,,,,,,,,,,,,,,,,,,
VFID2869,,,,,,,,,,,,,,,,,,,,,,,,,,,,
VFID2870,,,,,,,,,,,,,,,,,,,,,,,,,,,,
VFID2871,,,,,,,,,,,,,,,,,,,,,,,,,,,,
VFID2872,,,,,,,,,,,,,,,,,,,,,,,,,,,,
VFID2873,,,,,,,,,,,,,,,,,,,,,,,,,,,,
VFID2874,,,,,,,,,,,,,,,,,,,,,,,,,,,,
VFID2875,,,,,,,,,,,,,,,,,,,,,,,,,,,,
VFID2876,,,,,,,,,,,,,,,,,,,,,,,,,,,,
VFID2877,,,,,,,,,,,,,,,,,,,,,,,,,,,,
VFID2878,,,,,,,,,,,,,,,,,,,,,,,,,,,,
VFID2879,,,,,,,,,,,,,,,,,,,,,,,,,,,,
VFID2880,,,,,,,,,,,,,,,,,,,,,,,,,,,,
VFID2881,188.4625,30.27722222222222,Literature,4.3,107932353.78062294,35977451.260207646,35977451.260207646,-1000.0,-1000.0,1239229228.6990502,704496133.182609,704496133.182609,Springob2005,8.631445842598902,7.785942488059749,7.785942488059749,0.252177192633686,-1.0,-1.0,0.3601505114212155,0.1447648273010839,0.1274690276430004,0.0619841937791021,0.0,8.033151648225173,0.9409812173811196,0.9409812173811196,8.72911163180719
VFID2882,,,,,,,,,,,,,,,,,,,,,,,,,,,,
VFID2883,,,,,,,,,,,,,,,,,,,,,,,,,,,,
VFID2884,,,,,,,,,,,,,,,,,,,,,,,,,,,,
VFID2885,,,,,,,,,,,,,,,,,,,,,,,,,,,,
VFID2886,,,,,,,,,,,,,,,,,,,,,,,,,,,,
VFID2887,,,,,,,,,,,,,,,,,,,,,,,,,,,,
VFID2888,,,,,,,,,,,,,,,,,,,,,,,,,,,,
VFID2889,,,,,,,,,,,,,,,,,,,,,,,,,,,,
VFID2890,,,,,,,,,,,,,,,,,,,,,,,,,,,,
VFID2891,131.03199999999998,30.1191,This work,4.3,960606217.39497,161348900.895258,161348900.895258,0.3574308280496147,0.0824743494394963,5656468764.081597,2772756923.4394593,2772756923.4394593,Springob2005,9.884451609727048,9.050495650344615,9.050495650344615,0.1253411813086199,0.0279415658523534,0.0279415658523534,0.0749567664215344,0.0729465789946615,-0.0809374235594333,0.0636543887197074,0.0,8.982545393224855,0.9583369108241525,0.9583369108241525,9.935735821681805
VFID2892,,,,,,,,,,,,,,,,,,,,,,,,,,,,
VFID2893,,,,,,,,,,,,,,,,,,,,,,,,,,,,
VFID2894,,,,,,,,,,,,,,,,,,,,,,,,,,,,
VFID2895,,,,,,,,,,,,,,,,,,,,,,,,,,,,
VFID2896,,,,,,,,,,,,,,,,,,,,,,,,,,,,
VFID2897,,,,,,,,,,,,,,,,,,,,,,,,,,,,
VFID2898,,,,,,,,,,,,,,,,,,,,,,,,,,,,
VFID2899,,,,,,,,,,,,,,,,,,,,,,,,,,,,
VFID2900,,,,,,,,,,,,,,,,,,,,,,,,,,,,
VFID2901,,,,,,,,,,,,,,,,,,,,,,,,,,,,
VFID2902,,,,,,,,,,,,,,,,,,,,,,,,,,,,
VFID2903,,,,,,,,,,,,,,,,,,,,,,,,,,,,
VFID2904,,,,,,,,,,,,,,,,,,,,,,,,,,,,
VFID2905,,,,,,,,,,,,,,,,,,,,,,,,,,,,
VFID2906,,,,,,,,,,,,,,,,,,,,,,,,,,,,
VFID2907,,,,,,,,,,,,,,,,,,,,,,,,,,,,
VFID2908,,,,,,,,,,,,,,,,,,,,,,,,,,,,
VFID2909,185.6291666666667,29.895833333333332,Literature,4.3,471066428.78271824,5888330.359783978,5888330.359783978,0.1593810836538179,0.0028826590456056,1422597872.0260038,655371824.6941594,655371824.6941594,Springob2005,6.958306533353758,6.310489051465121,6.310489051465121,51.853206966300455,11.684962282140177,11.684962282140177,0.6274200049176617,0.0054286810237906,2.106527652814176,0.0977162584282316,0.0,8.673082154728727,0.9441441691759638,0.9441441691759638,8.681377877419392
VFID2910,,,,,,,,,,,,,,,,,,,,,,,,,,,,
VFID2911,,,,,,,,,,,,,,,,,,,,,,,,,,,,
VFID2912,,,,,,,,,,,,,,,,,,,,,,,,,,,,
VFID2913,,,,,,,,,,,,,,,,,,,,,,,,,,,,
VFID2914,,,,,,,,,,,,,,,,,,,,,,,,,,,,
VFID2915,,,,,,,,,,,,,,,,,,,,,,,,,,,,
VFID2916,,,,,,,,,,,,,,,,,,,,,,,,,,,,
VFID2917,,,,,,,,,,,,,,,,,,,,,,,,,,,,
VFID2918,,,,,,,,,,,,,,,,,,,,,,,,,,,,
VFID2919,,,,,,,,,,,,,,,,,,,,,,,,,,,,
VFID2920,,,,,,,,,,,,,,,,,,,,,,,,,,,,
VFID2921,,,,,,,,,,,,,,,,,,,,,,,,,,,,
VFID2922,,,,,,,,,,,,,,,,,,,,,,,,,,,,
VFID2923,,,,,,,,,,,,,,,,,,,,,,,,,,,,
VFID2924,,,,,,,,,,,,,,,,,,,,,,,,,,,,
VFID2925,,,,,,,,,,,,,,,,,,,,,,,,,,,,
VFID2926,,,,,,,,,,,,,,,,,,,,,,,,,,,,
VFID2927,,,,,,,,,,,,,,,,,,,,,,,,,,,,
VFID2928,,,,,,,,,,,,,,,,,,,,,,,,,,,,
VFID2929,194.45808333333332,29.654194444444443,This work,4.3,30371661.629196264,6452902.612435467,6452902.612435467,1.2899935474894249,-1.0,191632229.69008657,97189308.80843665,97189308.80843665,Springob2005,9.008150134878196,8.079461729911259,8.079461729911259,0.0298070103155168,0.0072418567474592,0.0072418567474592,0.6354336068901185,0.0922721987046568,-0.0965354248131102,0.0511794843993731,0.0,7.48246855275627,0.8800290108862945,0.8800290108862945,9.0209059787988
VFID2930,,,,,,,,,,,,,,,,,,,,,,,,,,,,
VFID2931,,,,,,,,,,,,,,,,,,,,,,,,,,,,
VFID2932,,,,,,,,,,,,,,,,,,,,,,,,,,,,
VFID2933,,,,,,,,,,,,,,,,,,,,,,,,,,,,
VFID2934,,,,,,,,,,,,,,,,,,,,,,,,,,,,
VFID2935,,,,,,,,,,,,,,,,,,,,,,,,,,,,
VFID2936,,,,,,,,,,,,,,,,,,,,,,,,,,,,
VFID2937,,,,,,,,,,,,,,,,,,,,,,,,,,,,
VFID2938,,,,,,,,,,,,,,,,,,,,,,,,,,,,
VFID2939,,,,,,,,,,,,,,,,,,,,,,,,,,,,
VFID2940,,,,,,,,,,,,,,,,,,,,,,,,,,,,
VFID2941,,,,,,,,,,,,,,,,,,,,,,,,,,,,
VFID2942,142.57066666666668,29.540000000000003,This work,4.3,519068575.3341965,15920259.732244505,15920259.732244505,0.859719253934277,0.0320585558475874,556191999.2127725,256703320.11649695,256703320.11649695,deVaucouleurs1991,8.928691432255263,7.913384315411279,7.913384315411279,0.6116927104262362,0.0619595270751327,0.0619595270751327,-0.3462225776276426,0.0133201686265225,-0.4101021822070905,0.0419253980365476,0.0,8.715224737274031,0.9431036511289342,0.9431036511289342,9.13597367388824
VFID2943,128.346375,29.5388,This work,4.3,157391899.96383196,24806961.221576966,24806961.221576966,0.8112124432578809,0.1745319765836205,146886667.55185595,71495896.88946487,71495896.88946487,deVaucouleurs1991,9.579731082168136,8.886626408603561,8.886626408603561,0.0414239296798892,0.0106369133274556,0.0106369133274556,0.5203197816330629,0.0684503228806218,-0.482227196842258,0.0880399196936134,0.0,8.196982378013326,0.920118360436504,0.920118360436504,9.597358634774691
VFID2944,,,,,,,,,,,,,,,,,,,,,,,,,,,,
VFID2945,172.0025,29.51105555555555,This work,4.3,144313529.66875613,19289828.424941897,19289828.424941897,0.363940820697105,0.0695049515982117,274983761.8544385,131861109.08416907,131861109.08416907,deVaucouleurs1991,9.21232280238128,8.197409938711065,8.197409938711065,0.0885083504045971,0.0145979541211627,0.0145979541211627,0.8657951107078663,0.0580504548744779,-0.0135699568643818,0.0419634752556306,0.0,8.159307048938523,0.9156780717035203,0.9156780717035203,9.249154567426494
VFID2946,,,,,,,,,,,,,,,,,,,,,,,,,,,,
VFID2947,,,,,,,,,,,,,,,,,,,,,,,,,,,,
VFID2948,157.33308333333332,29.491833333333336,This work,4.3,187693058.37911743,60733476.412477106,60733476.412477106,0.4747439922110767,0.2470496357710757,493683043.75554395,277860282.13913244,277860282.13913244,Springob2005,10.220775954929833,9.007773784490562,9.007773784490562,0.0112894362649727,0.0037178578435809,0.0037178578435809,0.678753948630753,0.1405284452207247,-0.608088608690343,0.0265939067051347,0.0,8.273448211015634,0.9242233712617072,0.9242233712617072,10.225651425637498
VFID2949,,,,,,,,,,,,,,,,,,,,,,,,,,,,
VFID2950,,,,,,,,,,,,,,,,,,,,,,,,,,,,
VFID2951,,,,,,,,,,,,,,,,,,,,,,,,,,,,
VFID2952,,,,,,,,,,,,,,,,,,,,,,,,,,,,
VFID2953,,,,,,,,,,,,,,,,,,,,,,,,,,,,
VFID2954,,,,,,,,,,,,,,,,,,,,,,,,,,,,
VFID2955,,,,,,,,,,,,,,,,,,,,,,,,,,,,
VFID2956,,,,,,,,,,,,,,,,,,,,,,,,,,,,
VFID2957,,,,,,,,,,,,,,,,,,,,,,,,,,,,
VFID2958,,,,,,,,,,,,,,,,,,,,,,,,,,,,
VFID2959,,,,,,,,,,,,,,,,,,,,,,,,,,,,
VFID2960,,,,,,,,,,,,,,,,,,,,,,,,,,,,
VFID2961,,,,,,,,,,,,,,,,,,,,,,,,,,,,
VFID2962,,,,,,,,,,,,,,,,,,,,,,,,,,,,
VFID2963,,,,,,,,,,,,,,,,,,,,,,,,,,,,
VFID2964,,,,,,,,,,,,,,,,,,,,,,,,,,,,
VFID2965,,,,,,,,,,,,,,,,,,,,,,,,,,,,
VFID2966,,,,,,,,,,,,,,,,,,,,,,,,,,,,
VFID2967,,,,,,,,,,,,,,,,,,,,,,,,,,,,
VFID2968,148.03395833333337,29.236222222222224,Literature,4.3,607606350.8193574,19600204.865140557,19600204.865140557,0.5015684875677248,0.0217948868696074,2106795123.9806004,972592350.3001688,972592350.3001688,Lucero_Young2013,7.854500069253591,6.8264713456533475,6.8264713456533475,8.494195165985868,0.8421533043457898,0.8421533043457898,0.0227798551018079,0.0140094994162339,0.7549346431810235,0.0407151076784298,0.0,8.783622304544581,0.946411623409535,0.946411623409535,8.831958224236473
VFID2969,,,,,,,,,,,,,,,,,,,,,,,,,,,,
VFID2970,,,,,,,,,,,,,,,,,,,,,,,,,,,,
VFID2971,,,,,,,,,,,,,,,,,,,,,,,,,,,,
VFID2972,,,,,,,,,,,,,,,,,,,,,,,,,,,,
VFID2973,,,,,,,,,,,,,,,,,,,,,,,,,,,,
VFID2974,,,,,,,,,,,,,,,,,,,,,,,,,,,,
VFID2975,209.23333333333335,29.16436111111111,This work,4.3,535641176.6899204,78060429.13113977,78060429.13113977,1.7401718463959002,0.3183345329689224,1227083045.169406,592712791.9888505,592712791.9888505,Tang2008,9.665341032614881,8.475861576141847,8.475861576141847,0.115753177843519,0.018454090166515,0.018454090166515,0.4582282042230741,0.0632909027572371,-0.1048634500316421,0.028074036151603,0.0,8.728873955423316,0.9443747692227561,0.9443747692227561,9.71290916506936
VFID2976,,,,,,,,,,,,,,,,,,,,,,,,,,,,
VFID2977,,,,,,,,,,,,,,,,,,,,,,,,,,,,
VFID2978,144.03133333333332,29.11191666666667,Literature,4.3,27542092.658107016,-1.0,-1.0,-1000.0,-1000.0,870957443.2701936,-1.0,-1.0,This work,7.934559954828827,7.0205499884287255,7.0205499884287255,0.3202115406880393,-1.0,-1.0,0.4997052246208762,-1.0,0.6339028891708507,0.0529388307511864,0.0,7.439996935025513,0.9060900167459695,0.9060900167459695,8.055203479665561
VFID2979,,,,,,,,,,,,,,,,,,,,,,,,,,,,
VFID2980,,,,,,,,,,,,,,,,,,,,,,,,,,,,
VFID2981,,,,,,,,,,,,,,,,,,,,,,,,,,,,
VFID2982,,,,,,,,,,,,,,,,,,,,,,,,,,,,
VFID2983,,,,,,,,,,,,,,,,,,,,,,,,,,,,
VFID2984,,,,,,,,,,,,,,,,,,,,,,,,,,,,
VFID2985,,,,,,,,,,,,,,,,,,,,,,,,,,,,
VFID2986,,,,,,,,,,,,,,,,,,,,,,,,,,,,
VFID2987,,,,,,,,,,,,,,,,,,,,,,,,,,,,
VFID2988,,,,,,,,,,,,,,,,,,,,,,,,,,,,
VFID2989,,,,,,,,,,,,,,,,,,,,,,,,,,,,
VFID2990,,,,,,,,,,,,,,,,,,,,,,,,,,,,
VFID2991,,,,,,,,,,,,,,,,,,,,,,,,,,,,
VFID2992,,,,,,,,,,,,,,,,,,,,,,,,,,,,
VFID2993,,,,,,,,,,,,,,,,,,,,,,,,,,,,
VFID2994,151.57545833333333,28.944555555555556,This work,4.3,17927321.884312652,4768740.986473111,4768740.986473111,0.5160187861591042,0.1988792948701954,149112968.56267333,79301481.72932936,79301481.72932936,deVaucouleurs1991,8.141026583114094,7.446974016081356,7.446974016081356,0.1295653382525557,-1.0,-1.0,0.6780867433544868,0.1155241094802569,-0.0567573330663968,0.0878479728404714,0.0,7.2535154162919016,0.9134996665599877,0.9134996665599877,8.193937940302161
VFID2995,193.66925,28.938666666666663,This work,4.3,2729045632.55952,57681802.248128526,57681802.248128526,0.5871962547617869,0.0231664306321711,463458442.27726513,213655179.1601789,213655179.1601789,Springob2005,9.805851372118,8.800039165908402,8.800039165908402,0.4267361409361075,0.0430615243781852,0.0430615243781852,-0.2165086379520922,0.0091793585727264,-0.5666269696772979,0.0428520995437772,0.0,9.436010797598481,0.9774193579634741,0.9774193579634741,9.960195034699286
VFID2996,,,,,,,,,,,,,,,,,,,,,,,,,,,,
VFID2997,,,,,,,,,,,,,,,,,,,,,,,,,,,,
VFID2998,,,,,,,,,,,,,,,,,,,,,,,,,,,,
VFID2999,,,,,,,,,,,,,,,,,,,,,,,,,,,,
VFID3000,,,,,,,,,,,,,,,,,,,,,,,,,,,,
VFID3001,,,,,,,,,,,,,,,,,,,,,,,,,,,,
VFID3002,,,,,,,,,,,,,,,,,,,,,,,,,,,,
VFID3003,157.77820833333334,28.796666666666667,Literature,4.3,228362648.0830815,-1.0,-1.0,-1000.0,-1000.0,455643385.8666729,-1.0,-1.0,deVaucouleurs1991,8.32970171061485,7.832723535307449,7.832723535307449,1.0688662391518484,-1.0,-1.0,-0.1435229107768982,-1.0,-0.0168811521537968,0.138294890885393,0.0,8.358625070423287,0.9373725465837633,0.9373725465837633,8.645434123235086
VFID3004,,,,,,,,,,,,,,,,,,,,,,,,,,,,
VFID3005,,,,,,,,,,,,,,,,,,,,,,,,,,,,
VFID3006,,,,,,,,,,,,,,,,,,,,,,,,,,,,
VFID3007,,,,,,,,,,,,,,,,,,,,,,,,,,,,
VFID3008,,,,,,,,,,,,,,,,,,,,,,,,,,,,
VFID3009,,,,,,,,,,,,,,,,,,,,,,,,,,,,
VFID3010,,,,,,,,,,,,,,,,,,,,,,,,,,,,
VFID3011,,,,,,,,,,,,,,,,,,,,,,,,,,,,
VFID3012,,,,,,,,,,,,,,,,,,,,,,,,,,,,
VFID3013,,,,,,,,,,,,,,,,,,,,,,,,,,,,
VFID3014,,,,,,,,,,,,,,,,,,,,,,,,,,,,
VFID3015,,,,,,,,,,,,,,,,,,,,,,,,,,,,
VFID3016,,,,,,,,,,,,,,,,,,,,,,,,,,,,
VFID3017,,,,,,,,,,,,,,,,,,,,,,,,,,,,
VFID3018,,,,,,,,,,,,,,,,,,,,,,,,,,,,
VFID3019,156.75470833333333,28.639333333333333,This work,4.3,58731844.05089733,-1.0,-1.0,-1000.0,-1000.0,1199150345.5913043,-1.0,-1.0,Springob2005,9.22603568278889,8.211216724230928,8.211216724230928,0.0349010067032048,-1.0,-1.0,0.4543285226965654,-1.0,0.1906305931379872,0.041972549768605,0.0,7.768873636949823,0.9657160037884301,0.9657160037884301,9.240934492196622
VFID3020,,,,,,,,,,,,,,,,,,,,,,,,,,,,
VFID3021,,,,,,,,,,,,,,,,,,,,,,,,,,,,
VFID3022,187.06249999999997,28.62027777777778,Literature,4.3,504511042.8109754,56686634.023705095,56686634.023705095,-1000.0,-1000.0,2647711590.4559226,1255083978.9462717,1255083978.9462717,Springob2005,8.510785478440756,7.739030433241909,7.739030433241909,1.556270904599182,0.316014315593886,0.316014315593886,0.387031483068732,0.0487971327981181,0.4896850386979139,0.0734563367017369,0.0,8.702870676577657,0.9447151567837111,0.9447151567837111,8.918392355367702
VFID3023,,,,,,,,,,,,,,,,,,,,,,,,,,,,
VFID3024,,,,,,,,,,,,,,,,,,,,,,,,,,,,
VFID3025,,,,,,,,,,,,,,,,,,,,,,,,,,,,
VFID3026,,,,,,,,,,,,,,,,,,,,,,,,,,,,
VFID3027,,,,,,,,,,,,,,,,,,,,,,,,,,,,
VFID3028,,,,,,,,,,,,,,,,,,,,,,,,,,,,
VFID3029,,,,,,,,,,,,,,,,,,,,,,,,,,,,
VFID3030,,,,,,,,,,,,,,,,,,,,,,,,,,,,
VFID3031,,,,,,,,,,,,,,,,,,,,,,,,,,,,
VFID3032,147.73079166666668,28.5511,This work,4.3,68461590.36686103,14114876.64461995,14114876.64461995,0.3678809631892465,-1.0,431963432.5676542,217952371.25461775,217952371.25461775,deVaucouleurs1991,9.203376045065967,8.195659950286798,8.195659950286798,0.0428618526097736,0.0097888322386554,0.0097888322386554,0.5092551760404183,0.0895394484214432,0.0070501706964307,0.0426646528762817,0.0,7.83544698360597,0.8993758659400537,0.8993758659400537,9.221602826528978
VFID3033,,,,,,,,,,,,,,,,,,,,,,,,,,,,
VFID3034,,,,,,,,,,,,,,,,,,,,,,,,,,,,
VFID3035,,,,,,,,,,,,,,,,,,,,,,,,,,,,
VFID3036,158.23104166666667,28.51172222222222,Literature,4.3,1019043943.432574,339681314.4775246,339681314.4775246,-1000.0,-1000.0,6889582613.310728,3916696118.776158,3916696118.776158,Springob2005,8.852344399961023,7.979587091478888,7.979587091478888,1.431688419810979,-1.0,-1.0,0.0493092474959038,0.1447648273010839,0.4119097862066212,0.0582139411912869,0.0,9.008192912150486,0.9657424283351529,0.9657424283351529,9.238252326554429
VFID3037,156.826625,28.507444444444445,Literature,4.3,102139600.41115545,31641071.86649924,31641071.86649924,0.7432256562018886,-1000.0,330517268.1437675,183441904.26726323,183441904.26726323,Huchtmeier_Richter19,7.878367926348306,,,1.3515316740463392,-2.0,-2.0,1.3156080051631864,0.134536877546116,1.4367921001335755,-1.0,0.0,8.009194154483202,0.9244659540209,0.9244659540209,8.249718759216032
VFID3038,,,,,,,,,,,,,,,,,,,,,,,,,,,,
VFID3039,,,,,,,,,,,,,,,,,,,,,,,,,,,,
VFID3040,,,,,,,,,,,,,,,,,,,,,,,,,,,,
VFID3041,128.82100000000003,28.475199999999997,This work,4.3,714432666.8086692,26831426.200402748,26831426.200402748,0.3104661280347471,0.0244611396840253,529616252.6251926,244707009.00677937,244707009.00677937,Springob2005,8.901506987536644,8.025400490230295,8.025400490230295,0.8963018989316075,0.12388073802148,0.12388073802148,0.3007408555766524,0.0163104808637619,0.4084517356328732,0.0577667339711056,0.0,8.853961304069736,0.950859840051621,0.950859840051621,9.17941446748103
VFID3042,,,,,,,,,,,,,,,,,,,,,,,,,,,,
VFID3043,,,,,,,,,,,,,,,,,,,,,,,,,,,,
VFID3044,,,,,,,,,,,,,,,,,,,,,,,,,,,,
VFID3045,,,,,,,,,,,,,,,,,,,,,,,,,,,,
VFID3046,,,,,,,,,,,,,,,,,,,,,,,,,,,,
VFID3047,,,,,,,,,,,,,,,,,,,,,,,,,,,,
VFID3048,,,,,,,,,,,,,,,,,,,,,,,,,,,,
VFID3049,,,,,,,,,,,,,,,,,,,,,,,,,,,,
VFID3050,,,,,,,,,,,,,,,,,,,,,,,,,,,,
VFID3051,175.103625,28.37397222222222,This work,4.3,89882524.52049991,20453671.825145368,20453671.825145368,0.4070695920637991,0.1097223799154498,357828775.1906156,183806823.7381902,183806823.7381902,deVaucouleurs1991,8.909301508895318,8.41205280033372,8.41205280033372,0.1107576552215116,-1.0,-1.0,0.5206268977470341,0.0988280742636982,-0.2287322588473372,0.1382087702507288,0.0,7.953675261899354,0.9520735222051165,0.9520735222051165,8.954920823929093
VFID3052,,,,,,,,,,,,,,,,,,,,,,,,,,,,
VFID3053,,,,,,,,,,,,,,,,,,,,,,,,,,,,
VFID3054,,,,,,,,,,,,,,,,,,,,,,,,,,,,
VFID3055,,,,,,,,,,,,,,,,,,,,,,,,,,,,
VFID3056,,,,,,,,,,,,,,,,,,,,,,,,,,,,
VFID3057,,,,,,,,,,,,,,,,,,,,,,,,,,,,
VFID3058,,,,,,,,,,,,,,,,,,,,,,,,,,,,
VFID3059,,,,,,,,,,,,,,,,,,,,,,,,,,,,
VFID3060,,,,,,,,,,,,,,,,,,,,,,,,,,,,
VFID3061,,,,,,,,,,,,,,,,,,,,,,,,,,,,
VFID3062,200.73529166666668,28.31641666666667,This work,4.3,100133191.08963194,18885223.604469445,18885223.604469445,0.7678468197920014,0.2774277894209612,309441143.06730014,153990509.8443994,153990509.8443994,Springob2005,9.720849473236122,8.801099573006155,8.801099573006155,0.0190427025380019,0.0042598404724573,0.0042598404724573,0.3927241029683266,0.0819083893330485,-0.4572377636453417,0.0522437582397056,0.0,8.000578056678062,0.9084245984475962,0.9084245984475962,9.729041856543866
VFID3063,,,,,,,,,,,,,,,,,,,,,,,,,,,,
VFID3064,,,,,,,,,,,,,,,,,,,,,,,,,,,,
VFID3065,,,,,,,,,,,,,,,,,,,,,,,,,,,,
VFID3066,,,,,,,,,,,,,,,,,,,,,,,,,,,,
VFID3067,,,,,,,,,,,,,,,,,,,,,,,,,,,,
VFID3068,,,,,,,,,,,,,,,,,,,,,,,,,,,,
VFID3069,,,,,,,,,,,,,,,,,,,,,,,,,,,,
VFID3070,,,,,,,,,,,,,,,,,,,,,,,,,,,,
VFID3071,,,,,,,,,,,,,,,,,,,,,,,,,,,,
VFID3072,,,,,,,,,,,,,,,,,,,,,,,,,,,,
VFID3073,,,,,,,,,,,,,,,,,,,,,,,,,,,,
VFID3074,,,,,,,,,,,,,,,,,,,,,,,,,,,,
VFID3075,,,,,,,,,,,,,,,,,,,,,,,,,,,,
VFID3076,126.44829166666666,28.118,This work,4.3,60495123.9817099,-1.0,-1.0,-1000.0,-1000.0,1179560908.0743048,-1.0,-1.0,Springob2005,9.33080814193109,8.615501341319545,8.615501341319545,0.0282430912509132,-1.0,-1.0,0.4657817885175088,-1.0,-0.338744945068349,0.0836522276539168,0.0,7.78172037112888,0.9704821742391612,0.9704821742391612,9.342903942104343
VFID3077,,,,,,,,,,,,,,,,,,,,,,,,,,,,
VFID3078,,,,,,,,,,,,,,,,,,,,,,,,,,,,
VFID3079,,,,,,,,,,,,,,,,,,,,,,,,,,,,
VFID3080,,,,,,,,,,,,,,,,,,,,,,,,,,,,
VFID3081,,,,,,,,,,,,,,,,,,,,,,,,,,,,
VFID3082,,,,,,,,,,,,,,,,,,,,,,,,,,,,
VFID3083,,,,,,,,,,,,,,,,,,,,,,,,,,,,
VFID3084,,,,,,,,,,,,,,,,,,,,,,,,,,,,
VFID3085,,,,,,,,,,,,,,,,,,,,,,,,,,,,
VFID3086,,,,,,,,,,,,,,,,,,,,,,,,,,,,
VFID3087,,,,,,,,,,,,,,,,,,,,,,,,,,,,
VFID3088,,,,,,,,,,,,,,,,,,,,,,,,,,,,
VFID3089,,,,,,,,,,,,,,,,,,,,,,,,,,,,
VFID3090,,,,,,,,,,,,,,,,,,,,,,,,,,,,
VFID3091,,,,,,,,,,,,,,,,,,,,,,,,,,,,
VFID3092,,,,,,,,,,,,,,,,,,,,,,,,,,,,
VFID3093,165.79670833333333,27.972499999999997,Literature,4.3,2642693724.2835565,317670525.8151963,317670525.8151963,-1000.0,-1000.0,356489574.4116419,169670189.31607836,169670189.31607836,deVaucouleurs1991,8.670046456616674,7.65330498190005,7.65330498190005,5.649374648986064,0.8698522156376852,0.8698522156376852,-0.3078446737232596,0.052205276440896,0.5507778573979376,0.0417871581327078,0.0,9.422046833369647,0.9774722973570205,0.9774722973570205,9.492827259925027
VFID3094,,,,,,,,,,,,,,,,,,,,,,,,,,,,
VFID3095,188.9875,27.959722222222226,Literature,4.3,557891277.0967263,74385503.61289684,74385503.61289684,-1000.0,-1000.0,844402617.8541917,404832455.4635423,404832455.4635423,Springob2005,9.7386329167272,8.65182519954772,8.65182519954772,0.1018395928428826,0.0159347426153632,0.0159347426153632,-0.0211474114101992,0.0579059309204335,-0.2774391726338709,0.0355612152681232,0.0,8.746549571056589,0.9453296174200019,0.9453296174200019,9.78075129072225
VFID3096,,,,,,,,,,,,,,,,,,,,,,,,,,,,
VFID3097,,,,,,,,,,,,,,,,,,,,,,,,,,,,
VFID3098,,,,,,,,,,,,,,,,,,,,,,,,,,,,
VFID3099,,,,,,,,,,,,,,,,,,,,,,,,,,,,
VFID3100,,,,,,,,,,,,,,,,,,,,,,,,,,,,
VFID3101,,,,,,,,,,,,,,,,,,,,,,,,,,,,
VFID3102,,,,,,,,,,,,,,,,,,,,,,,,,,,,
VFID3103,126.435375,27.8745,This work,4.3,208714797.97977647,34858649.50552287,34858649.50552287,0.6724441201919725,0.1314534452699928,1022240873.3925866,500762584.3676209,500762584.3676209,deVaucouleurs1991,8.373294409807933,7.87633102881444,7.87633102881444,0.883606357706041,-1.0,-1.0,0.0899489178012142,0.0725339998571399,0.8286603361185616,0.1382996020041423,0.0,8.319553241845174,0.9373748031968583,0.9373748031968583,8.648284557448225
VFID3104,,,,,,,,,,,,,,,,,,,,,,,,,,,,
VFID3105,,,,,,,,,,,,,,,,,,,,,,,,,,,,
VFID3106,,,,,,,,,,,,,,,,,,,,,,,,,,,,
VFID3107,,,,,,,,,,,,,,,,,,,,,,,,,,,,
VFID3108,,,,,,,,,,,,,,,,,,,,,,,,,,,,
VFID3109,,,,,,,,,,,,,,,,,,,,,,,,,,,,
VFID3110,,,,,,,,,,,,,,,,,,,,,,,,,,,,
VFID3111,,,,,,,,,,,,,,,,,,,,,,,,,,,,
VFID3112,,,,,,,,,,,,,,,,,,,,,,,,,,,,
VFID3113,,,,,,,,,,,,,,,,,,,,,,,,,,,,
VFID3114,,,,,,,,,,,,,,,,,,,,,,,,,,,,
VFID3115,,,,,,,,,,,,,,,,,,,,,,,,,,,,
VFID3116,196.44820833333335,27.73413888888889,This work,4.3,382204303.6140554,41184950.98808404,41184950.98808404,0.4979654220990146,0.0863476047007409,679666043.5451398,321452121.25049895,321452121.25049895,Springob2005,9.801038498519686,8.824219808388811,8.824219808388811,0.0604306233914559,0.0091124171301438,0.0091124171301438,-0.0188934132487279,0.0467979998719276,-0.7152267889283852,0.0458105621554681,0.0,8.582295572895115,0.9372999825416692,0.9372999825416692,9.826520759430883
VFID3117,,,,,,,,,,,,,,,,,,,,,,,,,,,,
VFID3118,,,,,,,,,,,,,,,,,,,,,,,,,,,,
VFID3119,128.4272916666667,27.7122,This work,4.3,65626375.37673882,-1.0,-1.0,-1000.0,-1000.0,475421062.5228947,-1.0,-1.0,This work,8.582198053818505,7.496259477909904,7.496259477909904,0.1717435218517841,-1.0,-1.0,0.2522237413311341,-1.0,0.4662428399237512,0.0356324541835045,0.0,7.817078418315255,0.937069695995853,0.937069695995853,8.651030614959504
VFID3120,,,,,,,,,,,,,,,,,,,,,,,,,,,,
VFID3121,,,,,,,,,,,,,,,,,,,,,,,,,,,,
VFID3122,,,,,,,,,,,,,,,,,,,,,,,,,,,,
VFID3123,,,,,,,,,,,,,,,,,,,,,,,,,,,,
VFID3124,,,,,,,,,,,,,,,,,,,,,,,,,,,,
VFID3125,,,,,,,,,,,,,,,,,,,,,,,,,,,,
VFID3126,,,,,,,,,,,,,,,,,,,,,,,,,,,,
VFID3127,,,,,,,,,,,,,,,,,,,,,,,,,,,,
VFID3128,,,,,,,,,,,,,,,,,,,,,,,,,,,,
VFID3129,,,,,,,,,,,,,,,,,,,,,,,,,,,,
VFID3130,,,,,,,,,,,,,,,,,,,,,,,,,,,,
VFID3131,,,,,,,,,,,,,,,,,,,,,,,,,,,,
VFID3132,,,,,,,,,,,,,,,,,,,,,,,,,,,,
VFID3133,,,,,,,,,,,,,,,,,,,,,,,,,,,,
VFID3134,,,,,,,,,,,,,,,,,,,,,,,,,,,,
VFID3135,,,,,,,,,,,,,,,,,,,,,,,,,,,,
VFID3136,,,,,,,,,,,,,,,,,,,,,,,,,,,,
VFID3137,,,,,,,,,,,,,,,,,,,,,,,,,,,,
VFID3138,,,,,,,,,,,,,,,,,,,,,,,,,,,,
VFID3139,,,,,,,,,,,,,,,,,,,,,,,,,,,,
VFID3140,,,,,,,,,,,,,,,,,,,,,,,,,,,,
VFID3141,,,,,,,,,,,,,,,,,,,,,,,,,,,,
VFID3142,,,,,,,,,,,,,,,,,,,,,,,,,,,,
VFID3143,,,,,,,,,,,,,,,,,,,,,,,,,,,,
VFID3144,,,,,,,,,,,,,,,,,,,,,,,,,,,,
VFID3145,,,,,,,,,,,,,,,,,,,,,,,,,,,,
VFID3146,,,,,,,,,,,,,,,,,,,,,,,,,,,,
VFID3147,,,,,,,,,,,,,,,,,,,,,,,,,,,,
VFID3148,,,,,,,,,,,,,,,,,,,,,,,,,,,,
VFID3149,,,,,,,,,,,,,,,,,,,,,,,,,,,,
VFID3150,,,,,,,,,,,,,,,,,,,,,,,,,,,,
VFID3151,,,,,,,,,,,,,,,,,,,,,,,,,,,,
VFID3152,,,,,,,,,,,,,,,,,,,,,,,,,,,,
VFID3153,,,,,,,,,,,,,,,,,,,,,,,,,,,,
VFID3154,,,,,,,,,,,,,,,,,,,,,,,,,,,,
VFID3155,,,,,,,,,,,,,,,,,,,,,,,,,,,,
VFID3156,,,,,,,,,,,,,,,,,,,,,,,,,,,,
VFID3157,,,,,,,,,,,,,,,,,,,,,,,,,,,,
VFID3158,,,,,,,,,,,,,,,,,,,,,,,,,,,,
VFID3159,,,,,,,,,,,,,,,,,,,,,,,,,,,,
VFID3160,,,,,,,,,,,,,,,,,,,,,,,,,,,,
VFID3161,,,,,,,,,,,,,,,,,,,,,,,,,,,,
VFID3162,,,,,,,,,,,,,,,,,,,,,,,,,,,,
VFID3163,,,,,,,,,,,,,,,,,,,,,,,,,,,,
VFID3164,,,,,,,,,,,,,,,,,,,,,,,,,,,,
VFID3165,,,,,,,,,,,,,,,,,,,,,,,,,,,,
VFID3166,,,,,,,,,,,,,,,,,,,,,,,,,,,,
VFID3167,,,,,,,,,,,,,,,,,,,,,,,,,,,,
VFID3168,,,,,,,,,,,,,,,,,,,,,,,,,,,,
VFID3169,177.28941666666668,27.022027777777776,This work,4.3,185695473.9544312,39714168.7461137,39714168.7461137,0.3654809263917984,-1.0,756486737.6652256,384109892.4070632,384109892.4070632,Springob2005,9.582697631756451,8.357673039966645,8.357673039966645,0.0485404375545605,0.0107762948296254,0.0107762948296254,0.8616008410469949,0.0928813393914181,-0.2826883817087129,0.0258678134029805,0.0,8.268801318599394,0.9221364647766036,0.9221364647766036,9.603282815692923
VFID3170,,,,,,,,,,,,,,,,,,,,,,,,,,,,
VFID3171,,,,,,,,,,,,,,,,,,,,,,,,,,,,
VFID3172,,,,,,,,,,,,,,,,,,,,,,,,,,,,
VFID3173,200.73170833333336,26.98072222222222,This work,4.3,1100454669.8328416,67755622.77081937,67755622.77081937,0.4939872097881125,0.0434959827881245,1417660235.070774,658665846.1800317,658665846.1800317,Springob2005,9.718945092449815,8.822508257421777,8.822508257421777,0.2101972671233249,0.0296535212007615,0.0296535212007615,0.0078300019409596,0.0267397593866859,-0.102180846660028,0.0551248570511846,0.0,9.04157215770543,0.9598536561869402,0.9598536561869402,9.801801260320229
VFID3174,170.13254166666667,26.96336111111111,This work,4.3,138757293.5902349,-1.0,-1.0,-1000.0,-1000.0,135598791.9754707,-1.0,-1.0,Springob2005,9.892917284168128,8.961236795548182,8.961236795548182,0.0177557301621126,-1.0,-1.0,0.5750463391472334,-1.0,-0.6278540873063623,0.0508280937961562,0.0,8.142255820499155,0.9956598373352057,0.9956598373352057,9.900560840388595
VFID3175,,,,,,,,,,,,,,,,,,,,,,,,,,,,
VFID3176,,,,,,,,,,,,,,,,,,,,,,,,,,,,
VFID3177,,,,,,,,,,,,,,,,,,,,,,,,,,,,
VFID3178,,,,,,,,,,,,,,,,,,,,,,,,,,,,
VFID3179,,,,,,,,,,,,,,,,,,,,,,,,,,,,
VFID3180,,,,,,,,,,,,,,,,,,,,,,,,,,,,
VFID3181,,,,,,,,,,,,,,,,,,,,,,,,,,,,
VFID3182,,,,,,,,,,,,,,,,,,,,,,,,,,,,
VFID3183,177.34837499999998,26.741583333333335,This work,4.3,88295061.30588152,19770982.309423216,19770982.309423216,1.0355985026946135,0.3093446840472243,2022722998.4479144,1035776088.5011262,1035776088.5011262,Springob2005,9.212459527606399,8.472778084497968,8.472778084497968,0.0541348434039712,0.0156244120532103,0.0156244120532103,0.3258657472079749,0.0972469851857654,0.1394036692557332,0.0790865932508276,0.0,7.945936412438415,0.9070592541607145,0.9070592541607145,9.2353556963582
VFID3184,,,,,,,,,,,,,,,,,,,,,,,,,,,,
VFID3185,,,,,,,,,,,,,,,,,,,,,,,,,,,,
VFID3186,,,,,,,,,,,,,,,,,,,,,,,,,,,,
VFID3187,,,,,,,,,,,,,,,,,,,,,,,,,,,,
VFID3188,,,,,,,,,,,,,,,,,,,,,,,,,,,,
VFID3189,,,,,,,,,,,,,,,,,,,,,,,,,,,,
VFID3190,,,,,,,,,,,,,,,,,,,,,,,,,,,,
VFID3191,,,,,,,,,,,,,,,,,,,,,,,,,,,,
VFID3192,,,,,,,,,,,,,,,,,,,,,,,,,,,,
VFID3193,,,,,,,,,,,,,,,,,,,,,,,,,,,,
VFID3194,,,,,,,,,,,,,,,,,,,,,,,,,,,,
VFID3195,,,,,,,,,,,,,,,,,,,,,,,,,,,,
VFID3196,,,,,,,,,,,,,,,,,,,,,,,,,,,,
VFID3197,,,,,,,,,,,,,,,,,,,,,,,,,,,,
VFID3198,,,,,,,,,,,,,,,,,,,,,,,,,,,,
VFID3199,,,,,,,,,,,,,,,,,,,,,,,,,,,,
VFID3200,177.51858333333334,26.479249999999997,This work,4.3,263741668.9041503,16005804.826084308,16005804.826084308,0.4676809897981024,0.0481894971556108,538491372.9920714,250128453.81283593,250128453.81283593,deVaucouleurs1991,8.957063889808966,7.942385874353152,7.942385874353152,0.2911487032766947,0.0332335194423242,0.0332335194423242,0.1746234096576078,0.026356217215396,0.216544797822852,0.0419861734770515,0.0,8.421178749988782,0.9284839279501964,0.9284839279501964,9.068040153216693
VFID3201,,,,,,,,,,,,,,,,,,,,,,,,,,,,
VFID3202,,,,,,,,,,,,,,,,,,,,,,,,,,,,
VFID3203,,,,,,,,,,,,,,,,,,,,,,,,,,,,
VFID3204,,,,,,,,,,,,,,,,,,,,,,,,,,,,
VFID3205,,,,,,,,,,,,,,,,,,,,,,,,,,,,
VFID3206,,,,,,,,,,,,,,,,,,,,,,,,,,,,
VFID3207,,,,,,,,,,,,,,,,,,,,,,,,,,,,
VFID3208,,,,,,,,,,,,,,,,,,,,,,,,,,,,
VFID3209,,,,,,,,,,,,,,,,,,,,,,,,,,,,
VFID3210,,,,,,,,,,,,,,,,,,,,,,,,,,,,
VFID3211,,,,,,,,,,,,,,,,,,,,,,,,,,,,
VFID3212,,,,,,,,,,,,,,,,,,,,,,,,,,,,
VFID3213,,,,,,,,,,,,,,,,,,,,,,,,,,,,
VFID3214,,,,,,,,,,,,,,,,,,,,,,,,,,,,
VFID3215,,,,,,,,,,,,,,,,,,,,,,,,,,,,
VFID3216,,,,,,,,,,,,,,,,,,,,,,,,,,,,
VFID3217,,,,,,,,,,,,,,,,,,,,,,,,,,,,
VFID3218,,,,,,,,,,,,,,,,,,,,,,,,,,,,
VFID3219,,,,,,,,,,,,,,,,,,,,,,,,,,,,
VFID3220,,,,,,,,,,,,,,,,,,,,,,,,,,,,
VFID3221,158.92516666666668,26.125833333333333,This work,4.3,9231214.217540815,2910864.629180754,2910864.629180754,0.3317060913479786,0.1888567657862418,145632675.82601246,50832388.56118922,52357978.8404068,This work,8.160054055027747,7.032340264364675,7.032340264364675,0.0638564504779796,0.0206904373687934,0.0206904373687934,0.8956085483537457,0.1369454132716823,0.1920973568923916,0.0323646206259111,0.0,6.965258829226944,0.8506411928965869,0.8506411928965869,8.186937086209372
VFID3222,,,,,,,,,,,,,,,,,,,,,,,,,,,,
VFID3223,,,,,,,,,,,,,,,,,,,,,,,,,,,,
VFID3224,,,,,,,,,,,,,,,,,,,,,,,,,,,,
VFID3225,,,,,,,,,,,,,,,,,,,,,,,,,,,,
VFID3226,,,,,,,,,,,,,,,,,,,,,,,,,,,,
VFID3227,,,,,,,,,,,,,,,,,,,,,,,,,,,,
VFID3228,,,,,,,,,,,,,,,,,,,,,,,,,,,,
VFID3229,,,,,,,,,,,,,,,,,,,,,,,,,,,,
VFID3230,,,,,,,,,,,,,,,,,,,,,,,,,,,,
VFID3231,,,,,,,,,,,,,,,,,,,,,,,,,,,,
VFID3232,,,,,,,,,,,,,,,,,,,,,,,,,,,,
VFID3233,,,,,,,,,,,,,,,,,,,,,,,,,,,,
VFID3234,,,,,,,,,,,,,,,,,,,,,,,,,,,,
VFID3235,,,,,,,,,,,,,,,,,,,,,,,,,,,,
VFID3236,126.78354166666666,25.970305555555555,Literature,4.3,92967219.65901406,-1.0,-1.0,-1000.0,-1000.0,14274100976.357143,-1.0,-1.0,This work,7.992864872492253,,,,,,1.0729723167997784,-1.0,0.9495653218363004,-1.0,0.0,,,,
VFID3237,,,,,,,,,,,,,,,,,,,,,,,,,,,,
VFID3238,,,,,,,,,,,,,,,,,,,,,,,,,,,,
VFID3239,,,,,,,,,,,,,,,,,,,,,,,,,,,,
VFID3240,,,,,,,,,,,,,,,,,,,,,,,,,,,,
VFID3241,,,,,,,,,,,,,,,,,,,,,,,,,,,,
VFID3242,,,,,,,,,,,,,,,,,,,,,,,,,,,,
VFID3243,,,,,,,,,,,,,,,,,,,,,,,,,,,,
VFID3244,,,,,,,,,,,,,,,,,,,,,,,,,,,,
VFID3245,126.8215,25.878805555555555,Literature,4.3,36706630.81309203,-1.0,-1.0,-1000.0,-1000.0,4312653079.23698,-1.0,-1.0,This work,8.87197096271641,8.10037778538539,8.10037778538539,0.0492916732685831,-1.0,-1.0,1.3064576358460993,-1.0,-0.2599250853187289,0.0734837200492123,0.0,7.564744523800289,0.9490425093658729,0.9490425093658729,8.892867189216748
VFID3246,,,,,,,,,,,,,,,,,,,,,,,,,,,,
VFID3247,,,,,,,,,,,,,,,,,,,,,,,,,,,,
VFID3248,,,,,,,,,,,,,,,,,,,,,,,,,,,,
VFID3249,,,,,,,,,,,,,,,,,,,,,,,,,,,,
VFID3250,,,,,,,,,,,,,,,,,,,,,,,,,,,,
VFID3251,,,,,,,,,,,,,,,,,,,,,,,,,,,,
VFID3252,,,,,,,,,,,,,,,,,,,,,,,,,,,,
VFID3253,,,,,,,,,,,,,,,,,,,,,,,,,,,,
VFID3254,,,,,,,,,,,,,,,,,,,,,,,,,,,,
VFID3255,,,,,,,,,,,,,,,,,,,,,,,,,,,,
VFID3256,,,,,,,,,,,,,,,,,,,,,,,,,,,,
VFID3257,,,,,,,,,,,,,,,,,,,,,,,,,,,,
VFID3258,,,,,,,,,,,,,,,,,,,,,,,,,,,,
VFID3259,,,,,,,,,,,,,,,,,,,,,,,,,,,,
VFID3260,,,,,,,,,,,,,,,,,,,,,,,,,,,,
VFID3261,,,,,,,,,,,,,,,,,,,,,,,,,,,,
VFID3262,,,,,,,,,,,,,,,,,,,,,,,,,,,,
VFID3263,,,,,,,,,,,,,,,,,,,,,,,,,,,,
VFID3264,,,,,,,,,,,,,,,,,,,,,,,,,,,,
VFID3265,,,,,,,,,,,,,,,,,,,,,,,,,,,,
VFID3266,,,,,,,,,,,,,,,,,,,,,,,,,,,,
VFID3267,,,,,,,,,,,,,,,,,,,,,,,,,,,,
VFID3268,,,,,,,,,,,,,,,,,,,,,,,,,,,,
VFID3269,172.04579166666667,25.66111111111111,This work,4.3,4691999681.775773,119751807.0596237,119751807.0596237,0.5307653821240998,0.0193274422575401,2406345450.482567,1109863613.8471675,1109863613.8471675,Springob2005,9.343835307212816,8.39039779240972,8.39039779240972,2.125801292524848,0.2427785300975429,0.2427785300975429,-0.3708558143420664,0.0110843036085318,0.0310689385763236,0.0483444692285623,0.0,9.671357973988455,0.9883637003657622,0.9883637003657622,9.838796673633384
VFID3270,,,,,,,,,,,,,,,,,,,,,,,,,,,,
VFID3271,,,,,,,,,,,,,,,,,,,,,,,,,,,,
VFID3272,,,,,,,,,,,,,,,,,,,,,,,,,,,,
VFID3273,,,,,,,,,,,,,,,,,,,,,,,,,,,,
VFID3274,135.09808333333334,25.61127777777778,Literature,4.3,179433879.75898448,37696193.22667741,37696193.22667741,-1000.0,-1000.0,1599206136.6817255,809475156.8647512,809475156.8647512,deVaucouleurs1991,9.261373188840453,8.567105568223068,8.567105568223068,0.0982949619291076,0.0286595071348046,0.0286595071348046,-0.654402287998125,0.0912383365342966,-0.326703544762319,0.0878044831219638,0.0,8.253904447644514,0.9235435293771649,0.9235435293771649,9.302092180261544
VFID3275,,,,,,,,,,,,,,,,,,,,,,,,,,,,
VFID3276,,,,,,,,,,,,,,,,,,,,,,,,,,,,
VFID3277,,,,,,,,,,,,,,,,,,,,,,,,,,,,
VFID3278,,,,,,,,,,,,,,,,,,,,,,,,,,,,
VFID3279,,,,,,,,,,,,,,,,,,,,,,,,,,,,
VFID3280,,,,,,,,,,,,,,,,,,,,,,,,,,,,
VFID3281,,,,,,,,,,,,,,,,,,,,,,,,,,,,
VFID3282,,,,,,,,,,,,,,,,,,,,,,,,,,,,
VFID3283,,,,,,,,,,,,,,,,,,,,,,,,,,,,
VFID3284,257.1064583333333,25.51738888888889,This work,4.3,1156965260.2810185,114346411.76866455,114346411.76866455,0.7344674628061051,0.1093500362187149,1130629515.6994386,532529979.3208039,532529979.3208039,Springob2005,9.523167624431007,8.526573873122919,8.526573873122919,0.346858781684926,0.0489624966393434,0.0489624966393434,-0.1111181591197389,0.0429226506286852,-0.260852764861287,0.0437714123493041,0.0,9.063320318766127,0.9606031924416107,0.9606031924416107,9.652489686709215
VFID3285,,,,,,,,,,,,,,,,,,,,,,,,,,,,
VFID3286,,,,,,,,,,,,,,,,,,,,,,,,,,,,
VFID3287,,,,,,,,,,,,,,,,,,,,,,,,,,,,
VFID3288,,,,,,,,,,,,,,,,,,,,,,,,,,,,
VFID3289,,,,,,,,,,,,,,,,,,,,,,,,,,,,
VFID3290,,,,,,,,,,,,,,,,,,,,,,,,,,,,
VFID3291,,,,,,,,,,,,,,,,,,,,,,,,,,,,
VFID3292,,,,,,,,,,,,,,,,,,,,,,,,,,,,
VFID3293,,,,,,,,,,,,,,,,,,,,,,,,,,,,
VFID3294,,,,,,,,,,,,,,,,,,,,,,,,,,,,
VFID3295,,,,,,,,,,,,,,,,,,,,,,,,,,,,
VFID3296,139.27200000000002,25.429166666666667,This work,4.3,127694696.754173,13429831.558689894,13429831.558689894,0.9680893747734616,0.1272190959653999,453077881.4250177,214022093.39514905,214022093.39514905,This work,7.992919125183886,7.03362662300792,7.03362662300792,1.2979373675097283,0.19736718172978,0.19736718172978,0.2061292985476122,0.0456753638724512,0.6852394184518262,0.0476970818275247,0.0,8.106172861098777,0.9127975963857432,0.9127975963857432,8.354257312584194
VFID3297,,,,,,,,,,,,,,,,,,,,,,,,,,,,
VFID3298,,,,,,,,,,,,,,,,,,,,,,,,,,,,
VFID3299,,,,,,,,,,,,,,,,,,,,,,,,,,,,
VFID3300,155.23804166666667,25.364833333333333,This work,4.3,191155045.0177035,13355391.433757622,13355391.433757622,0.538306509789561,0.0446909122891916,710208334.437328,330805630.2311623,330805630.2311623,deVaucouleurs1991,8.702388734087918,8.203806661388628,8.203806661388628,0.3793123913543289,0.1232248633848648,0.1232248633848648,0.0552163951179895,0.0303427660138487,-0.3375770244977065,0.1377850945562102,0.0,8.2813857645284,0.9265469407629325,0.9265469407629325,8.84205137189302
VFID3301,,,,,,,,,,,,,,,,,,,,,,,,,,,,
VFID3302,,,,,,,,,,,,,,,,,,,,,,,,,,,,
VFID3303,,,,,,,,,,,,,,,,,,,,,,,,,,,,
VFID3304,,,,,,,,,,,,,,,,,,,,,,,,,,,,
VFID3305,,,,,,,,,,,,,,,,,,,,,,,,,,,,
VFID3306,,,,,,,,,,,,,,,,,,,,,,,,,,,,
VFID3307,,,,,,,,,,,,,,,,,,,,,,,,,,,,
VFID3308,,,,,,,,,,,,,,,,,,,,,,,,,,,,
VFID3309,,,,,,,,,,,,,,,,,,,,,,,,,,,,
VFID3310,,,,,,,,,,,,,,,,,,,,,,,,,,,,
VFID3311,,,,,,,,,,,,,,,,,,,,,,,,,,,,
VFID3312,,,,,,,,,,,,,,,,,,,,,,,,,,,,
VFID3313,,,,,,,,,,,,,,,,,,,,,,,,,,,,
VFID3314,,,,,,,,,,,,,,,,,,,,,,,,,,,,
VFID3315,,,,,,,,,,,,,,,,,,,,,,,,,,,,
VFID3316,,,,,,,,,,,,,,,,,,,,,,,,,,,,
VFID3317,,,,,,,,,,,,,,,,,,,,,,,,,,,,
VFID3318,,,,,,,,,,,,,,,,,,,,,,,,,,,,
VFID3319,,,,,,,,,,,,,,,,,,,,,,,,,,,,
VFID3320,,,,,,,,,,,,,,,,,,,,,,,,,,,,
VFID3321,,,,,,,,,,,,,,,,,,,,,,,,,,,,
VFID3322,,,,,,,,,,,,,,,,,,,,,,,,,,,,
VFID3323,,,,,,,,,,,,,,,,,,,,,,,,,,,,
VFID3324,,,,,,,,,,,,,,,,,,,,,,,,,,,,
VFID3325,,,,,,,,,,,,,,,,,,,,,,,,,,,,
VFID3326,,,,,,,,,,,,,,,,,,,,,,,,,,,,
VFID3327,,,,,,,,,,,,,,,,,,,,,,,,,,,,
VFID3328,,,,,,,,,,,,,,,,,,,,,,,,,,,,
VFID3329,,,,,,,,,,,,,,,,,,,,,,,,,,,,
VFID3330,,,,,,,,,,,,,,,,,,,,,,,,,,,,
VFID3331,,,,,,,,,,,,,,,,,,,,,,,,,,,,
VFID3332,,,,,,,,,,,,,,,,,,,,,,,,,,,,
VFID3333,,,,,,,,,,,,,,,,,,,,,,,,,,,,
VFID3334,,,,,,,,,,,,,,,,,,,,,,,,,,,,
VFID3335,,,,,,,,,,,,,,,,,,,,,,,,,,,,
VFID3336,,,,,,,,,,,,,,,,,,,,,,,,,,,,
VFID3337,,,,,,,,,,,,,,,,,,,,,,,,,,,,
VFID3338,,,,,,,,,,,,,,,,,,,,,,,,,,,,
VFID3339,,,,,,,,,,,,,,,,,,,,,,,,,,,,
VFID3340,,,,,,,,,,,,,,,,,,,,,,,,,,,,
VFID3341,,,,,,,,,,,,,,,,,,,,,,,,,,,,
VFID3342,,,,,,,,,,,,,,,,,,,,,,,,,,,,
VFID3343,,,,,,,,,,,,,,,,,,,,,,,,,,,,
VFID3344,,,,,,,,,,,,,,,,,,,,,,,,,,,,
VFID3345,,,,,,,,,,,,,,,,,,,,,,,,,,,,
VFID3346,,,,,,,,,,,,,,,,,,,,,,,,,,,,
VFID3347,,,,,,,,,,,,,,,,,,,,,,,,,,,,
VFID3348,,,,,,,,,,,,,,,,,,,,,,,,,,,,
VFID3349,,,,,,,,,,,,,,,,,,,,,,,,,,,,
VFID3350,,,,,,,,,,,,,,,,,,,,,,,,,,,,
VFID3351,,,,,,,,,,,,,,,,,,,,,,,,,,,,
VFID3352,,,,,,,,,,,,,,,,,,,,,,,,,,,,
VFID3353,,,,,,,,,,,,,,,,,,,,,,,,,,,,
VFID3354,,,,,,,,,,,,,,,,,,,,,,,,,,,,
VFID3355,,,,,,,,,,,,,,,,,,,,,,,,,,,,
VFID3356,,,,,,,,,,,,,,,,,,,,,,,,,,,,
VFID3357,150.56954166666665,24.71108333333333,Literature,4.3,36694216.84803059,-1.0,-1.0,-1000.0,-1000.0,1363319426.3174376,-1.0,-1.0,deVaucouleurs1991,8.813913168983396,8.315952987085527,8.315952987085527,0.0563228281698079,-1.0,-1.0,1.5091045365086382,-1.0,0.2066360810650795,0.1379825381480016,0.0,7.564597623137751,0.946342972722394,0.946342972722394,8.83770983440332
VFID3358,,,,,,,,,,,,,,,,,,,,,,,,,,,,
VFID3359,,,,,,,,,,,,,,,,,,,,,,,,,,,,
VFID3360,,,,,,,,,,,,,,,,,,,,,,,,,,,,
VFID3361,,,,,,,,,,,,,,,,,,,,,,,,,,,,
VFID3362,,,,,,,,,,,,,,,,,,,,,,,,,,,,
VFID3363,,,,,,,,,,,,,,,,,,,,,,,,,,,,
VFID3364,,,,,,,,,,,,,,,,,,,,,,,,,,,,
VFID3365,,,,,,,,,,,,,,,,,,,,,,,,,,,,
VFID3366,,,,,,,,,,,,,,,,,,,,,,,,,,,,
VFID3367,,,,,,,,,,,,,,,,,,,,,,,,,,,,
VFID3368,,,,,,,,,,,,,,,,,,,,,,,,,,,,
VFID3369,,,,,,,,,,,,,,,,,,,,,,,,,,,,
VFID3370,,,,,,,,,,,,,,,,,,,,,,,,,,,,
VFID3371,,,,,,,,,,,,,,,,,,,,,,,,,,,,
VFID3372,,,,,,,,,,,,,,,,,,,,,,,,,,,,
VFID3373,,,,,,,,,,,,,,,,,,,,,,,,,,,,
VFID3374,,,,,,,,,,,,,,,,,,,,,,,,,,,,
VFID3375,,,,,,,,,,,,,,,,,,,,,,,,,,,,
VFID3376,,,,,,,,,,,,,,,,,,,,,,,,,,,,
VFID3377,,,,,,,,,,,,,,,,,,,,,,,,,,,,
VFID3378,,,,,,,,,,,,,,,,,,,,,,,,,,,,
VFID3379,,,,,,,,,,,,,,,,,,,,,,,,,,,,
VFID3380,,,,,,,,,,,,,,,,,,,,,,,,,,,,
VFID3381,124.226875,24.1766,This work,4.3,72080773.24388382,-1.0,-1.0,-1000.0,-1000.0,886787242.9795897,-1.0,-1.0,Springob2005,9.099697761360577,8.193545755936343,8.193545755936343,0.0572956532715306,-1.0,-1.0,0.4301827227720709,-1.0,-0.300169710753293,0.0539054040769844,0.0,7.857819436874317,0.9601807353867973,0.9601807353867973,9.123894208110084
VFID3382,,,,,,,,,,,,,,,,,,,,,,,,,,,,
VFID3383,,,,,,,,,,,,,,,,,,,,,,,,,,,,
VFID3384,,,,,,,,,,,,,,,,,,,,,,,,,,,,
VFID3385,,,,,,,,,,,,,,,,,,,,,,,,,,,,
VFID3386,,,,,,,,,,,,,,,,,,,,,,,,,,,,
VFID3387,,,,,,,,,,,,,,,,,,,,,,,,,,,,
VFID3388,198.02783333333332,24.095,This work,4.3,1242134450.2807963,111284064.57828385,111284064.57828385,0.8230644479671897,0.0963088868942807,1057227879.1955844,495999303.20323646,495999303.20323646,Springob2005,9.628504556989466,8.677778621272978,8.677778621272978,0.2921891264349314,0.0419103362051815,0.0419103362051815,-0.0123664473493789,0.0389088758943835,-0.141438026171075,0.0486472590388466,0.0,9.094168606995767,0.9622169543575788,0.9622169543575788,9.739830639190306
VFID3389,,,,,,,,,,,,,,,,,,,,,,,,,,,,
VFID3390,,,,,,,,,,,,,,,,,,,,,,,,,,,,
VFID3391,,,,,,,,,,,,,,,,,,,,,,,,,,,,
VFID3392,,,,,,,,,,,,,,,,,,,,,,,,,,,,
VFID3393,,,,,,,,,,,,,,,,,,,,,,,,,,,,
VFID3394,,,,,,,,,,,,,,,,,,,,,,,,,,,,
VFID3395,,,,,,,,,,,,,,,,,,,,,,,,,,,,
VFID3396,,,,,,,,,,,,,,,,,,,,,,,,,,,,
VFID3397,,,,,,,,,,,,,,,,,,,,,,,,,,,,
VFID3398,,,,,,,,,,,,,,,,,,,,,,,,,,,,
VFID3399,,,,,,,,,,,,,,,,,,,,,,,,,,,,
VFID3400,,,,,,,,,,,,,,,,,,,,,,,,,,,,
VFID3401,117.7333833,23.8963306,AMIGA,,165958690.7437563,-1.0,-1.0,,,2137962089.5022352,-1.0,-1.0,AMIGA,9.441732640566562,8.944510248451973,8.824510248451974,0.0600160432025205,-1.0,-1.0,0.2057021596463872,-1.0,-0.1222076316227092,0.1382171453835724,0.0,8.22,0.9762178729452856,0.976216417764811,9.467045078870578
VFID3402,,,,,,,,,,,,,,,,,,,,,,,,,,,,
VFID3403,,,,,,,,,,,,,,,,,,,,,,,,,,,,
VFID3404,,,,,,,,,,,,,,,,,,,,,,,,,,,,
VFID3405,,,,,,,,,,,,,,,,,,,,,,,,,,,,
VFID3406,,,,,,,,,,,,,,,,,,,,,,,,,,,,
VFID3407,,,,,,,,,,,,,,,,,,,,,,,,,,,,
VFID3408,,,,,,,,,,,,,,,,,,,,,,,,,,,,
VFID3409,,,,,,,,,,,,,,,,,,,,,,,,,,,,
VFID3410,,,,,,,,,,,,,,,,,,,,,,,,,,,,
VFID3411,,,,,,,,,,,,,,,,,,,,,,,,,,,,
VFID3412,,,,,,,,,,,,,,,,,,,,,,,,,,,,
VFID3413,,,,,,,,,,,,,,,,,,,,,,,,,,,,
VFID3414,,,,,,,,,,,,,,,,,,,,,,,,,,,,
VFID3415,,,,,,,,,,,,,,,,,,,,,,,,,,,,
VFID3416,,,,,,,,,,,,,,,,,,,,,,,,,,,,
VFID3417,,,,,,,,,,,,,,,,,,,,,,,,,,,,
VFID3418,,,,,,,,,,,,,,,,,,,,,,,,,,,,
VFID3419,,,,,,,,,,,,,,,,,,,,,,,,,,,,
VFID3420,,,,,,,,,,,,,,,,,,,,,,,,,,,,
VFID3421,,,,,,,,,,,,,,,,,,,,,,,,,,,,
VFID3422,,,,,,,,,,,,,,,,,,,,,,,,,,,,
VFID3423,,,,,,,,,,,,,,,,,,,,,,,,,,,,
VFID3424,,,,,,,,,,,,,,,,,,,,,,,,,,,,
VFID3425,,,,,,,,,,,,,,,,,,,,,,,,,,,,
VFID3426,,,,,,,,,,,,,,,,,,,,,,,,,,,,
VFID3427,,,,,,,,,,,,,,,,,,,,,,,,,,,,
VFID3428,200.75358333333335,23.306361111111112,This work,4.3,80565243.77054146,15117689.382383237,15117689.382383237,-1000.0,-1000.0,1888633659.601772,939178388.1885889,939178388.1885889,Springob2005,9.694536018222012,8.848290568076907,8.848290568076907,0.0162783996749451,0.0038353294715072,0.0038353294715072,0.3980544341453154,0.0814933185902813,-0.6587540005756214,0.0618783694532337,0.0,7.9061477255010715,0.9037286695580832,0.9037286695580832,9.701548713256885
VFID3429,,,,,,,,,,,,,,,,,,,,,,,,,,,,
VFID3430,,,,,,,,,,,,,,,,,,,,,,,,,,,,
VFID3431,,,,,,,,,,,,,,,,,,,,,,,,,,,,
VFID3432,,,,,,,,,,,,,,,,,,,,,,,,,,,,
VFID3433,,,,,,,,,,,,,,,,,,,,,,,,,,,,
VFID3434,,,,,,,,,,,,,,,,,,,,,,,,,,,,
VFID3435,,,,,,,,,,,,,,,,,,,,,,,,,,,,
VFID3436,,,,,,,,,,,,,,,,,,,,,,,,,,,,
VFID3437,,,,,,,,,,,,,,,,,,,,,,,,,,,,
VFID3438,,,,,,,,,,,,,,,,,,,,,,,,,,,,
VFID3439,,,,,,,,,,,,,,,,,,,,,,,,,,,,
VFID3440,,,,,,,,,,,,,,,,,,,,,,,,,,,,
VFID3441,,,,,,,,,,,,,,,,,,,,,,,,,,,,
VFID3442,,,,,,,,,,,,,,,,,,,,,,,,,,,,
VFID3443,,,,,,,,,,,,,,,,,,,,,,,,,,,,
VFID3444,,,,,,,,,,,,,,,,,,,,,,,,,,,,
VFID3445,,,,,,,,,,,,,,,,,,,,,,,,,,,,
VFID3446,,,,,,,,,,,,,,,,,,,,,,,,,,,,
VFID3447,,,,,,,,,,,,,,,,,,,,,,,,,,,,
VFID3448,,,,,,,,,,,,,,,,,,,,,,,,,,,,
VFID3449,,,,,,,,,,,,,,,,,,,,,,,,,,,,
VFID3450,,,,,,,,,,,,,,,,,,,,,,,,,,,,
VFID3451,255.187875,23.044,This work,4.3,83684726.74949987,23449310.4727145,23449310.4727145,0.3579617756636462,-1.0,2771061741.9526086,1548652769.4957397,1548652769.4957397,This work,8.846367230929504,7.644444500777109,7.644444500777109,0.1192007454742914,0.0342302762872763,0.0342302762872763,0.7298559572526111,0.1216937252268306,0.0501450023811713,0.0272810813837001,0.0,7.922646202393778,0.9049623933119947,0.9049623933119947,8.895275221687099
VFID3452,,,,,,,,,,,,,,,,,,,,,,,,,,,,
VFID3453,,,,,,,,,,,,,,,,,,,,,,,,,,,,
VFID3454,255.20970833333337,23.011027777777777,This work,4.3,211819208.7209123,-1.0,-1.0,-1000.0,-1000.0,2269683713.6461153,-1.0,-1.0,deVaucouleurs1991,8.734717298794335,7.719125565999843,7.719125565999843,0.3901647613902435,-1.0,-1.0,1.1446368183072693,-1.0,0.4334093874175071,0.0418979311256789,0.0,8.32596534133912,0.9483153730271943,0.9483153730271943,8.877783574388086
VFID3455,,,,,,,,,,,,,,,,,,,,,,,,,,,,
VFID3456,254.5360833333333,22.985111111111113,This work,4.3,1153089499.645626,143052456.7229536,143052456.7229536,0.4512124897044535,0.0796365487949914,1555474935.3281314,741860195.4784547,741860195.4784547,Springob2005,9.618202415198049,8.62850237183786,8.62850237183786,0.2777541791501898,0.044680177258215,0.044680177258215,-0.0610608577035822,0.0538786387323583,-0.1597121748386385,0.0444717549468929,0.0,9.061863017349971,0.960835065736145,0.960835065736145,9.724649725274471
VFID3457,,,,,,,,,,,,,,,,,,,,,,,,,,,,
VFID3458,,,,,,,,,,,,,,,,,,,,,,,,,,,,
VFID3459,,,,,,,,,,,,,,,,,,,,,,,,,,,,
VFID3460,,,,,,,,,,,,,,,,,,,,,,,,,,,,
VFID3461,,,,,,,,,,,,,,,,,,,,,,,,,,,,
VFID3462,,,,,,,,,,,,,,,,,,,,,,,,,,,,
VFID3463,197.9043333333333,22.9155,This work,4.3,4806390904.26325,126189608.46829335,126189608.46829335,0.8003291125454787,0.0396957615335191,1869903046.248288,862520474.6268022,862520474.6268022,Springob2005,9.765758662131905,8.789353462519818,8.789353462519818,0.8242527921501341,0.0896774622921489,0.0896774622921489,-0.2517169294724901,0.0114022042157871,-0.0427904250187332,0.0458541990290332,0.0,9.681819089118878,0.9886982157676034,0.9886982157676034,10.026843681776066
VFID3464,,,,,,,,,,,,,,,,,,,,,,,,,,,,
VFID3465,,,,,,,,,,,,,,,,,,,,,,,,,,,,
VFID3466,,,,,,,,,,,,,,,,,,,,,,,,,,,,
VFID3467,156.9393333333333,22.847194444444444,Literature,4.3,60926390.5369327,-1.0,-1.0,-1000.0,-1000.0,4119129539.410335,-1.0,-1.0,This work,7.722952348003124,,,,,,1.1025967096743177,-1.0,1.0931756995301054,-1.0,0.0,,,,
VFID3468,,,,,,,,,,,,,,,,,,,,,,,,,,,,
VFID3469,,,,,,,,,,,,,,,,,,,,,,,,,,,,
VFID3470,198.1740833333333,22.829777777777775,This work,4.3,72934437.25683875,18727815.5581041,18727815.5581041,0.68486623789532,-1.0,152381637.56672993,80345717.40935026,80345717.40935026,Springob2005,9.378287752268369,8.579018276292059,8.579018276292059,0.0305242417255526,0.0092149568051036,0.0092149568051036,0.5384695232459036,0.1115164147540446,-0.4590760426779017,0.0689469144756389,0.0,7.862932636400485,0.902567970619379,0.902567970619379,9.39134596470947
VFID3471,,,,,,,,,,,,,,,,,,,,,,,,,,,,
VFID3472,,,,,,,,,,,,,,,,,,,,,,,,,,,,
VFID3473,,,,,,,,,,,,,,,,,,,,,,,,,,,,
VFID3474,,,,,,,,,,,,,,,,,,,,,,,,,,,,
VFID3475,,,,,,,,,,,,,,,,,,,,,,,,,,,,
VFID3476,,,,,,,,,,,,,,,,,,,,,,,,,,,,
VFID3477,,,,,,,,,,,,,,,,,,,,,,,,,,,,
VFID3478,,,,,,,,,,,,,,,,,,,,,,,,,,,,
VFID3479,,,,,,,,,,,,,,,,,,,,,,,,,,,,
VFID3480,,,,,,,,,,,,,,,,,,,,,,,,,,,,
VFID3481,,,,,,,,,,,,,,,,,,,,,,,,,,,,
VFID3482,,,,,,,,,,,,,,,,,,,,,,,,,,,,
VFID3483,,,,,,,,,,,,,,,,,,,,,,,,,,,,
VFID3484,,,,,,,,,,,,,,,,,,,,,,,,,,,,
VFID3485,,,,,,,,,,,,,,,,,,,,,,,,,,,,
VFID3486,,,,,,,,,,,,,,,,,,,,,,,,,,,,
VFID3487,,,,,,,,,,,,,,,,,,,,,,,,,,,,
VFID3488,,,,,,,,,,,,,,,,,,,,,,,,,,,,
VFID3489,125.79699999999998,22.6647,This work,4.3,672270232.2410463,84341845.83716589,84341845.83716589,0.2964884840376324,0.0747196166934315,1809438727.7208064,863645875.3140012,863645875.3140012,Springob2005,9.800485997557928,8.944155577611824,8.944155577611824,0.1064284859185173,0.0199448004998931,0.0199448004998931,0.0598582782885408,0.054485825020856,-0.34547776044489,0.06045801602179,0.0,8.827543881357848,0.9502998564179358,0.9502998564179358,9.844409346074555
VFID3490,,,,,,,,,,,,,,,,,,,,,,,,,,,,
VFID3491,,,,,,,,,,,,,,,,,,,,,,,,,,,,
VFID3492,,,,,,,,,,,,,,,,,,,,,,,,,,,,
VFID3493,,,,,,,,,,,,,,,,,,,,,,,,,,,,
VFID3494,,,,,,,,,,,,,,,,,,,,,,,,,,,,
VFID3495,,,,,,,,,,,,,,,,,,,,,,,,,,,,
VFID3496,,,,,,,,,,,,,,,,,,,,,,,,,,,,
VFID3497,,,,,,,,,,,,,,,,,,,,,,,,,,,,
VFID3498,,,,,,,,,,,,,,,,,,,,,,,,,,,,
VFID3499,,,,,,,,,,,,,,,,,,,,,,,,,,,,
VFID3500,125.68104166666669,22.553083333333333,Literature,4.3,85049016.84601523,-1.0,-1.0,-1000.0,-1000.0,1347936078.2476008,-1.0,-1.0,Huchtmeier_Richter19,8.02038813962188,,,,,,1.1926328620483997,-1.0,1.0358265728144254,-1.0,0.0,,,,
VFID3501,,,,,,,,,,,,,,,,,,,,,,,,,,,,
VFID3502,,,,,,,,,,,,,,,,,,,,,,,,,,,,
VFID3503,,,,,,,,,,,,,,,,,,,,,,,,,,,,
VFID3504,,,,,,,,,,,,,,,,,,,,,,,,,,,,
VFID3505,,,,,,,,,,,,,,,,,,,,,,,,,,,,
VFID3506,,,,,,,,,,,,,,,,,,,,,,,,,,,,
VFID3507,,,,,,,,,,,,,,,,,,,,,,,,,,,,
VFID3508,,,,,,,,,,,,,,,,,,,,,,,,,,,,
VFID3509,,,,,,,,,,,,,,,,,,,,,,,,,,,,
VFID3510,,,,,,,,,,,,,,,,,,,,,,,,,,,,
VFID3511,,,,,,,,,,,,,,,,,,,,,,,,,,,,
VFID3512,,,,,,,,,,,,,,,,,,,,,,,,,,,,
VFID3513,,,,,,,,,,,,,,,,,,,,,,,,,,,,
VFID3514,,,,,,,,,,,,,,,,,,,,,,,,,,,,
VFID3515,,,,,,,,,,,,,,,,,,,,,,,,,,,,
VFID3516,,,,,,,,,,,,,,,,,,,,,,,,,,,,
VFID3517,,,,,,,,,,,,,,,,,,,,,,,,,,,,
VFID3518,,,,,,,,,,,,,,,,,,,,,,,,,,,,
VFID3519,,,,,,,,,,,,,,,,,,,,,,,,,,,,
VFID3520,,,,,,,,,,,,,,,,,,,,,,,,,,,,
VFID3521,,,,,,,,,,,,,,,,,,,,,,,,,,,,
VFID3522,,,,,,,,,,,,,,,,,,,,,,,,,,,,
VFID3523,,,,,,,,,,,,,,,,,,,,,,,,,,,,
VFID3524,,,,,,,,,,,,,,,,,,,,,,,,,,,,
VFID3525,,,,,,,,,,,,,,,,,,,,,,,,,,,,
VFID3526,,,,,,,,,,,,,,,,,,,,,,,,,,,,
VFID3527,,,,,,,,,,,,,,,,,,,,,,,,,,,,
VFID3528,,,,,,,,,,,,,,,,,,,,,,,,,,,,
VFID3529,,,,,,,,,,,,,,,,,,,,,,,,,,,,
VFID3530,,,,,,,,,,,,,,,,,,,,,,,,,,,,
VFID3531,,,,,,,,,,,,,,,,,,,,,,,,,,,,
VFID3532,,,,,,,,,,,,,,,,,,,,,,,,,,,,
VFID3533,,,,,,,,,,,,,,,,,,,,,,,,,,,,
VFID3534,,,,,,,,,,,,,,,,,,,,,,,,,,,,
VFID3535,,,,,,,,,,,,,,,,,,,,,,,,,,,,
VFID3536,,,,,,,,,,,,,,,,,,,,,,,,,,,,
VFID3537,,,,,,,,,,,,,,,,,,,,,,,,,,,,
VFID3538,,,,,,,,,,,,,,,,,,,,,,,,,,,,
VFID3539,,,,,,,,,,,,,,,,,,,,,,,,,,,,
VFID3540,154.60375000000002,21.89397222222222,Literature,4.3,163950931.14237696,-1.0,-1.0,-1000.0,-1000.0,802996934.892708,-1.0,-1.0,This work,8.136374140417095,7.31425573917796,7.31425573917796,1.1976771037278162,-1.0,-1.0,1.434088272103354,-1.0,1.0782605720194454,0.0654132775411952,0.0,8.214713887543034,0.9284734863382084,0.9284734863382084,8.478338023968346
VFID3541,,,,,,,,,,,,,,,,,,,,,,,,,,,,
VFID3542,,,,,,,,,,,,,,,,,,,,,,,,,,,,
VFID3543,,,,,,,,,,,,,,,,,,,,,,,,,,,,
VFID3544,,,,,,,,,,,,,,,,,,,,,,,,,,,,
VFID3545,,,,,,,,,,,,,,,,,,,,,,,,,,,,
VFID3546,,,,,,,,,,,,,,,,,,,,,,,,,,,,
VFID3547,,,,,,,,,,,,,,,,,,,,,,,,,,,,
VFID3548,,,,,,,,,,,,,,,,,,,,,,,,,,,,
VFID3549,,,,,,,,,,,,,,,,,,,,,,,,,,,,
VFID3550,,,,,,,,,,,,,,,,,,,,,,,,,,,,
VFID3551,,,,,,,,,,,,,,,,,,,,,,,,,,,,
VFID3552,,,,,,,,,,,,,,,,,,,,,,,,,,,,
VFID3553,,,,,,,,,,,,,,,,,,,,,,,,,,,,
VFID3554,,,,,,,,,,,,,,,,,,,,,,,,,,,,
VFID3555,,,,,,,,,,,,,,,,,,,,,,,,,,,,
VFID3556,,,,,,,,,,,,,,,,,,,,,,,,,,,,
VFID3557,,,,,,,,,,,,,,,,,,,,,,,,,,,,
VFID3558,,,,,,,,,,,,,,,,,,,,,,,,,,,,
VFID3559,,,,,,,,,,,,,,,,,,,,,,,,,,,,
VFID3560,,,,,,,,,,,,,,,,,,,,,,,,,,,,
VFID3561,,,,,,,,,,,,,,,,,,,,,,,,,,,,
VFID3562,,,,,,,,,,,,,,,,,,,,,,,,,,,,
VFID3563,,,,,,,,,,,,,,,,,,,,,,,,,,,,
VFID3564,,,,,,,,,,,,,,,,,,,,,,,,,,,,
VFID3565,,,,,,,,,,,,,,,,,,,,,,,,,,,,
VFID3566,,,,,,,,,,,,,,,,,,,,,,,,,,,,
VFID3567,,,,,,,,,,,,,,,,,,,,,,,,,,,,
VFID3568,,,,,,,,,,,,,,,,,,,,,,,,,,,,
VFID3569,,,,,,,,,,,,,,,,,,,,,,,,,,,,
VFID3570,,,,,,,,,,,,,,,,,,,,,,,,,,,,
VFID3571,,,,,,,,,,,,,,,,,,,,,,,,,,,,
VFID3572,,,,,,,,,,,,,,,,,,,,,,,,,,,,
VFID3573,,,,,,,,,,,,,,,,,,,,,,,,,,,,
VFID3574,248.60616666666664,21.54088888888889,This work,4.3,3771556004.507573,106105156.13704167,106105156.13704167,1.0247904191050448,0.0319419498971246,1847228247.069693,852265931.5287384,852265931.5287384,Springob2005,8.997961969280915,8.056909460058609,8.056909460058609,3.7892965263011154,0.4469168283395723,0.4469168283395723,-0.3165184013696507,0.0122180033272014,0.3864690632235952,0.0497429803060993,0.0,9.57652056101604,0.9841952662732552,0.9841952662732552,9.67823369622738
VFID3575,,,,,,,,,,,,,,,,,,,,,,,,,,,,
VFID3576,,,,,,,,,,,,,,,,,,,,,,,,,,,,
VFID3577,,,,,,,,,,,,,,,,,,,,,,,,,,,,
VFID3578,,,,,,,,,,,,,,,,,,,,,,,,,,,,
VFID3579,,,,,,,,,,,,,,,,,,,,,,,,,,,,
VFID3580,,,,,,,,,,,,,,,,,,,,,,,,,,,,
VFID3581,,,,,,,,,,,,,,,,,,,,,,,,,,,,
VFID3582,,,,,,,,,,,,,,,,,,,,,,,,,,,,
VFID3583,,,,,,,,,,,,,,,,,,,,,,,,,,,,
VFID3584,,,,,,,,,,,,,,,,,,,,,,,,,,,,
VFID3585,,,,,,,,,,,,,,,,,,,,,,,,,,,,
VFID3586,,,,,,,,,,,,,,,,,,,,,,,,,,,,
VFID3587,,,,,,,,,,,,,,,,,,,,,,,,,,,,
VFID3588,,,,,,,,,,,,,,,,,,,,,,,,,,,,
VFID3589,,,,,,,,,,,,,,,,,,,,,,,,,,,,
VFID3590,,,,,,,,,,,,,,,,,,,,,,,,,,,,
VFID3591,,,,,,,,,,,,,,,,,,,,,,,,,,,,
VFID3592,,,,,,,,,,,,,,,,,,,,,,,,,,,,
VFID3593,,,,,,,,,,,,,,,,,,,,,,,,,,,,
VFID3594,,,,,,,,,,,,,,,,,,,,,,,,,,,,
VFID3595,247.3630416666667,21.336583333333333,This work,4.3,68136096.87399954,18108802.37470874,18108802.37470874,0.4433788330835815,0.2395875254211149,230875182.47889337,122757821.40296844,122757821.40296844,Springob2005,9.983225448242665,9.106253218601584,9.106253218601584,0.0070819328328331,0.0021039161207825,0.0021039161207825,0.7948249079407219,0.115424177580292,-0.8651622513810651,0.0576516951700081,0.0,7.833377251705666,0.9006795738999239,0.9006795738999239,9.986290252986642
VFID3596,,,,,,,,,,,,,,,,,,,,,,,,,,,,
VFID3597,,,,,,,,,,,,,,,,,,,,,,,,,,,,
VFID3598,,,,,,,,,,,,,,,,,,,,,,,,,,,,
VFID3599,,,,,,,,,,,,,,,,,,,,,,,,,,,,
VFID3600,,,,,,,,,,,,,,,,,,,,,,,,,,,,
VFID3601,,,,,,,,,,,,,,,,,,,,,,,,,,,,
VFID3602,,,,,,,,,,,,,,,,,,,,,,,,,,,,
VFID3603,,,,,,,,,,,,,,,,,,,,,,,,,,,,
VFID3604,,,,,,,,,,,,,,,,,,,,,,,,,,,,
VFID3605,,,,,,,,,,,,,,,,,,,,,,,,,,,,
VFID3606,,,,,,,,,,,,,,,,,,,,,,,,,,,,
VFID3607,,,,,,,,,,,,,,,,,,,,,,,,,,,,
VFID3608,,,,,,,,,,,,,,,,,,,,,,,,,,,,
VFID3609,,,,,,,,,,,,,,,,,,,,,,,,,,,,
VFID3610,,,,,,,,,,,,,,,,,,,,,,,,,,,,
VFID3611,,,,,,,,,,,,,,,,,,,,,,,,,,,,
VFID3612,,,,,,,,,,,,,,,,,,,,,,,,,,,,
VFID3613,,,,,,,,,,,,,,,,,,,,,,,,,,,,
VFID3614,,,,,,,,,,,,,,,,,,,,,,,,,,,,
VFID3615,,,,,,,,,,,,,,,,,,,,,,,,,,,,
VFID3616,,,,,,,,,,,,,,,,,,,,,,,,,,,,
VFID3617,,,,,,,,,,,,,,,,,,,,,,,,,,,,
VFID3618,197.14279166666665,21.049972222222223,This work,4.3,135298059.20176938,34033402.45021161,34033402.45021161,0.4832505344848894,0.1727062985956391,295999901.7164857,155322479.0752444,155322479.0752444,Springob2005,9.631764918999295,8.667881736623846,8.667881736623846,0.0315883286517092,0.0086556571315484,0.0086556571315484,0.4969105927901349,0.1092441308598328,-0.4082406732099635,0.0471955584066102,0.0,8.131291566856252,0.916110932507622,0.916110932507622,9.64527133890293
VFID3619,,,,,,,,,,,,,,,,,,,,,,,,,,,,
VFID3620,118.438625,21.04941666666667,Literature,4.3,51046110.79659776,-1.0,-1.0,-1000.0,-1000.0,534518398.82086766,-1.0,-1.0,This work,8.583568274149084,7.450773426283417,7.450773426283417,0.1331663157948746,-1.0,-1.0,0.5800395008614556,-1.0,0.4105463485951102,0.0319881750115801,0.0,7.7079626587849335,0.936407184773453,0.936407184773453,8.637861930465329
VFID3621,,,,,,,,,,,,,,,,,,,,,,,,,,,,
VFID3622,,,,,,,,,,,,,,,,,,,,,,,,,,,,
VFID3623,,,,,,,,,,,,,,,,,,,,,,,,,,,,
VFID3624,,,,,,,,,,,,,,,,,,,,,,,,,,,,
VFID3625,,,,,,,,,,,,,,,,,,,,,,,,,,,,
VFID3626,,,,,,,,,,,,,,,,,,,,,,,,,,,,
VFID3627,,,,,,,,,,,,,,,,,,,,,,,,,,,,
VFID3628,,,,,,,,,,,,,,,,,,,,,,,,,,,,
VFID3629,,,,,,,,,,,,,,,,,,,,,,,,,,,,
VFID3630,,,,,,,,,,,,,,,,,,,,,,,,,,,,
VFID3631,,,,,,,,,,,,,,,,,,,,,,,,,,,,
VFID3632,,,,,,,,,,,,,,,,,,,,,,,,,,,,
VFID3633,,,,,,,,,,,,,,,,,,,,,,,,,,,,
VFID3634,,,,,,,,,,,,,,,,,,,,,,,,,,,,
VFID3635,,,,,,,,,,,,,,,,,,,,,,,,,,,,
VFID3636,,,,,,,,,,,,,,,,,,,,,,,,,,,,
VFID3637,,,,,,,,,,,,,,,,,,,,,,,,,,,,
VFID3638,,,,,,,,,,,,,,,,,,,,,,,,,,,,
VFID3639,,,,,,,,,,,,,,,,,,,,,,,,,,,,
VFID3640,,,,,,,,,,,,,,,,,,,,,,,,,,,,
VFID3641,,,,,,,,,,,,,,,,,,,,,,,,,,,,
VFID3642,,,,,,,,,,,,,,,,,,,,,,,,,,,,
VFID3643,,,,,,,,,,,,,,,,,,,,,,,,,,,,
VFID3644,,,,,,,,,,,,,,,,,,,,,,,,,,,,
VFID3645,,,,,,,,,,,,,,,,,,,,,,,,,,,,
VFID3646,,,,,,,,,,,,,,,,,,,,,,,,,,,,
VFID3647,,,,,,,,,,,,,,,,,,,,,,,,,,,,
VFID3648,,,,,,,,,,,,,,,,,,,,,,,,,,,,
VFID3649,,,,,,,,,,,,,,,,,,,,,,,,,,,,
VFID3650,,,,,,,,,,,,,,,,,,,,,,,,,,,,
VFID3651,,,,,,,,,,,,,,,,,,,,,,,,,,,,
VFID3652,,,,,,,,,,,,,,,,,,,,,,,,,,,,
VFID3653,,,,,,,,,,,,,,,,,,,,,,,,,,,,
VFID3654,,,,,,,,,,,,,,,,,,,,,,,,,,,,
VFID3655,,,,,,,,,,,,,,,,,,,,,,,,,,,,
VFID3656,,,,,,,,,,,,,,,,,,,,,,,,,,,,
VFID3657,,,,,,,,,,,,,,,,,,,,,,,,,,,,
VFID3658,,,,,,,,,,,,,,,,,,,,,,,,,,,,
VFID3659,,,,,,,,,,,,,,,,,,,,,,,,,,,,
VFID3660,,,,,,,,,,,,,,,,,,,,,,,,,,,,
VFID3661,,,,,,,,,,,,,,,,,,,,,,,,,,,,
VFID3662,,,,,,,,,,,,,,,,,,,,,,,,,,,,
VFID3663,,,,,,,,,,,,,,,,,,,,,,,,,,,,
VFID3664,,,,,,,,,,,,,,,,,,,,,,,,,,,,
VFID3665,,,,,,,,,,,,,,,,,,,,,,,,,,,,
VFID3666,,,,,,,,,,,,,,,,,,,,,,,,,,,,
VFID3667,,,,,,,,,,,,,,,,,,,,,,,,,,,,
VFID3668,,,,,,,,,,,,,,,,,,,,,,,,,,,,
VFID3669,,,,,,,,,,,,,,,,,,,,,,,,,,,,
VFID3670,,,,,,,,,,,,,,,,,,,,,,,,,,,,
VFID3671,,,,,,,,,,,,,,,,,,,,,,,,,,,,
VFID3672,,,,,,,,,,,,,,,,,,,,,,,,,,,,
VFID3673,,,,,,,,,,,,,,,,,,,,,,,,,,,,
VFID3674,,,,,,,,,,,,,,,,,,,,,,,,,,,,
VFID3675,,,,,,,,,,,,,,,,,,,,,,,,,,,,
VFID3676,,,,,,,,,,,,,,,,,,,,,,,,,,,,
VFID3677,,,,,,,,,,,,,,,,,,,,,,,,,,,,
VFID3678,,,,,,,,,,,,,,,,,,,,,,,,,,,,
VFID3679,,,,,,,,,,,,,,,,,,,,,,,,,,,,
VFID3680,,,,,,,,,,,,,,,,,,,,,,,,,,,,
VFID3681,,,,,,,,,,,,,,,,,,,,,,,,,,,,
VFID3682,,,,,,,,,,,,,,,,,,,,,,,,,,,,
VFID3683,,,,,,,,,,,,,,,,,,,,,,,,,,,,
VFID3684,,,,,,,,,,,,,,,,,,,,,,,,,,,,
VFID3685,,,,,,,,,,,,,,,,,,,,,,,,,,,,
VFID3686,,,,,,,,,,,,,,,,,,,,,,,,,,,,
VFID3687,,,,,,,,,,,,,,,,,,,,,,,,,,,,
VFID3688,,,,,,,,,,,,,,,,,,,,,,,,,,,,
VFID3689,,,,,,,,,,,,,,,,,,,,,,,,,,,,
VFID3690,,,,,,,,,,,,,,,,,,,,,,,,,,,,
VFID3691,,,,,,,,,,,,,,,,,,,,,,,,,,,,
VFID3692,,,,,,,,,,,,,,,,,,,,,,,,,,,,
VFID3693,,,,,,,,,,,,,,,,,,,,,,,,,,,,
VFID3694,,,,,,,,,,,,,,,,,,,,,,,,,,,,
VFID3695,,,,,,,,,,,,,,,,,,,,,,,,,,,,
VFID3696,,,,,,,,,,,,,,,,,,,,,,,,,,,,
VFID3697,,,,,,,,,,,,,,,,,,,,,,,,,,,,
VFID3698,,,,,,,,,,,,,,,,,,,,,,,,,,,,
VFID3699,,,,,,,,,,,,,,,,,,,,,,,,,,,,
VFID3700,,,,,,,,,,,,,,,,,,,,,,,,,,,,
VFID3701,,,,,,,,,,,,,,,,,,,,,,,,,,,,
VFID3702,,,,,,,,,,,,,,,,,,,,,,,,,,,,
VFID3703,,,,,,,,,,,,,,,,,,,,,,,,,,,,
VFID3704,,,,,,,,,,,,,,,,,,,,,,,,,,,,
VFID3705,,,,,,,,,,,,,,,,,,,,,,,,,,,,
VFID3706,,,,,,,,,,,,,,,,,,,,,,,,,,,,
VFID3707,,,,,,,,,,,,,,,,,,,,,,,,,,,,
VFID3708,,,,,,,,,,,,,,,,,,,,,,,,,,,,
VFID3709,,,,,,,,,,,,,,,,,,,,,,,,,,,,
VFID3710,,,,,,,,,,,,,,,,,,,,,,,,,,,,
VFID3711,248.08733333333333,19.82655555555555,This work,4.3,4854974139.116406,125036281.93876532,125036281.93876532,0.6491834565474442,0.0207191989395063,1368317624.5416014,631118176.745885,631118176.745885,Springob2005,9.910529033519285,9.018110209476006,9.018110209476006,0.5965651611649615,0.077954687726199,0.077954687726199,-0.5233847612569651,0.0111849344049416,-0.3555639749975334,0.0556372284030285,0.0,9.686186920903353,0.9894128835472317,0.9894128835472317,10.113715681767049
VFID3712,,,,,,,,,,,,,,,,,,,,,,,,,,,,
VFID3713,,,,,,,,,,,,,,,,,,,,,,,,,,,,
VFID3714,,,,,,,,,,,,,,,,,,,,,,,,,,,,
VFID3715,,,,,,,,,,,,,,,,,,,,,,,,,,,,
VFID3716,,,,,,,,,,,,,,,,,,,,,,,,,,,,
VFID3717,,,,,,,,,,,,,,,,,,,,,,,,,,,,
VFID3718,,,,,,,,,,,,,,,,,,,,,,,,,,,,
VFID3719,,,,,,,,,,,,,,,,,,,,,,,,,,,,
VFID3720,,,,,,,,,,,,,,,,,,,,,,,,,,,,
VFID3721,,,,,,,,,,,,,,,,,,,,,,,,,,,,
VFID3722,,,,,,,,,,,,,,,,,,,,,,,,,,,,
VFID3723,,,,,,,,,,,,,,,,,,,,,,,,,,,,
VFID3724,,,,,,,,,,,,,,,,,,,,,,,,,,,,
VFID3725,,,,,,,,,,,,,,,,,,,,,,,,,,,,
VFID3726,,,,,,,,,,,,,,,,,,,,,,,,,,,,
VFID3727,,,,,,,,,,,,,,,,,,,,,,,,,,,,
VFID3728,,,,,,,,,,,,,,,,,,,,,,,,,,,,
VFID3729,,,,,,,,,,,,,,,,,,,,,,,,,,,,
VFID3730,,,,,,,,,,,,,,,,,,,,,,,,,,,,
VFID3731,,,,,,,,,,,,,,,,,,,,,,,,,,,,
VFID3732,,,,,,,,,,,,,,,,,,,,,,,,,,,,
VFID3733,,,,,,,,,,,,,,,,,,,,,,,,,,,,
VFID3734,,,,,,,,,,,,,,,,,,,,,,,,,,,,
VFID3735,,,,,,,,,,,,,,,,,,,,,,,,,,,,
VFID3736,,,,,,,,,,,,,,,,,,,,,,,,,,,,
VFID3737,,,,,,,,,,,,,,,,,,,,,,,,,,,,
VFID3738,,,,,,,,,,,,,,,,,,,,,,,,,,,,
VFID3739,,,,,,,,,,,,,,,,,,,,,,,,,,,,
VFID3740,,,,,,,,,,,,,,,,,,,,,,,,,,,,
VFID3741,,,,,,,,,,,,,,,,,,,,,,,,,,,,
VFID3742,,,,,,,,,,,,,,,,,,,,,,,,,,,,
VFID3743,,,,,,,,,,,,,,,,,,,,,,,,,,,,
VFID3744,,,,,,,,,,,,,,,,,,,,,,,,,,,,
VFID3745,,,,,,,,,,,,,,,,,,,,,,,,,,,,
VFID3746,,,,,,,,,,,,,,,,,,,,,,,,,,,,
VFID3747,,,,,,,,,,,,,,,,,,,,,,,,,,,,
VFID3748,,,,,,,,,,,,,,,,,,,,,,,,,,,,
VFID3749,,,,,,,,,,,,,,,,,,,,,,,,,,,,
VFID3750,,,,,,,,,,,,,,,,,,,,,,,,,,,,
VFID3751,,,,,,,,,,,,,,,,,,,,,,,,,,,,
VFID3752,,,,,,,,,,,,,,,,,,,,,,,,,,,,
VFID3753,,,,,,,,,,,,,,,,,,,,,,,,,,,,
VFID3754,,,,,,,,,,,,,,,,,,,,,,,,,,,,
VFID3755,,,,,,,,,,,,,,,,,,,,,,,,,,,,
VFID3756,,,,,,,,,,,,,,,,,,,,,,,,,,,,
VFID3757,,,,,,,,,,,,,,,,,,,,,,,,,,,,
VFID3758,,,,,,,,,,,,,,,,,,,,,,,,,,,,
VFID3759,,,,,,,,,,,,,,,,,,,,,,,,,,,,
VFID3760,,,,,,,,,,,,,,,,,,,,,,,,,,,,
VFID3761,,,,,,,,,,,,,,,,,,,,,,,,,,,,
VFID3762,,,,,,,,,,,,,,,,,,,,,,,,,,,,
VFID3763,,,,,,,,,,,,,,,,,,,,,,,,,,,,
VFID3764,,,,,,,,,,,,,,,,,,,,,,,,,,,,
VFID3765,,,,,,,,,,,,,,,,,,,,,,,,,,,,
VFID3766,,,,,,,,,,,,,,,,,,,,,,,,,,,,
VFID3767,,,,,,,,,,,,,,,,,,,,,,,,,,,,
VFID3768,,,,,,,,,,,,,,,,,,,,,,,,,,,,
VFID3769,,,,,,,,,,,,,,,,,,,,,,,,,,,,
VFID3770,,,,,,,,,,,,,,,,,,,,,,,,,,,,
VFID3771,,,,,,,,,,,,,,,,,,,,,,,,,,,,
VFID3772,,,,,,,,,,,,,,,,,,,,,,,,,,,,
VFID3773,,,,,,,,,,,,,,,,,,,,,,,,,,,,
VFID3774,,,,,,,,,,,,,,,,,,,,,,,,,,,,
VFID3775,,,,,,,,,,,,,,,,,,,,,,,,,,,,
VFID3776,,,,,,,,,,,,,,,,,,,,,,,,,,,,
VFID3777,243.87008333333335,18.90486111111111,This work,4.3,85686228.2761588,21712737.82463497,21712737.82463497,0.8854021373795973,0.5885199105024977,566123296.0654132,297571219.0241639,297571219.0241639,Springob2005,9.474684675927632,8.800781625724754,8.800781625724754,0.028722771985763,0.0094874423369958,0.0094874423369958,0.5332911331057444,0.1100494491817268,0.1073433230486351,0.0920197949324154,0.0,7.932911026540645,0.9072330810445284,0.9072330810445284,9.486983029486646
VFID3778,,,,,,,,,,,,,,,,,,,,,,,,,,,,
VFID3779,,,,,,,,,,,,,,,,,,,,,,,,,,,,
VFID3780,,,,,,,,,,,,,,,,,,,,,,,,,,,,
VFID3781,,,,,,,,,,,,,,,,,,,,,,,,,,,,
VFID3782,,,,,,,,,,,,,,,,,,,,,,,,,,,,
VFID3783,,,,,,,,,,,,,,,,,,,,,,,,,,,,
VFID3784,,,,,,,,,,,,,,,,,,,,,,,,,,,,
VFID3785,,,,,,,,,,,,,,,,,,,,,,,,,,,,
VFID3786,,,,,,,,,,,,,,,,,,,,,,,,,,,,
VFID3787,,,,,,,,,,,,,,,,,,,,,,,,,,,,
VFID3788,,,,,,,,,,,,,,,,,,,,,,,,,,,,
VFID3789,,,,,,,,,,,,,,,,,,,,,,,,,,,,
VFID3790,,,,,,,,,,,,,,,,,,,,,,,,,,,,
VFID3791,,,,,,,,,,,,,,,,,,,,,,,,,,,,
VFID3792,,,,,,,,,,,,,,,,,,,,,,,,,,,,
VFID3793,,,,,,,,,,,,,,,,,,,,,,,,,,,,
VFID3794,,,,,,,,,,,,,,,,,,,,,,,,,,,,
VFID3795,,,,,,,,,,,,,,,,,,,,,,,,,,,,
VFID3796,,,,,,,,,,,,,,,,,,,,,,,,,,,,
VFID3797,,,,,,,,,,,,,,,,,,,,,,,,,,,,
VFID3798,,,,,,,,,,,,,,,,,,,,,,,,,,,,
VFID3799,,,,,,,,,,,,,,,,,,,,,,,,,,,,
VFID3800,,,,,,,,,,,,,,,,,,,,,,,,,,,,
VFID3801,,,,,,,,,,,,,,,,,,,,,,,,,,,,
VFID3802,,,,,,,,,,,,,,,,,,,,,,,,,,,,
VFID3803,,,,,,,,,,,,,,,,,,,,,,,,,,,,
VFID3804,,,,,,,,,,,,,,,,,,,,,,,,,,,,
VFID3805,,,,,,,,,,,,,,,,,,,,,,,,,,,,
VFID3806,,,,,,,,,,,,,,,,,,,,,,,,,,,,
VFID3807,,,,,,,,,,,,,,,,,,,,,,,,,,,,
VFID3808,,,,,,,,,,,,,,,,,,,,,,,,,,,,
VFID3809,,,,,,,,,,,,,,,,,,,,,,,,,,,,
VFID3810,,,,,,,,,,,,,,,,,,,,,,,,,,,,
VFID3811,,,,,,,,,,,,,,,,,,,,,,,,,,,,
VFID3812,,,,,,,,,,,,,,,,,,,,,,,,,,,,
VFID3813,,,,,,,,,,,,,,,,,,,,,,,,,,,,
VFID3814,,,,,,,,,,,,,,,,,,,,,,,,,,,,
VFID3815,,,,,,,,,,,,,,,,,,,,,,,,,,,,
VFID3816,,,,,,,,,,,,,,,,,,,,,,,,,,,,
VFID3817,,,,,,,,,,,,,,,,,,,,,,,,,,,,
VFID3818,,,,,,,,,,,,,,,,,,,,,,,,,,,,
VFID3819,,,,,,,,,,,,,,,,,,,,,,,,,,,,
VFID3820,,,,,,,,,,,,,,,,,,,,,,,,,,,,
VFID3821,,,,,,,,,,,,,,,,,,,,,,,,,,,,
VFID3822,,,,,,,,,,,,,,,,,,,,,,,,,,,,
VFID3823,,,,,,,,,,,,,,,,,,,,,,,,,,,,
VFID3824,,,,,,,,,,,,,,,,,,,,,,,,,,,,
VFID3825,,,,,,,,,,,,,,,,,,,,,,,,,,,,
VFID3826,,,,,,,,,,,,,,,,,,,,,,,,,,,,
VFID3827,,,,,,,,,,,,,,,,,,,,,,,,,,,,
VFID3828,,,,,,,,,,,,,,,,,,,,,,,,,,,,
VFID3829,,,,,,,,,,,,,,,,,,,,,,,,,,,,
VFID3830,,,,,,,,,,,,,,,,,,,,,,,,,,,,
VFID3831,,,,,,,,,,,,,,,,,,,,,,,,,,,,
VFID3832,,,,,,,,,,,,,,,,,,,,,,,,,,,,
VFID3833,,,,,,,,,,,,,,,,,,,,,,,,,,,,
VFID3834,,,,,,,,,,,,,,,,,,,,,,,,,,,,
VFID3835,,,,,,,,,,,,,,,,,,,,,,,,,,,,
VFID3836,,,,,,,,,,,,,,,,,,,,,,,,,,,,
VFID3837,,,,,,,,,,,,,,,,,,,,,,,,,,,,
VFID3838,,,,,,,,,,,,,,,,,,,,,,,,,,,,
VFID3839,,,,,,,,,,,,,,,,,,,,,,,,,,,,
VFID3840,,,,,,,,,,,,,,,,,,,,,,,,,,,,
VFID3841,,,,,,,,,,,,,,,,,,,,,,,,,,,,
VFID3842,,,,,,,,,,,,,,,,,,,,,,,,,,,,
VFID3843,,,,,,,,,,,,,,,,,,,,,,,,,,,,
VFID3844,,,,,,,,,,,,,,,,,,,,,,,,,,,,
VFID3845,,,,,,,,,,,,,,,,,,,,,,,,,,,,
VFID3846,,,,,,,,,,,,,,,,,,,,,,,,,,,,
VFID3847,,,,,,,,,,,,,,,,,,,,,,,,,,,,
VFID3848,,,,,,,,,,,,,,,,,,,,,,,,,,,,
VFID3849,,,,,,,,,,,,,,,,,,,,,,,,,,,,
VFID3850,,,,,,,,,,,,,,,,,,,,,,,,,,,,
VFID3851,,,,,,,,,,,,,,,,,,,,,,,,,,,,
VFID3852,,,,,,,,,,,,,,,,,,,,,,,,,,,,
VFID3853,,,,,,,,,,,,,,,,,,,,,,,,,,,,
VFID3854,,,,,,,,,,,,,,,,,,,,,,,,,,,,
VFID3855,,,,,,,,,,,,,,,,,,,,,,,,,,,,
VFID3856,,,,,,,,,,,,,,,,,,,,,,,,,,,,
VFID3857,,,,,,,,,,,,,,,,,,,,,,,,,,,,
VFID3858,,,,,,,,,,,,,,,,,,,,,,,,,,,,
VFID3859,,,,,,,,,,,,,,,,,,,,,,,,,,,,
VFID3860,,,,,,,,,,,,,,,,,,,,,,,,,,,,
VFID3861,,,,,,,,,,,,,,,,,,,,,,,,,,,,
VFID3862,,,,,,,,,,,,,,,,,,,,,,,,,,,,
VFID3863,,,,,,,,,,,,,,,,,,,,,,,,,,,,
VFID3864,,,,,,,,,,,,,,,,,,,,,,,,,,,,
VFID3865,,,,,,,,,,,,,,,,,,,,,,,,,,,,
VFID3866,,,,,,,,,,,,,,,,,,,,,,,,,,,,
VFID3867,,,,,,,,,,,,,,,,,,,,,,,,,,,,
VFID3868,,,,,,,,,,,,,,,,,,,,,,,,,,,,
VFID3869,,,,,,,,,,,,,,,,,,,,,,,,,,,,
VFID3870,,,,,,,,,,,,,,,,,,,,,,,,,,,,
VFID3871,,,,,,,,,,,,,,,,,,,,,,,,,,,,
VFID3872,,,,,,,,,,,,,,,,,,,,,,,,,,,,
VFID3873,,,,,,,,,,,,,,,,,,,,,,,,,,,,
VFID3874,,,,,,,,,,,,,,,,,,,,,,,,,,,,
VFID3875,,,,,,,,,,,,,,,,,,,,,,,,,,,,
VFID3876,,,,,,,,,,,,,,,,,,,,,,,,,,,,
VFID3877,,,,,,,,,,,,,,,,,,,,,,,,,,,,
VFID3878,,,,,,,,,,,,,,,,,,,,,,,,,,,,
VFID3879,,,,,,,,,,,,,,,,,,,,,,,,,,,,
VFID3880,,,,,,,,,,,,,,,,,,,,,,,,,,,,
VFID3881,,,,,,,,,,,,,,,,,,,,,,,,,,,,
VFID3882,,,,,,,,,,,,,,,,,,,,,,,,,,,,
VFID3883,,,,,,,,,,,,,,,,,,,,,,,,,,,,
VFID3884,,,,,,,,,,,,,,,,,,,,,,,,,,,,
VFID3885,,,,,,,,,,,,,,,,,,,,,,,,,,,,
VFID3886,,,,,,,,,,,,,,,,,,,,,,,,,,,,
VFID3887,,,,,,,,,,,,,,,,,,,,,,,,,,,,
VFID3888,,,,,,,,,,,,,,,,,,,,,,,,,,,,
VFID3889,,,,,,,,,,,,,,,,,,,,,,,,,,,,
VFID3890,,,,,,,,,,,,,,,,,,,,,,,,,,,,
VFID3891,,,,,,,,,,,,,,,,,,,,,,,,,,,,
VFID3892,,,,,,,,,,,,,,,,,,,,,,,,,,,,
VFID3893,,,,,,,,,,,,,,,,,,,,,,,,,,,,
VFID3894,,,,,,,,,,,,,,,,,,,,,,,,,,,,
VFID3895,,,,,,,,,,,,,,,,,,,,,,,,,,,,
VFID3896,,,,,,,,,,,,,,,,,,,,,,,,,,,,
VFID3897,,,,,,,,,,,,,,,,,,,,,,,,,,,,
VFID3898,,,,,,,,,,,,,,,,,,,,,,,,,,,,
VFID3899,,,,,,,,,,,,,,,,,,,,,,,,,,,,
VFID3900,,,,,,,,,,,,,,,,,,,,,,,,,,,,
VFID3901,,,,,,,,,,,,,,,,,,,,,,,,,,,,
VFID3902,,,,,,,,,,,,,,,,,,,,,,,,,,,,
VFID3903,,,,,,,,,,,,,,,,,,,,,,,,,,,,
VFID3904,,,,,,,,,,,,,,,,,,,,,,,,,,,,
VFID3905,,,,,,,,,,,,,,,,,,,,,,,,,,,,
VFID3906,,,,,,,,,,,,,,,,,,,,,,,,,,,,
VFID3907,,,,,,,,,,,,,,,,,,,,,,,,,,,,
VFID3908,,,,,,,,,,,,,,,,,,,,,,,,,,,,
VFID3909,,,,,,,,,,,,,,,,,,,,,,,,,,,,
VFID3910,,,,,,,,,,,,,,,,,,,,,,,,,,,,
VFID3911,,,,,,,,,,,,,,,,,,,,,,,,,,,,
VFID3912,,,,,,,,,,,,,,,,,,,,,,,,,,,,
VFID3913,,,,,,,,,,,,,,,,,,,,,,,,,,,,
VFID3914,,,,,,,,,,,,,,,,,,,,,,,,,,,,
VFID3915,,,,,,,,,,,,,,,,,,,,,,,,,,,,
VFID3916,,,,,,,,,,,,,,,,,,,,,,,,,,,,
VFID3917,,,,,,,,,,,,,,,,,,,,,,,,,,,,
VFID3918,,,,,,,,,,,,,,,,,,,,,,,,,,,,
VFID3919,,,,,,,,,,,,,,,,,,,,,,,,,,,,
VFID3920,,,,,,,,,,,,,,,,,,,,,,,,,,,,
VFID3921,,,,,,,,,,,,,,,,,,,,,,,,,,,,
VFID3922,,,,,,,,,,,,,,,,,,,,,,,,,,,,
VFID3923,,,,,,,,,,,,,,,,,,,,,,,,,,,,
VFID3924,,,,,,,,,,,,,,,,,,,,,,,,,,,,
VFID3925,,,,,,,,,,,,,,,,,,,,,,,,,,,,
VFID3926,,,,,,,,,,,,,,,,,,,,,,,,,,,,
VFID3927,,,,,,,,,,,,,,,,,,,,,,,,,,,,
VFID3928,,,,,,,,,,,,,,,,,,,,,,,,,,,,
VFID3929,,,,,,,,,,,,,,,,,,,,,,,,,,,,
VFID3930,,,,,,,,,,,,,,,,,,,,,,,,,,,,
VFID3931,,,,,,,,,,,,,,,,,,,,,,,,,,,,
VFID3932,,,,,,,,,,,,,,,,,,,,,,,,,,,,
VFID3933,,,,,,,,,,,,,,,,,,,,,,,,,,,,
VFID3934,,,,,,,,,,,,,,,,,,,,,,,,,,,,
VFID3935,,,,,,,,,,,,,,,,,,,,,,,,,,,,
VFID3936,,,,,,,,,,,,,,,,,,,,,,,,,,,,
VFID3937,,,,,,,,,,,,,,,,,,,,,,,,,,,,
VFID3938,,,,,,,,,,,,,,,,,,,,,,,,,,,,
VFID3939,,,,,,,,,,,,,,,,,,,,,,,,,,,,
VFID3940,,,,,,,,,,,,,,,,,,,,,,,,,,,,
VFID3941,,,,,,,,,,,,,,,,,,,,,,,,,,,,
VFID3942,,,,,,,,,,,,,,,,,,,,,,,,,,,,
VFID3943,,,,,,,,,,,,,,,,,,,,,,,,,,,,
VFID3944,,,,,,,,,,,,,,,,,,,,,,,,,,,,
VFID3945,239.63475000000005,17.441472222222224,This work,4.3,512294418.838625,80866132.75295249,80866132.75295249,0.688376954537879,0.1371096093991098,1696366254.3930616,825823481.8949989,825823481.8949989,Springob2005,9.685994967898116,8.80756270842071,8.80756270842071,0.1055661435572365,0.0217427386741586,0.0217427386741586,-0.20281746486007,0.0685537728618627,-0.1460480798518109,0.0574582046504302,0.0,8.709519624506457,0.9447104974623985,0.9447104974623985,9.729579698460615
VFID3946,,,,,,,,,,,,,,,,,,,,,,,,,,,,
VFID3947,,,,,,,,,,,,,,,,,,,,,,,,,,,,
VFID3948,,,,,,,,,,,,,,,,,,,,,,,,,,,,
VFID3949,,,,,,,,,,,,,,,,,,,,,,,,,,,,
VFID3950,,,,,,,,,,,,,,,,,,,,,,,,,,,,
VFID3951,,,,,,,,,,,,,,,,,,,,,,,,,,,,
VFID3952,,,,,,,,,,,,,,,,,,,,,,,,,,,,
VFID3953,,,,,,,,,,,,,,,,,,,,,,,,,,,,
VFID3954,,,,,,,,,,,,,,,,,,,,,,,,,,,,
VFID3955,,,,,,,,,,,,,,,,,,,,,,,,,,,,
VFID3956,,,,,,,,,,,,,,,,,,,,,,,,,,,,
VFID3957,,,,,,,,,,,,,,,,,,,,,,,,,,,,
VFID3958,,,,,,,,,,,,,,,,,,,,,,,,,,,,
VFID3959,,,,,,,,,,,,,,,,,,,,,,,,,,,,
VFID3960,,,,,,,,,,,,,,,,,,,,,,,,,,,,
VFID3961,,,,,,,,,,,,,,,,,,,,,,,,,,,,
VFID3962,,,,,,,,,,,,,,,,,,,,,,,,,,,,
VFID3963,,,,,,,,,,,,,,,,,,,,,,,,,,,,
VFID3964,,,,,,,,,,,,,,,,,,,,,,,,,,,,
VFID3965,,,,,,,,,,,,,,,,,,,,,,,,,,,,
VFID3966,,,,,,,,,,,,,,,,,,,,,,,,,,,,
VFID3967,,,,,,,,,,,,,,,,,,,,,,,,,,,,
VFID3968,,,,,,,,,,,,,,,,,,,,,,,,,,,,
VFID3969,,,,,,,,,,,,,,,,,,,,,,,,,,,,
VFID3970,,,,,,,,,,,,,,,,,,,,,,,,,,,,
VFID3971,,,,,,,,,,,,,,,,,,,,,,,,,,,,
VFID3972,,,,,,,,,,,,,,,,,,,,,,,,,,,,
VFID3973,,,,,,,,,,,,,,,,,,,,,,,,,,,,
VFID3974,,,,,,,,,,,,,,,,,,,,,,,,,,,,
VFID3975,,,,,,,,,,,,,,,,,,,,,,,,,,,,
VFID3976,,,,,,,,,,,,,,,,,,,,,,,,,,,,
VFID3977,,,,,,,,,,,,,,,,,,,,,,,,,,,,
VFID3978,,,,,,,,,,,,,,,,,,,,,,,,,,,,
VFID3979,187.12345833333333,17.084944444444442,Boselli+2014,,1945964160.0,-1.0,-1.0,,,6904541389.366677,-1.0,-1.0,Boselli+2014,8.500327826281536,6.8338098457266545,6.8338098457266545,6.1490356516656925,-1.0,-1.0,0.1571673223047884,-1.0,1.0456887090699034,0.0093597948686045,0.0,9.2891348373416,0.9710487165397684,0.9710487165397684,9.354575289144698
VFID3980,,,,,,,,,,,,,,,,,,,,,,,,,,,,
VFID3981,,,,,,,,,,,,,,,,,,,,,,,,,,,,
VFID3982,,,,,,,,,,,,,,,,,,,,,,,,,,,,
VFID3983,,,,,,,,,,,,,,,,,,,,,,,,,,,,
VFID3984,,,,,,,,,,,,,,,,,,,,,,,,,,,,
VFID3985,,,,,,,,,,,,,,,,,,,,,,,,,,,,
VFID3986,,,,,,,,,,,,,,,,,,,,,,,,,,,,
VFID3987,,,,,,,,,,,,,,,,,,,,,,,,,,,,
VFID3988,,,,,,,,,,,,,,,,,,,,,,,,,,,,
VFID3989,,,,,,,,,,,,,,,,,,,,,,,,,,,,
VFID3990,,,,,,,,,,,,,,,,,,,,,,,,,,,,
VFID3991,,,,,,,,,,,,,,,,,,,,,,,,,,,,
VFID3992,,,,,,,,,,,,,,,,,,,,,,,,,,,,
VFID3993,,,,,,,,,,,,,,,,,,,,,,,,,,,,
VFID3994,187.914875,16.852805555555555,Boselli+2014,,49252552.256819636,-1.0,-1.0,,,210101300.41464415,-1.0,-1.0,Boselli+2014,8.919100423956719,6.78805235516598,6.78805235516598,0.0593373731779908,-1.0,-1.0,0.8061734191816239,-1.0,0.2238055982243363,0.0032117093978054,0.0,7.692428740464764,0.9515383339372189,0.9515383339372189,8.94413471831883
VFID3995,,,,,,,,,,,,,,,,,,,,,,,,,,,,
VFID3996,,,,,,,,,,,,,,,,,,,,,,,,,,,,
VFID3997,,,,,,,,,,,,,,,,,,,,,,,,,,,,
VFID3998,,,,,,,,,,,,,,,,,,,,,,,,,,,,
VFID3999,,,,,,,,,,,,,,,,,,,,,,,,,,,,
VFID4000,,,,,,,,,,,,,,,,,,,,,,,,,,,,
VFID4001,,,,,,,,,,,,,,,,,,,,,,,,,,,,
VFID4002,,,,,,,,,,,,,,,,,,,,,,,,,,,,
VFID4003,,,,,,,,,,,,,,,,,,,,,,,,,,,,
VFID4004,,,,,,,,,,,,,,,,,,,,,,,,,,,,
VFID4005,,,,,,,,,,,,,,,,,,,,,,,,,,,,
VFID4006,,,,,,,,,,,,,,,,,,,,,,,,,,,,
VFID4007,,,,,,,,,,,,,,,,,,,,,,,,,,,,
VFID4008,,,,,,,,,,,,,,,,,,,,,,,,,,,,
VFID4009,,,,,,,,,,,,,,,,,,,,,,,,,,,,
VFID4010,185.897125,16.722194444444444,Boselli+2014,,19567364.618400708,-1.0,-1.0,,,526662428.9155361,-1.0,-1.0,Boselli+2014,6.873400468750467,,,,,,1.749769821916697,-1.0,2.0720001215908335,-1.0,0.0,,,,
VFID4011,,,,,,,,,,,,,,,,,,,,,,,,,,,,
VFID4012,,,,,,,,,,,,,,,,,,,,,,,,,,,,
VFID4013,,,,,,,,,,,,,,,,,,,,,,,,,,,,
VFID4014,185.99087499999996,16.693361111111113,Boselli+2014,,14340872.563519524,-1.0,-1.0,,,232581719.2845361,-1.0,-1.0,Boselli+2014,6.941586330496628,,,,,,2.0305265830710306,-1.0,1.998474259844672,-1.0,0.0,,,,
VFID4015,,,,,,,,,,,,,,,,,,,,,,,,,,,,
VFID4016,,,,,,,,,,,,,,,,,,,,,,,,,,,,
VFID4017,,,,,,,,,,,,,,,,,,,,,,,,,,,,
VFID4018,,,,,,,,,,,,,,,,,,,,,,,,,,,,
VFID4019,,,,,,,,,,,,,,,,,,,,,,,,,,,,
VFID4020,,,,,,,,,,,,,,,,,,,,,,,,,,,,
VFID4021,,,,,,,,,,,,,,,,,,,,,,,,,,,,
VFID4022,238.671875,16.617194444444443,This work,4.3,183199371.57657263,32725447.765832327,32725447.765832327,0.4306778327283365,0.0909815396438384,1963016633.5169525,969630197.7552024,969630197.7552024,This work,8.99951420742859,7.74452126106162,7.74452126106162,0.1834044091515136,0.0343118886145333,0.0343118886145333,-0.3394218199403829,0.0775793129649117,-0.6108649573818496,0.0241430072575536,0.0,8.262923979586771,0.9211844280252662,0.9211844280252662,9.072647390475552
VFID4023,,,,,,,,,,,,,,,,,,,,,,,,,,,,
VFID4024,,,,,,,,,,,,,,,,,,,,,,,,,,,,
VFID4025,,,,,,,,,,,,,,,,,,,,,,,,,,,,
VFID4026,,,,,,,,,,,,,,,,,,,,,,,,,,,,
VFID4027,,,,,,,,,,,,,,,,,,,,,,,,,,,,
VFID4028,,,,,,,,,,,,,,,,,,,,,,,,,,,,
VFID4029,170.727525,16.590175,AMIGA,,371535229.0971728,46441903.6371466,46441903.6371466,,,309029543.2513593,147462773.1498708,147462773.1498708,AMIGA,9.461732640566561,8.964510248451973,8.844510248451973,0.1283120251289171,-1.0,-1.0,0.317402159646388,0.0542868102379064,-0.5173070056234046,0.1382171453835725,0.0,8.57,0.9783851734200812,0.9783789616020272,9.514161857281966
VFID4030,,,,,,,,,,,,,,,,,,,,,,,,,,,,
VFID4031,,,,,,,,,,,,,,,,,,,,,,,,,,,,
VFID4032,,,,,,,,,,,,,,,,,,,,,,,,,,,,
VFID4033,,,,,,,,,,,,,,,,,,,,,,,,,,,,
VFID4034,,,,,,,,,,,,,,,,,,,,,,,,,,,,
VFID4035,,,,,,,,,,,,,,,,,,,,,,,,,,,,
VFID4036,,,,,,,,,,,,,,,,,,,,,,,,,,,,
VFID4037,,,,,,,,,,,,,,,,,,,,,,,,,,,,
VFID4038,,,,,,,,,,,,,,,,,,,,,,,,,,,,
VFID4039,,,,,,,,,,,,,,,,,,,,,,,,,,,,
VFID4040,,,,,,,,,,,,,,,,,,,,,,,,,,,,
VFID4041,,,,,,,,,,,,,,,,,,,,,,,,,,,,
VFID4042,,,,,,,,,,,,,,,,,,,,,,,,,,,,
VFID4043,,,,,,,,,,,,,,,,,,,,,,,,,,,,
VFID4044,,,,,,,,,,,,,,,,,,,,,,,,,,,,
VFID4045,,,,,,,,,,,,,,,,,,,,,,,,,,,,
VFID4046,186.35625,16.47,Boselli+2014,,411068895.3488372,-1.0,-1.0,,,401711824.91207266,-1.0,-1.0,Boselli+2014,9.453320566565154,6.8338098457266545,6.8338098457266545,0.1447418267281127,-1.0,-1.0,-0.1882124562985687,-1.0,-0.5138240312137139,0.0010429742600942,0.0,8.613914615944957,0.9782731264530424,0.9782731264530424,9.51202811798345
VFID4047,,,,,,,,,,,,,,,,,,,,,,,,,,,,
VFID4048,,,,,,,,,,,,,,,,,,,,,,,,,,,,
VFID4049,,,,,,,,,,,,,,,,,,,,,,,,,,,,
VFID4050,,,,,,,,,,,,,,,,,,,,,,,,,,,,
VFID4051,,,,,,,,,,,,,,,,,,,,,,,,,,,,
VFID4052,,,,,,,,,,,,,,,,,,,,,,,,,,,,
VFID4053,,,,,,,,,,,,,,,,,,,,,,,,,,,,
VFID4054,,,,,,,,,,,,,,,,,,,,,,,,,,,,
VFID4055,,,,,,,,,,,,,,,,,,,,,,,,,,,,
VFID4056,263.1657708,16.4017417,AMIGA,,891250938.1337441,-1.0,-1.0,,,436515832.2401653,-1.0,-1.0,AMIGA,10.31173264056656,9.814510248451972,9.694510248451973,0.04347777987732,-1.0,-1.0,0.4882021596463897,-1.0,-0.9470222645004168,0.1382171453835725,0.0,8.95,1.0141110709597119,1.0141103598941454,10.330215846072095
VFID4057,190.927625,16.39338888888889,Boselli+2014,,1513547910.0,-1.0,-1.0,,,1905443925.8669512,-1.0,-1.0,Boselli+2014,9.588922112121725,7.009901104782336,7.009901104782336,0.3900084894700783,-1.0,-1.0,-0.0495940130656347,-1.0,-0.1639377921130815,0.0011448887923635,0.0,9.179996172712023,0.9881994106757817,0.9881994106757817,9.731939564835352
VFID4058,,,,,,,,,,,,,,,,,,,,,,,,,,,,
VFID4059,,,,,,,,,,,,,,,,,,,,,,,,,,,,
VFID4060,,,,,,,,,,,,,,,,,,,,,,,,,,,,
VFID4061,,,,,,,,,,,,,,,,,,,,,,,,,,,,
VFID4062,,,,,,,,,,,,,,,,,,,,,,,,,,,,
VFID4063,,,,,,,,,,,,,,,,,,,,,,,,,,,,
VFID4064,,,,,,,,,,,,,,,,,,,,,,,,,,,,
VFID4065,,,,,,,,,,,,,,,,,,,,,,,,,,,,
VFID4066,,,,,,,,,,,,,,,,,,,,,,,,,,,,
VFID4067,,,,,,,,,,,,,,,,,,,,,,,,,,,,
VFID4068,,,,,,,,,,,,,,,,,,,,,,,,,,,,
VFID4069,,,,,,,,,,,,,,,,,,,,,,,,,,,,
VFID4070,,,,,,,,,,,,,,,,,,,,,,,,,,,,
VFID4071,,,,,,,,,,,,,,,,,,,,,,,,,,,,
VFID4072,,,,,,,,,,,,,,,,,,,,,,,,,,,,
VFID4073,,,,,,,,,,,,,,,,,,,,,,,,,,,,
VFID4074,,,,,,,,,,,,,,,,,,,,,,,,,,,,
VFID4075,,,,,,,,,,,,,,,,,,,,,,,,,,,,
VFID4076,,,,,,,,,,,,,,,,,,,,,,,,,,,,
VFID4077,,,,,,,,,,,,,,,,,,,,,,,,,,,,
VFID4078,,,,,,,,,,,,,,,,,,,,,,,,,,,,
VFID4079,,,,,,,,,,,,,,,,,,,,,,,,,,,,
VFID4080,,,,,,,,,,,,,,,,,,,,,,,,,,,,
VFID4081,,,,,,,,,,,,,,,,,,,,,,,,,,,,
VFID4082,,,,,,,,,,,,,,,,,,,,,,,,,,,,
VFID4083,,,,,,,,,,,,,,,,,,,,,,,,,,,,
VFID4084,,,,,,,,,,,,,,,,,,,,,,,,,,,,
VFID4085,,,,,,,,,,,,,,,,,,,,,,,,,,,,
VFID4086,,,,,,,,,,,,,,,,,,,,,,,,,,,,
VFID4087,,,,,,,,,,,,,,,,,,,,,,,,,,,,
VFID4088,,,,,,,,,,,,,,,,,,,,,,,,,,,,
VFID4089,,,,,,,,,,,,,,,,,,,,,,,,,,,,
VFID4090,,,,,,,,,,,,,,,,,,,,,,,,,,,,
VFID4091,,,,,,,,,,,,,,,,,,,,,,,,,,,,
VFID4092,,,,,,,,,,,,,,,,,,,,,,,,,,,,
VFID4093,,,,,,,,,,,,,,,,,,,,,,,,,,,,
VFID4094,182.65625,16.032916666666665,This work,4.3,848934718.7109116,54069200.168110386,54069200.168110386,0.4965235781242708,0.0399973330704536,308229566.29636097,143296062.1932321,143296062.1932321,Springob2005,9.817678858704856,8.905747966275504,8.905747966275504,0.1291800464870813,0.0178334540649918,0.0178334540649918,-0.0657721355520131,0.0276604958619074,-0.7615845269720793,0.0531928694774448,0.0,8.928874295198401,0.954359691609509,0.954359691609509,9.870442053917321
VFID4095,,,,,,,,,,,,,,,,,,,,,,,,,,,,
VFID4096,,,,,,,,,,,,,,,,,,,,,,,,,,,,
VFID4097,,,,,,,,,,,,,,,,,,,,,,,,,,,,
VFID4098,,,,,,,,,,,,,,,,,,,,,,,,,,,,
VFID4099,,,,,,,,,,,,,,,,,,,,,,,,,,,,
VFID4100,,,,,,,,,,,,,,,,,,,,,,,,,,,,
VFID4101,,,,,,,,,,,,,,,,,,,,,,,,,,,,
VFID4102,,,,,,,,,,,,,,,,,,,,,,,,,,,,
VFID4103,,,,,,,,,,,,,,,,,,,,,,,,,,,,
VFID4104,,,,,,,,,,,,,,,,,,,,,,,,,,,,
VFID4105,,,,,,,,,,,,,,,,,,,,,,,,,,,,
VFID4106,,,,,,,,,,,,,,,,,,,,,,,,,,,,
VFID4107,,,,,,,,,,,,,,,,,,,,,,,,,,,,
VFID4108,,,,,,,,,,,,,,,,,,,,,,,,,,,,
VFID4109,,,,,,,,,,,,,,,,,,,,,,,,,,,,
VFID4110,,,,,,,,,,,,,,,,,,,,,,,,,,,,
VFID4111,,,,,,,,,,,,,,,,,,,,,,,,,,,,
VFID4112,,,,,,,,,,,,,,,,,,,,,,,,,,,,
VFID4113,,,,,,,,,,,,,,,,,,,,,,,,,,,,
VFID4114,,,,,,,,,,,,,,,,,,,,,,,,,,,,
VFID4115,,,,,,,,,,,,,,,,,,,,,,,,,,,,
VFID4116,,,,,,,,,,,,,,,,,,,,,,,,,,,,
VFID4117,,,,,,,,,,,,,,,,,,,,,,,,,,,,
VFID4118,,,,,,,,,,,,,,,,,,,,,,,,,,,,
VFID4119,185.72875,15.822388888888888,Boselli+2014,,9552606000.0,1148315490.0,1148315490.0,,,2755001664.0956235,1311236916.517079,1311236916.517079,Boselli+2014,9.522763308364071,7.6871429507289895,7.6871429507289895,2.866543635568938,0.3471187621949399,0.3471187621949399,-0.5257197058671252,0.0522063906740243,0.2238294973200236,0.0063410905319234,0.0,9.980121865513512,1.0013054012822995,1.0013054012822995,10.110086224101435
VFID4120,,,,,,,,,,,,,,,,,,,,,,,,,,,,
VFID4121,,,,,,,,,,,,,,,,,,,,,,,,,,,,
VFID4122,,,,,,,,,,,,,,,,,,,,,,,,,,,,
VFID4123,,,,,,,,,,,,,,,,,,,,,,,,,,,,
VFID4124,,,,,,,,,,,,,,,,,,,,,,,,,,,,
VFID4125,,,,,,,,,,,,,,,,,,,,,,,,,,,,
VFID4126,,,,,,,,,,,,,,,,,,,,,,,,,,,,
VFID4127,,,,,,,,,,,,,,,,,,,,,,,,,,,,
VFID4128,,,,,,,,,,,,,,,,,,,,,,,,,,,,
VFID4129,,,,,,,,,,,,,,,,,,,,,,,,,,,,
VFID4130,,,,,,,,,,,,,,,,,,,,,,,,,,,,
VFID4131,,,,,,,,,,,,,,,,,,,,,,,,,,,,
VFID4132,,,,,,,,,,,,,,,,,,,,,,,,,,,,
VFID4133,,,,,,,,,,,,,,,,,,,,,,,,,,,,
VFID4134,,,,,,,,,,,,,,,,,,,,,,,,,,,,
VFID4135,,,,,,,,,,,,,,,,,,,,,,,,,,,,
VFID4136,,,,,,,,,,,,,,,,,,,,,,,,,,,,
VFID4137,,,,,,,,,,,,,,,,,,,,,,,,,,,,
VFID4138,,,,,,,,,,,,,,,,,,,,,,,,,,,,
VFID4139,,,,,,,,,,,,,,,,,,,,,,,,,,,,
VFID4140,,,,,,,,,,,,,,,,,,,,,,,,,,,,
VFID4141,,,,,,,,,,,,,,,,,,,,,,,,,,,,
VFID4142,,,,,,,,,,,,,,,,,,,,,,,,,,,,
VFID4143,188.7119583333333,15.551444444444446,Boselli+2014,,512527050.0,51614003.02114804,51614003.02114804,,,1658505023.8485444,781818297.6611754,781818297.6611754,Boselli+2014,8.500327826281536,6.678907885740911,6.678907885740911,1.619529880187025,0.164914569316174,0.164914569316174,-0.0329146317511064,0.0437355973719286,0.4773781958995204,0.0065518564080231,0.0,8.709716791397495,0.942120643861489,0.942120643861489,8.918551182959883
VFID4144,,,,,,,,,,,,,,,,,,,,,,,,,,,,
VFID4145,,,,,,,,,,,,,,,,,,,,,,,,,,,,
VFID4146,,,,,,,,,,,,,,,,,,,,,,,,,,,,
VFID4147,,,,,,,,,,,,,,,,,,,,,,,,,,,,
VFID4148,,,,,,,,,,,,,,,,,,,,,,,,,,,,
VFID4149,,,,,,,,,,,,,,,,,,,,,,,,,,,,
VFID4150,,,,,,,,,,,,,,,,,,,,,,,,,,,,
VFID4151,,,,,,,,,,,,,,,,,,,,,,,,,,,,
VFID4152,,,,,,,,,,,,,,,,,,,,,,,,,,,,
VFID4153,,,,,,,,,,,,,,,,,,,,,,,,,,,,
VFID4154,,,,,,,,,,,,,,,,,,,,,,,,,,,,
VFID4155,,,,,,,,,,,,,,,,,,,,,,,,,,,,
VFID4156,,,,,,,,,,,,,,,,,,,,,,,,,,,,
VFID4157,,,,,,,,,,,,,,,,,,,,,,,,,,,,
VFID4158,,,,,,,,,,,,,,,,,,,,,,,,,,,,
VFID4159,,,,,,,,,,,,,,,,,,,,,,,,,,,,
VFID4160,,,,,,,,,,,,,,,,,,,,,,,,,,,,
VFID4161,,,,,,,,,,,,,,,,,,,,,,,,,,,,
VFID4162,,,,,,,,,,,,,,,,,,,,,,,,,,,,
VFID4163,,,,,,,,,,,,,,,,,,,,,,,,,,,,
VFID4164,,,,,,,,,,,,,,,,,,,,,,,,,,,,
VFID4165,,,,,,,,,,,,,,,,,,,,,,,,,,,,
VFID4166,,,,,,,,,,,,,,,,,,,,,,,,,,,,
VFID4167,,,,,,,,,,,,,,,,,,,,,,,,,,,,
VFID4168,184.2975833333333,15.323972222222222,Boselli+2014,,1449898902.4390244,-1.0,-1.0,,,4584982908.685579,-1.0,-1.0,Boselli+2014,8.370368288298184,6.736899832718598,6.736899832718598,6.179729034677024,-1.0,-1.0,-0.2496355614550989,-1.0,0.833324517385913,0.0100998716721686,0.0,9.161337721101487,0.9650651036778234,0.9650651036778234,9.22647634243392
VFID4169,,,,,,,,,,,,,,,,,,,,,,,,,,,,
VFID4170,189.96629166666665,15.297805555555556,Boselli+2014,,485678874.3455498,-1.0,-1.0,,,2669003930.2204084,-1.0,-1.0,Boselli+2014,8.68506819444573,6.611961096110298,6.611961096110298,1.0029540094413318,-1.0,-1.0,-0.3092470536584581,-1.0,0.3270846112383676,0.0036700942132669,0.0,8.686349213304847,0.9536025134126707,0.9536025134126707,8.986739171859547
VFID4171,,,,,,,,,,,,,,,,,,,,,,,,,,,,
VFID4172,,,,,,,,,,,,,,,,,,,,,,,,,,,,
VFID4173,,,,,,,,,,,,,,,,,,,,,,,,,,,,
VFID4174,,,,,,,,,,,,,,,,,,,,,,,,,,,,
VFID4175,,,,,,,,,,,,,,,,,,,,,,,,,,,,
VFID4176,,,,,,,,,,,,,,,,,,,,,,,,,,,,
VFID4177,233.64591666666664,15.200083333333332,This work,4.3,1715977822.9730277,44555588.55415644,44555588.55415644,0.7662142301131358,0.0216274436874157,1755948081.1574838,809928292.2777184,809928292.2777184,deVaucouleurs1991,9.117278799457504,8.101290694073372,8.101290694073372,1.3098841025348325,0.1307547855070127,0.1307547855070127,-0.7683095111491198,0.0112765130108129,-0.2106670898674938,0.0418597090991086,0.0,9.23451167079551,0.9680598491479275,0.9680598491479275,9.48086898935298
VFID4178,,,,,,,,,,,,,,,,,,,,,,,,,,,,
VFID4179,233.63491666666667,15.193777777777775,This work,4.3,2659552242.316914,33835276.42236672,33835276.42236672,1.0518512288856945,0.0150645216091516,1302592357.290682,600094810.1571267,600094810.1571267,deVaucouleurs1991,8.96171144817941,8.267137810197992,8.267137810197992,2.9046718610744096,0.5880073818620335,0.5880073818620335,-0.5131063660600752,0.0055251683385259,-0.2810767357433992,0.0877426351519651,0.0,9.424808525706464,0.9792774570777429,0.9792774570777429,9.553295990896553
VFID4180,,,,,,,,,,,,,,,,,,,,,,,,,,,,
VFID4181,,,,,,,,,,,,,,,,,,,,,,,,,,,,
VFID4182,,,,,,,,,,,,,,,,,,,,,,,,,,,,
VFID4183,192.4123333333333,15.1655,Boselli+2014,,864923535.0,-1.0,-1.0,,,2223195806.7815375,-1.0,-1.0,Boselli+2014,7.758089131788536,6.8338098457266545,6.8338098457266545,15.096927966101696,-1.0,-1.0,0.3230244450086665,-1.0,1.5290714585527638,0.0517017240361014,0.0,8.936977714637722,0.9538778270749277,0.9538778270749277,8.964832132374895
VFID4184,,,,,,,,,,,,,,,,,,,,,,,,,,,,
VFID4185,,,,,,,,,,,,,,,,,,,,,,,,,,,,
VFID4186,,,,,,,,,,,,,,,,,,,,,,,,,,,,
VFID4187,,,,,,,,,,,,,,,,,,,,,,,,,,,,
VFID4188,,,,,,,,,,,,,,,,,,,,,,,,,,,,
VFID4189,,,,,,,,,,,,,,,,,,,,,,,,,,,,
VFID4190,,,,,,,,,,,,,,,,,,,,,,,,,,,,
VFID4191,,,,,,,,,,,,,,,,,,,,,,,,,,,,
VFID4192,,,,,,,,,,,,,,,,,,,,,,,,,,,,
VFID4193,,,,,,,,,,,,,,,,,,,,,,,,,,,,
VFID4194,,,,,,,,,,,,,,,,,,,,,,,,,,,,
VFID4195,,,,,,,,,,,,,,,,,,,,,,,,,,,,
VFID4196,,,,,,,,,,,,,,,,,,,,,,,,,,,,
VFID4197,,,,,,,,,,,,,,,,,,,,,,,,,,,,
VFID4198,,,,,,,,,,,,,,,,,,,,,,,,,,,,
VFID4199,,,,,,,,,,,,,,,,,,,,,,,,,,,,
VFID4200,,,,,,,,,,,,,,,,,,,,,,,,,,,,
VFID4201,233.42941666666667,15.007277777777778,This work,4.3,348382468.8247445,40756282.410587095,40756282.410587095,0.272459845332183,0.0596560798454227,1101682098.3587964,523457759.3344314,523457759.3344314,Springob2005,9.565288727688737,8.465961484978994,8.465961484978994,0.0947911003790739,0.0134105630120299,0.0134105630120299,0.1752458671690835,0.0508068865047073,0.0203177696598739,0.0345507173392041,0.0,8.542056292477307,0.9348708757510084,0.9348708757510084,9.604619986035912
VFID4202,,,,,,,,,,,,,,,,,,,,,,,,,,,,
VFID4203,187.18024999999997,14.9995,Boselli+2014,,596132419.3548386,-1.0,-1.0,,,11894405510.699345,-1.0,-1.0,Boselli+2014,7.9093568071191855,6.678907885740911,6.678907885740911,7.344900781526388,-1.0,-1.0,-0.2929405809786995,-1.0,1.2566997282322552,0.025546734229603,0.0,8.775342740625089,0.9462263630606721,0.9462263630606721,8.830777984528488
VFID4204,,,,,,,,,,,,,,,,,,,,,,,,,,,,
VFID4205,,,,,,,,,,,,,,,,,,,,,,,,,,,,
VFID4206,,,,,,,,,,,,,,,,,,,,,,,,,,,,
VFID4207,,,,,,,,,,,,,,,,,,,,,,,,,,,,
VFID4208,,,,,,,,,,,,,,,,,,,,,,,,,,,,
VFID4209,,,,,,,,,,,,,,,,,,,,,,,,,,,,
VFID4210,,,,,,,,,,,,,,,,,,,,,,,,,,,,
VFID4211,,,,,,,,,,,,,,,,,,,,,,,,,,,,
VFID4212,,,,,,,,,,,,,,,,,,,,,,,,,,,,
VFID4213,184.87741666666665,14.877722222222223,Boselli+2014,,6621607.095099991,-1.0,-1.0,,,617964329.9689937,-1.0,-1.0,Boselli+2014,8.77082595319147,6.78805235516598,6.78805235516598,0.0112237362972286,-1.0,-1.0,2.1069387521056626,-1.0,-0.1992253628501696,0.004518670909976,0.0,6.820963407540723,0.9432804426011125,0.9432804426011125,8.77567320837614
VFID4214,,,,,,,,,,,,,,,,,,,,,,,,,,,,
VFID4215,,,,,,,,,,,,,,,,,,,,,,,,,,,,
VFID4216,,,,,,,,,,,,,,,,,,,,,,,,,,,,
VFID4217,,,,,,,,,,,,,,,,,,,,,,,,,,,,
VFID4218,,,,,,,,,,,,,,,,,,,,,,,,,,,,
VFID4219,,,,,,,,,,,,,,,,,,,,,,,,,,,,
VFID4220,,,,,,,,,,,,,,,,,,,,,,,,,,,,
VFID4221,,,,,,,,,,,,,,,,,,,,,,,,,,,,
VFID4222,,,,,,,,,,,,,,,,,,,,,,,,,,,,
VFID4223,,,,,,,,,,,,,,,,,,,,,,,,,,,,
VFID4224,,,,,,,,,,,,,,,,,,,,,,,,,,,,
VFID4225,,,,,,,,,,,,,,,,,,,,,,,,,,,,
VFID4226,,,,,,,,,,,,,,,,,,,,,,,,,,,,
VFID4227,,,,,,,,,,,,,,,,,,,,,,,,,,,,
VFID4228,,,,,,,,,,,,,,,,,,,,,,,,,,,,
VFID4229,,,,,,,,,,,,,,,,,,,,,,,,,,,,
VFID4230,,,,,,,,,,,,,,,,,,,,,,,,,,,,
VFID4231,,,,,,,,,,,,,,,,,,,,,,,,,,,,
VFID4232,,,,,,,,,,,,,,,,,,,,,,,,,,,,
VFID4233,,,,,,,,,,,,,,,,,,,,,,,,,,,,
VFID4234,,,,,,,,,,,,,,,,,,,,,,,,,,,,
VFID4235,,,,,,,,,,,,,,,,,,,,,,,,,,,,
VFID4236,,,,,,,,,,,,,,,,,,,,,,,,,,,,
VFID4237,,,,,,,,,,,,,,,,,,,,,,,,,,,,
VFID4238,,,,,,,,,,,,,,,,,,,,,,,,,,,,
VFID4239,,,,,,,,,,,,,,,,,,,,,,,,,,,,
VFID4240,,,,,,,,,,,,,,,,,,,,,,,,,,,,
VFID4241,,,,,,,,,,,,,,,,,,,,,,,,,,,,
VFID4242,,,,,,,,,,,,,,,,,,,,,,,,,,,,
VFID4243,,,,,,,,,,,,,,,,,,,,,,,,,,,,
VFID4244,,,,,,,,,,,,,,,,,,,,,,,,,,,,
VFID4245,,,,,,,,,,,,,,,,,,,,,,,,,,,,
VFID4246,,,,,,,,,,,,,,,,,,,,,,,,,,,,
VFID4247,,,,,,,,,,,,,,,,,,,,,,,,,,,,
VFID4248,,,,,,,,,,,,,,,,,,,,,,,,,,,,
VFID4249,,,,,,,,,,,,,,,,,,,,,,,,,,,,
VFID4250,,,,,,,,,,,,,,,,,,,,,,,,,,,,
VFID4251,,,,,,,,,,,,,,,,,,,,,,,,,,,,
VFID4252,,,,,,,,,,,,,,,,,,,,,,,,,,,,
VFID4253,185.3865,14.606166666666669,Boselli+2014,,2102817465.0,-1.0,-1.0,,,3826498746.56057,-1.0,-1.0,Boselli+2014,9.095310618924934,7.586933090408367,7.586933090408367,1.688460699500622,-1.0,-1.0,-0.3543994157580314,-1.0,0.0095137010837085,0.0134712154737131,0.0,9.32280157540442,0.9788666100858476,0.9788666100858476,9.524814311173904
VFID4254,238.55808333333331,14.60125,This work,4.3,326936021.9520069,14652211.245597797,14652211.245597797,0.534458344969882,0.0380497569958892,461809405.6968187,213675806.48209304,213675806.48209304,deVaucouleurs1991,9.29657169265852,8.279865999155666,8.279865999155666,0.1651547547164264,0.017531365389322,0.017531365389322,0.5673393856762559,0.0194636689271823,-0.2623075452220913,0.0417906010888034,0.0,8.514462773970132,0.9331132335565773,0.9331132335565773,9.362955304420446
VFID4255,185.42699999999996,14.598305555555555,Boselli+2014,,2851125164.9999995,-1.0,-1.0,,,5432707003.903981,-1.0,-1.0,Boselli+2014,9.347426919514529,6.87520253088488,6.87520253088488,1.2811186804282215,-1.0,-1.0,-0.1950141237015259,-1.0,0.4081574004941135,0.0014640635307801,0.0,9.455016283347915,0.987021340484757,0.987021340484757,9.705574800544909
VFID4256,,,,,,,,,,,,,,,,,,,,,,,,,,,,
VFID4257,,,,,,,,,,,,,,,,,,,,,,,,,,,,
VFID4258,,,,,,,,,,,,,,,,,,,,,,,,,,,,
VFID4259,,,,,,,,,,,,,,,,,,,,,,,,,,,,
VFID4260,,,,,,,,,,,,,,,,,,,,,,,,,,,,
VFID4261,188.2815,14.574944444444444,Boselli+2014,,32739121.63231917,-1.0,-1.0,,,4217615876.566214,-1.0,-1.0,Boselli+2014,7.429702969517754,,,,,,0.9430351362306402,-1.0,1.5345735658336856,-1.0,0.0,,,,
VFID4262,,,,,,,,,,,,,,,,,,,,,,,,,,,,
VFID4263,,,,,,,,,,,,,,,,,,,,,,,,,,,,
VFID4264,,,,,,,,,,,,,,,,,,,,,,,,,,,,
VFID4265,,,,,,,,,,,,,,,,,,,,,,,,,,,,
VFID4266,,,,,,,,,,,,,,,,,,,,,,,,,,,,
VFID4267,,,,,,,,,,,,,,,,,,,,,,,,,,,,
VFID4268,,,,,,,,,,,,,,,,,,,,,,,,,,,,
VFID4269,,,,,,,,,,,,,,,,,,,,,,,,,,,,
VFID4270,,,,,,,,,,,,,,,,,,,,,,,,,,,,
VFID4271,,,,,,,,,,,,,,,,,,,,,,,,,,,,
VFID4272,,,,,,,,,,,,,,,,,,,,,,,,,,,,
VFID4273,,,,,,,,,,,,,,,,,,,,,,,,,,,,
VFID4274,,,,,,,,,,,,,,,,,,,,,,,,,,,,
VFID4275,,,,,,,,,,,,,,,,,,,,,,,,,,,,
VFID4276,235.84987500000005,14.435805555555556,This work,4.3,156637278.4270744,-1.0,-1.0,-1000.0,-1000.0,2785448470.7140036,-1.0,-1.0,Springob2005,9.46489757590304,8.576567915808381,8.576567915808381,0.0537028770209267,-1.0,-1.0,0.2146070309889847,-1.0,-0.3146858663126242,0.0561635629605997,0.0,8.194895128657402,0.9771575419769146,0.9771575419769146,9.487615741749464
VFID4277,,,,,,,,,,,,,,,,,,,,,,,,,,,,
VFID4278,,,,,,,,,,,,,,,,,,,,,,,,,,,,
VFID4279,,,,,,,,,,,,,,,,,,,,,,,,,,,,
VFID4280,,,,,,,,,,,,,,,,,,,,,,,,,,,,
VFID4281,,,,,,,,,,,,,,,,,,,,,,,,,,,,
VFID4282,187.99675,14.420416666666666,Boselli+2014,,8954809500.0,1076428185.0,1076428185.0,,,3327027199.1040373,1583488721.4258792,1583488721.4258792,Boselli+2014,9.297702834712561,6.9477531980334915,6.9477531980334915,4.511838196749956,0.5427276322980958,0.5427276322980958,-0.2627541916800577,0.0522051106626704,0.6443381061378641,0.0019401471700145,0.0,9.952056351326446,1.000061614980798,1.000061614980798,10.038999294829466
VFID4283,184.70679166666665,14.4165,Boselli+2014,,12238138500.0,1471125600.0,1471125600.0,,,2441829655.4419775,1162182547.1560402,1162182547.1560402,Boselli+2014,9.720582488781092,6.87520253088488,6.87520253088488,2.3288036604010163,0.2799612284740569,0.2799612284740569,-0.7872132041877169,0.0522057934110331,-0.0972381687724492,0.0006200180792908,0.0,10.087715363834105,1.005910334010993,1.005910334010993,10.242870669122787
VFID4284,,,,,,,,,,,,,,,,,,,,,,,,,,,,
VFID4285,,,,,,,,,,,,,,,,,,,,,,,,,,,,
VFID4286,,,,,,,,,,,,,,,,,,,,,,,,,,,,
VFID4287,,,,,,,,,,,,,,,,,,,,,,,,,,,,
VFID4288,,,,,,,,,,,,,,,,,,,,,,,,,,,,
VFID4289,,,,,,,,,,,,,,,,,,,,,,,,,,,,
VFID4290,,,,,,,,,,,,,,,,,,,,,,,,,,,,
VFID4291,,,,,,,,,,,,,,,,,,,,,,,,,,,,
VFID4292,,,,,,,,,,,,,,,,,,,,,,,,,,,,
VFID4293,,,,,,,,,,,,,,,,,,,,,,,,,,,,
VFID4294,,,,,,,,,,,,,,,,,,,,,,,,,,,,
VFID4295,,,,,,,,,,,,,,,,,,,,,,,,,,,,
VFID4296,,,,,,,,,,,,,,,,,,,,,,,,,,,,
VFID4297,,,,,,,,,,,,,,,,,,,,,,,,,,,,
VFID4298,,,,,,,,,,,,,,,,,,,,,,,,,,,,
VFID4299,,,,,,,,,,,,,,,,,,,,,,,,,,,,
VFID4300,,,,,,,,,,,,,,,,,,,,,,,,,,,,
VFID4301,,,,,,,,,,,,,,,,,,,,,,,,,,,,
VFID4302,,,,,,,,,,,,,,,,,,,,,,,,,,,,
VFID4303,,,,,,,,,,,,,,,,,,,,,,,,,,,,
VFID4304,,,,,,,,,,,,,,,,,,,,,,,,,,,,
VFID4305,,,,,,,,,,,,,,,,,,,,,,,,,,,,
VFID4306,,,,,,,,,,,,,,,,,,,,,,,,,,,,
VFID4307,,,,,,,,,,,,,,,,,,,,,,,,,,,,
VFID4308,,,,,,,,,,,,,,,,,,,,,,,,,,,,
VFID4309,,,,,,,,,,,,,,,,,,,,,,,,,,,,
VFID4310,,,,,,,,,,,,,,,,,,,,,,,,,,,,
VFID4311,194.8630833333333,14.171055555555554,Boselli+2014,,38589323.62851864,-1.0,-1.0,,,249153599.9634002,-1.0,-1.0,Boselli+2014,9.205247163130755,6.9477531980334915,6.9477531980334915,0.0240558110261294,-1.0,-1.0,1.9246349930723057,-1.0,0.2937334272105456,0.0024004371873904,0.0,7.5864671665740815,0.9645222396812957,0.9645222396812957,9.215570789458232
VFID4312,,,,,,,,,,,,,,,,,,,,,,,,,,,,
VFID4313,,,,,,,,,,,,,,,,,,,,,,,,,,,,
VFID4314,,,,,,,,,,,,,,,,,,,,,,,,,,,,
VFID4315,,,,,,,,,,,,,,,,,,,,,,,,,,,,
VFID4316,,,,,,,,,,,,,,,,,,,,,,,,,,,,
VFID4317,,,,,,,,,,,,,,,,,,,,,,,,,,,,
VFID4318,,,,,,,,,,,,,,,,,,,,,,,,,,,,
VFID4319,,,,,,,,,,,,,,,,,,,,,,,,,,,,
VFID4320,,,,,,,,,,,,,,,,,,,,,,,,,,,,
VFID4321,,,,,,,,,,,,,,,,,,,,,,,,,,,,
VFID4322,,,,,,,,,,,,,,,,,,,,,,,,,,,,
VFID4323,,,,,,,,,,,,,,,,,,,,,,,,,,,,
VFID4324,,,,,,,,,,,,,,,,,,,,,,,,,,,,
VFID4325,,,,,,,,,,,,,,,,,,,,,,,,,,,,
VFID4326,,,,,,,,,,,,,,,,,,,,,,,,,,,,
VFID4327,,,,,,,,,,,,,,,,,,,,,,,,,,,,
VFID4328,,,,,,,,,,,,,,,,,,,,,,,,,,,,
VFID4329,,,,,,,,,,,,,,,,,,,,,,,,,,,,
VFID4330,,,,,,,,,,,,,,,,,,,,,,,,,,,,
VFID4331,,,,,,,,,,,,,,,,,,,,,,,,,,,,
VFID4332,,,,,,,,,,,,,,,,,,,,,,,,,,,,
VFID4333,,,,,,,,,,,,,,,,,,,,,,,,,,,,
VFID4334,,,,,,,,,,,,,,,,,,,,,,,,,,,,
VFID4335,,,,,,,,,,,,,,,,,,,,,,,,,,,,
VFID4336,,,,,,,,,,,,,,,,,,,,,,,,,,,,
VFID4337,,,,,,,,,,,,,,,,,,,,,,,,,,,,
VFID4338,,,,,,,,,,,,,,,,,,,,,,,,,,,,
VFID4339,,,,,,,,,,,,,,,,,,,,,,,,,,,,
VFID4340,,,,,,,,,,,,,,,,,,,,,,,,,,,,
VFID4341,187.25012499999997,13.978583333333331,Boselli+2014,,895784400.0,144714765.7512116,144714765.7512116,,,4701143358.953664,2294305414.2884746,2294305414.2884746,Boselli+2014,7.429702969517754,,,33.30431652626751,-2.0,-2.0,0.4454986646689001,0.0701606594350972,1.8182976208235464,-1.0,0.0,8.95220349497749,0.9531569026943416,0.9531569026943416,8.965051740452374
VFID4342,,,,,,,,,,,,,,,,,,,,,,,,,,,,
VFID4343,,,,,,,,,,,,,,,,,,,,,,,,,,,,
VFID4344,,,,,,,,,,,,,,,,,,,,,,,,,,,,
VFID4345,,,,,,,,,,,,,,,,,,,,,,,,,,,,
VFID4346,,,,,,,,,,,,,,,,,,,,,,,,,,,,
VFID4347,,,,,,,,,,,,,,,,,,,,,,,,,,,,
VFID4348,,,,,,,,,,,,,,,,,,,,,,,,,,,,
VFID4349,,,,,,,,,,,,,,,,,,,,,,,,,,,,
VFID4350,,,,,,,,,,,,,,,,,,,,,,,,,,,,
VFID4351,,,,,,,,,,,,,,,,,,,,,,,,,,,,
VFID4352,,,,,,,,,,,,,,,,,,,,,,,,,,,,
VFID4353,,,,,,,,,,,,,,,,,,,,,,,,,,,,
VFID4354,,,,,,,,,,,,,,,,,,,,,,,,,,,,
VFID4355,,,,,,,,,,,,,,,,,,,,,,,,,,,,
VFID4356,,,,,,,,,,,,,,,,,,,,,,,,,,,,
VFID4357,,,,,,,,,,,,,,,,,,,,,,,,,,,,
VFID4358,,,,,,,,,,,,,,,,,,,,,,,,,,,,
VFID4359,,,,,,,,,,,,,,,,,,,,,,,,,,,,
VFID4360,,,,,,,,,,,,,,,,,,,,,,,,,,,,
VFID4361,,,,,,,,,,,,,,,,,,,,,,,,,,,,
VFID4362,,,,,,,,,,,,,,,,,,,,,,,,,,,,
VFID4363,,,,,,,,,,,,,,,,,,,,,,,,,,,,
VFID4364,,,,,,,,,,,,,,,,,,,,,,,,,,,,
VFID4365,,,,,,,,,,,,,,,,,,,,,,,,,,,,
VFID4366,,,,,,,,,,,,,,,,,,,,,,,,,,,,
VFID4367,,,,,,,,,,,,,,,,,,,,,,,,,,,,
VFID4368,,,,,,,,,,,,,,,,,,,,,,,,,,,,
VFID4369,,,,,,,,,,,,,,,,,,,,,,,,,,,,
VFID4370,,,,,,,,,,,,,,,,,,,,,,,,,,,,
VFID4371,,,,,,,,,,,,,,,,,,,,,,,,,,,,
VFID4372,,,,,,,,,,,,,,,,,,,,,,,,,,,,
VFID4373,,,,,,,,,,,,,,,,,,,,,,,,,,,,
VFID4374,,,,,,,,,,,,,,,,,,,,,,,,,,,,
VFID4375,,,,,,,,,,,,,,,,,,,,,,,,,,,,
VFID4376,,,,,,,,,,,,,,,,,,,,,,,,,,,,
VFID4377,,,,,,,,,,,,,,,,,,,,,,,,,,,,
VFID4378,,,,,,,,,,,,,,,,,,,,,,,,,,,,
VFID4379,,,,,,,,,,,,,,,,,,,,,,,,,,,,
VFID4380,,,,,,,,,,,,,,,,,,,,,,,,,,,,
VFID4381,,,,,,,,,,,,,,,,,,,,,,,,,,,,
VFID4382,191.93983333333333,13.762805555555556,Boselli+2014,,2387848050.0,287033355.0,287033355.0,,,4655932625.335279,2215976329.1559,2215976329.1559,Boselli+2014,8.75601612316567,6.678907885740911,6.678907885740911,4.187844659800503,0.5046233265604895,0.5046233265604895,-0.3691045274901121,0.0522047465284389,0.6585281968429726,0.0036364370494291,0.0,9.378006687136502,0.9743979253791213,0.9743979253791213,9.471003086645275
VFID4383,,,,,,,,,,,,,,,,,,,,,,,,,,,,
VFID4384,,,,,,,,,,,,,,,,,,,,,,,,,,,,
VFID4385,,,,,,,,,,,,,,,,,,,,,,,,,,,,
VFID4386,,,,,,,,,,,,,,,,,,,,,,,,,,,,
VFID4387,,,,,,,,,,,,,,,,,,,,,,,,,,,,
VFID4388,,,,,,,,,,,,,,,,,,,,,,,,,,,,
VFID4389,,,,,,,,,,,,,,,,,,,,,,,,,,,,
VFID4390,,,,,,,,,,,,,,,,,,,,,,,,,,,,
VFID4391,,,,,,,,,,,,,,,,,,,,,,,,,,,,
VFID4392,,,,,,,,,,,,,,,,,,,,,,,,,,,,
VFID4393,,,,,,,,,,,,,,,,,,,,,,,,,,,,
VFID4394,,,,,,,,,,,,,,,,,,,,,,,,,,,,
VFID4395,,,,,,,,,,,,,,,,,,,,,,,,,,,,
VFID4396,,,,,,,,,,,,,,,,,,,,,,,,,,,,
VFID4397,,,,,,,,,,,,,,,,,,,,,,,,,,,,
VFID4398,,,,,,,,,,,,,,,,,,,,,,,,,,,,
VFID4399,,,,,,,,,,,,,,,,,,,,,,,,,,,,
VFID4400,,,,,,,,,,,,,,,,,,,,,,,,,,,,
VFID4401,,,,,,,,,,,,,,,,,,,,,,,,,,,,
VFID4402,,,,,,,,,,,,,,,,,,,,,,,,,,,,
VFID4403,,,,,,,,,,,,,,,,,,,,,,,,,,,,
VFID4404,187.50904166666663,13.636444444444445,Boselli+2014,,26080924.135596264,-1.0,-1.0,,,306424139.9747542,-1.0,-1.0,Boselli+2014,6.873400468750467,,,,,,1.9570791837874513,-1.0,2.282040121590833,-1.0,0.0,,,,
VFID4405,,,,,,,,,,,,,,,,,,,,,,,,,,,,
VFID4406,,,,,,,,,,,,,,,,,,,,,,,,,,,,
VFID4407,151.0936417,13.6213194,AMIGA,,691830970.9189363,86478871.36486703,86478871.36486703,,,707945784.3841376,337817696.9964707,337817696.9964707,AMIGA,8.89173264056656,8.394510248451972,8.274510248451973,0.8877023292551367,-1.0,-1.0,0.0960021596463889,0.0542868102379064,0.1101181723974935,0.1382171453835724,0.0,8.84,0.962680819995672,0.9625047196243092,9.167666152268986
VFID4408,,,,,,,,,,,,,,,,,,,,,,,,,,,,
VFID4409,,,,,,,,,,,,,,,,,,,,,,,,,,,,
VFID4410,,,,,,,,,,,,,,,,,,,,,,,,,,,,
VFID4411,,,,,,,,,,,,,,,,,,,,,,,,,,,,
VFID4412,,,,,,,,,,,,,,,,,,,,,,,,,,,,
VFID4413,,,,,,,,,,,,,,,,,,,,,,,,,,,,
VFID4414,,,,,,,,,,,,,,,,,,,,,,,,,,,,
VFID4415,,,,,,,,,,,,,,,,,,,,,,,,,,,,
VFID4416,,,,,,,,,,,,,,,,,,,,,,,,,,,,
VFID4417,,,,,,,,,,,,,,,,,,,,,,,,,,,,
VFID4418,,,,,,,,,,,,,,,,,,,,,,,,,,,,
VFID4419,,,,,,,,,,,,,,,,,,,,,,,,,,,,
VFID4420,,,,,,,,,,,,,,,,,,,,,,,,,,,,
VFID4421,,,,,,,,,,,,,,,,,,,,,,,,,,,,
VFID4422,,,,,,,,,,,,,,,,,,,,,,,,,,,,
VFID4423,,,,,,,,,,,,,,,,,,,,,,,,,,,,
VFID4424,,,,,,,,,,,,,,,,,,,,,,,,,,,,
VFID4425,,,,,,,,,,,,,,,,,,,,,,,,,,,,
VFID4426,,,,,,,,,,,,,,,,,,,,,,,,,,,,
VFID4427,,,,,,,,,,,,,,,,,,,,,,,,,,,,
VFID4428,,,,,,,,,,,,,,,,,,,,,,,,,,,,
VFID4429,,,,,,,,,,,,,,,,,,,,,,,,,,,,
VFID4430,,,,,,,,,,,,,,,,,,,,,,,,,,,,
VFID4431,,,,,,,,,,,,,,,,,,,,,,,,,,,,
VFID4432,,,,,,,,,,,,,,,,,,,,,,,,,,,,
VFID4433,,,,,,,,,,,,,,,,,,,,,,,,,,,,
VFID4434,,,,,,,,,,,,,,,,,,,,,,,,,,,,
VFID4435,,,,,,,,,,,,,,,,,,,,,,,,,,,,
VFID4436,,,,,,,,,,,,,,,,,,,,,,,,,,,,
VFID4437,,,,,,,,,,,,,,,,,,,,,,,,,,,,
VFID4438,,,,,,,,,,,,,,,,,,,,,,,,,,,,
VFID4439,,,,,,,,,,,,,,,,,,,,,,,,,,,,
VFID4440,,,,,,,,,,,,,,,,,,,,,,,,,,,,
VFID4441,,,,,,,,,,,,,,,,,,,,,,,,,,,,
VFID4442,,,,,,,,,,,,,,,,,,,,,,,,,,,,
VFID4443,,,,,,,,,,,,,,,,,,,,,,,,,,,,
VFID4444,187.45362499999996,13.42936111111111,Boselli+2014,,18801354.831905607,-1.0,-1.0,,,366597201.8712598,-1.0,-1.0,Boselli+2014,7.429702969517754,,,,,,2.0749130138497307,-1.0,1.836097620823546,-1.0,0.0,,,,
VFID4445,,,,,,,,,,,,,,,,,,,,,,,,,,,,
VFID4446,,,,,,,,,,,,,,,,,,,,,,,,,,,,
VFID4447,,,,,,,,,,,,,,,,,,,,,,,,,,,,
VFID4448,,,,,,,,,,,,,,,,,,,,,,,,,,,,
VFID4449,,,,,,,,,,,,,,,,,,,,,,,,,,,,
VFID4450,,,,,,,,,,,,,,,,,,,,,,,,,,,,
VFID4451,,,,,,,,,,,,,,,,,,,,,,,,,,,,
VFID4452,,,,,,,,,,,,,,,,,,,,,,,,,,,,
VFID4453,,,,,,,,,,,,,,,,,,,,,,,,,,,,
VFID4454,,,,,,,,,,,,,,,,,,,,,,,,,,,,
VFID4455,,,,,,,,,,,,,,,,,,,,,,,,,,,,
VFID4456,,,,,,,,,,,,,,,,,,,,,,,,,,,,
VFID4457,,,,,,,,,,,,,,,,,,,,,,,,,,,,
VFID4458,,,,,,,,,,,,,,,,,,,,,,,,,,,,
VFID4459,,,,,,,,,,,,,,,,,,,,,,,,,,,,
VFID4460,,,,,,,,,,,,,,,,,,,,,,,,,,,,
VFID4461,,,,,,,,,,,,,,,,,,,,,,,,,,,,
VFID4462,,,,,,,,,,,,,,,,,,,,,,,,,,,,
VFID4463,,,,,,,,,,,,,,,,,,,,,,,,,,,,
VFID4464,,,,,,,,,,,,,,,,,,,,,,,,,,,,
VFID4465,,,,,,,,,,,,,,,,,,,,,,,,,,,,
VFID4466,,,,,,,,,,,,,,,,,,,,,,,,,,,,
VFID4467,,,,,,,,,,,,,,,,,,,,,,,,,,,,
VFID4468,,,,,,,,,,,,,,,,,,,,,,,,,,,,
VFID4469,,,,,,,,,,,,,,,,,,,,,,,,,,,,
VFID4470,,,,,,,,,,,,,,,,,,,,,,,,,,,,
VFID4471,,,,,,,,,,,,,,,,,,,,,,,,,,,,
VFID4472,,,,,,,,,,,,,,,,,,,,,,,,,,,,
VFID4473,190.71820833333328,13.257472222222225,Boselli+2014,,58251106.20172309,-1.0,-1.0,,,113580604.85736217,-1.0,-1.0,Boselli+2014,9.112563446679484,6.78805235516598,6.78805235516598,0.0449511420859118,-1.0,-1.0,1.2840979825192758,-1.0,0.235089359004613,0.0020571843879627,0.0,7.765304177127113,0.9605497064078266,0.9605497064078266,9.131659431654278
VFID4474,,,,,,,,,,,,,,,,,,,,,,,,,,,,
VFID4475,,,,,,,,,,,,,,,,,,,,,,,,,,,,
VFID4476,,,,,,,,,,,,,,,,,,,,,,,,,,,,
VFID4477,,,,,,,,,,,,,,,,,,,,,,,,,,,,
VFID4478,,,,,,,,,,,,,,,,,,,,,,,,,,,,
VFID4479,,,,,,,,,,,,,,,,,,,,,,,,,,,,
VFID4480,,,,,,,,,,,,,,,,,,,,,,,,,,,,
VFID4481,,,,,,,,,,,,,,,,,,,,,,,,,,,,
VFID4482,,,,,,,,,,,,,,,,,,,,,,,,,,,,
VFID4483,,,,,,,,,,,,,,,,,,,,,,,,,,,,
VFID4484,,,,,,,,,,,,,,,,,,,,,,,,,,,,
VFID4485,,,,,,,,,,,,,,,,,,,,,,,,,,,,
VFID4486,,,,,,,,,,,,,,,,,,,,,,,,,,,,
VFID4487,,,,,,,,,,,,,,,,,,,,,,,,,,,,
VFID4488,,,,,,,,,,,,,,,,,,,,,,,,,,,,
VFID4489,,,,,,,,,,,,,,,,,,,,,,,,,,,,
VFID4490,,,,,,,,,,,,,,,,,,,,,,,,,,,,
VFID4491,,,,,,,,,,,,,,,,,,,,,,,,,,,,
VFID4492,,,,,,,,,,,,,,,,,,,,,,,,,,,,
VFID4493,187.26254166666664,13.18375,Boselli+2014,,14515445.633405196,-1.0,-1.0,,,428381170.8247971,-1.0,-1.0,Boselli+2014,6.692944404292335,,,,,,1.9523717861574443,-1.0,2.444696186048965,-1.0,0.0,,,,
VFID4494,,,,,,,,,,,,,,,,,,,,,,,,,,,,
VFID4495,,,,,,,,,,,,,,,,,,,,,,,,,,,,
VFID4496,,,,,,,,,,,,,,,,,,,,,,,,,,,,
VFID4497,,,,,,,,,,,,,,,,,,,,,,,,,,,,
VFID4498,,,,,,,,,,,,,,,,,,,,,,,,,,,,
VFID4499,,,,,,,,,,,,,,,,,,,,,,,,,,,,
VFID4500,,,,,,,,,,,,,,,,,,,,,,,,,,,,
VFID4501,,,,,,,,,,,,,,,,,,,,,,,,,,,,
VFID4502,,,,,,,,,,,,,,,,,,,,,,,,,,,,
VFID4503,,,,,,,,,,,,,,,,,,,,,,,,,,,,
VFID4504,,,,,,,,,,,,,,,,,,,,,,,,,,,,
VFID4505,,,,,,,,,,,,,,,,,,,,,,,,,,,,
VFID4506,,,,,,,,,,,,,,,,,,,,,,,,,,,,
VFID4507,190.98574999999997,13.126666666666669,Boselli+2014,,4776303000.0,574157745.0,574157745.0,,,2339332044.285968,1113399885.17432,1113399885.17432,Boselli+2014,9.537874525135221,6.87520253088488,6.87520253088488,1.384258964557208,0.1664285139941367,0.1664285139941367,-0.5891897102031436,0.0522063906740243,-0.0939685029541657,0.0009443050604735,0.0,9.679091869849533,0.9880417059757551,0.9880417059757551,9.915227949345295
VFID4508,,,,,,,,,,,,,,,,,,,,,,,,,,,,
VFID4509,,,,,,,,,,,,,,,,,,,,,,,,,,,,
VFID4510,,,,,,,,,,,,,,,,,,,,,,,,,,,,
VFID4511,,,,,,,,,,,,,,,,,,,,,,,,,,,,
VFID4512,,,,,,,,,,,,,,,,,,,,,,,,,,,,
VFID4513,,,,,,,,,,,,,,,,,,,,,,,,,,,,
VFID4514,,,,,,,,,,,,,,,,,,,,,,,,,,,,
VFID4515,,,,,,,,,,,,,,,,,,,,,,,,,,,,
VFID4516,,,,,,,,,,,,,,,,,,,,,,,,,,,,
VFID4517,,,,,,,,,,,,,,,,,,,,,,,,,,,,
VFID4518,,,,,,,,,,,,,,,,,,,,,,,,,,,,
VFID4519,,,,,,,,,,,,,,,,,,,,,,,,,,,,
VFID4520,,,,,,,,,,,,,,,,,,,,,,,,,,,,
VFID4521,186.91870833333329,13.078944444444444,Boselli+2014,,422098950.0,89617611.46496816,89617611.46496816,,,2920211264.023636,1480847322.4308138,1480847322.4308138,Boselli+2014,6.873400468750467,,,56.49549303419281,-2.0,-2.0,0.6102878878278553,0.0922068963701171,2.1271801215908335,-1.0,0.0,8.625414271818533,0.9365400242689914,0.9365400242689914,8.633034271229755
VFID4522,,,,,,,,,,,,,,,,,,,,,,,,,,,,
VFID4523,,,,,,,,,,,,,,,,,,,,,,,,,,,,
VFID4524,,,,,,,,,,,,,,,,,,,,,,,,,,,,
VFID4525,,,,,,,,,,,,,,,,,,,,,,,,,,,,
VFID4526,,,,,,,,,,,,,,,,,,,,,,,,,,,,
VFID4527,,,,,,,,,,,,,,,,,,,,,,,,,,,,
VFID4528,,,,,,,,,,,,,,,,,,,,,,,,,,,,
VFID4529,,,,,,,,,,,,,,,,,,,,,,,,,,,,
VFID4530,,,,,,,,,,,,,,,,,,,,,,,,,,,,
VFID4531,,,,,,,,,,,,,,,,,,,,,,,,,,,,
VFID4532,,,,,,,,,,,,,,,,,,,,,,,,,,,,
VFID4533,,,,,,,,,,,,,,,,,,,,,,,,,,,,
VFID4534,,,,,,,,,,,,,,,,,,,,,,,,,,,,
VFID4535,,,,,,,,,,,,,,,,,,,,,,,,,,,,
VFID4536,,,,,,,,,,,,,,,,,,,,,,,,,,,,
VFID4537,,,,,,,,,,,,,,,,,,,,,,,,,,,,
VFID4538,183.82004166666664,13.023972222222223,Boselli+2014,,2254455000.0,-1.0,-1.0,,,15241986442.8733,-1.0,-1.0,Boselli+2014,9.441479282414898,6.788052355165979,6.788052355165979,0.8157597789061247,-1.0,-1.0,-0.6762394113571535,-1.0,0.1660335232691991,0.0009646224918877,0.0,9.353041571003542,0.9867958242619465,0.9867958242619465,9.700537674179094
VFID4539,,,,,,,,,,,,,,,,,,,,,,,,,,,,
VFID4540,,,,,,,,,,,,,,,,,,,,,,,,,,,,
VFID4541,,,,,,,,,,,,,,,,,,,,,,,,,,,,
VFID4542,,,,,,,,,,,,,,,,,,,,,,,,,,,,
VFID4543,,,,,,,,,,,,,,,,,,,,,,,,,,,,
VFID4544,,,,,,,,,,,,,,,,,,,,,,,,,,,,
VFID4545,,,,,,,,,,,,,,,,,,,,,,,,,,,,
VFID4546,,,,,,,,,,,,,,,,,,,,,,,,,,,,
VFID4547,,,,,,,,,,,,,,,,,,,,,,,,,,,,
VFID4548,,,,,,,,,,,,,,,,,,,,,,,,,,,,
VFID4549,,,,,,,,,,,,,,,,,,,,,,,,,,,,
VFID4550,,,,,,,,,,,,,,,,,,,,,,,,,,,,
VFID4551,189.9500833333333,12.973916666666668,Boselli+2014,,8723397.649327837,-1.0,-1.0,,,64667440.16387075,-1.0,-1.0,Boselli+2014,7.248783193697473,6.708291663426121,6.708291663426121,0.4919290572472535,-1.0,-1.0,1.8333164897416216,-1.0,0.9383373966438286,0.1251102180559752,0.0,6.9406856699047665,0.8707216162381999,0.8707216162381999,7.42253136617825
VFID4552,,,,,,,,,,,,,,,,,,,,,,,,,,,,
VFID4553,,,,,,,,,,,,,,,,,,,,,,,,,,,,
VFID4554,,,,,,,,,,,,,,,,,,,,,,,,,,,,
VFID4555,,,,,,,,,,,,,,,,,,,,,,,,,,,,
VFID4556,,,,,,,,,,,,,,,,,,,,,,,,,,,,
VFID4557,,,,,,,,,,,,,,,,,,,,,,,,,,,,
VFID4558,,,,,,,,,,,,,,,,,,,,,,,,,,,,
VFID4559,,,,,,,,,,,,,,,,,,,,,,,,,,,,
VFID4560,,,,,,,,,,,,,,,,,,,,,,,,,,,,
VFID4561,,,,,,,,,,,,,,,,,,,,,,,,,,,,
VFID4562,,,,,,,,,,,,,,,,,,,,,,,,,,,,
VFID4563,,,,,,,,,,,,,,,,,,,,,,,,,,,,
VFID4564,,,,,,,,,,,,,,,,,,,,,,,,,,,,
VFID4565,,,,,,,,,,,,,,,,,,,,,,,,,,,,
VFID4566,,,,,,,,,,,,,,,,,,,,,,,,,,,,
VFID4567,,,,,,,,,,,,,,,,,,,,,,,,,,,,
VFID4568,,,,,,,,,,,,,,,,,,,,,,,,,,,,
VFID4569,,,,,,,,,,,,,,,,,,,,,,,,,,,,
VFID4570,,,,,,,,,,,,,,,,,,,,,,,,,,,,
VFID4571,,,,,,,,,,,,,,,,,,,,,,,,,,,,
VFID4572,,,,,,,,,,,,,,,,,,,,,,,,,,,,
VFID4573,,,,,,,,,,,,,,,,,,,,,,,,,,,,
VFID4574,,,,,,,,,,,,,,,,,,,,,,,,,,,,
VFID4575,,,,,,,,,,,,,,,,,,,,,,,,,,,,
VFID4576,,,,,,,,,,,,,,,,,,,,,,,,,,,,
VFID4577,,,,,,,,,,,,,,,,,,,,,,,,,,,,
VFID4578,,,,,,,,,,,,,,,,,,,,,,,,,,,,
VFID4579,186.26574999999997,12.88697222222222,Boselli+2014,,59802382.472668946,-1.0,-1.0,,,313847364.623669,-1.0,-1.0,Boselli+2014,7.429702969517754,,,,,,2.106983673415126,-1.0,2.263297620823547,-1.0,0.0,,,,
VFID4580,,,,,,,,,,,,,,,,,,,,,,,,,,,,
VFID4581,,,,,,,,,,,,,,,,,,,,,,,,,,,,
VFID4582,,,,,,,,,,,,,,,,,,,,,,,,,,,,
VFID4583,,,,,,,,,,,,,,,,,,,,,,,,,,,,
VFID4584,,,,,,,,,,,,,,,,,,,,,,,,,,,,
VFID4585,,,,,,,,,,,,,,,,,,,,,,,,,,,,
VFID4586,,,,,,,,,,,,,,,,,,,,,,,,,,,,
VFID4587,,,,,,,,,,,,,,,,,,,,,,,,,,,,
VFID4588,,,,,,,,,,,,,,,,,,,,,,,,,,,,
VFID4589,,,,,,,,,,,,,,,,,,,,,,,,,,,,
VFID4590,,,,,,,,,,,,,,,,,,,,,,,,,,,,
VFID4591,,,,,,,,,,,,,,,,,,,,,,,,,,,,
VFID4592,,,,,,,,,,,,,,,,,,,,,,,,,,,,
VFID4593,,,,,,,,,,,,,,,,,,,,,,,,,,,,
VFID4594,,,,,,,,,,,,,,,,,,,,,,,,,,,,
VFID4595,,,,,,,,,,,,,,,,,,,,,,,,,,,,
VFID4596,,,,,,,,,,,,,,,,,,,,,,,,,,,,
VFID4597,,,,,,,,,,,,,,,,,,,,,,,,,,,,
VFID4598,,,,,,,,,,,,,,,,,,,,,,,,,,,,
VFID4599,,,,,,,,,,,,,,,,,,,,,,,,,,,,
VFID4600,,,,,,,,,,,,,,,,,,,,,,,,,,,,
VFID4601,,,,,,,,,,,,,,,,,,,,,,,,,,,,
VFID4602,,,,,,,,,,,,,,,,,,,,,,,,,,,,
VFID4603,,,,,,,,,,,,,,,,,,,,,,,,,,,,
VFID4604,,,,,,,,,,,,,,,,,,,,,,,,,,,,
VFID4605,,,,,,,,,,,,,,,,,,,,,,,,,,,,
VFID4606,,,,,,,,,,,,,,,,,,,,,,,,,,,,
VFID4607,,,,,,,,,,,,,,,,,,,,,,,,,,,,
VFID4608,,,,,,,,,,,,,,,,,,,,,,,,,,,,
VFID4609,,,,,,,,,,,,,,,,,,,,,,,,,,,,
VFID4610,,,,,,,,,,,,,,,,,,,,,,,,,,,,
VFID4611,,,,,,,,,,,,,,,,,,,,,,,,,,,,
VFID4612,,,,,,,,,,,,,,,,,,,,,,,,,,,,
VFID4613,,,,,,,,,,,,,,,,,,,,,,,,,,,,
VFID4614,,,,,,,,,,,,,,,,,,,,,,,,,,,,
VFID4615,,,,,,,,,,,,,,,,,,,,,,,,,,,,
VFID4616,,,,,,,,,,,,,,,,,,,,,,,,,,,,
VFID4617,,,,,,,,,,,,,,,,,,,,,,,,,,,,
VFID4618,,,,,,,,,,,,,,,,,,,,,,,,,,,,
VFID4619,,,,,,,,,,,,,,,,,,,,,,,,,,,,
VFID4620,,,,,,,,,,,,,,,,,,,,,,,,,,,,
VFID4621,,,,,,,,,,,,,,,,,,,,,,,,,,,,
VFID4622,,,,,,,,,,,,,,,,,,,,,,,,,,,,
VFID4623,,,,,,,,,,,,,,,,,,,,,,,,,,,,
VFID4624,,,,,,,,,,,,,,,,,,,,,,,,,,,,
VFID4625,,,,,,,,,,,,,,,,,,,,,,,,,,,,
VFID4626,,,,,,,,,,,,,,,,,,,,,,,,,,,,
VFID4627,,,,,,,,,,,,,,,,,,,,,,,,,,,,
VFID4628,,,,,,,,,,,,,,,,,,,,,,,,,,,,
VFID4629,,,,,,,,,,,,,,,,,,,,,,,,,,,,
VFID4630,,,,,,,,,,,,,,,,,,,,,,,,,,,,
VFID4631,,,,,,,,,,,,,,,,,,,,,,,,,,,,
VFID4632,,,,,,,,,,,,,,,,,,,,,,,,,,,,
VFID4633,,,,,,,,,,,,,,,,,,,,,,,,,,,,
VFID4634,,,,,,,,,,,,,,,,,,,,,,,,,,,,
VFID4635,,,,,,,,,,,,,,,,,,,,,,,,,,,,
VFID4636,,,,,,,,,,,,,,,,,,,,,,,,,,,,
VFID4637,,,,,,,,,,,,,,,,,,,,,,,,,,,,
VFID4638,,,,,,,,,,,,,,,,,,,,,,,,,,,,
VFID4639,,,,,,,,,,,,,,,,,,,,,,,,,,,,
VFID4640,,,,,,,,,,,,,,,,,,,,,,,,,,,,
VFID4641,186.4450833333333,12.662083333333332,Boselli+2014,,994648410.0000002,-1.0,-1.0,,,395976664.20063496,-1.0,-1.0,Boselli+2014,8.712905725226728,6.9477531980334915,6.9477531980334915,1.9264771734993176,-1.0,-1.0,-0.0616674330783233,-1.0,0.9736952156236997,0.007458161512209,0.0,8.997669592724712,0.9628110801878232,0.9628110801878232,9.179250866196336
VFID4642,,,,,,,,,,,,,,,,,,,,,,,,,,,,
VFID4643,,,,,,,,,,,,,,,,,,,,,,,,,,,,
VFID4644,,,,,,,,,,,,,,,,,,,,,,,,,,,,
VFID4645,,,,,,,,,,,,,,,,,,,,,,,,,,,,
VFID4646,,,,,,,,,,,,,,,,,,,,,,,,,,,,
VFID4647,,,,,,,,,,,,,,,,,,,,,,,,,,,,
VFID4648,,,,,,,,,,,,,,,,,,,,,,,,,,,,
VFID4649,,,,,,,,,,,,,,,,,,,,,,,,,,,,
VFID4650,,,,,,,,,,,,,,,,,,,,,,,,,,,,
VFID4651,,,,,,,,,,,,,,,,,,,,,,,,,,,,
VFID4652,,,,,,,,,,,,,,,,,,,,,,,,,,,,
VFID4653,,,,,,,,,,,,,,,,,,,,,,,,,,,,
VFID4654,,,,,,,,,,,,,,,,,,,,,,,,,,,,
VFID4655,,,,,,,,,,,,,,,,,,,,,,,,,,,,
VFID4656,,,,,,,,,,,,,,,,,,,,,,,,,,,,
VFID4657,,,,,,,,,,,,,,,,,,,,,,,,,,,,
VFID4658,,,,,,,,,,,,,,,,,,,,,,,,,,,,
VFID4659,,,,,,,,,,,,,,,,,,,,,,,,,,,,
VFID4660,,,,,,,,,,,,,,,,,,,,,,,,,,,,
VFID4661,,,,,,,,,,,,,,,,,,,,,,,,,,,,
VFID4662,,,,,,,,,,,,,,,,,,,,,,,,,,,,
VFID4663,,,,,,,,,,,,,,,,,,,,,,,,,,,,
VFID4664,,,,,,,,,,,,,,,,,,,,,,,,,,,,
VFID4665,,,,,,,,,,,,,,,,,,,,,,,,,,,,
VFID4666,,,,,,,,,,,,,,,,,,,,,,,,,,,,
VFID4667,,,,,,,,,,,,,,,,,,,,,,,,,,,,
VFID4668,,,,,,,,,,,,,,,,,,,,,,,,,,,,
VFID4669,,,,,,,,,,,,,,,,,,,,,,,,,,,,
VFID4670,,,,,,,,,,,,,,,,,,,,,,,,,,,,
VFID4671,,,,,,,,,,,,,,,,,,,,,,,,,,,,
VFID4672,,,,,,,,,,,,,,,,,,,,,,,,,,,,
VFID4673,,,,,,,,,,,,,,,,,,,,,,,,,,,,
VFID4674,,,,,,,,,,,,,,,,,,,,,,,,,,,,
VFID4675,,,,,,,,,,,,,,,,,,,,,,,,,,,,
VFID4676,,,,,,,,,,,,,,,,,,,,,,,,,,,,
VFID4677,,,,,,,,,,,,,,,,,,,,,,,,,,,,
VFID4678,,,,,,,,,,,,,,,,,,,,,,,,,,,,
VFID4679,,,,,,,,,,,,,,,,,,,,,,,,,,,,
VFID4680,,,,,,,,,,,,,,,,,,,,,,,,,,,,
VFID4681,,,,,,,,,,,,,,,,,,,,,,,,,,,,
VFID4682,,,,,,,,,,,,,,,,,,,,,,,,,,,,
VFID4683,,,,,,,,,,,,,,,,,,,,,,,,,,,,
VFID4684,,,,,,,,,,,,,,,,,,,,,,,,,,,,
VFID4685,,,,,,,,,,,,,,,,,,,,,,,,,,,,
VFID4686,,,,,,,,,,,,,,,,,,,,,,,,,,,,
VFID4687,,,,,,,,,,,,,,,,,,,,,,,,,,,,
VFID4688,,,,,,,,,,,,,,,,,,,,,,,,,,,,
VFID4689,,,,,,,,,,,,,,,,,,,,,,,,,,,,
VFID4690,,,,,,,,,,,,,,,,,,,,,,,,,,,,
VFID4691,,,,,,,,,,,,,,,,,,,,,,,,,,,,
VFID4692,,,,,,,,,,,,,,,,,,,,,,,,,,,,
VFID4693,,,,,,,,,,,,,,,,,,,,,,,,,,,,
VFID4694,,,,,,,,,,,,,,,,,,,,,,,,,,,,
VFID4695,,,,,,,,,,,,,,,,,,,,,,,,,,,,
VFID4696,,,,,,,,,,,,,,,,,,,,,,,,,,,,
VFID4697,,,,,,,,,,,,,,,,,,,,,,,,,,,,
VFID4698,,,,,,,,,,,,,,,,,,,,,,,,,,,,
VFID4699,,,,,,,,,,,,,,,,,,,,,,,,,,,,
VFID4700,,,,,,,,,,,,,,,,,,,,,,,,,,,,
VFID4701,,,,,,,,,,,,,,,,,,,,,,,,,,,,
VFID4702,,,,,,,,,,,,,,,,,,,,,,,,,,,,
VFID4703,,,,,,,,,,,,,,,,,,,,,,,,,,,,
VFID4704,,,,,,,,,,,,,,,,,,,,,,,,,,,,
VFID4705,,,,,,,,,,,,,,,,,,,,,,,,,,,,
VFID4706,,,,,,,,,,,,,,,,,,,,,,,,,,,,
VFID4707,,,,,,,,,,,,,,,,,,,,,,,,,,,,
VFID4708,,,,,,,,,,,,,,,,,,,,,,,,,,,,
VFID4709,,,,,,,,,,,,,,,,,,,,,,,,,,,,
VFID4710,,,,,,,,,,,,,,,,,,,,,,,,,,,,
VFID4711,,,,,,,,,,,,,,,,,,,,,,,,,,,,
VFID4712,,,,,,,,,,,,,,,,,,,,,,,,,,,,
VFID4713,,,,,,,,,,,,,,,,,,,,,,,,,,,,
VFID4714,,,,,,,,,,,,,,,,,,,,,,,,,,,,
VFID4715,,,,,,,,,,,,,,,,,,,,,,,,,,,,
VFID4716,,,,,,,,,,,,,,,,,,,,,,,,,,,,
VFID4717,,,,,,,,,,,,,,,,,,,,,,,,,,,,
VFID4718,,,,,,,,,,,,,,,,,,,,,,,,,,,,
VFID4719,,,,,,,,,,,,,,,,,,,,,,,,,,,,
VFID4720,,,,,,,,,,,,,,,,,,,,,,,,,,,,
VFID4721,,,,,,,,,,,,,,,,,,,,,,,,,,,,
VFID4722,,,,,,,,,,,,,,,,,,,,,,,,,,,,
VFID4723,187.70591666666664,12.39111111111111,Boselli+2014,,147757017.027293,-1.0,-1.0,,,245215610.94052416,-1.0,-1.0,Boselli+2014,7.429702969517754,,,,,,1.7546540448215602,-1.0,2.2312576208235466,-1.0,0.0,,,,
VFID4724,,,,,,,,,,,,,,,,,,,,,,,,,,,,
VFID4725,,,,,,,,,,,,,,,,,,,,,,,,,,,,
VFID4726,,,,,,,,,,,,,,,,,,,,,,,,,,,,
VFID4727,,,,,,,,,,,,,,,,,,,,,,,,,,,,
VFID4728,,,,,,,,,,,,,,,,,,,,,,,,,,,,
VFID4729,,,,,,,,,,,,,,,,,,,,,,,,,,,,
VFID4730,,,,,,,,,,,,,,,,,,,,,,,,,,,,
VFID4731,,,,,,,,,,,,,,,,,,,,,,,,,,,,
VFID4732,,,,,,,,,,,,,,,,,,,,,,,,,,,,
VFID4733,,,,,,,,,,,,,,,,,,,,,,,,,,,,
VFID4734,,,,,,,,,,,,,,,,,,,,,,,,,,,,
VFID4735,,,,,,,,,,,,,,,,,,,,,,,,,,,,
VFID4736,,,,,,,,,,,,,,,,,,,,,,,,,,,,
VFID4737,,,,,,,,,,,,,,,,,,,,,,,,,,,,
VFID4738,,,,,,,,,,,,,,,,,,,,,,,,,,,,
VFID4739,,,,,,,,,,,,,,,,,,,,,,,,,,,,
VFID4740,,,,,,,,,,,,,,,,,,,,,,,,,,,,
VFID4741,,,,,,,,,,,,,,,,,,,,,,,,,,,,
VFID4742,187.5725833333333,12.328555555555557,Boselli+2014,,8253844.145576692,-1.0,-1.0,,,336245332.0976883,-1.0,-1.0,Boselli+2014,7.429702969517754,,,,,,2.108445895656854,-1.0,1.1472376208235475,-1.0,0.0,,,,
VFID4743,,,,,,,,,,,,,,,,,,,,,,,,,,,,
VFID4744,,,,,,,,,,,,,,,,,,,,,,,,,,,,
VFID4745,,,,,,,,,,,,,,,,,,,,,,,,,,,,
VFID4746,,,,,,,,,,,,,,,,,,,,,,,,,,,,
VFID4747,,,,,,,,,,,,,,,,,,,,,,,,,,,,
VFID4748,,,,,,,,,,,,,,,,,,,,,,,,,,,,
VFID4749,,,,,,,,,,,,,,,,,,,,,,,,,,,,
VFID4750,,,,,,,,,,,,,,,,,,,,,,,,,,,,
VFID4751,,,,,,,,,,,,,,,,,,,,,,,,,,,,
VFID4752,,,,,,,,,,,,,,,,,,,,,,,,,,,,
VFID4753,,,,,,,,,,,,,,,,,,,,,,,,,,,,
VFID4754,,,,,,,,,,,,,,,,,,,,,,,,,,,,
VFID4755,,,,,,,,,,,,,,,,,,,,,,,,,,,,
VFID4756,,,,,,,,,,,,,,,,,,,,,,,,,,,,
VFID4757,,,,,,,,,,,,,,,,,,,,,,,,,,,,
VFID4758,,,,,,,,,,,,,,,,,,,,,,,,,,,,
VFID4759,,,,,,,,,,,,,,,,,,,,,,,,,,,,
VFID4760,,,,,,,,,,,,,,,,,,,,,,,,,,,,
VFID4761,,,,,,,,,,,,,,,,,,,,,,,,,,,,
VFID4762,,,,,,,,,,,,,,,,,,,,,,,,,,,,
VFID4763,,,,,,,,,,,,,,,,,,,,,,,,,,,,
VFID4764,,,,,,,,,,,,,,,,,,,,,,,,,,,,
VFID4765,,,,,,,,,,,,,,,,,,,,,,,,,,,,
VFID4766,,,,,,,,,,,,,,,,,,,,,,,,,,,,
VFID4767,,,,,,,,,,,,,,,,,,,,,,,,,,,,
VFID4768,,,,,,,,,,,,,,,,,,,,,,,,,,,,
VFID4769,,,,,,,,,,,,,,,,,,,,,,,,,,,,
VFID4770,,,,,,,,,,,,,,,,,,,,,,,,,,,,
VFID4771,,,,,,,,,,,,,,,,,,,,,,,,,,,,
VFID4772,,,,,,,,,,,,,,,,,,,,,,,,,,,,
VFID4773,,,,,,,,,,,,,,,,,,,,,,,,,,,,
VFID4774,,,,,,,,,,,,,,,,,,,,,,,,,,,,
VFID4775,,,,,,,,,,,,,,,,,,,,,,,,,,,,
VFID4776,,,,,,,,,,,,,,,,,,,,,,,,,,,,
VFID4777,,,,,,,,,,,,,,,,,,,,,,,,,,,,
VFID4778,186.0065,12.205027777777778,Boselli+2014,,67667191.65158762,-1.0,-1.0,,,550019583.17535,-1.0,-1.0,Boselli+2014,8.579665040900384,6.736899832718598,6.736899832718598,0.1781201744107302,-1.0,-1.0,0.5386240070365353,-1.0,0.4472558999500418,0.0062376227203339,0.0,7.830378152609853,0.9370590748985403,0.9370590748985403,8.650854633916385
VFID4779,,,,,,,,,,,,,,,,,,,,,,,,,,,,
VFID4780,,,,,,,,,,,,,,,,,,,,,,,,,,,,
VFID4781,,,,,,,,,,,,,,,,,,,,,,,,,,,,
VFID4782,234.624875,12.18661111111111,This work,4.3,1524346181.5445254,100318127.51737648,100318127.51737648,0.4179851009213972,0.0542707735189327,1156334829.901042,537921890.444456,537921890.444456,Springob2005,9.71158308272877,8.864917190896536,8.864917190896536,0.2961423541734131,0.0464409158452852,0.0464409158452852,-0.0202814475550034,0.0285811777817549,-0.1643548456173498,0.0618184938204628,0.0,9.183083607201391,0.9669161933220413,0.9669161933220413,9.824235785063381
VFID4783,,,,,,,,,,,,,,,,,,,,,,,,,,,,
VFID4784,,,,,,,,,,,,,,,,,,,,,,,,,,,,
VFID4785,,,,,,,,,,,,,,,,,,,,,,,,,,,,
VFID4786,,,,,,,,,,,,,,,,,,,,,,,,,,,,
VFID4787,,,,,,,,,,,,,,,,,,,,,,,,,,,,
VFID4788,,,,,,,,,,,,,,,,,,,,,,,,,,,,
VFID4789,,,,,,,,,,,,,,,,,,,,,,,,,,,,
VFID4790,,,,,,,,,,,,,,,,,,,,,,,,,,,,
VFID4791,,,,,,,,,,,,,,,,,,,,,,,,,,,,
VFID4792,,,,,,,,,,,,,,,,,,,,,,,,,,,,
VFID4793,,,,,,,,,,,,,,,,,,,,,,,,,,,,
VFID4794,,,,,,,,,,,,,,,,,,,,,,,,,,,,
VFID4795,,,,,,,,,,,,,,,,,,,,,,,,,,,,
VFID4796,,,,,,,,,,,,,,,,,,,,,,,,,,,,
VFID4797,,,,,,,,,,,,,,,,,,,,,,,,,,,,
VFID4798,,,,,,,,,,,,,,,,,,,,,,,,,,,,
VFID4799,,,,,,,,,,,,,,,,,,,,,,,,,,,,
VFID4800,,,,,,,,,,,,,,,,,,,,,,,,,,,,
VFID4801,,,,,,,,,,,,,,,,,,,,,,,,,,,,
VFID4802,,,,,,,,,,,,,,,,,,,,,,,,,,,,
VFID4803,,,,,,,,,,,,,,,,,,,,,,,,,,,,
VFID4804,,,,,,,,,,,,,,,,,,,,,,,,,,,,
VFID4805,,,,,,,,,,,,,,,,,,,,,,,,,,,,
VFID4806,,,,,,,,,,,,,,,,,,,,,,,,,,,,
VFID4807,,,,,,,,,,,,,,,,,,,,,,,,,,,,
VFID4808,,,,,,,,,,,,,,,,,,,,,,,,,,,,
VFID4809,,,,,,,,,,,,,,,,,,,,,,,,,,,,
VFID4810,192.9807083333333,12.083027777777778,Boselli+2014,,395091899.99999994,87798199.99999999,87798199.99999999,,,202627378.63777792,103609511.3267704,103609511.3267704,Boselli+2014,9.079322513540804,6.87520253088488,6.87520253088488,0.3291361710323573,0.0731702936059456,0.0731702936059456,0.4770040335877308,0.0965098848673892,0.0827584273096224,0.0027143405118953,0.0,8.596698126058659,0.9387153504523327,0.9387153504523327,9.202891990569661
VFID4811,,,,,,,,,,,,,,,,,,,,,,,,,,,,
VFID4812,,,,,,,,,,,,,,,,,,,,,,,,,,,,
VFID4813,,,,,,,,,,,,,,,,,,,,,,,,,,,,
VFID4814,,,,,,,,,,,,,,,,,,,,,,,,,,,,
VFID4815,,,,,,,,,,,,,,,,,,,,,,,,,,,,
VFID4816,,,,,,,,,,,,,,,,,,,,,,,,,,,,
VFID4817,,,,,,,,,,,,,,,,,,,,,,,,,,,,
VFID4818,,,,,,,,,,,,,,,,,,,,,,,,,,,,
VFID4819,,,,,,,,,,,,,,,,,,,,,,,,,,,,
VFID4820,233.84670833333337,12.047611111111111,This work,4.3,771630445.514637,75717059.04879573,75717059.04879573,1.0989807074548874,0.1252844005686611,1340940027.703586,631388627.1275336,631388627.1275336,deVaucouleurs1991,9.651614216009207,8.635962270466411,8.635962270466411,0.1721056543539433,0.0236814443105438,0.0236814443105438,0.2105928047775069,0.0426156084457023,-0.117599604952014,0.0418921225906676,0.0,8.88740935486888,0.9520591656359018,0.9520591656359018,9.720580977038368
VFID4821,,,,,,,,,,,,,,,,,,,,,,,,,,,,
VFID4822,,,,,,,,,,,,,,,,,,,,,,,,,,,,
VFID4823,,,,,,,,,,,,,,,,,,,,,,,,,,,,
VFID4824,,,,,,,,,,,,,,,,,,,,,,,,,,,,
VFID4825,,,,,,,,,,,,,,,,,,,,,,,,,,,,
VFID4826,,,,,,,,,,,,,,,,,,,,,,,,,,,,
VFID4827,,,,,,,,,,,,,,,,,,,,,,,,,,,,
VFID4828,,,,,,,,,,,,,,,,,,,,,,,,,,,,
VFID4829,,,,,,,,,,,,,,,,,,,,,,,,,,,,
VFID4830,,,,,,,,,,,,,,,,,,,,,,,,,,,,
VFID4831,,,,,,,,,,,,,,,,,,,,,,,,,,,,
VFID4832,,,,,,,,,,,,,,,,,,,,,,,,,,,,
VFID4833,,,,,,,,,,,,,,,,,,,,,,,,,,,,
VFID4834,,,,,,,,,,,,,,,,,,,,,,,,,,,,
VFID4835,,,,,,,,,,,,,,,,,,,,,,,,,,,,
VFID4836,,,,,,,,,,,,,,,,,,,,,,,,,,,,
VFID4837,,,,,,,,,,,,,,,,,,,,,,,,,,,,
VFID4838,,,,,,,,,,,,,,,,,,,,,,,,,,,,
VFID4839,,,,,,,,,,,,,,,,,,,,,,,,,,,,
VFID4840,,,,,,,,,,,,,,,,,,,,,,,,,,,,
VFID4841,,,,,,,,,,,,,,,,,,,,,,,,,,,,
VFID4842,,,,,,,,,,,,,,,,,,,,,,,,,,,,
VFID4843,,,,,,,,,,,,,,,,,,,,,,,,,,,,
VFID4844,,,,,,,,,,,,,,,,,,,,,,,,,,,,
VFID4845,,,,,,,,,,,,,,,,,,,,,,,,,,,,
VFID4846,,,,,,,,,,,,,,,,,,,,,,,,,,,,
VFID4847,,,,,,,,,,,,,,,,,,,,,,,,,,,,
VFID4848,,,,,,,,,,,,,,,,,,,,,,,,,,,,
VFID4849,,,,,,,,,,,,,,,,,,,,,,,,,,,,
VFID4850,,,,,,,,,,,,,,,,,,,,,,,,,,,,
VFID4851,,,,,,,,,,,,,,,,,,,,,,,,,,,,
VFID4852,,,,,,,,,,,,,,,,,,,,,,,,,,,,
VFID4853,190.30170833333332,11.88663888888889,Boselli+2014,,745273200.0,197685198.93899205,197685198.93899205,,,2833449680.0189285,1505824675.926046,1505824675.926046,Boselli+2014,8.345693206705528,6.736899832718598,6.736899832718598,3.3621903520208605,0.8956595859677398,0.8956595859677398,-0.2846133446492267,0.1151974753059023,1.0007395989785692,0.0106903257083877,0.0,8.872315504295615,0.9530476464159552,0.9530476464159552,8.985397819582449
VFID4854,,,,,,,,,,,,,,,,,,,,,,,,,,,,
VFID4855,,,,,,,,,,,,,,,,,,,,,,,,,,,,
VFID4856,,,,,,,,,,,,,,,,,,,,,,,,,,,,
VFID4857,,,,,,,,,,,,,,,,,,,,,,,,,,,,
VFID4858,,,,,,,,,,,,,,,,,,,,,,,,,,,,
VFID4859,,,,,,,,,,,,,,,,,,,,,,,,,,,,
VFID4860,,,,,,,,,,,,,,,,,,,,,,,,,,,,
VFID4861,189.4313333333333,11.818194444444444,Boselli+2014,,2686442850.0,322931490.0,322931490.0,,,2234485835.767807,1063497539.4713012,1063497539.4713012,Boselli+2014,8.819236319809656,6.87520253088488,6.87520253088488,4.073252063870436,0.4918242978359028,0.4918242978359028,0.1953245536002796,0.0522056012246064,0.8289246210407697,0.0049402681498818,0.0,9.429177606046109,0.976757552075492,0.976757552075492,9.5245227605281
VFID4862,,,,,,,,,,,,,,,,,,,,,,,,,,,,
VFID4863,,,,,,,,,,,,,,,,,,,,,,,,,,,,
VFID4864,,,,,,,,,,,,,,,,,,,,,,,,,,,,
VFID4865,185.660625,11.800944444444443,Boselli+2014,,741631800.0,209500508.47457623,209500508.47457623,,,9124064429.813742,4929310699.017857,4929310699.017857,Boselli+2014,8.05391793376671,6.78805235516598,6.78805235516598,6.550439044312845,1.884179321259531,1.884179321259531,-0.0475861837506137,0.1226820570348168,1.3068386015847313,0.0235460863682485,0.0,8.870188343397002,0.9533579812088865,0.9533579812088865,8.931890139565246
VFID4866,,,,,,,,,,,,,,,,,,,,,,,,,,,,
VFID4867,,,,,,,,,,,,,,,,,,,,,,,,,,,,
VFID4868,,,,,,,,,,,,,,,,,,,,,,,,,,,,
VFID4869,,,,,,,,,,,,,,,,,,,,,,,,,,,,
VFID4870,,,,,,,,,,,,,,,,,,,,,,,,,,,,
VFID4871,,,,,,,,,,,,,,,,,,,,,,,,,,,,
VFID4872,,,,,,,,,,,,,,,,,,,,,,,,,,,,
VFID4873,,,,,,,,,,,,,,,,,,,,,,,,,,,,
VFID4874,,,,,,,,,,,,,,,,,,,,,,,,,,,,
VFID4875,,,,,,,,,,,,,,,,,,,,,,,,,,,,
VFID4876,,,,,,,,,,,,,,,,,,,,,,,,,,,,
VFID4877,,,,,,,,,,,,,,,,,,,,,,,,,,,,
VFID4878,233.74391666666665,11.750277777777775,This work,4.3,504596455.8360784,48645225.593620695,48645225.593620695,0.860793436338497,0.0992083480807746,1238637418.9638894,582778178.0152932,582778178.0152932,Springob2005,9.163397180497748,8.198892892475152,8.198892892475152,0.3463753800560422,0.0502776720426745,0.0502776720426745,0.2249579638339156,0.0418678189311566,-0.0936719894960536,0.0471281099867539,0.0,8.702944195812472,0.9432609725721538,0.9432609725721538,9.29256334198931
VFID4879,,,,,,,,,,,,,,,,,,,,,,,,,,,,
VFID4880,,,,,,,,,,,,,,,,,,,,,,,,,,,,
VFID4881,,,,,,,,,,,,,,,,,,,,,,,,,,,,
VFID4882,,,,,,,,,,,,,,,,,,,,,,,,,,,,
VFID4883,,,,,,,,,,,,,,,,,,,,,,,,,,,,
VFID4884,,,,,,,,,,,,,,,,,,,,,,,,,,,,
VFID4885,186.23095833333332,11.704277777777778,Boselli+2014,,22529338.707041908,-1.0,-1.0,,,382603064.5339461,-1.0,-1.0,Boselli+2014,6.941586330496628,,,,,,1.8991537153747355,-1.0,2.251234259844672,-1.0,0.0,,,,
VFID4886,,,,,,,,,,,,,,,,,,,,,,,,,,,,
VFID4887,,,,,,,,,,,,,,,,,,,,,,,,,,,,
VFID4888,,,,,,,,,,,,,,,,,,,,,,,,,,,,
VFID4889,,,,,,,,,,,,,,,,,,,,,,,,,,,,
VFID4890,,,,,,,,,,,,,,,,,,,,,,,,,,,,
VFID4891,,,,,,,,,,,,,,,,,,,,,,,,,,,,
VFID4892,,,,,,,,,,,,,,,,,,,,,,,,,,,,
VFID4893,,,,,,,,,,,,,,,,,,,,,,,,,,,,
VFID4894,,,,,,,,,,,,,,,,,,,,,,,,,,,,
VFID4895,,,,,,,,,,,,,,,,,,,,,,,,,,,,
VFID4896,,,,,,,,,,,,,,,,,,,,,,,,,,,,
VFID4897,,,,,,,,,,,,,,,,,,,,,,,,,,,,
VFID4898,,,,,,,,,,,,,,,,,,,,,,,,,,,,
VFID4899,,,,,,,,,,,,,,,,,,,,,,,,,,,,
VFID4900,,,,,,,,,,,,,,,,,,,,,,,,,,,,
VFID4901,,,,,,,,,,,,,,,,,,,,,,,,,,,,
VFID4902,,,,,,,,,,,,,,,,,,,,,,,,,,,,
VFID4903,,,,,,,,,,,,,,,,,,,,,,,,,,,,
VFID4904,,,,,,,,,,,,,,,,,,,,,,,,,,,,
VFID4905,,,,,,,,,,,,,,,,,,,,,,,,,,,,
VFID4906,,,,,,,,,,,,,,,,,,,,,,,,,,,,
VFID4907,190.8852083333333,11.582611111111111,Boselli+2014,,3311944334.999999,-1.0,-1.0,,,4571755845.274665,-1.0,-1.0,Boselli+2014,8.729232391766063,6.875202530884879,6.875202530884879,6.17803887954457,-1.0,-1.0,-0.2924808691894345,-1.0,0.4364919282425799,0.0060779125966103,0.0,9.520083028835822,0.9816131343381717,0.9816131343381717,9.585238198107382
VFID4908,,,,,,,,,,,,,,,,,,,,,,,,,,,,
VFID4909,,,,,,,,,,,,,,,,,,,,,,,,,,,,
VFID4910,,,,,,,,,,,,,,,,,,,,,,,,,,,,
VFID4911,,,,,,,,,,,,,,,,,,,,,,,,,,,,
VFID4912,190.91670833333333,11.552611111111112,Boselli+2014,,1761695833.3333333,-1.0,-1.0,,,1976655235.866876,-1.0,-1.0,Boselli+2014,7.429702969517754,,,,,,0.6620712324761353,-1.0,2.193877620823546,-1.0,0.0,,,,
VFID4913,,,,,,,,,,,,,,,,,,,,,,,,,,,,
VFID4914,,,,,,,,,,,,,,,,,,,,,,,,,,,,
VFID4915,,,,,,,,,,,,,,,,,,,,,,,,,,,,
VFID4916,,,,,,,,,,,,,,,,,,,,,,,,,,,,
VFID4917,,,,,,,,,,,,,,,,,,,,,,,,,,,,
VFID4918,,,,,,,,,,,,,,,,,,,,,,,,,,,,
VFID4919,,,,,,,,,,,,,,,,,,,,,,,,,,,,
VFID4920,,,,,,,,,,,,,,,,,,,,,,,,,,,,
VFID4921,,,,,,,,,,,,,,,,,,,,,,,,,,,,
VFID4922,,,,,,,,,,,,,,,,,,,,,,,,,,,,
VFID4923,187.73804166666665,11.483555555555554,Boselli+2014,,930580000.0,-1.0,-1.0,,,3620376310.287777,-1.0,-1.0,Boselli+2014,6.80281939446476,,,,,,-0.6078515548059915,-1.0,2.1260571408866804,-1.0,0.0,,,,
VFID4924,,,,,,,,,,,,,,,,,,,,,,,,,,,,
VFID4925,,,,,,,,,,,,,,,,,,,,,,,,,,,,
VFID4926,,,,,,,,,,,,,,,,,,,,,,,,,,,,
VFID4927,,,,,,,,,,,,,,,,,,,,,,,,,,,,
VFID4928,,,,,,,,,,,,,,,,,,,,,,,,,,,,
VFID4929,,,,,,,,,,,,,,,,,,,,,,,,,,,,
VFID4930,,,,,,,,,,,,,,,,,,,,,,,,,,,,
VFID4931,,,,,,,,,,,,,,,,,,,,,,,,,,,,
VFID4932,,,,,,,,,,,,,,,,,,,,,,,,,,,,
VFID4933,,,,,,,,,,,,,,,,,,,,,,,,,,,,
VFID4934,,,,,,,,,,,,,,,,,,,,,,,,,,,,
VFID4935,,,,,,,,,,,,,,,,,,,,,,,,,,,,
VFID4936,,,,,,,,,,,,,,,,,,,,,,,,,,,,
VFID4937,,,,,,,,,,,,,,,,,,,,,,,,,,,,
VFID4938,,,,,,,,,,,,,,,,,,,,,,,,,,,,
VFID4939,,,,,,,,,,,,,,,,,,,,,,,,,,,,
VFID4940,,,,,,,,,,,,,,,,,,,,,,,,,,,,
VFID4941,,,,,,,,,,,,,,,,,,,,,,,,,,,,
VFID4942,,,,,,,,,,,,,,,,,,,,,,,,,,,,
VFID4943,,,,,,,,,,,,,,,,,,,,,,,,,,,,
VFID4944,185.82187499999995,11.367972222222225,Boselli+2014,,896214130.4347826,-1.0,-1.0,,,6200286920.09966,-1.0,-1.0,Boselli+2014,8.673915940183413,6.87520253088488,6.87520253088488,1.8988726832821463,-1.0,-1.0,-0.3728096274216792,-1.0,0.3303900819976419,0.0069035250013522,0.0,8.952411787068069,0.9607662307766311,0.9607662307766311,9.136145082008843
VFID4945,,,,,,,,,,,,,,,,,,,,,,,,,,,,
VFID4946,,,,,,,,,,,,,,,,,,,,,,,,,,,,
VFID4947,,,,,,,,,,,,,,,,,,,,,,,,,,,,
VFID4948,,,,,,,,,,,,,,,,,,,,,,,,,,,,
VFID4949,,,,,,,,,,,,,,,,,,,,,,,,,,,,
VFID4950,,,,,,,,,,,,,,,,,,,,,,,,,,,,
VFID4951,,,,,,,,,,,,,,,,,,,,,,,,,,,,
VFID4952,,,,,,,,,,,,,,,,,,,,,,,,,,,,
VFID4953,,,,,,,,,,,,,,,,,,,,,,,,,,,,
VFID4954,,,,,,,,,,,,,,,,,,,,,,,,,,,,
VFID4955,,,,,,,,,,,,,,,,,,,,,,,,,,,,
VFID4956,,,,,,,,,,,,,,,,,,,,,,,,,,,,
VFID4957,,,,,,,,,,,,,,,,,,,,,,,,,,,,
VFID4958,,,,,,,,,,,,,,,,,,,,,,,,,,,,
VFID4959,,,,,,,,,,,,,,,,,,,,,,,,,,,,
VFID4960,,,,,,,,,,,,,,,,,,,,,,,,,,,,
VFID4961,189.13629166666664,11.258,Boselli+2014,,8377586910.0,-1.0,-1.0,,,7818419014.058075,-1.0,-1.0,Boselli+2014,9.209290560345227,6.979937881404893,6.979937881404893,5.174023317578856,-1.0,-1.0,-0.8413167823025969,-1.0,0.11274224533887,0.0025611300533468,0.0,9.923118941948985,0.9999952905408936,0.9999952905408936,9.99985882570457
VFID4962,189.14275,11.238888888888887,Boselli+2014,,4540643730.0,-1.0,-1.0,,,2328720827.5795135,-1.0,-1.0,Boselli+2014,9.233656558439577,6.880070825918776,6.880070825918776,2.6513121924548932,-1.0,-1.0,-0.3971152677852974,-1.0,0.32871624724452,0.0019239712531627,0.0,9.657117427431686,0.9910538185125917,0.9910538185125917,9.796105525780977
VFID4963,,,,,,,,,,,,,,,,,,,,,,,,,,,,
VFID4964,,,,,,,,,,,,,,,,,,,,,,,,,,,,
VFID4965,,,,,,,,,,,,,,,,,,,,,,,,,,,,
VFID4966,,,,,,,,,,,,,,,,,,,,,,,,,,,,
VFID4967,,,,,,,,,,,,,,,,,,,,,,,,,,,,
VFID4968,,,,,,,,,,,,,,,,,,,,,,,,,,,,
VFID4969,,,,,,,,,,,,,,,,,,,,,,,,,,,,
VFID4970,,,,,,,,,,,,,,,,,,,,,,,,,,,,
VFID4971,,,,,,,,,,,,,,,,,,,,,,,,,,,,
VFID4972,191.1332083333333,11.190527777777778,Boselli+2014,,12154210.311299415,-1.0,-1.0,,,506671815.9040183,-1.0,-1.0,Boselli+2014,7.429702969517754,,,,,,1.891775412722586,-1.0,1.286077620823546,-1.0,0.0,,,,
VFID4973,,,,,,,,,,,,,,,,,,,,,,,,,,,,
VFID4974,,,,,,,,,,,,,,,,,,,,,,,,,,,,
VFID4975,,,,,,,,,,,,,,,,,,,,,,,,,,,,
VFID4976,,,,,,,,,,,,,,,,,,,,,,,,,,,,
VFID4977,,,,,,,,,,,,,,,,,,,,,,,,,,,,
VFID4978,,,,,,,,,,,,,,,,,,,,,,,,,,,,
VFID4979,186.86066666666665,11.107527777777776,Boselli+2014,,676693500.0,222596546.0526316,222596546.0526316,,,4681575211.195333,2649466735.1789794,2649466735.1789794,Boselli+2014,6.997252109717553,,,68.09886837848575,-2.0,-2.0,0.6969101547717429,0.1428600269418591,2.435868480623747,-1.0,0.0,8.830392004874646,0.9465978136173053,0.9465978136173053,8.836723044776216
VFID4980,,,,,,,,,,,,,,,,,,,,,,,,,,,,
VFID4981,,,,,,,,,,,,,,,,,,,,,,,,,,,,
VFID4982,,,,,,,,,,,,,,,,,,,,,,,,,,,,
VFID4983,,,,,,,,,,,,,,,,,,,,,,,,,,,,
VFID4984,,,,,,,,,,,,,,,,,,,,,,,,,,,,
VFID4985,,,,,,,,,,,,,,,,,,,,,,,,,,,,
VFID4986,,,,,,,,,,,,,,,,,,,,,,,,,,,,
VFID4987,,,,,,,,,,,,,,,,,,,,,,,,,,,,
VFID4988,,,,,,,,,,,,,,,,,,,,,,,,,,,,
VFID4989,,,,,,,,,,,,,,,,,,,,,,,,,,,,
VFID4990,,,,,,,,,,,,,,,,,,,,,,,,,,,,
VFID4991,,,,,,,,,,,,,,,,,,,,,,,,,,,,
VFID4992,,,,,,,,,,,,,,,,,,,,,,,,,,,,
VFID4993,,,,,,,,,,,,,,,,,,,,,,,,,,,,
VFID4994,,,,,,,,,,,,,,,,,,,,,,,,,,,,
VFID4995,,,,,,,,,,,,,,,,,,,,,,,,,,,,
VFID4996,,,,,,,,,,,,,,,,,,,,,,,,,,,,
VFID4997,,,,,,,,,,,,,,,,,,,,,,,,,,,,
VFID4998,,,,,,,,,,,,,,,,,,,,,,,,,,,,
VFID4999,,,,,,,,,,,,,,,,,,,,,,,,,,,,
VFID5000,,,,,,,,,,,,,,,,,,,,,,,,,,,,
VFID5001,,,,,,,,,,,,,,,,,,,,,,,,,,,,
VFID5002,195.968875,10.9721389,AMIGA,,338844156.13920206,-1.0,-1.0,,,3630780547.701008,-1.0,-1.0,AMIGA,9.251732640566562,8.754510248451973,8.634510248451974,0.1897873926710302,-1.0,-1.0,-0.533597840353611,-1.0,-0.1704639312263616,0.1382171453835724,0.0,8.53,0.9697823328336942,0.9697692055254304,9.327202003270813
VFID5003,,,,,,,,,,,,,,,,,,,,,,,,,,,,
VFID5004,,,,,,,,,,,,,,,,,,,,,,,,,,,,
VFID5005,,,,,,,,,,,,,,,,,,,,,,,,,,,,
VFID5006,,,,,,,,,,,,,,,,,,,,,,,,,,,,
VFID5007,,,,,,,,,,,,,,,,,,,,,,,,,,,,
VFID5008,,,,,,,,,,,,,,,,,,,,,,,,,,,,
VFID5009,,,,,,,,,,,,,,,,,,,,,,,,,,,,
VFID5010,,,,,,,,,,,,,,,,,,,,,,,,,,,,
VFID5011,,,,,,,,,,,,,,,,,,,,,,,,,,,,
VFID5012,,,,,,,,,,,,,,,,,,,,,,,,,,,,
VFID5013,181.04812499999997,10.854388888888888,Boselli+2014,,388203797.2027972,-1.0,-1.0,,,587570223.9419423,-1.0,-1.0,Boselli+2014,8.520446114988948,6.8338098457266545,6.8338098457266545,1.171153077932739,-1.0,-1.0,0.5899423805359394,-1.0,0.3254348258614783,0.0089361004506841,0.0,8.589059779110448,0.9472961878834726,0.9472961878834726,8.857136559612323
VFID5014,,,,,,,,,,,,,,,,,,,,,,,,,,,,
VFID5015,,,,,,,,,,,,,,,,,,,,,,,,,,,,
VFID5016,,,,,,,,,,,,,,,,,,,,,,,,,,,,
VFID5017,,,,,,,,,,,,,,,,,,,,,,,,,,,,
VFID5018,,,,,,,,,,,,,,,,,,,,,,,,,,,,
VFID5019,,,,,,,,,,,,,,,,,,,,,,,,,,,,
VFID5020,,,,,,,,,,,,,,,,,,,,,,,,,,,,
VFID5021,,,,,,,,,,,,,,,,,,,,,,,,,,,,
VFID5022,,,,,,,,,,,,,,,,,,,,,,,,,,,,
VFID5023,,,,,,,,,,,,,,,,,,,,,,,,,,,,
VFID5024,,,,,,,,,,,,,,,,,,,,,,,,,,,,
VFID5025,,,,,,,,,,,,,,,,,,,,,,,,,,,,
VFID5026,,,,,,,,,,,,,,,,,,,,,,,,,,,,
VFID5027,,,,,,,,,,,,,,,,,,,,,,,,,,,,
VFID5028,,,,,,,,,,,,,,,,,,,,,,,,,,,,
VFID5029,,,,,,,,,,,,,,,,,,,,,,,,,,,,
VFID5030,,,,,,,,,,,,,,,,,,,,,,,,,,,,
VFID5031,,,,,,,,,,,,,,,,,,,,,,,,,,,,
VFID5032,,,,,,,,,,,,,,,,,,,,,,,,,,,,
VFID5033,,,,,,,,,,,,,,,,,,,,,,,,,,,,
VFID5034,,,,,,,,,,,,,,,,,,,,,,,,,,,,
VFID5035,,,,,,,,,,,,,,,,,,,,,,,,,,,,
VFID5036,,,,,,,,,,,,,,,,,,,,,,,,,,,,
VFID5037,,,,,,,,,,,,,,,,,,,,,,,,,,,,
VFID5038,,,,,,,,,,,,,,,,,,,,,,,,,,,,
VFID5039,,,,,,,,,,,,,,,,,,,,,,,,,,,,
VFID5040,,,,,,,,,,,,,,,,,,,,,,,,,,,,
VFID5041,,,,,,,,,,,,,,,,,,,,,,,,,,,,
VFID5042,,,,,,,,,,,,,,,,,,,,,,,,,,,,
VFID5043,,,,,,,,,,,,,,,,,,,,,,,,,,,,
VFID5044,,,,,,,,,,,,,,,,,,,,,,,,,,,,
VFID5045,,,,,,,,,,,,,,,,,,,,,,,,,,,,
VFID5046,,,,,,,,,,,,,,,,,,,,,,,,,,,,
VFID5047,,,,,,,,,,,,,,,,,,,,,,,,,,,,
VFID5048,,,,,,,,,,,,,,,,,,,,,,,,,,,,
VFID5049,,,,,,,,,,,,,,,,,,,,,,,,,,,,
VFID5050,,,,,,,,,,,,,,,,,,,,,,,,,,,,
VFID5051,,,,,,,,,,,,,,,,,,,,,,,,,,,,
VFID5052,,,,,,,,,,,,,,,,,,,,,,,,,,,,
VFID5053,,,,,,,,,,,,,,,,,,,,,,,,,,,,
VFID5054,,,,,,,,,,,,,,,,,,,,,,,,,,,,
VFID5055,,,,,,,,,,,,,,,,,,,,,,,,,,,,
VFID5056,,,,,,,,,,,,,,,,,,,,,,,,,,,,
VFID5057,,,,,,,,,,,,,,,,,,,,,,,,,,,,
VFID5058,,,,,,,,,,,,,,,,,,,,,,,,,,,,
VFID5059,,,,,,,,,,,,,,,,,,,,,,,,,,,,
VFID5060,,,,,,,,,,,,,,,,,,,,,,,,,,,,
VFID5061,,,,,,,,,,,,,,,,,,,,,,,,,,,,
VFID5062,,,,,,,,,,,,,,,,,,,,,,,,,,,,
VFID5063,,,,,,,,,,,,,,,,,,,,,,,,,,,,
VFID5064,,,,,,,,,,,,,,,,,,,,,,,,,,,,
VFID5065,186.461125,10.459055555555556,Boselli+2014,,156157646.1558835,-1.0,-1.0,,,1105511472.9540758,-1.0,-1.0,Boselli+2014,8.95790208586433,7.137760360163518,7.137760360163518,0.1720525715745338,-1.0,-1.0,0.0053389056174175,-1.0,-0.0109324543832709,0.0065711682268717,0.0,8.193563254028971,0.955536246665968,0.955536246665968,9.026849177949705
VFID5066,,,,,,,,,,,,,,,,,,,,,,,,,,,,
VFID5067,,,,,,,,,,,,,,,,,,,,,,,,,,,,
VFID5068,,,,,,,,,,,,,,,,,,,,,,,,,,,,
VFID5069,,,,,,,,,,,,,,,,,,,,,,,,,,,,
VFID5070,,,,,,,,,,,,,,,,,,,,,,,,,,,,
VFID5071,,,,,,,,,,,,,,,,,,,,,,,,,,,,
VFID5072,,,,,,,,,,,,,,,,,,,,,,,,,,,,
VFID5073,,,,,,,,,,,,,,,,,,,,,,,,,,,,
VFID5074,,,,,,,,,,,,,,,,,,,,,,,,,,,,
VFID5075,,,,,,,,,,,,,,,,,,,,,,,,,,,,
VFID5076,,,,,,,,,,,,,,,,,,,,,,,,,,,,
VFID5077,,,,,,,,,,,,,,,,,,,,,,,,,,,,
VFID5078,,,,,,,,,,,,,,,,,,,,,,,,,,,,
VFID5079,,,,,,,,,,,,,,,,,,,,,,,,,,,,
VFID5080,,,,,,,,,,,,,,,,,,,,,,,,,,,,
VFID5081,,,,,,,,,,,,,,,,,,,,,,,,,,,,
VFID5082,,,,,,,,,,,,,,,,,,,,,,,,,,,,
VFID5083,,,,,,,,,,,,,,,,,,,,,,,,,,,,
VFID5084,,,,,,,,,,,,,,,,,,,,,,,,,,,,
VFID5085,,,,,,,,,,,,,,,,,,,,,,,,,,,,
VFID5086,,,,,,,,,,,,,,,,,,,,,,,,,,,,
VFID5087,,,,,,,,,,,,,,,,,,,,,,,,,,,,
VFID5088,,,,,,,,,,,,,,,,,,,,,,,,,,,,
VFID5089,,,,,,,,,,,,,,,,,,,,,,,,,,,,
VFID5090,,,,,,,,,,,,,,,,,,,,,,,,,,,,
VFID5091,,,,,,,,,,,,,,,,,,,,,,,,,,,,
VFID5092,,,,,,,,,,,,,,,,,,,,,,,,,,,,
VFID5093,,,,,,,,,,,,,,,,,,,,,,,,,,,,
VFID5094,,,,,,,,,,,,,,,,,,,,,,,,,,,,
VFID5095,,,,,,,,,,,,,,,,,,,,,,,,,,,,
VFID5096,,,,,,,,,,,,,,,,,,,,,,,,,,,,
VFID5097,,,,,,,,,,,,,,,,,,,,,,,,,,,,
VFID5098,189.98308333333333,10.176083333333333,Boselli+2014,,41471903.937565126,-1.0,-1.0,,,424379086.75851005,-1.0,-1.0,Boselli+2014,6.748461732142167,,,,,,1.7556481857581918,-1.0,2.453258858199134,-1.0,0.0,,,,
VFID5099,,,,,,,,,,,,,,,,,,,,,,,,,,,,
VFID5100,,,,,,,,,,,,,,,,,,,,,,,,,,,,
VFID5101,,,,,,,,,,,,,,,,,,,,,,,,,,,,
VFID5102,190.30537499999997,10.155805555555556,Boselli+2014,,29559671.088479932,-1.0,-1.0,,,563247920.9501241,-1.0,-1.0,Boselli+2014,6.997252109717553,,,,,,1.6678025623069876,-1.0,1.965948480623747,-1.0,0.0,,,,
VFID5103,,,,,,,,,,,,,,,,,,,,,,,,,,,,
VFID5104,,,,,,,,,,,,,,,,,,,,,,,,,,,,
VFID5105,,,,,,,,,,,,,,,,,,,,,,,,,,,,
VFID5106,,,,,,,,,,,,,,,,,,,,,,,,,,,,
VFID5107,,,,,,,,,,,,,,,,,,,,,,,,,,,,
VFID5108,,,,,,,,,,,,,,,,,,,,,,,,,,,,
VFID5109,,,,,,,,,,,,,,,,,,,,,,,,,,,,
VFID5110,,,,,,,,,,,,,,,,,,,,,,,,,,,,
VFID5111,,,,,,,,,,,,,,,,,,,,,,,,,,,,
VFID5112,,,,,,,,,,,,,,,,,,,,,,,,,,,,
VFID5113,,,,,,,,,,,,,,,,,,,,,,,,,,,,
VFID5114,,,,,,,,,,,,,,,,,,,,,,,,,,,,
VFID5115,,,,,,,,,,,,,,,,,,,,,,,,,,,,
VFID5116,,,,,,,,,,,,,,,,,,,,,,,,,,,,
VFID5117,,,,,,,,,,,,,,,,,,,,,,,,,,,,
VFID5118,,,,,,,,,,,,,,,,,,,,,,,,,,,,
VFID5119,,,,,,,,,,,,,,,,,,,,,,,,,,,,
VFID5120,,,,,,,,,,,,,,,,,,,,,,,,,,,,
VFID5121,,,,,,,,,,,,,,,,,,,,,,,,,,,,
VFID5122,,,,,,,,,,,,,,,,,,,,,,,,,,,,
VFID5123,,,,,,,,,,,,,,,,,,,,,,,,,,,,
VFID5124,,,,,,,,,,,,,,,,,,,,,,,,,,,,
VFID5125,186.342375,10.016805555555557,Boselli+2014,,989731270.1612904,-1.0,-1.0,,,5827969789.415043,-1.0,-1.0,Boselli+2014,8.513008182343574,6.999457661997236,6.999457661997236,3.0374498029825987,-1.0,-1.0,-0.0271151321948135,-1.0,0.9377574722822626,0.0133117082575709,0.0,8.995517291841201,0.9599748496014417,0.9599748496014417,9.119115318197114
VFID5126,,,,,,,,,,,,,,,,,,,,,,,,,,,,
VFID5127,,,,,,,,,,,,,,,,,,,,,,,,,,,,
VFID5128,,,,,,,,,,,,,,,,,,,,,,,,,,,,
VFID5129,,,,,,,,,,,,,,,,,,,,,,,,,,,,
VFID5130,,,,,,,,,,,,,,,,,,,,,,,,,,,,
VFID5131,,,,,,,,,,,,,,,,,,,,,,,,,,,,
VFID5132,,,,,,,,,,,,,,,,,,,,,,,,,,,,
VFID5133,,,,,,,,,,,,,,,,,,,,,,,,,,,,
VFID5134,,,,,,,,,,,,,,,,,,,,,,,,,,,,
VFID5135,,,,,,,,,,,,,,,,,,,,,,,,,,,,
VFID5136,,,,,,,,,,,,,,,,,,,,,,,,,,,,
VFID5137,,,,,,,,,,,,,,,,,,,,,,,,,,,,
VFID5138,,,,,,,,,,,,,,,,,,,,,,,,,,,,
VFID5139,,,,,,,,,,,,,,,,,,,,,,,,,,,,
VFID5140,138.1076333,9.9554972,AMIGA,,107151930.52376048,-1.0,-1.0,,,512861383.9913642,-1.0,-1.0,AMIGA,9.421732640566562,8.924510248451973,8.804510248451974,0.0405758250596136,-1.0,-1.0,0.3633021596463894,-1.0,-0.5248048982005376,0.1382171453835724,0.0,8.03,0.9749278803003069,0.9749272006109098,9.43900637259634
VFID5141,,,,,,,,,,,,,,,,,,,,,,,,,,,,
VFID5142,,,,,,,,,,,,,,,,,,,,,,,,,,,,
VFID5143,,,,,,,,,,,,,,,,,,,,,,,,,,,,
VFID5144,,,,,,,,,,,,,,,,,,,,,,,,,,,,
VFID5145,,,,,,,,,,,,,,,,,,,,,,,,,,,,
VFID5146,,,,,,,,,,,,,,,,,,,,,,,,,,,,
VFID5147,,,,,,,,,,,,,,,,,,,,,,,,,,,,
VFID5148,,,,,,,,,,,,,,,,,,,,,,,,,,,,
VFID5149,,,,,,,,,,,,,,,,,,,,,,,,,,,,
VFID5150,,,,,,,,,,,,,,,,,,,,,,,,,,,,
VFID5151,,,,,,,,,,,,,,,,,,,,,,,,,,,,
VFID5152,,,,,,,,,,,,,,,,,,,,,,,,,,,,
VFID5153,,,,,,,,,,,,,,,,,,,,,,,,,,,,
VFID5154,,,,,,,,,,,,,,,,,,,,,,,,,,,,
VFID5155,,,,,,,,,,,,,,,,,,,,,,,,,,,,
VFID5156,,,,,,,,,,,,,,,,,,,,,,,,,,,,
VFID5157,,,,,,,,,,,,,,,,,,,,,,,,,,,,
VFID5158,,,,,,,,,,,,,,,,,,,,,,,,,,,,
VFID5159,,,,,,,,,,,,,,,,,,,,,,,,,,,,
VFID5160,,,,,,,,,,,,,,,,,,,,,,,,,,,,
VFID5161,,,,,,,,,,,,,,,,,,,,,,,,,,,,
VFID5162,187.0162083333333,9.803611111111111,Boselli+2014,,38638657.330905646,-1.0,-1.0,,,59844194606.571236,-1.0,-1.0,Boselli+2014,7.204144159775266,,,,,,1.6891801331014316,-1.0,2.304232898624022,-1.0,0.0,,,,
VFID5163,,,,,,,,,,,,,,,,,,,,,,,,,,,,
VFID5164,,,,,,,,,,,,,,,,,,,,,,,,,,,,
VFID5165,,,,,,,,,,,,,,,,,,,,,,,,,,,,
VFID5166,,,,,,,,,,,,,,,,,,,,,,,,,,,,
VFID5167,,,,,,,,,,,,,,,,,,,,,,,,,,,,
VFID5168,,,,,,,,,,,,,,,,,,,,,,,,,,,,
VFID5169,,,,,,,,,,,,,,,,,,,,,,,,,,,,
VFID5170,,,,,,,,,,,,,,,,,,,,,,,,,,,,
VFID5171,,,,,,,,,,,,,,,,,,,,,,,,,,,,
VFID5172,,,,,,,,,,,,,,,,,,,,,,,,,,,,
VFID5173,,,,,,,,,,,,,,,,,,,,,,,,,,,,
VFID5174,,,,,,,,,,,,,,,,,,,,,,,,,,,,
VFID5175,,,,,,,,,,,,,,,,,,,,,,,,,,,,
VFID5176,193.46191666666664,9.709916666666668,Boselli+2014,,135043772.4982268,-1.0,-1.0,,,100109331.57684672,-1.0,-1.0,Boselli+2014,8.778785754138703,6.8338098457266545,6.8338098457266545,0.2247443629221615,-1.0,-1.0,0.7812275980167751,-1.0,0.0911385658699401,0.0049295627911833,0.0,8.130474561629613,0.9477684974526823,0.9477684974526823,8.866831203363267
VFID5177,,,,,,,,,,,,,,,,,,,,,,,,,,,,
VFID5178,,,,,,,,,,,,,,,,,,,,,,,,,,,,
VFID5179,,,,,,,,,,,,,,,,,,,,,,,,,,,,
VFID5180,,,,,,,,,,,,,,,,,,,,,,,,,,,,
VFID5181,,,,,,,,,,,,,,,,,,,,,,,,,,,,
VFID5182,,,,,,,,,,,,,,,,,,,,,,,,,,,,
VFID5183,,,,,,,,,,,,,,,,,,,,,,,,,,,,
VFID5184,,,,,,,,,,,,,,,,,,,,,,,,,,,,
VFID5185,,,,,,,,,,,,,,,,,,,,,,,,,,,,
VFID5186,,,,,,,,,,,,,,,,,,,,,,,,,,,,
VFID5187,,,,,,,,,,,,,,,,,,,,,,,,,,,,
VFID5188,,,,,,,,,,,,,,,,,,,,,,,,,,,,
VFID5189,,,,,,,,,,,,,,,,,,,,,,,,,,,,
VFID5190,,,,,,,,,,,,,,,,,,,,,,,,,,,,
VFID5191,,,,,,,,,,,,,,,,,,,,,,,,,,,,
VFID5192,,,,,,,,,,,,,,,,,,,,,,,,,,,,
VFID5193,,,,,,,,,,,,,,,,,,,,,,,,,,,,
VFID5194,183.8770833333333,9.584888888888887,Boselli+2014,,458858497.10982656,-1.0,-1.0,,,2146242439.7649615,-1.0,-1.0,Boselli+2014,8.651375215286436,6.8338098457266545,6.8338098457266545,1.0240085034310324,-1.0,-1.0,-0.0253766187035306,-1.0,0.0967308068946195,0.0066102660868074,0.0,8.66167877834992,0.9521923249772264,0.9521923249772264,8.957587548051734
VFID5195,,,,,,,,,,,,,,,,,,,,,,,,,,,,
VFID5196,,,,,,,,,,,,,,,,,,,,,,,,,,,,
VFID5197,,,,,,,,,,,,,,,,,,,,,,,,,,,,
VFID5198,,,,,,,,,,,,,,,,,,,,,,,,,,,,
VFID5199,,,,,,,,,,,,,,,,,,,,,,,,,,,,
VFID5200,,,,,,,,,,,,,,,,,,,,,,,,,,,,
VFID5201,,,,,,,,,,,,,,,,,,,,,,,,,,,,
VFID5202,,,,,,,,,,,,,,,,,,,,,,,,,,,,
VFID5203,,,,,,,,,,,,,,,,,,,,,,,,,,,,
VFID5204,,,,,,,,,,,,,,,,,,,,,,,,,,,,
VFID5205,,,,,,,,,,,,,,,,,,,,,,,,,,,,
VFID5206,,,,,,,,,,,,,,,,,,,,,,,,,,,,
VFID5207,,,,,,,,,,,,,,,,,,,,,,,,,,,,
VFID5208,,,,,,,,,,,,,,,,,,,,,,,,,,,,
VFID5209,,,,,,,,,,,,,,,,,,,,,,,,,,,,
VFID5210,,,,,,,,,,,,,,,,,,,,,,,,,,,,
VFID5211,,,,,,,,,,,,,,,,,,,,,,,,,,,,
VFID5212,,,,,,,,,,,,,,,,,,,,,,,,,,,,
VFID5213,,,,,,,,,,,,,,,,,,,,,,,,,,,,
VFID5214,,,,,,,,,,,,,,,,,,,,,,,,,,,,
VFID5215,,,,,,,,,,,,,,,,,,,,,,,,,,,,
VFID5216,,,,,,,,,,,,,,,,,,,,,,,,,,,,
VFID5217,,,,,,,,,,,,,,,,,,,,,,,,,,,,
VFID5218,,,,,,,,,,,,,,,,,,,,,,,,,,,,
VFID5219,,,,,,,,,,,,,,,,,,,,,,,,,,,,
VFID5220,,,,,,,,,,,,,,,,,,,,,,,,,,,,
VFID5221,,,,,,,,,,,,,,,,,,,,,,,,,,,,
VFID5222,,,,,,,,,,,,,,,,,,,,,,,,,,,,
VFID5223,,,,,,,,,,,,,,,,,,,,,,,,,,,,
VFID5224,,,,,,,,,,,,,,,,,,,,,,,,,,,,
VFID5225,,,,,,,,,,,,,,,,,,,,,,,,,,,,
VFID5226,,,,,,,,,,,,,,,,,,,,,,,,,,,,
VFID5227,,,,,,,,,,,,,,,,,,,,,,,,,,,,
VFID5228,,,,,,,,,,,,,,,,,,,,,,,,,,,,
VFID5229,,,,,,,,,,,,,,,,,,,,,,,,,,,,
VFID5230,,,,,,,,,,,,,,,,,,,,,,,,,,,,
VFID5231,,,,,,,,,,,,,,,,,,,,,,,,,,,,
VFID5232,,,,,,,,,,,,,,,,,,,,,,,,,,,,
VFID5233,,,,,,,,,,,,,,,,,,,,,,,,,,,,
VFID5234,,,,,,,,,,,,,,,,,,,,,,,,,,,,
VFID5235,,,,,,,,,,,,,,,,,,,,,,,,,,,,
VFID5236,185.676,9.332472222222222,Boselli+2014,,1315166737.5,-1.0,-1.0,,,4255796140.5983343,-1.0,-1.0,Boselli+2014,9.076371046589038,7.1755489210529175,7.1755489210529175,1.1030870086076847,-1.0,-1.0,-0.1424786567426519,-1.0,0.1579254560870637,0.0054571034375277,0.0,9.11898081638904,0.9730931143180923,0.9730931143180923,9.39922828721474
VFID5237,,,,,,,,,,,,,,,,,,,,,,,,,,,,
VFID5238,,,,,,,,,,,,,,,,,,,,,,,,,,,,
VFID5239,,,,,,,,,,,,,,,,,,,,,,,,,,,,
VFID5240,,,,,,,,,,,,,,,,,,,,,,,,,,,,
VFID5241,148.7068792,9.2716389,AMIGA,,100000000.0,12500000.0,12500000.0,,,181970085.86099836,86832518.37044185,86832518.37044185,AMIGA,9.271732640566562,8.774510248451973,8.654510248451974,0.0534893548073217,-1.0,-1.0,0.25560215964639,0.0542868102379064,-0.1535315874528429,0.1382171453835724,0.0,7.999999999999999,0.9682224112545242,0.968221226525253,9.294362792117898
VFID5242,,,,,,,,,,,,,,,,,,,,,,,,,,,,
VFID5243,,,,,,,,,,,,,,,,,,,,,,,,,,,,
VFID5244,187.1689583333333,9.258944444444444,Boselli+2014,,970834614.6496814,-1.0,-1.0,,,6414240689.980238,-1.0,-1.0,Boselli+2014,8.54968601505233,7.137760360163518,7.137760360163518,2.7381626203295557,-1.0,-1.0,-0.5371430928542065,-1.0,0.4361596395735052,0.01682126514414,0.0,8.987145252500596,0.9601374495249165,0.9601374495249165,9.122344205507545
VFID5245,,,,,,,,,,,,,,,,,,,,,,,,,,,,
VFID5246,,,,,,,,,,,,,,,,,,,,,,,,,,,,
VFID5247,,,,,,,,,,,,,,,,,,,,,,,,,,,,
VFID5248,,,,,,,,,,,,,,,,,,,,,,,,,,,,
VFID5249,,,,,,,,,,,,,,,,,,,,,,,,,,,,
VFID5250,,,,,,,,,,,,,,,,,,,,,,,,,,,,
VFID5251,,,,,,,,,,,,,,,,,,,,,,,,,,,,
VFID5252,,,,,,,,,,,,,,,,,,,,,,,,,,,,
VFID5253,,,,,,,,,,,,,,,,,,,,,,,,,,,,
VFID5254,,,,,,,,,,,,,,,,,,,,,,,,,,,,
VFID5255,,,,,,,,,,,,,,,,,,,,,,,,,,,,
VFID5256,,,,,,,,,,,,,,,,,,,,,,,,,,,,
VFID5257,188.41525,9.174861111111111,Boselli+2014,,927950100.0,241653671.875,241653671.875,,,5591452281.53659,2958151816.9033947,2958151816.9033947,Boselli+2014,8.689329001394455,6.8338098457266545,6.8338098457266545,1.8975604567051985,0.494864555120992,0.494864555120992,-0.3636224632563998,0.1130975213289718,0.5739770207866002,0.0060571057448152,0.0,8.967524622902788,0.9575256726896954,0.9575256726896954,9.151361507545031
VFID5258,,,,,,,,,,,,,,,,,,,,,,,,,,,,
VFID5259,,,,,,,,,,,,,,,,,,,,,,,,,,,,
VFID5260,,,,,,,,,,,,,,,,,,,,,,,,,,,,
VFID5261,,,,,,,,,,,,,,,,,,,,,,,,,,,,
VFID5262,,,,,,,,,,,,,,,,,,,,,,,,,,,,
VFID5263,,,,,,,,,,,,,,,,,,,,,,,,,,,,
VFID5264,,,,,,,,,,,,,,,,,,,,,,,,,,,,
VFID5265,,,,,,,,,,,,,,,,,,,,,,,,,,,,
VFID5266,,,,,,,,,,,,,,,,,,,,,,,,,,,,
VFID5267,,,,,,,,,,,,,,,,,,,,,,,,,,,,
VFID5268,,,,,,,,,,,,,,,,,,,,,,,,,,,,
VFID5269,,,,,,,,,,,,,,,,,,,,,,,,,,,,
VFID5270,,,,,,,,,,,,,,,,,,,,,,,,,,,,
VFID5271,,,,,,,,,,,,,,,,,,,,,,,,,,,,
VFID5272,,,,,,,,,,,,,,,,,,,,,,,,,,,,
VFID5273,,,,,,,,,,,,,,,,,,,,,,,,,,,,
VFID5274,,,,,,,,,,,,,,,,,,,,,,,,,,,,
VFID5275,,,,,,,,,,,,,,,,,,,,,,,,,,,,
VFID5276,185.5234583333333,9.043555555555557,Boselli+2014,,1179775800.0,379349131.83279747,379349131.83279747,,,7976263331.594555,4479977404.451253,4479977404.451253,Boselli+2014,8.216941606211142,7.096367675005292,7.096367675005292,7.159090909090909,2.364986732900879,2.364986732900879,-0.1276973238681655,0.1396445279431678,1.3906451887920408,0.0329010971138827,0.0,9.071799483514555,0.9637196085872317,0.9637196085872317,9.128583378303274
VFID5277,,,,,,,,,,,,,,,,,,,,,,,,,,,,
VFID5278,,,,,,,,,,,,,,,,,,,,,,,,,,,,
VFID5279,,,,,,,,,,,,,,,,,,,,,,,,,,,,
VFID5280,,,,,,,,,,,,,,,,,,,,,,,,,,,,
VFID5281,,,,,,,,,,,,,,,,,,,,,,,,,,,,
VFID5282,,,,,,,,,,,,,,,,,,,,,,,,,,,,
VFID5283,,,,,,,,,,,,,,,,,,,,,,,,,,,,
VFID5284,,,,,,,,,,,,,,,,,,,,,,,,,,,,
VFID5285,,,,,,,,,,,,,,,,,,,,,,,,,,,,
VFID5286,,,,,,,,,,,,,,,,,,,,,,,,,,,,
VFID5287,,,,,,,,,,,,,,,,,,,,,,,,,,,,
VFID5288,,,,,,,,,,,,,,,,,,,,,,,,,,,,
VFID5289,,,,,,,,,,,,,,,,,,,,,,,,,,,,
VFID5290,,,,,,,,,,,,,,,,,,,,,,,,,,,,
VFID5291,,,,,,,,,,,,,,,,,,,,,,,,,,,,
VFID5292,204.38341666666668,8.885166666666667,Literature,4.3,4064802255.418747,488614374.2080679,488614374.2080679,-1000.0,-1000.0,2685588217.601665,1278197386.415471,1278197386.415471,Popping_Braun2011,8.927512013042056,6.876359490594675,6.876359490594675,4.8031639372131005,0.5789464396567887,0.5789464396567887,-0.5677372632309652,0.0522048830823908,0.4479077786565053,0.0038603953946955,0.0,9.609039422877354,0.9849137963728859,0.9849137963728859,9.691176852436739
VFID5293,186.69679166666663,8.884611111111111,Boselli+2014,,288054421.0526316,-1.0,-1.0,,,1378715141.4236522,-1.0,-1.0,Boselli+2014,9.419206947691613,7.050610184444617,7.050610184444617,0.1097154016839288,-1.0,-1.0,-0.1552723855090327,-1.0,-0.3375104450155106,0.0018586069125674,0.0,8.45947454515542,0.9760939405787346,0.9760939405787346,9.464418561319645
VFID5294,,,,,,,,,,,,,,,,,,,,,,,,,,,,
VFID5295,,,,,,,,,,,,,,,,,,,,,,,,,,,,
VFID5296,,,,,,,,,,,,,,,,,,,,,,,,,,,,
VFID5297,,,,,,,,,,,,,,,,,,,,,,,,,,,,
VFID5298,,,,,,,,,,,,,,,,,,,,,,,,,,,,
VFID5299,,,,,,,,,,,,,,,,,,,,,,,,,,,,
VFID5300,,,,,,,,,,,,,,,,,,,,,,,,,,,,
VFID5301,,,,,,,,,,,,,,,,,,,,,,,,,,,,
VFID5302,,,,,,,,,,,,,,,,,,,,,,,,,,,,
VFID5303,,,,,,,,,,,,,,,,,,,,,,,,,,,,
VFID5304,,,,,,,,,,,,,,,,,,,,,,,,,,,,
VFID5305,,,,,,,,,,,,,,,,,,,,,,,,,,,,
VFID5306,,,,,,,,,,,,,,,,,,,,,,,,,,,,
VFID5307,,,,,,,,,,,,,,,,,,,,,,,,,,,,
VFID5308,,,,,,,,,,,,,,,,,,,,,,,,,,,,
VFID5309,,,,,,,,,,,,,,,,,,,,,,,,,,,,
VFID5310,,,,,,,,,,,,,,,,,,,,,,,,,,,,
VFID5311,,,,,,,,,,,,,,,,,,,,,,,,,,,,
VFID5312,,,,,,,,,,,,,,,,,,,,,,,,,,,,
VFID5313,,,,,,,,,,,,,,,,,,,,,,,,,,,,
VFID5314,,,,,,,,,,,,,,,,,,,,,,,,,,,,
VFID5315,,,,,,,,,,,,,,,,,,,,,,,,,,,,
VFID5316,,,,,,,,,,,,,,,,,,,,,,,,,,,,
VFID5317,,,,,,,,,,,,,,,,,,,,,,,,,,,,
VFID5318,,,,,,,,,,,,,,,,,,,,,,,,,,,,
VFID5319,,,,,,,,,,,,,,,,,,,,,,,,,,,,
VFID5320,,,,,,,,,,,,,,,,,,,,,,,,,,,,
VFID5321,,,,,,,,,,,,,,,,,,,,,,,,,,,,
VFID5322,,,,,,,,,,,,,,,,,,,,,,,,,,,,
VFID5323,,,,,,,,,,,,,,,,,,,,,,,,,,,,
VFID5324,188.37604166666665,8.65475,Boselli+2014,,218514345.0,71644047.54098362,71644047.54098362,,,315849324.7414965,178552366.28681594,178552366.28681594,Boselli+2014,9.505167849170146,6.87520253088488,6.87520253088488,0.0682829229702197,0.0223884159258029,0.0223884159258029,-0.0190777931009975,0.1423916334109022,-0.4896618269890904,0.0010181669439334,0.0,8.339479952747388,0.9275058981931095,0.9275058981931095,9.533854135207909
VFID5325,,,,,,,,,,,,,,,,,,,,,,,,,,,,
VFID5326,,,,,,,,,,,,,,,,,,,,,,,,,,,,
VFID5327,,,,,,,,,,,,,,,,,,,,,,,,,,,,
VFID5328,,,,,,,,,,,,,,,,,,,,,,,,,,,,
VFID5329,,,,,,,,,,,,,,,,,,,,,,,,,,,,
VFID5330,,,,,,,,,,,,,,,,,,,,,,,,,,,,
VFID5331,,,,,,,,,,,,,,,,,,,,,,,,,,,,
VFID5332,,,,,,,,,,,,,,,,,,,,,,,,,,,,
VFID5333,,,,,,,,,,,,,,,,,,,,,,,,,,,,
VFID5334,,,,,,,,,,,,,,,,,,,,,,,,,,,,
VFID5335,,,,,,,,,,,,,,,,,,,,,,,,,,,,
VFID5336,,,,,,,,,,,,,,,,,,,,,,,,,,,,
VFID5337,,,,,,,,,,,,,,,,,,,,,,,,,,,,
VFID5338,,,,,,,,,,,,,,,,,,,,,,,,,,,,
VFID5339,,,,,,,,,,,,,,,,,,,,,,,,,,,,
VFID5340,,,,,,,,,,,,,,,,,,,,,,,,,,,,
VFID5341,,,,,,,,,,,,,,,,,,,,,,,,,,,,
VFID5342,,,,,,,,,,,,,,,,,,,,,,,,,,,,
VFID5343,,,,,,,,,,,,,,,,,,,,,,,,,,,,
VFID5344,192.0955,8.487305555555555,Boselli+2014,,52129561.47520607,-1.0,-1.0,,,352439090.2803654,-1.0,-1.0,Boselli+2014,9.311798821977543,7.0379298283825795,7.0379298283825795,0.0254264219372751,-1.0,-1.0,1.559118088080183,-1.0,0.0501377133738962,0.0023116140087997,0.0,7.717084071566204,0.9695418641605775,0.9695418641605775,9.322703325596574
VFID5345,,,,,,,,,,,,,,,,,,,,,,,,,,,,
VFID5346,,,,,,,,,,,,,,,,,,,,,,,,,,,,
VFID5347,,,,,,,,,,,,,,,,,,,,,,,,,,,,
VFID5348,,,,,,,,,,,,,,,,,,,,,,,,,,,,
VFID5349,,,,,,,,,,,,,,,,,,,,,,,,,,,,
VFID5350,,,,,,,,,,,,,,,,,,,,,,,,,,,,
VFID5351,,,,,,,,,,,,,,,,,,,,,,,,,,,,
VFID5352,,,,,,,,,,,,,,,,,,,,,,,,,,,,
VFID5353,,,,,,,,,,,,,,,,,,,,,,,,,,,,
VFID5354,,,,,,,,,,,,,,,,,,,,,,,,,,,,
VFID5355,,,,,,,,,,,,,,,,,,,,,,,,,,,,
VFID5356,,,,,,,,,,,,,,,,,,,,,,,,,,,,
VFID5357,,,,,,,,,,,,,,,,,,,,,,,,,,,,
VFID5358,,,,,,,,,,,,,,,,,,,,,,,,,,,,
VFID5359,,,,,,,,,,,,,,,,,,,,,,,,,,,,
VFID5360,,,,,,,,,,,,,,,,,,,,,,,,,,,,
VFID5361,,,,,,,,,,,,,,,,,,,,,,,,,,,,
VFID5362,,,,,,,,,,,,,,,,,,,,,,,,,,,,
VFID5363,,,,,,,,,,,,,,,,,,,,,,,,,,,,
VFID5364,,,,,,,,,,,,,,,,,,,,,,,,,,,,
VFID5365,,,,,,,,,,,,,,,,,,,,,,,,,,,,
VFID5366,,,,,,,,,,,,,,,,,,,,,,,,,,,,
VFID5367,,,,,,,,,,,,,,,,,,,,,,,,,,,,
VFID5368,,,,,,,,,,,,,,,,,,,,,,,,,,,,
VFID5369,,,,,,,,,,,,,,,,,,,,,,,,,,,,
VFID5370,,,,,,,,,,,,,,,,,,,,,,,,,,,,
VFID5371,,,,,,,,,,,,,,,,,,,,,,,,,,,,
VFID5372,,,,,,,,,,,,,,,,,,,,,,,,,,,,
VFID5373,,,,,,,,,,,,,,,,,,,,,,,,,,,,
VFID5374,,,,,,,,,,,,,,,,,,,,,,,,,,,,
VFID5375,,,,,,,,,,,,,,,,,,,,,,,,,,,,
VFID5376,,,,,,,,,,,,,,,,,,,,,,,,,,,,
VFID5377,,,,,,,,,,,,,,,,,,,,,,,,,,,,
VFID5378,,,,,,,,,,,,,,,,,,,,,,,,,,,,
VFID5379,188.584625,8.197750000000001,Boselli+2014,,4178506500.0,502300785.0,502300785.0,,,2046543980.2933784,974048546.0037514,974048546.0037514,Boselli+2014,9.689086649556746,6.9477531980334915,6.9477531980334915,0.8549376292000359,0.1027842699958626,0.1027842699958626,-0.344818922437021,0.0522068014447678,0.2979176704518984,0.0007878632800365,0.0,9.62102108208341,0.9854413563220749,0.9854413563220749,9.957415960947355
VFID5380,,,,,,,,,,,,,,,,,,,,,,,,,,,,
VFID5381,,,,,,,,,,,,,,,,,,,,,,,,,,,,
VFID5382,,,,,,,,,,,,,,,,,,,,,,,,,,,,
VFID5383,,,,,,,,,,,,,,,,,,,,,,,,,,,,
VFID5384,,,,,,,,,,,,,,,,,,,,,,,,,,,,
VFID5385,,,,,,,,,,,,,,,,,,,,,,,,,,,,
VFID5386,,,,,,,,,,,,,,,,,,,,,,,,,,,,
VFID5387,,,,,,,,,,,,,,,,,,,,,,,,,,,,
VFID5388,,,,,,,,,,,,,,,,,,,,,,,,,,,,
VFID5389,,,,,,,,,,,,,,,,,,,,,,,,,,,,
VFID5390,,,,,,,,,,,,,,,,,,,,,,,,,,,,
VFID5391,,,,,,,,,,,,,,,,,,,,,,,,,,,,
VFID5392,,,,,,,,,,,,,,,,,,,,,,,,,,,,
VFID5393,,,,,,,,,,,,,,,,,,,,,,,,,,,,
VFID5394,,,,,,,,,,,,,,,,,,,,,,,,,,,,
VFID5395,,,,,,,,,,,,,,,,,,,,,,,,,,,,
VFID5396,,,,,,,,,,,,,,,,,,,,,,,,,,,,
VFID5397,,,,,,,,,,,,,,,,,,,,,,,,,,,,
VFID5398,187.74891666666664,8.077944444444444,Boselli+2014,,528268795.62043786,-1.0,-1.0,,,14888637566.96272,-1.0,-1.0,Boselli+2014,7.619139680737422,6.678907885740911,6.678907885740911,12.697413920736292,-1.0,-1.0,0.140247201600177,-1.0,1.440716854614018,0.0498370716938157,0.0,8.722854958046211,0.9434671746283858,0.9434671746283858,8.755778260596736
VFID5399,,,,,,,,,,,,,,,,,,,,,,,,,,,,
VFID5400,,,,,,,,,,,,,,,,,,,,,,,,,,,,
VFID5401,,,,,,,,,,,,,,,,,,,,,,,,,,,,
VFID5402,,,,,,,,,,,,,,,,,,,,,,,,,,,,
VFID5403,,,,,,,,,,,,,,,,,,,,,,,,,,,,
VFID5404,,,,,,,,,,,,,,,,,,,,,,,,,,,,
VFID5405,,,,,,,,,,,,,,,,,,,,,,,,,,,,
VFID5406,,,,,,,,,,,,,,,,,,,,,,,,,,,,
VFID5407,,,,,,,,,,,,,,,,,,,,,,,,,,,,
VFID5408,,,,,,,,,,,,,,,,,,,,,,,,,,,,
VFID5409,,,,,,,,,,,,,,,,,,,,,,,,,,,,
VFID5410,,,,,,,,,,,,,,,,,,,,,,,,,,,,
VFID5411,,,,,,,,,,,,,,,,,,,,,,,,,,,,
VFID5412,,,,,,,,,,,,,,,,,,,,,,,,,,,,
VFID5413,,,,,,,,,,,,,,,,,,,,,,,,,,,,
VFID5414,,,,,,,,,,,,,,,,,,,,,,,,,,,,
VFID5415,,,,,,,,,,,,,,,,,,,,,,,,,,,,
VFID5416,187.44483333333332,8.000472222222223,Boselli+2014,,32724420.563764796,-1.0,-1.0,,,32724420.563764796,-1.0,-1.0,Boselli+2014,7.429702969517754,,,,,,2.5389301942077793,-1.0,2.510717620823547,-1.0,0.0,,,,
VFID5417,,,,,,,,,,,,,,,,,,,,,,,,,,,,
VFID5418,,,,,,,,,,,,,,,,,,,,,,,,,,,,
VFID5419,257.8781125,7.9945389,AMIGA,,724435960.0749891,90554495.00937364,90554495.00937364,,,1258925411.7941656,600734254.915591,600734254.915591,AMIGA,9.291732640566561,8.794510248451973,8.674510248451973,0.3700559227017688,-1.0,-1.0,-0.3775978403536104,0.0542868102379064,0.011217169602455,0.1382171453835724,0.0,8.86,0.9745419151308601,0.9744993330907089,9.42847093504057
VFID5420,,,,,,,,,,,,,,,,,,,,,,,,,,,,
VFID5421,,,,,,,,,,,,,,,,,,,,,,,,,,,,
VFID5422,,,,,,,,,,,,,,,,,,,,,,,,,,,,
VFID5423,,,,,,,,,,,,,,,,,,,,,,,,,,,,
VFID5424,,,,,,,,,,,,,,,,,,,,,,,,,,,,
VFID5425,,,,,,,,,,,,,,,,,,,,,,,,,,,,
VFID5426,,,,,,,,,,,,,,,,,,,,,,,,,,,,
VFID5427,,,,,,,,,,,,,,,,,,,,,,,,,,,,
VFID5428,,,,,,,,,,,,,,,,,,,,,,,,,,,,
VFID5429,186.69466666666665,7.919,Boselli+2014,,217907445.0,39262602.7027027,39262602.7027027,,,256018924.33362,126604094.72456124,126604094.72456124,Boselli+2014,8.459122296688328,6.736899832718598,6.736899832718598,0.7570939432886177,0.1371662813690773,0.1371662813690773,0.6625300910927336,0.0782512580005859,0.3211837254927268,0.008233070746981,0.0,8.338272068553655,0.9248450375377465,0.9248450375377465,8.703917278423335
VFID5430,,,,,,,,,,,,,,,,,,,,,,,,,,,,
VFID5431,,,,,,,,,,,,,,,,,,,,,,,,,,,,
VFID5432,,,,,,,,,,,,,,,,,,,,,,,,,,,,
VFID5433,,,,,,,,,,,,,,,,,,,,,,,,,,,,
VFID5434,,,,,,,,,,,,,,,,,,,,,,,,,,,,
VFID5435,,,,,,,,,,,,,,,,,,,,,,,,,,,,
VFID5436,,,,,,,,,,,,,,,,,,,,,,,,,,,,
VFID5437,,,,,,,,,,,,,,,,,,,,,,,,,,,,
VFID5438,,,,,,,,,,,,,,,,,,,,,,,,,,,,
VFID5439,,,,,,,,,,,,,,,,,,,,,,,,,,,,
VFID5440,,,,,,,,,,,,,,,,,,,,,,,,,,,,
VFID5441,,,,,,,,,,,,,,,,,,,,,,,,,,,,
VFID5442,,,,,,,,,,,,,,,,,,,,,,,,,,,,
VFID5443,,,,,,,,,,,,,,,,,,,,,,,,,,,,
VFID5444,,,,,,,,,,,,,,,,,,,,,,,,,,,,
VFID5445,,,,,,,,,,,,,,,,,,,,,,,,,,,,
VFID5446,,,,,,,,,,,,,,,,,,,,,,,,,,,,
VFID5447,,,,,,,,,,,,,,,,,,,,,,,,,,,,
VFID5448,,,,,,,,,,,,,,,,,,,,,,,,,,,,
VFID5449,,,,,,,,,,,,,,,,,,,,,,,,,,,,
VFID5450,187.40741666666665,7.824194444444444,Boselli+2014,,482881304.3478261,-1.0,-1.0,,,2012984316.328297,-1.0,-1.0,Boselli+2014,8.69713270584711,6.736899832718598,6.736899832718598,0.969856956824583,-1.0,-1.0,-0.339138231556916,-1.0,0.1066638295043294,0.0047593915825013,0.0,8.683840391203304,0.9538360053388135,0.9538360053388135,8.991567396416185
VFID5451,,,,,,,,,,,,,,,,,,,,,,,,,,,,
VFID5452,,,,,,,,,,,,,,,,,,,,,,,,,,,,
VFID5453,,,,,,,,,,,,,,,,,,,,,,,,,,,,
VFID5454,,,,,,,,,,,,,,,,,,,,,,,,,,,,
VFID5455,,,,,,,,,,,,,,,,,,,,,,,,,,,,
VFID5456,,,,,,,,,,,,,,,,,,,,,,,,,,,,
VFID5457,,,,,,,,,,,,,,,,,,,,,,,,,,,,
VFID5458,,,,,,,,,,,,,,,,,,,,,,,,,,,,
VFID5459,,,,,,,,,,,,,,,,,,,,,,,,,,,,
VFID5460,,,,,,,,,,,,,,,,,,,,,,,,,,,,
VFID5461,,,,,,,,,,,,,,,,,,,,,,,,,,,,
VFID5462,,,,,,,,,,,,,,,,,,,,,,,,,,,,
VFID5463,,,,,,,,,,,,,,,,,,,,,,,,,,,,
VFID5464,,,,,,,,,,,,,,,,,,,,,,,,,,,,
VFID5465,,,,,,,,,,,,,,,,,,,,,,,,,,,,
VFID5466,,,,,,,,,,,,,,,,,,,,,,,,,,,,
VFID5467,,,,,,,,,,,,,,,,,,,,,,,,,,,,
VFID5468,,,,,,,,,,,,,,,,,,,,,,,,,,,,
VFID5469,,,,,,,,,,,,,,,,,,,,,,,,,,,,
VFID5470,,,,,,,,,,,,,,,,,,,,,,,,,,,,
VFID5471,,,,,,,,,,,,,,,,,,,,,,,,,,,,
VFID5472,,,,,,,,,,,,,,,,,,,,,,,,,,,,
VFID5473,,,,,,,,,,,,,,,,,,,,,,,,,,,,
VFID5474,188.51262499999996,7.699138888888889,Boselli+2014,,2798112450.0,235135500.0,235135500.0,,,8450164507.2558,3955702184.737949,3955702184.737949,Boselli+2014,7.134839841390636,6.435869837054617,6.435869837054617,205.1281779661017,44.49988502833646,44.49988502833646,0.1776369957975259,0.0364953346137186,2.508320748950666,0.0868588963806503,0.0,9.446865163848862,0.9804195382372183,0.9804195382372183,9.448977205798226
VFID5475,,,,,,,,,,,,,,,,,,,,,,,,,,,,
VFID5476,,,,,,,,,,,,,,,,,,,,,,,,,,,,
VFID5477,,,,,,,,,,,,,,,,,,,,,,,,,,,,
VFID5478,,,,,,,,,,,,,,,,,,,,,,,,,,,,
VFID5479,,,,,,,,,,,,,,,,,,,,,,,,,,,,
VFID5480,,,,,,,,,,,,,,,,,,,,,,,,,,,,
VFID5481,,,,,,,,,,,,,,,,,,,,,,,,,,,,
VFID5482,,,,,,,,,,,,,,,,,,,,,,,,,,,,
VFID5483,,,,,,,,,,,,,,,,,,,,,,,,,,,,
VFID5484,,,,,,,,,,,,,,,,,,,,,,,,,,,,
VFID5485,,,,,,,,,,,,,,,,,,,,,,,,,,,,
VFID5486,,,,,,,,,,,,,,,,,,,,,,,,,,,,
VFID5487,,,,,,,,,,,,,,,,,,,,,,,,,,,,
VFID5488,,,,,,,,,,,,,,,,,,,,,,,,,,,,
VFID5489,,,,,,,,,,,,,,,,,,,,,,,,,,,,
VFID5490,,,,,,,,,,,,,,,,,,,,,,,,,,,,
VFID5491,,,,,,,,,,,,,,,,,,,,,,,,,,,,
VFID5492,,,,,,,,,,,,,,,,,,,,,,,,,,,,
VFID5493,,,,,,,,,,,,,,,,,,,,,,,,,,,,
VFID5494,,,,,,,,,,,,,,,,,,,,,,,,,,,,
VFID5495,,,,,,,,,,,,,,,,,,,,,,,,,,,,
VFID5496,,,,,,,,,,,,,,,,,,,,,,,,,,,,
VFID5497,,,,,,,,,,,,,,,,,,,,,,,,,,,,
VFID5498,,,,,,,,,,,,,,,,,,,,,,,,,,,,
VFID5499,,,,,,,,,,,,,,,,,,,,,,,,,,,,
VFID5500,,,,,,,,,,,,,,,,,,,,,,,,,,,,
VFID5501,,,,,,,,,,,,,,,,,,,,,,,,,,,,
VFID5502,,,,,,,,,,,,,,,,,,,,,,,,,,,,
VFID5503,,,,,,,,,,,,,,,,,,,,,,,,,,,,
VFID5504,,,,,,,,,,,,,,,,,,,,,,,,,,,,
VFID5505,,,,,,,,,,,,,,,,,,,,,,,,,,,,
VFID5506,,,,,,,,,,,,,,,,,,,,,,,,,,,,
VFID5507,,,,,,,,,,,,,,,,,,,,,,,,,,,,
VFID5508,186.228875,7.444555555555556,Boselli+2014,,55031273.94864611,-1.0,-1.0,,,2140964995.2571008,-1.0,-1.0,Boselli+2014,7.947626023724368,7.415681979095805,7.415681979095805,0.6208455075725617,-1.0,-1.0,0.7903925930016289,-1.0,1.1302596309014683,0.1275969421479131,0.0,7.7406095666447605,0.9117841565474712,0.9117841565474712,8.15736764535496
VFID5509,,,,,,,,,,,,,,,,,,,,,,,,,,,,
VFID5510,262.0372292,7.4224278,AMIGA,,229086765.276777,-1.0,-1.0,,,724435960.0749891,-1.0,-1.0,AMIGA,9.551732640566561,9.054510248451972,8.934510248451973,0.0643083489154748,-1.0,-1.0,0.3087021596463906,-1.0,-0.2331243087854844,0.1382171453835724,0.0,8.36,0.9813149844954957,0.9813133399453442,9.578800109533072
VFID5511,,,,,,,,,,,,,,,,,,,,,,,,,,,,
VFID5512,,,,,,,,,,,,,,,,,,,,,,,,,,,,
VFID5513,,,,,,,,,,,,,,,,,,,,,,,,,,,,
VFID5514,,,,,,,,,,,,,,,,,,,,,,,,,,,,
VFID5515,,,,,,,,,,,,,,,,,,,,,,,,,,,,
VFID5516,,,,,,,,,,,,,,,,,,,,,,,,,,,,
VFID5517,,,,,,,,,,,,,,,,,,,,,,,,,,,,
VFID5518,,,,,,,,,,,,,,,,,,,,,,,,,,,,
VFID5519,186.117625,7.317527777777777,Boselli+2014,,103966847.8207866,-1.0,-1.0,,,1891885622.4645889,-1.0,-1.0,Boselli+2014,7.692260798796392,,,,,,1.8020072828840004,-1.0,1.947836259602896,-1.0,0.0,,,,
VFID5520,190.3865,7.314777777777778,Boselli+2014,,13958998.50970772,-1.0,-1.0,,,1058898323.9330068,-1.0,-1.0,Boselli+2014,6.941586330496628,,,,,,1.8154478987596567,-1.0,1.932614259844673,-1.0,0.0,,,,
VFID5521,,,,,,,,,,,,,,,,,,,,,,,,,,,,
VFID5522,,,,,,,,,,,,,,,,,,,,,,,,,,,,
VFID5523,,,,,,,,,,,,,,,,,,,,,,,,,,,,
VFID5524,217.66395833333337,7.275083333333333,Literature,4.3,193866545.80014372,-1.0,-1.0,-1000.0,-1000.0,509920970.1174381,-1.0,-1.0,Popping_Braun2011,9.103763272584908,7.231606999836615,7.231606999836615,0.1526650413858077,-1.0,-1.0,0.2839992872768331,-1.0,-0.1087202394916673,0.0058294561329295,0.0,8.287502872369556,0.9621546068780907,0.9621546068780907,9.165466394439639
VFID5525,,,,,,,,,,,,,,,,,,,,,,,,,,,,
VFID5526,,,,,,,,,,,,,,,,,,,,,,,,,,,,
VFID5527,,,,,,,,,,,,,,,,,,,,,,,,,,,,
VFID5528,,,,,,,,,,,,,,,,,,,,,,,,,,,,
VFID5529,189.22249999999997,7.246666666666667,Boselli+2014,,19871790.85135615,-1.0,-1.0,,,396494354.1665428,-1.0,-1.0,Boselli+2014,6.873400468750467,,,,,,1.9212651520325472,-1.0,2.3194201215908334,-1.0,0.0,,,,
VFID5530,,,,,,,,,,,,,,,,,,,,,,,,,,,,
VFID5531,,,,,,,,,,,,,,,,,,,,,,,,,,,,
VFID5532,,,,,,,,,,,,,,,,,,,,,,,,,,,,
VFID5533,,,,,,,,,,,,,,,,,,,,,,,,,,,,
VFID5534,,,,,,,,,,,,,,,,,,,,,,,,,,,,
VFID5535,,,,,,,,,,,,,,,,,,,,,,,,,,,,
VFID5536,,,,,,,,,,,,,,,,,,,,,,,,,,,,
VFID5537,,,,,,,,,,,,,,,,,,,,,,,,,,,,
VFID5538,,,,,,,,,,,,,,,,,,,,,,,,,,,,
VFID5539,,,,,,,,,,,,,,,,,,,,,,,,,,,,
VFID5540,,,,,,,,,,,,,,,,,,,,,,,,,,,,
VFID5541,,,,,,,,,,,,,,,,,,,,,,,,,,,,
VFID5542,,,,,,,,,,,,,,,,,,,,,,,,,,,,
VFID5543,,,,,,,,,,,,,,,,,,,,,,,,,,,,
VFID5544,,,,,,,,,,,,,,,,,,,,,,,,,,,,
VFID5545,,,,,,,,,,,,,,,,,,,,,,,,,,,,
VFID5546,188.66424999999995,7.16,Boselli+2014,,690247600.0,-1.0,-1.0,,,5116876149.133792,-1.0,-1.0,Boselli+2014,7.9768246459807495,6.611961096110298,6.611961096110298,7.280819412266797,-1.0,-1.0,-0.5753027456199007,-1.0,0.7250813762003068,0.0187465243987015,0.0,8.83900490526629,0.9492640786410996,0.9492640786410996,8.894897959651894
VFID5547,,,,,,,,,,,,,,,,,,,,,,,,,,,,
VFID5548,,,,,,,,,,,,,,,,,,,,,,,,,,,,
VFID5549,,,,,,,,,,,,,,,,,,,,,,,,,,,,
VFID5550,,,,,,,,,,,,,,,,,,,,,,,,,,,,
VFID5551,,,,,,,,,,,,,,,,,,,,,,,,,,,,
VFID5552,,,,,,,,,,,,,,,,,,,,,,,,,,,,
VFID5553,,,,,,,,,,,,,,,,,,,,,,,,,,,,
VFID5554,,,,,,,,,,,,,,,,,,,,,,,,,,,,
VFID5555,,,,,,,,,,,,,,,,,,,,,,,,,,,,
VFID5556,,,,,,,,,,,,,,,,,,,,,,,,,,,,
VFID5557,,,,,,,,,,,,,,,,,,,,,,,,,,,,
VFID5558,,,,,,,,,,,,,,,,,,,,,,,,,,,,
VFID5559,,,,,,,,,,,,,,,,,,,,,,,,,,,,
VFID5560,,,,,,,,,,,,,,,,,,,,,,,,,,,,
VFID5561,,,,,,,,,,,,,,,,,,,,,,,,,,,,
VFID5562,,,,,,,,,,,,,,,,,,,,,,,,,,,,
VFID5563,,,,,,,,,,,,,,,,,,,,,,,,,,,,
VFID5564,,,,,,,,,,,,,,,,,,,,,,,,,,,,
VFID5565,,,,,,,,,,,,,,,,,,,,,,,,,,,,
VFID5566,,,,,,,,,,,,,,,,,,,,,,,,,,,,
VFID5567,,,,,,,,,,,,,,,,,,,,,,,,,,,,
VFID5568,,,,,,,,,,,,,,,,,,,,,,,,,,,,
VFID5569,,,,,,,,,,,,,,,,,,,,,,,,,,,,
VFID5570,,,,,,,,,,,,,,,,,,,,,,,,,,,,
VFID5571,,,,,,,,,,,,,,,,,,,,,,,,,,,,
VFID5572,,,,,,,,,,,,,,,,,,,,,,,,,,,,
VFID5573,,,,,,,,,,,,,,,,,,,,,,,,,,,,
VFID5574,,,,,,,,,,,,,,,,,,,,,,,,,,,,
VFID5575,,,,,,,,,,,,,,,,,,,,,,,,,,,,
VFID5576,,,,,,,,,,,,,,,,,,,,,,,,,,,,
VFID5577,,,,,,,,,,,,,,,,,,,,,,,,,,,,
VFID5578,,,,,,,,,,,,,,,,,,,,,,,,,,,,
VFID5579,,,,,,,,,,,,,,,,,,,,,,,,,,,,
VFID5580,,,,,,,,,,,,,,,,,,,,,,,,,,,,
VFID5581,,,,,,,,,,,,,,,,,,,,,,,,,,,,
VFID5582,185.91124999999997,6.954083333333333,Boselli+2014,,184959790.7131596,-1.0,-1.0,,,671548410.2281905,-1.0,-1.0,Boselli+2014,8.835940019455384,7.096367675005292,7.096367675005292,0.2698592480401474,-1.0,-1.0,0.7985248343212401,-1.0,0.4591667755477981,0.0079106463006056,0.0,8.267077325325149,0.9513229321476422,0.9513229321476422,8.939695605618367
VFID5583,,,,,,,,,,,,,,,,,,,,,,,,,,,,
VFID5584,,,,,,,,,,,,,,,,,,,,,,,,,,,,
VFID5585,,,,,,,,,,,,,,,,,,,,,,,,,,,,
VFID5586,,,,,,,,,,,,,,,,,,,,,,,,,,,,
VFID5587,,,,,,,,,,,,,,,,,,,,,,,,,,,,
VFID5588,,,,,,,,,,,,,,,,,,,,,,,,,,,,
VFID5589,,,,,,,,,,,,,,,,,,,,,,,,,,,,
VFID5590,,,,,,,,,,,,,,,,,,,,,,,,,,,,
VFID5591,,,,,,,,,,,,,,,,,,,,,,,,,,,,
VFID5592,,,,,,,,,,,,,,,,,,,,,,,,,,,,
VFID5593,,,,,,,,,,,,,,,,,,,,,,,,,,,,
VFID5594,,,,,,,,,,,,,,,,,,,,,,,,,,,,
VFID5595,,,,,,,,,,,,,,,,,,,,,,,,,,,,
VFID5596,,,,,,,,,,,,,,,,,,,,,,,,,,,,
VFID5597,,,,,,,,,,,,,,,,,,,,,,,,,,,,
VFID5598,,,,,,,,,,,,,,,,,,,,,,,,,,,,
VFID5599,,,,,,,,,,,,,,,,,,,,,,,,,,,,
VFID5600,,,,,,,,,,,,,,,,,,,,,,,,,,,,
VFID5601,,,,,,,,,,,,,,,,,,,,,,,,,,,,
VFID5602,,,,,,,,,,,,,,,,,,,,,,,,,,,,
VFID5603,,,,,,,,,,,,,,,,,,,,,,,,,,,,
VFID5604,,,,,,,,,,,,,,,,,,,,,,,,,,,,
VFID5605,,,,,,,,,,,,,,,,,,,,,,,,,,,,
VFID5606,,,,,,,,,,,,,,,,,,,,,,,,,,,,
VFID5607,,,,,,,,,,,,,,,,,,,,,,,,,,,,
VFID5608,,,,,,,,,,,,,,,,,,,,,,,,,,,,
VFID5609,,,,,,,,,,,,,,,,,,,,,,,,,,,,
VFID5610,,,,,,,,,,,,,,,,,,,,,,,,,,,,
VFID5611,,,,,,,,,,,,,,,,,,,,,,,,,,,,
VFID5612,,,,,,,,,,,,,,,,,,,,,,,,,,,,
VFID5613,,,,,,,,,,,,,,,,,,,,,,,,,,,,
VFID5614,,,,,,,,,,,,,,,,,,,,,,,,,,,,
VFID5615,,,,,,,,,,,,,,,,,,,,,,,,,,,,
VFID5616,,,,,,,,,,,,,,,,,,,,,,,,,,,,
VFID5617,,,,,,,,,,,,,,,,,,,,,,,,,,,,
VFID5618,,,,,,,,,,,,,,,,,,,,,,,,,,,,
VFID5619,,,,,,,,,,,,,,,,,,,,,,,,,,,,
VFID5620,,,,,,,,,,,,,,,,,,,,,,,,,,,,
VFID5621,,,,,,,,,,,,,,,,,,,,,,,,,,,,
VFID5622,,,,,,,,,,,,,,,,,,,,,,,,,,,,
VFID5623,,,,,,,,,,,,,,,,,,,,,,,,,,,,
VFID5624,,,,,,,,,,,,,,,,,,,,,,,,,,,,
VFID5625,,,,,,,,,,,,,,,,,,,,,,,,,,,,
VFID5626,,,,,,,,,,,,,,,,,,,,,,,,,,,,
VFID5627,,,,,,,,,,,,,,,,,,,,,,,,,,,,
VFID5628,,,,,,,,,,,,,,,,,,,,,,,,,,,,
VFID5629,,,,,,,,,,,,,,,,,,,,,,,,,,,,
VFID5630,,,,,,,,,,,,,,,,,,,,,,,,,,,,
VFID5631,,,,,,,,,,,,,,,,,,,,,,,,,,,,
VFID5632,,,,,,,,,,,,,,,,,,,,,,,,,,,,
VFID5633,,,,,,,,,,,,,,,,,,,,,,,,,,,,
VFID5634,,,,,,,,,,,,,,,,,,,,,,,,,,,,
VFID5635,,,,,,,,,,,,,,,,,,,,,,,,,,,,
VFID5636,,,,,,,,,,,,,,,,,,,,,,,,,,,,
VFID5637,,,,,,,,,,,,,,,,,,,,,,,,,,,,
VFID5638,,,,,,,,,,,,,,,,,,,,,,,,,,,,
VFID5639,,,,,,,,,,,,,,,,,,,,,,,,,,,,
VFID5640,,,,,,,,,,,,,,,,,,,,,,,,,,,,
VFID5641,,,,,,,,,,,,,,,,,,,,,,,,,,,,
VFID5642,,,,,,,,,,,,,,,,,,,,,,,,,,,,
VFID5643,,,,,,,,,,,,,,,,,,,,,,,,,,,,
VFID5644,,,,,,,,,,,,,,,,,,,,,,,,,,,,
VFID5645,,,,,,,,,,,,,,,,,,,,,,,,,,,,
VFID5646,,,,,,,,,,,,,,,,,,,,,,,,,,,,
VFID5647,,,,,,,,,,,,,,,,,,,,,,,,,,,,
VFID5648,,,,,,,,,,,,,,,,,,,,,,,,,,,,
VFID5649,,,,,,,,,,,,,,,,,,,,,,,,,,,,
VFID5650,,,,,,,,,,,,,,,,,,,,,,,,,,,,
VFID5651,,,,,,,,,,,,,,,,,,,,,,,,,,,,
VFID5652,188.58054166666665,6.467694444444445,Boselli+2014,,373439274.1935484,-1.0,-1.0,,,539783978.8778481,-1.0,-1.0,Boselli+2014,9.452485384611794,6.788052355165979,6.788052355165979,0.1317451407149596,-1.0,-1.0,-0.3004178306367233,-1.0,-0.3963793624307392,0.0009404837192322,0.0,8.572219990283113,0.9780085022022387,0.9780085022022387,9.50623402308705
VFID5653,,,,,,,,,,,,,,,,,,,,,,,,,,,,
VFID5654,,,,,,,,,,,,,,,,,,,,,,,,,,,,
VFID5655,,,,,,,,,,,,,,,,,,,,,,,,,,,,
VFID5656,,,,,,,,,,,,,,,,,,,,,,,,,,,,
VFID5657,,,,,,,,,,,,,,,,,,,,,,,,,,,,
VFID5658,,,,,,,,,,,,,,,,,,,,,,,,,,,,
VFID5659,,,,,,,,,,,,,,,,,,,,,,,,,,,,
VFID5660,,,,,,,,,,,,,,,,,,,,,,,,,,,,
VFID5661,,,,,,,,,,,,,,,,,,,,,,,,,,,,
VFID5662,,,,,,,,,,,,,,,,,,,,,,,,,,,,
VFID5663,,,,,,,,,,,,,,,,,,,,,,,,,,,,
VFID5664,,,,,,,,,,,,,,,,,,,,,,,,,,,,
VFID5665,,,,,,,,,,,,,,,,,,,,,,,,,,,,
VFID5666,,,,,,,,,,,,,,,,,,,,,,,,,,,,
VFID5667,,,,,,,,,,,,,,,,,,,,,,,,,,,,
VFID5668,,,,,,,,,,,,,,,,,,,,,,,,,,,,
VFID5669,,,,,,,,,,,,,,,,,,,,,,,,,,,,
VFID5670,,,,,,,,,,,,,,,,,,,,,,,,,,,,
VFID5671,,,,,,,,,,,,,,,,,,,,,,,,,,,,
VFID5672,,,,,,,,,,,,,,,,,,,,,,,,,,,,
VFID5673,,,,,,,,,,,,,,,,,,,,,,,,,,,,
VFID5674,,,,,,,,,,,,,,,,,,,,,,,,,,,,
VFID5675,,,,,,,,,,,,,,,,,,,,,,,,,,,,
VFID5676,186.86004166666663,6.262777777777778,Boselli+2014,,1233318256.5789475,-1.0,-1.0,,,5383629451.875499,-1.0,-1.0,Boselli+2014,8.91591161054716,7.6069126852119044,7.6069126852119044,1.4967992255291545,-1.0,-1.0,-0.4790730006810069,-1.0,0.4064614709969056,0.0213199109297959,0.0,9.091075160327396,0.9691252252974973,0.9691252252974973,9.313295231492619
VFID5677,,,,,,,,,,,,,,,,,,,,,,,,,,,,
VFID5678,217.98912500000003,6.250416666666666,This work,4.3,604808804.9701025,60652075.87245671,60652075.87245671,0.8138860075843577,0.0944405783852039,1353998256.4788249,638152199.8259039,638152199.8259039,deVaucouleurs1991,9.96819529811302,9.273307998174467,9.273307998174467,0.0650762931714746,0.0146697421706323,0.0146697421706323,-0.4369159454692717,0.0435523782903382,-0.5694794955967808,0.0876792873736199,0.0,8.78161810511566,0.9492159486389696,0.9492159486389696,9.99557601623204
VFID5679,,,,,,,,,,,,,,,,,,,,,,,,,,,,
VFID5680,,,,,,,,,,,,,,,,,,,,,,,,,,,,
VFID5681,,,,,,,,,,,,,,,,,,,,,,,,,,,,
VFID5682,,,,,,,,,,,,,,,,,,,,,,,,,,,,
VFID5683,,,,,,,,,,,,,,,,,,,,,,,,,,,,
VFID5684,,,,,,,,,,,,,,,,,,,,,,,,,,,,
VFID5685,,,,,,,,,,,,,,,,,,,,,,,,,,,,
VFID5686,,,,,,,,,,,,,,,,,,,,,,,,,,,,
VFID5687,,,,,,,,,,,,,,,,,,,,,,,,,,,,
VFID5688,,,,,,,,,,,,,,,,,,,,,,,,,,,,
VFID5689,,,,,,,,,,,,,,,,,,,,,,,,,,,,
VFID5690,,,,,,,,,,,,,,,,,,,,,,,,,,,,
VFID5691,,,,,,,,,,,,,,,,,,,,,,,,,,,,
VFID5692,,,,,,,,,,,,,,,,,,,,,,,,,,,,
VFID5693,,,,,,,,,,,,,,,,,,,,,,,,,,,,
VFID5694,,,,,,,,,,,,,,,,,,,,,,,,,,,,
VFID5695,184.84266666666664,6.0986666666666665,Boselli+2014,,141669764.37932658,-1.0,-1.0,,,1050212472.1708272,-1.0,-1.0,Boselli+2014,7.192863149365578,,,,,,1.238324988046518,-1.0,2.110402505260259,-1.0,0.0,,,,
VFID5696,,,,,,,,,,,,,,,,,,,,,,,,,,,,
VFID5697,,,,,,,,,,,,,,,,,,,,,,,,,,,,
VFID5698,,,,,,,,,,,,,,,,,,,,,,,,,,,,
VFID5699,,,,,,,,,,,,,,,,,,,,,,,,,,,,
VFID5700,185.8955833333333,6.081722222222222,Boselli+2014,,45202716.37477248,-1.0,-1.0,,,2372272277.703515,-1.0,-1.0,Boselli+2014,7.692260798796392,,,,,,1.305137625916255,-1.0,1.337296259602896,-1.0,0.0,,,,
VFID5701,,,,,,,,,,,,,,,,,,,,,,,,,,,,
VFID5702,,,,,,,,,,,,,,,,,,,,,,,,,,,,
VFID5703,,,,,,,,,,,,,,,,,,,,,,,,,,,,
VFID5704,,,,,,,,,,,,,,,,,,,,,,,,,,,,
VFID5705,,,,,,,,,,,,,,,,,,,,,,,,,,,,
VFID5706,,,,,,,,,,,,,,,,,,,,,,,,,,,,
VFID5707,,,,,,,,,,,,,,,,,,,,,,,,,,,,
VFID5708,,,,,,,,,,,,,,,,,,,,,,,,,,,,
VFID5709,211.6329583333333,6.029694444444444,This work,4.3,245170454.04704377,29819323.898564965,29819323.898564965,0.2911674311441602,0.0605356796758497,5005738189.397064,2384271663.405425,2384271663.405425,Popping_Braun2011,8.789775227711567,7.613683968655887,7.613683968655887,0.3978257623104771,0.0551782307866314,0.0551782307866314,0.1091340282921944,0.0528218943574154,0.692692491428792,0.0289529654602167,0.0,8.389468131354194,0.9269405978665708,0.9269405978665708,8.93522826808902
VFID5710,,,,,,,,,,,,,,,,,,,,,,,,,,,,
VFID5711,,,,,,,,,,,,,,,,,,,,,,,,,,,,
VFID5712,,,,,,,,,,,,,,,,,,,,,,,,,,,,
VFID5713,,,,,,,,,,,,,,,,,,,,,,,,,,,,
VFID5714,,,,,,,,,,,,,,,,,,,,,,,,,,,,
VFID5715,,,,,,,,,,,,,,,,,,,,,,,,,,,,
VFID5716,,,,,,,,,,,,,,,,,,,,,,,,,,,,
VFID5717,,,,,,,,,,,,,,,,,,,,,,,,,,,,
VFID5718,,,,,,,,,,,,,,,,,,,,,,,,,,,,
VFID5719,,,,,,,,,,,,,,,,,,,,,,,,,,,,
VFID5720,,,,,,,,,,,,,,,,,,,,,,,,,,,,
VFID5721,,,,,,,,,,,,,,,,,,,,,,,,,,,,
VFID5722,,,,,,,,,,,,,,,,,,,,,,,,,,,,
VFID5723,,,,,,,,,,,,,,,,,,,,,,,,,,,,
VFID5724,,,,,,,,,,,,,,,,,,,,,,,,,,,,
VFID5725,,,,,,,,,,,,,,,,,,,,,,,,,,,,
VFID5726,,,,,,,,,,,,,,,,,,,,,,,,,,,,
VFID5727,,,,,,,,,,,,,,,,,,,,,,,,,,,,
VFID5728,,,,,,,,,,,,,,,,,,,,,,,,,,,,
VFID5729,,,,,,,,,,,,,,,,,,,,,,,,,,,,
VFID5730,,,,,,,,,,,,,,,,,,,,,,,,,,,,
VFID5731,,,,,,,,,,,,,,,,,,,,,,,,,,,,
VFID5732,,,,,,,,,,,,,,,,,,,,,,,,,,,,
VFID5733,,,,,,,,,,,,,,,,,,,,,,,,,,,,
VFID5734,,,,,,,,,,,,,,,,,,,,,,,,,,,,
VFID5735,,,,,,,,,,,,,,,,,,,,,,,,,,,,
VFID5736,,,,,,,,,,,,,,,,,,,,,,,,,,,,
VFID5737,,,,,,,,,,,,,,,,,,,,,,,,,,,,
VFID5738,,,,,,,,,,,,,,,,,,,,,,,,,,,,
VFID5739,,,,,,,,,,,,,,,,,,,,,,,,,,,,
VFID5740,,,,,,,,,,,,,,,,,,,,,,,,,,,,
VFID5741,,,,,,,,,,,,,,,,,,,,,,,,,,,,
VFID5742,,,,,,,,,,,,,,,,,,,,,,,,,,,,
VFID5743,186.78737499999997,5.880166666666667,Boselli+2014,,2534838377.4834437,-1.0,-1.0,,,27161282571.306812,-1.0,-1.0,Boselli+2014,9.272169307853572,7.770217652348242,7.770217652348242,1.3545061020588351,-1.0,-1.0,-1.4399481140802557,-1.0,-0.1512728051774701,0.013672019080063,0.0,9.403950273726643,0.9842678613324678,0.9842678613324678,9.644069128173637
VFID5744,,,,,,,,,,,,,,,,,,,,,,,,,,,,
VFID5745,,,,,,,,,,,,,,,,,,,,,,,,,,,,
VFID5746,,,,,,,,,,,,,,,,,,,,,,,,,,,,
VFID5747,,,,,,,,,,,,,,,,,,,,,,,,,,,,
VFID5748,,,,,,,,,,,,,,,,,,,,,,,,,,,,
VFID5749,,,,,,,,,,,,,,,,,,,,,,,,,,,,
VFID5750,,,,,,,,,,,,,,,,,,,,,,,,,,,,
VFID5751,,,,,,,,,,,,,,,,,,,,,,,,,,,,
VFID5752,,,,,,,,,,,,,,,,,,,,,,,,,,,,
VFID5753,,,,,,,,,,,,,,,,,,,,,,,,,,,,
VFID5754,,,,,,,,,,,,,,,,,,,,,,,,,,,,
VFID5755,,,,,,,,,,,,,,,,,,,,,,,,,,,,
VFID5756,,,,,,,,,,,,,,,,,,,,,,,,,,,,
VFID5757,,,,,,,,,,,,,,,,,,,,,,,,,,,,
VFID5758,,,,,,,,,,,,,,,,,,,,,,,,,,,,
VFID5759,,,,,,,,,,,,,,,,,,,,,,,,,,,,
VFID5760,,,,,,,,,,,,,,,,,,,,,,,,,,,,
VFID5761,,,,,,,,,,,,,,,,,,,,,,,,,,,,
VFID5762,,,,,,,,,,,,,,,,,,,,,,,,,,,,
VFID5763,,,,,,,,,,,,,,,,,,,,,,,,,,,,
VFID5764,,,,,,,,,,,,,,,,,,,,,,,,,,,,
VFID5765,,,,,,,,,,,,,,,,,,,,,,,,,,,,
VFID5766,,,,,,,,,,,,,,,,,,,,,,,,,,,,
VFID5767,,,,,,,,,,,,,,,,,,,,,,,,,,,,
VFID5768,,,,,,,,,,,,,,,,,,,,,,,,,,,,
VFID5769,,,,,,,,,,,,,,,,,,,,,,,,,,,,
VFID5770,,,,,,,,,,,,,,,,,,,,,,,,,,,,
VFID5771,,,,,,,,,,,,,,,,,,,,,,,,,,,,
VFID5772,,,,,,,,,,,,,,,,,,,,,,,,,,,,
VFID5773,,,,,,,,,,,,,,,,,,,,,,,,,,,,
VFID5774,,,,,,,,,,,,,,,,,,,,,,,,,,,,
VFID5775,,,,,,,,,,,,,,,,,,,,,,,,,,,,
VFID5776,,,,,,,,,,,,,,,,,,,,,,,,,,,,
VFID5777,,,,,,,,,,,,,,,,,,,,,,,,,,,,
VFID5778,,,,,,,,,,,,,,,,,,,,,,,,,,,,
VFID5779,,,,,,,,,,,,,,,,,,,,,,,,,,,,
VFID5780,,,,,,,,,,,,,,,,,,,,,,,,,,,,
VFID5781,,,,,,,,,,,,,,,,,,,,,,,,,,,,
VFID5782,,,,,,,,,,,,,,,,,,,,,,,,,,,,
VFID5783,,,,,,,,,,,,,,,,,,,,,,,,,,,,
VFID5784,,,,,,,,,,,,,,,,,,,,,,,,,,,,
VFID5785,,,,,,,,,,,,,,,,,,,,,,,,,,,,
VFID5786,,,,,,,,,,,,,,,,,,,,,,,,,,,,
VFID5787,,,,,,,,,,,,,,,,,,,,,,,,,,,,
VFID5788,130.0609167,5.6352778,AMIGA,,87096358.99560814,-1.0,-1.0,,,14125375446.227554,-1.0,-1.0,AMIGA,9.111732640566562,8.614510248451973,8.494510248451974,0.0673391080274119,-1.0,-1.0,0.1617021596463876,-1.0,-0.6543978601602252,0.1382171453835724,0.0,7.94,0.9609523007256664,0.9609504163747689,9.14003506312817
VFID5789,,,,,,,,,,,,,,,,,,,,,,,,,,,,
VFID5790,,,,,,,,,,,,,,,,,,,,,,,,,,,,
VFID5791,,,,,,,,,,,,,,,,,,,,,,,,,,,,
VFID5792,,,,,,,,,,,,,,,,,,,,,,,,,,,,
VFID5793,,,,,,,,,,,,,,,,,,,,,,,,,,,,
VFID5794,,,,,,,,,,,,,,,,,,,,,,,,,,,,
VFID5795,,,,,,,,,,,,,,,,,,,,,,,,,,,,
VFID5796,,,,,,,,,,,,,,,,,,,,,,,,,,,,
VFID5797,,,,,,,,,,,,,,,,,,,,,,,,,,,,
VFID5798,,,,,,,,,,,,,,,,,,,,,,,,,,,,
VFID5799,,,,,,,,,,,,,,,,,,,,,,,,,,,,
VFID5800,,,,,,,,,,,,,,,,,,,,,,,,,,,,
VFID5801,,,,,,,,,,,,,,,,,,,,,,,,,,,,
VFID5802,,,,,,,,,,,,,,,,,,,,,,,,,,,,
VFID5803,,,,,,,,,,,,,,,,,,,,,,,,,,,,
VFID5804,,,,,,,,,,,,,,,,,,,,,,,,,,,,
VFID5805,,,,,,,,,,,,,,,,,,,,,,,,,,,,
VFID5806,,,,,,,,,,,,,,,,,,,,,,,,,,,,
VFID5807,,,,,,,,,,,,,,,,,,,,,,,,,,,,
VFID5808,,,,,,,,,,,,,,,,,,,,,,,,,,,,
VFID5809,,,,,,,,,,,,,,,,,,,,,,,,,,,,
VFID5810,,,,,,,,,,,,,,,,,,,,,,,,,,,,
VFID5811,,,,,,,,,,,,,,,,,,,,,,,,,,,,
VFID5812,,,,,,,,,,,,,,,,,,,,,,,,,,,,
VFID5813,,,,,,,,,,,,,,,,,,,,,,,,,,,,
VFID5814,,,,,,,,,,,,,,,,,,,,,,,,,,,,
VFID5815,,,,,,,,,,,,,,,,,,,,,,,,,,,,
VFID5816,,,,,,,,,,,,,,,,,,,,,,,,,,,,
VFID5817,,,,,,,,,,,,,,,,,,,,,,,,,,,,
VFID5818,,,,,,,,,,,,,,,,,,,,,,,,,,,,
VFID5819,,,,,,,,,,,,,,,,,,,,,,,,,,,,
VFID5820,,,,,,,,,,,,,,,,,,,,,,,,,,,,
VFID5821,,,,,,,,,,,,,,,,,,,,,,,,,,,,
VFID5822,,,,,,,,,,,,,,,,,,,,,,,,,,,,
VFID5823,,,,,,,,,,,,,,,,,,,,,,,,,,,,
VFID5824,,,,,,,,,,,,,,,,,,,,,,,,,,,,
VFID5825,,,,,,,,,,,,,,,,,,,,,,,,,,,,
VFID5826,,,,,,,,,,,,,,,,,,,,,,,,,,,,
VFID5827,,,,,,,,,,,,,,,,,,,,,,,,,,,,
VFID5828,,,,,,,,,,,,,,,,,,,,,,,,,,,,
VFID5829,,,,,,,,,,,,,,,,,,,,,,,,,,,,
VFID5830,185.42279166666663,5.384833333333334,Boselli+2014,,831893192.3076923,-1.0,-1.0,,,7944518310.155507,-1.0,-1.0,Boselli+2014,7.353442242243011,,,,,,0.2427345893280694,-1.0,1.7775434123828262,-1.0,0.0,,,,
VFID5831,,,,,,,,,,,,,,,,,,,,,,,,,,,,
VFID5832,,,,,,,,,,,,,,,,,,,,,,,,,,,,
VFID5833,,,,,,,,,,,,,,,,,,,,,,,,,,,,
VFID5834,189.45166666666665,5.368444444444444,Boselli+2014,,1234662187.4999998,-1.0,-1.0,,,9807270358.776949,-1.0,-1.0,Boselli+2014,7.597237839289591,6.611961096110298,6.611961096110298,31.21118863237872,-1.0,-1.0,-0.2608459880923632,-1.0,1.4012586960618476,0.0449270153693019,0.0,9.091548147738752,0.9607657902114115,0.9607657902114115,9.105244590404174
VFID5835,219.79616666666664,5.363472222222222,This work,4.3,76977970.42980385,-1.0,-1.0,-1000.0,-1000.0,670450094.7307497,-1.0,-1.0,Popping_Braun2011,9.949443807131688,7.818306533353081,7.818306533353081,0.0086481387611415,-1.0,-1.0,1.3007357031704423,-1.0,-0.930674557084755,0.0032110497737763,0.0,7.886366456475946,0.9979620109091046,0.9979620109091046,9.953183498596516
VFID5836,,,,,,,,,,,,,,,,,,,,,,,,,,,,
VFID5837,,,,,,,,,,,,,,,,,,,,,,,,,,,,
VFID5838,,,,,,,,,,,,,,,,,,,,,,,,,,,,
VFID5839,,,,,,,,,,,,,,,,,,,,,,,,,,,,
VFID5840,,,,,,,,,,,,,,,,,,,,,,,,,,,,
VFID5841,,,,,,,,,,,,,,,,,,,,,,,,,,,,
VFID5842,208.74358333333333,5.333722222222222,Literature,4.3,882417357.0363209,294139119.012107,294139119.012107,-1000.0,-1000.0,11632526271.322653,6613037836.345382,6613037836.345382,deVaucouleurs1991,8.848988487947109,8.154733996625174,8.154733996625174,1.2493541222103932,-1.0,-1.0,-0.2931718823865612,0.1447648273010839,0.692955569958805,0.0878071376075133,0.0,8.94567404203295,0.9641213891224797,0.9641213891224797,9.20104632097954
VFID5843,,,,,,,,,,,,,,,,,,,,,,,,,,,,
VFID5844,,,,,,,,,,,,,,,,,,,,,,,,,,,,
VFID5845,,,,,,,,,,,,,,,,,,,,,,,,,,,,
VFID5846,192.491125,5.311416666666666,Boselli+2014,,610237950.0,171898014.08450705,171898014.08450705,,,967161972.7364254,522110958.48472744,522110958.48472744,Boselli+2014,9.511872750701,6.8338098457266545,6.8338098457266545,0.1877701104451598,0.0528944567460037,0.0528944567460037,-0.4650970527768372,0.1223364737755638,-0.7035667285199452,0.0009114259851065,0.0,8.785499212423227,0.9490623349319233,0.9490623349319233,9.586605143007501
VFID5847,,,,,,,,,,,,,,,,,,,,,,,,,,,,
VFID5848,,,,,,,,,,,,,,,,,,,,,,,,,,,,
VFID5849,,,,,,,,,,,,,,,,,,,,,,,,,,,,
VFID5850,,,,,,,,,,,,,,,,,,,,,,,,,,,,
VFID5851,209.03004166666665,5.254777777777778,Literature,4.3,4258943185.023461,1419647728.3411534,1419647728.3411534,-1000.0,-1000.0,29464687987.83368,16750539990.613768,16750539990.613768,deVaucouleurs1991,8.189780575798787,7.496569835249254,7.496569835249254,27.511943489355307,-1.0,-1.0,-0.1910996869088386,0.1447648273010839,1.1607574556966984,0.0880184204828192,0.0,9.629301846555228,0.9872467092834878,0.9872467092834878,9.644807397385172
VFID5852,185.77574999999996,5.250416666666666,Boselli+2014,,10849532.847968724,-1.0,-1.0,,,21647664.026568983,-1.0,-1.0,Boselli+2014,8.793328222699653,6.91299109177428,6.91299109177428,0.0174615509833396,-1.0,-1.0,2.3703911206247064,-1.0,0.191232367641648,0.0057206737462557,0.0,7.035411039021681,0.9445244335072224,0.9445244335072224,8.800846229283621
VFID5853,,,,,,,,,,,,,,,,,,,,,,,,,,,,
VFID5854,,,,,,,,,,,,,,,,,,,,,,,,,,,,
VFID5855,208.54695833333332,5.227444444444445,This work,4.3,105114992.843993,24268973.81679492,24268973.81679492,0.219294119257693,0.0801669304904097,1450990820.9569273,747480854.8402314,747480854.8402314,Popping_Braun2011,8.816599381332768,7.36944134999055,7.36944134999055,0.1603486410858635,0.0374616402222097,0.0374616402222097,0.1934374945693449,0.100270010251833,0.7265646765733109,0.0155105172108304,0.0,8.021664665077044,0.9092244410182915,0.9092244410182915,8.88118787931015
VFID5856,,,,,,,,,,,,,,,,,,,,,,,,,,,,
VFID5857,,,,,,,,,,,,,,,,,,,,,,,,,,,,
VFID5858,,,,,,,,,,,,,,,,,,,,,,,,,,,,
VFID5859,,,,,,,,,,,,,,,,,,,,,,,,,,,,
VFID5860,,,,,,,,,,,,,,,,,,,,,,,,,,,,
VFID5861,,,,,,,,,,,,,,,,,,,,,,,,,,,,
VFID5862,,,,,,,,,,,,,,,,,,,,,,,,,,,,
VFID5863,,,,,,,,,,,,,,,,,,,,,,,,,,,,
VFID5864,,,,,,,,,,,,,,,,,,,,,,,,,,,,
VFID5865,,,,,,,,,,,,,,,,,,,,,,,,,,,,
VFID5866,,,,,,,,,,,,,,,,,,,,,,,,,,,,
VFID5867,,,,,,,,,,,,,,,,,,,,,,,,,,,,
VFID5868,,,,,,,,,,,,,,,,,,,,,,,,,,,,
VFID5869,,,,,,,,,,,,,,,,,,,,,,,,,,,,
VFID5870,,,,,,,,,,,,,,,,,,,,,,,,,,,,
VFID5871,,,,,,,,,,,,,,,,,,,,,,,,,,,,
VFID5872,,,,,,,,,,,,,,,,,,,,,,,,,,,,
VFID5873,,,,,,,,,,,,,,,,,,,,,,,,,,,,
VFID5874,,,,,,,,,,,,,,,,,,,,,,,,,,,,
VFID5875,,,,,,,,,,,,,,,,,,,,,,,,,,,,
VFID5876,,,,,,,,,,,,,,,,,,,,,,,,,,,,
VFID5877,,,,,,,,,,,,,,,,,,,,,,,,,,,,
VFID5878,,,,,,,,,,,,,,,,,,,,,,,,,,,,
VFID5879,,,,,,,,,,,,,,,,,,,,,,,,,,,,
VFID5880,,,,,,,,,,,,,,,,,,,,,,,,,,,,
VFID5881,,,,,,,,,,,,,,,,,,,,,,,,,,,,
VFID5882,,,,,,,,,,,,,,,,,,,,,,,,,,,,
VFID5883,,,,,,,,,,,,,,,,,,,,,,,,,,,,
VFID5884,,,,,,,,,,,,,,,,,,,,,,,,,,,,
VFID5885,,,,,,,,,,,,,,,,,,,,,,,,,,,,
VFID5886,,,,,,,,,,,,,,,,,,,,,,,,,,,,
VFID5887,,,,,,,,,,,,,,,,,,,,,,,,,,,,
VFID5888,,,,,,,,,,,,,,,,,,,,,,,,,,,,
VFID5889,209.05,5.014472222222222,Literature,4.3,98838615.14260425,19767723.02852085,19767723.02852085,0.2500095429863813,0.0640336865714243,136435269.07799134,68500278.3116082,68500278.3116082,Popping_Braun2011,9.451916807077842,7.444382389180584,7.444382389180584,0.0349148229943382,0.0069913905527365,0.0069913905527365,1.0625755079035866,0.0868588963806503,0.0497686554030956,0.0042682504363955,0.0,7.994926651742803,0.9071039368975466,0.9071039368975466,9.46682141443041
VFID5890,,,,,,,,,,,,,,,,,,,,,,,,,,,,
VFID5891,,,,,,,,,,,,,,,,,,,,,,,,,,,,
VFID5892,208.91145833333331,4.985055555555555,This work,4.3,37042995.50238266,6440453.50854662,6440453.50854662,0.3816928493204705,0.0894943013617988,2337255007.3775105,1150501070.4001503,1150501070.4001503,deVaucouleurs1991,7.984436947321078,7.488357596203347,7.488357596203347,0.3839451196118638,-1.0,-1.0,0.5086960607522144,0.0755082946662972,0.4322245390940988,0.1385814050294296,0.0,7.568706098894175,0.9099781304646073,0.9099781304646073,8.125555815821658
VFID5893,,,,,,,,,,,,,,,,,,,,,,,,,,,,
VFID5894,130.3829042,4.9802222,AMIGA,,301995172.0402019,37749396.50502524,37749396.50502524,,,977237220.9558116,466318233.238314,466318233.238314,AMIGA,9.171732640566562,8.674510248451973,8.554510248451974,0.2033608551377196,-1.0,-1.0,0.026702159646387,0.0542868102379064,0.0158776462573246,0.1382171453835725,0.0,8.48,0.966277068195866,0.9662620508729316,9.25212852052078
VFID5895,,,,,,,,,,,,,,,,,,,,,,,,,,,,
VFID5896,,,,,,,,,,,,,,,,,,,,,,,,,,,,
VFID5897,,,,,,,,,,,,,,,,,,,,,,,,,,,,
VFID5898,,,,,,,,,,,,,,,,,,,,,,,,,,,,
VFID5899,,,,,,,,,,,,,,,,,,,,,,,,,,,,
VFID5900,,,,,,,,,,,,,,,,,,,,,,,,,,,,
VFID5901,186.325375,4.925055555555556,Boselli+2014,,35098912.63033714,-1.0,-1.0,,,65357233.71980465,-1.0,-1.0,Boselli+2014,8.90569185303278,6.91299109177428,6.91299109177428,0.043611578810847,-1.0,-1.0,1.909108497481399,-1.0,0.1482646823186613,0.0044165540532534,0.0,7.545293662164989,0.9505707927232695,0.9505707927232695,8.924230741960159
VFID5902,,,,,,,,,,,,,,,,,,,,,,,,,,,,
VFID5903,,,,,,,,,,,,,,,,,,,,,,,,,,,,
VFID5904,,,,,,,,,,,,,,,,,,,,,,,,,,,,
VFID5905,220.74166666666667,4.8894722222222216,This work,4.3,725209216.9283063,43416339.52091517,43416339.52091517,0.5383071971954336,0.040914152938126,3023175191.479078,1403938672.8444202,1403938672.8444202,Popping_Braun2011,9.449355259648566,8.00531046373049,8.00531046373049,0.2576962242883957,0.0179982431529585,0.0179982431529585,-0.1674611554070697,0.0260000510724832,0.0193346616759058,0.0156221036655845,0.0,8.860463315053458,0.9490633502957629,0.9490633502957629,9.548931016778063
VFID5906,,,,,,,,,,,,,,,,,,,,,,,,,,,,
VFID5907,,,,,,,,,,,,,,,,,,,,,,,,,,,,
VFID5908,,,,,,,,,,,,,,,,,,,,,,,,,,,,
VFID5909,,,,,,,,,,,,,,,,,,,,,,,,,,,,
VFID5910,,,,,,,,,,,,,,,,,,,,,,,,,,,,
VFID5911,,,,,,,,,,,,,,,,,,,,,,,,,,,,
VFID5912,,,,,,,,,,,,,,,,,,,,,,,,,,,,
VFID5913,,,,,,,,,,,,,,,,,,,,,,,,,,,,
VFID5914,,,,,,,,,,,,,,,,,,,,,,,,,,,,
VFID5915,,,,,,,,,,,,,,,,,,,,,,,,,,,,
VFID5916,,,,,,,,,,,,,,,,,,,,,,,,,,,,
VFID5917,,,,,,,,,,,,,,,,,,,,,,,,,,,,
VFID5918,,,,,,,,,,,,,,,,,,,,,,,,,,,,
VFID5919,,,,,,,,,,,,,,,,,,,,,,,,,,,,
VFID5920,,,,,,,,,,,,,,,,,,,,,,,,,,,,
VFID5921,,,,,,,,,,,,,,,,,,,,,,,,,,,,
VFID5922,,,,,,,,,,,,,,,,,,,,,,,,,,,,
VFID5923,,,,,,,,,,,,,,,,,,,,,,,,,,,,
VFID5924,,,,,,,,,,,,,,,,,,,,,,,,,,,,
VFID5925,,,,,,,,,,,,,,,,,,,,,,,,,,,,
VFID5926,,,,,,,,,,,,,,,,,,,,,,,,,,,,
VFID5927,,,,,,,,,,,,,,,,,,,,,,,,,,,,
VFID5928,,,,,,,,,,,,,,,,,,,,,,,,,,,,
VFID5929,,,,,,,,,,,,,,,,,,,,,,,,,,,,
VFID5930,,,,,,,,,,,,,,,,,,,,,,,,,,,,
VFID5931,,,,,,,,,,,,,,,,,,,,,,,,,,,,
VFID5932,,,,,,,,,,,,,,,,,,,,,,,,,,,,
VFID5933,,,,,,,,,,,,,,,,,,,,,,,,,,,,
VFID5934,,,,,,,,,,,,,,,,,,,,,,,,,,,,
VFID5935,,,,,,,,,,,,,,,,,,,,,,,,,,,,
VFID5936,,,,,,,,,,,,,,,,,,,,,,,,,,,,
VFID5937,,,,,,,,,,,,,,,,,,,,,,,,,,,,
VFID5938,,,,,,,,,,,,,,,,,,,,,,,,,,,,
VFID5939,,,,,,,,,,,,,,,,,,,,,,,,,,,,
VFID5940,,,,,,,,,,,,,,,,,,,,,,,,,,,,
VFID5941,,,,,,,,,,,,,,,,,,,,,,,,,,,,
VFID5942,,,,,,,,,,,,,,,,,,,,,,,,,,,,
VFID5943,,,,,,,,,,,,,,,,,,,,,,,,,,,,
VFID5944,,,,,,,,,,,,,,,,,,,,,,,,,,,,
VFID5945,,,,,,,,,,,,,,,,,,,,,,,,,,,,
VFID5946,,,,,,,,,,,,,,,,,,,,,,,,,,,,
VFID5947,,,,,,,,,,,,,,,,,,,,,,,,,,,,
VFID5948,,,,,,,,,,,,,,,,,,,,,,,,,,,,
VFID5949,,,,,,,,,,,,,,,,,,,,,,,,,,,,
VFID5950,,,,,,,,,,,,,,,,,,,,,,,,,,,,
VFID5951,,,,,,,,,,,,,,,,,,,,,,,,,,,,
VFID5952,,,,,,,,,,,,,,,,,,,,,,,,,,,,
VFID5953,,,,,,,,,,,,,,,,,,,,,,,,,,,,
VFID5954,,,,,,,,,,,,,,,,,,,,,,,,,,,,
VFID5955,,,,,,,,,,,,,,,,,,,,,,,,,,,,
VFID5956,,,,,,,,,,,,,,,,,,,,,,,,,,,,
VFID5957,,,,,,,,,,,,,,,,,,,,,,,,,,,,
VFID5958,,,,,,,,,,,,,,,,,,,,,,,,,,,,
VFID5959,,,,,,,,,,,,,,,,,,,,,,,,,,,,
VFID5960,185.47874999999996,4.473638888888889,Boselli+2014,,10147368000.0,1219808310.0,1219808310.0,,,1846517426.223147,878845711.0363413,878845711.0363413,Boselli+2014,9.761744527467833,6.91299109177428,6.91299109177428,1.756341175976262,0.2111432557542593,0.2111432557542593,-0.5843512509470745,0.0522062487546259,0.0495082782162636,0.0006152206094722,0.0,10.006353410593464,1.0024105403802146,1.0024105403802146,10.20207750038168
VFID5961,,,,,,,,,,,,,,,,,,,,,,,,,,,,
VFID5962,,,,,,,,,,,,,,,,,,,,,,,,,,,,
VFID5963,,,,,,,,,,,,,,,,,,,,,,,,,,,,
VFID5964,218.3514166666667,4.450444444444445,This work,4.3,158876184.25384116,29432930.351584543,29432930.351584543,0.4728787747706641,0.1424582633639466,138375371.7962492,68687183.52178152,68687183.52178152,Popping_Braun2011,9.845227903410436,7.691921283105074,7.691921283105074,0.0226898119939809,0.0042064689653763,0.0042064689653763,0.4757433588664383,0.080456106734744,-0.6862287533682494,0.0030512492873764,0.0,8.201058800779949,0.9177663697314995,0.9177663697314995,9.854971832951602
VFID5965,,,,,,,,,,,,,,,,,,,,,,,,,,,,
VFID5966,,,,,,,,,,,,,,,,,,,,,,,,,,,,
VFID5967,,,,,,,,,,,,,,,,,,,,,,,,,,,,
VFID5968,,,,,,,,,,,,,,,,,,,,,,,,,,,,
VFID5969,,,,,,,,,,,,,,,,,,,,,,,,,,,,
VFID5970,,,,,,,,,,,,,,,,,,,,,,,,,,,,
VFID5971,,,,,,,,,,,,,,,,,,,,,,,,,,,,
VFID5972,,,,,,,,,,,,,,,,,,,,,,,,,,,,
VFID5973,,,,,,,,,,,,,,,,,,,,,,,,,,,,
VFID5974,,,,,,,,,,,,,,,,,,,,,,,,,,,,
VFID5975,,,,,,,,,,,,,,,,,,,,,,,,,,,,
VFID5976,,,,,,,,,,,,,,,,,,,,,,,,,,,,
VFID5977,,,,,,,,,,,,,,,,,,,,,,,,,,,,
VFID5978,191.9435833333333,4.336083333333333,Boselli+2014,,106476379.74683544,-1.0,-1.0,,,414241185.97073674,-1.0,-1.0,Boselli+2014,9.334183560080028,6.611961096110298,6.611961096110298,0.0493252978481317,-1.0,-1.0,0.398448883170575,-1.0,-0.0344775378989723,0.0008233070746981,0.0,8.027253276475813,0.9710481419614795,0.9710481419614795,9.355093703335596
VFID5979,,,,,,,,,,,,,,,,,,,,,,,,,,,,
VFID5980,,,,,,,,,,,,,,,,,,,,,,,,,,,,
VFID5981,189.61849999999995,4.319111111111111,Boselli+2014,,2360248902.439025,-1.0,-1.0,,,47093156889.832466,-1.0,-1.0,Boselli+2014,8.026934444081116,6.736899832718598,6.736899832718598,22.18315737590232,-1.0,-1.0,-0.4855556447033216,-1.0,1.2807220912703237,0.0222715118924744,0.0,9.37295780434971,0.9732037280278873,0.9732037280278873,9.392107027458117
VFID5982,,,,,,,,,,,,,,,,,,,,,,,,,,,,
VFID5983,,,,,,,,,,,,,,,,,,,,,,,,,,,,
VFID5984,,,,,,,,,,,,,,,,,,,,,,,,,,,,
VFID5985,,,,,,,,,,,,,,,,,,,,,,,,,,,,
VFID5986,,,,,,,,,,,,,,,,,,,,,,,,,,,,
VFID5987,,,,,,,,,,,,,,,,,,,,,,,,,,,,
VFID5988,193.95391666666663,4.304083333333333,Boselli+2014,,457906050.0,88398851.35135135,88398851.35135135,,,709212500.1405696,354140915.14669055,354140915.14669055,Boselli+2014,9.676730966486637,6.78805235516598,6.78805235516598,0.0963929818584447,0.0186091006096109,0.0186091006096109,-0.0811742219556865,0.0838406335720563,-0.6542249443055823,0.0005611845423014,0.0,8.660776381602076,0.9413841192475786,0.9413841192475786,9.716697213392491
VFID5989,,,,,,,,,,,,,,,,,,,,,,,,,,,,
VFID5990,,,,,,,,,,,,,,,,,,,,,,,,,,,,
VFID5991,,,,,,,,,,,,,,,,,,,,,,,,,,,,
VFID5992,187.6115833333333,4.246472222222223,Boselli+2014,,610827000.0,-1.0,-1.0,,,823982950.6848121,-1.0,-1.0,Boselli+2014,8.88727245065211,6.8338098457266545,6.8338098457266545,0.7918552036199095,-1.0,-1.0,0.2958839339930943,-1.0,-0.0034281306434671,0.00383991584353,0.0,8.785918225653294,0.9609738159468969,0.9609738159468969,9.140575362892513
VFID5993,,,,,,,,,,,,,,,,,,,,,,,,,,,,
VFID5994,,,,,,,,,,,,,,,,,,,,,,,,,,,,
VFID5995,,,,,,,,,,,,,,,,,,,,,,,,,,,,
VFID5996,,,,,,,,,,,,,,,,,,,,,,,,,,,,
VFID5997,,,,,,,,,,,,,,,,,,,,,,,,,,,,
VFID5998,,,,,,,,,,,,,,,,,,,,,,,,,,,,
VFID5999,,,,,,,,,,,,,,,,,,,,,,,,,,,,
VFID6000,,,,,,,,,,,,,,,,,,,,,,,,,,,,
VFID6001,,,,,,,,,,,,,,,,,,,,,,,,,,,,
VFID6002,,,,,,,,,,,,,,,,,,,,,,,,,,,,
VFID6003,,,,,,,,,,,,,,,,,,,,,,,,,,,,
VFID6004,,,,,,,,,,,,,,,,,,,,,,,,,,,,
VFID6005,,,,,,,,,,,,,,,,,,,,,,,,,,,,
VFID6006,,,,,,,,,,,,,,,,,,,,,,,,,,,,
VFID6007,,,,,,,,,,,,,,,,,,,,,,,,,,,,
VFID6008,,,,,,,,,,,,,,,,,,,,,,,,,,,,
VFID6009,,,,,,,,,,,,,,,,,,,,,,,,,,,,
VFID6010,,,,,,,,,,,,,,,,,,,,,,,,,,,,
VFID6011,,,,,,,,,,,,,,,,,,,,,,,,,,,,
VFID6012,,,,,,,,,,,,,,,,,,,,,,,,,,,,
VFID6013,,,,,,,,,,,,,,,,,,,,,,,,,,,,
VFID6014,,,,,,,,,,,,,,,,,,,,,,,,,,,,
VFID6015,,,,,,,,,,,,,,,,,,,,,,,,,,,,
VFID6016,,,,,,,,,,,,,,,,,,,,,,,,,,,,
VFID6017,,,,,,,,,,,,,,,,,,,,,,,,,,,,
VFID6018,215.01870833333336,3.992472222222222,Literature,4.3,605013600.8879579,201671200.29598597,201671200.29598597,-1000.0,-1000.0,1354456737.4292202,770002443.4411964,770002443.4411964,Popping_Braun2011,8.986528141866593,7.414431373916073,7.414431373916073,0.6240753025784723,-1.0,-1.0,0.1218370218134303,0.1447648273010839,0.5249229685350816,0.0116328879081228,0.0,8.781765137832958,0.9636542924955573,0.9636542924955573,9.197134303924532
VFID6019,,,,,,,,,,,,,,,,,,,,,,,,,,,,
VFID6020,,,,,,,,,,,,,,,,,,,,,,,,,,,,
VFID6021,,,,,,,,,,,,,,,,,,,,,,,,,,,,
VFID6022,,,,,,,,,,,,,,,,,,,,,,,,,,,,
VFID6023,186.65041666666664,3.964638888888889,Boselli+2014,,427773007.5376884,-1.0,-1.0,,,302840097.3596306,-1.0,-1.0,Boselli+2014,8.400836211885714,6.736899832718598,6.736899832718598,1.699719141386968,-1.0,-1.0,0.1508887825134444,-1.0,0.5963247289647118,0.0094155985236477,0.0,8.631213377132944,0.946072040377351,0.946072040377351,8.83215479764088
VFID6024,190.62979166666665,3.960361111111111,Boselli+2014,,656969250.0,189875505.7803468,189875505.7803468,,,2277954485.891619,1238518109.5178552,1238518109.5178552,Boselli+2014,8.710604821927355,6.736899832718598,6.736899832718598,1.279205213046121,0.369962195739109,0.369962195739109,-0.4323428828694808,0.125518636388223,0.0991012002537008,0.0046140184000345,0.0,8.81754504251587,0.9507510330587364,0.9507510330587364,9.068388251487388
VFID6025,223.31258333333332,3.9597222222222226,Literature,4.3,25574839.722610917,-1.0,-1.0,-1000.0,-1000.0,26170554266.851208,-1.0,-1.0,Grossi2009,7.808312736522972,,,,,,1.4066892389749477,-1.0,0.5667423376133636,-1.0,0.0,,,,
VFID6026,,,,,,,,,,,,,,,,,,,,,,,,,,,,
VFID6027,,,,,,,,,,,,,,,,,,,,,,,,,,,,
VFID6028,207.06683333333336,3.950861111111111,Literature,4.3,413215065.1995403,137738355.06651345,137738355.06651345,-1000.0,-1000.0,1607593149.5437627,913909332.798245,913909332.798245,Popping_Braun2011,9.151446996209454,7.560382389182956,7.560382389182956,0.2915608117160799,-1.0,-1.0,-0.020373987213194,0.1447648273010839,0.1452232441508432,0.0111357559462372,0.0,8.616176146859583,0.9667315617855448,0.9667315617855448,9.262561855476802
VFID6029,,,,,,,,,,,,,,,,,,,,,,,,,,,,
VFID6030,,,,,,,,,,,,,,,,,,,,,,,,,,,,
VFID6031,187.91337499999997,3.9394722222222223,Boselli+2014,,287541094.14225936,-1.0,-1.0,,,477199435.1887647,-1.0,-1.0,Boselli+2014,9.471399631565355,6.8338098457266545,6.8338098457266545,0.0971181250556565,-1.0,-1.0,0.0804022386768945,-1.0,-0.2318936093842989,0.0010004480117559,0.0,8.458699920969494,0.9782559995902199,0.9782559995902199,9.511653021490105
VFID6032,,,,,,,,,,,,,,,,,,,,,,,,,,,,
VFID6033,215.08287500000003,3.93375,This work,4.3,1838003502.73967,66217634.61048641,66217634.61048641,0.6286105619595311,0.0316502030282769,4308700773.781283,1990292682.2216768,1990292682.2216768,deVaucouleurs1991,9.193479374007623,8.177967207829376,8.177967207829376,1.1772452876338977,0.1212533912792703,0.1212533912792703,0.3115558249471863,0.0156462995163797,0.3872538113172243,0.0419056079029453,0.0,9.264346334699201,0.9694943445808473,0.9694943445808473,9.531386733257724
VFID6034,,,,,,,,,,,,,,,,,,,,,,,,,,,,
VFID6035,,,,,,,,,,,,,,,,,,,,,,,,,,,,
VFID6036,,,,,,,,,,,,,,,,,,,,,,,,,,,,
VFID6037,,,,,,,,,,,,,,,,,,,,,,,,,,,,
VFID6038,,,,,,,,,,,,,,,,,,,,,,,,,,,,
VFID6039,,,,,,,,,,,,,,,,,,,,,,,,,,,,
VFID6040,,,,,,,,,,,,,,,,,,,,,,,,,,,,
VFID6041,,,,,,,,,,,,,,,,,,,,,,,,,,,,
VFID6042,,,,,,,,,,,,,,,,,,,,,,,,,,,,
VFID6043,,,,,,,,,,,,,,,,,,,,,,,,,,,,
VFID6044,,,,,,,,,,,,,,,,,,,,,,,,,,,,
VFID6045,,,,,,,,,,,,,,,,,,,,,,,,,,,,
VFID6046,,,,,,,,,,,,,,,,,,,,,,,,,,,,
VFID6047,,,,,,,,,,,,,,,,,,,,,,,,,,,,
VFID6048,217.5076666666667,3.772861111111111,This work,4.3,28959544.766691625,8914915.175893527,8914915.175893527,1.329761157557904,0.5638052598321366,200351099.7331067,110981051.56000195,110981051.56000195,Springob2005,9.282078979020996,8.322148714996752,8.322148714996752,0.0151256048904016,0.0049429069988456,0.0049429069988456,0.9072104290158832,0.133693347002444,-0.0756761864412389,0.0476270900228473,0.0,7.461791730630505,0.8802656589101736,0.8802656589101736,9.288598761305563
VFID6049,,,,,,,,,,,,,,,,,,,,,,,,,,,,
VFID6050,,,,,,,,,,,,,,,,,,,,,,,,,,,,
VFID6051,,,,,,,,,,,,,,,,,,,,,,,,,,,,
VFID6052,,,,,,,,,,,,,,,,,,,,,,,,,,,,
VFID6053,,,,,,,,,,,,,,,,,,,,,,,,,,,,
VFID6054,,,,,,,,,,,,,,,,,,,,,,,,,,,,
VFID6055,,,,,,,,,,,,,,,,,,,,,,,,,,,,
VFID6056,,,,,,,,,,,,,,,,,,,,,,,,,,,,
VFID6057,,,,,,,,,,,,,,,,,,,,,,,,,,,,
VFID6058,,,,,,,,,,,,,,,,,,,,,,,,,,,,
VFID6059,,,,,,,,,,,,,,,,,,,,,,,,,,,,
VFID6060,,,,,,,,,,,,,,,,,,,,,,,,,,,,
VFID6061,,,,,,,,,,,,,,,,,,,,,,,,,,,,
VFID6062,,,,,,,,,,,,,,,,,,,,,,,,,,,,
VFID6063,,,,,,,,,,,,,,,,,,,,,,,,,,,,
VFID6064,,,,,,,,,,,,,,,,,,,,,,,,,,,,
VFID6065,,,,,,,,,,,,,,,,,,,,,,,,,,,,
VFID6066,,,,,,,,,,,,,,,,,,,,,,,,,,,,
VFID6067,,,,,,,,,,,,,,,,,,,,,,,,,,,,
VFID6068,,,,,,,,,,,,,,,,,,,,,,,,,,,,
VFID6069,,,,,,,,,,,,,,,,,,,,,,,,,,,,
VFID6070,,,,,,,,,,,,,,,,,,,,,,,,,,,,
VFID6071,,,,,,,,,,,,,,,,,,,,,,,,,,,,
VFID6072,,,,,,,,,,,,,,,,,,,,,,,,,,,,
VFID6073,,,,,,,,,,,,,,,,,,,,,,,,,,,,
VFID6074,,,,,,,,,,,,,,,,,,,,,,,,,,,,
VFID6075,,,,,,,,,,,,,,,,,,,,,,,,,,,,
VFID6076,,,,,,,,,,,,,,,,,,,,,,,,,,,,
VFID6077,,,,,,,,,,,,,,,,,,,,,,,,,,,,
VFID6078,187.245875,3.570611111111111,Boselli+2014,,1804920600.0,395815921.0526315,395815921.0526315,,,5577737886.229689,2845016205.5689716,2845016205.5689716,Boselli+2014,8.438035898811124,6.78805235516598,6.78805235516598,6.582974955729826,1.451138339510313,1.451138339510313,-0.0369559420300138,0.0952400179612394,0.5002446915301757,0.0097230107888787,0.0,9.256458101676403,0.9705038814365762,0.9705038814365762,9.317875520456885
VFID6079,,,,,,,,,,,,,,,,,,,,,,,,,,,,
VFID6080,,,,,,,,,,,,,,,,,,,,,,,,,,,,
VFID6081,,,,,,,,,,,,,,,,,,,,,,,,,,,,
VFID6082,,,,,,,,,,,,,,,,,,,,,,,,,,,,
VFID6083,,,,,,,,,,,,,,,,,,,,,,,,,,,,
VFID6084,,,,,,,,,,,,,,,,,,,,,,,,,,,,
VFID6085,,,,,,,,,,,,,,,,,,,,,,,,,,,,
VFID6086,,,,,,,,,,,,,,,,,,,,,,,,,,,,
VFID6087,,,,,,,,,,,,,,,,,,,,,,,,,,,,
VFID6088,,,,,,,,,,,,,,,,,,,,,,,,,,,,
VFID6089,,,,,,,,,,,,,,,,,,,,,,,,,,,,
VFID6090,,,,,,,,,,,,,,,,,,,,,,,,,,,,
VFID6091,215.304625,3.435777777777778,Literature,4.3,349963159.21333605,116654386.40444537,116654386.40444537,-1000.0,-1000.0,1393228431.123843,792043973.4924827,792043973.4924827,Popping_Braun2011,8.903587091479277,7.803216546361714,7.803216546361714,0.4369535145826999,-1.0,-1.0,0.2461798312746221,0.1447648273010839,0.6078120989472353,0.0344678160240676,0.0,8.544022328371767,0.9571862652862471,0.9571862652862471,9.06102981042299
VFID6092,,,,,,,,,,,,,,,,,,,,,,,,,,,,
VFID6093,,,,,,,,,,,,,,,,,,,,,,,,,,,,
VFID6094,,,,,,,,,,,,,,,,,,,,,,,,,,,,
VFID6095,,,,,,,,,,,,,,,,,,,,,,,,,,,,
VFID6096,,,,,,,,,,,,,,,,,,,,,,,,,,,,
VFID6097,,,,,,,,,,,,,,,,,,,,,,,,,,,,
VFID6098,219.57545833333333,3.4103333333333334,This work,4.3,131415884.8632328,16435010.515382312,16435010.515382312,0.890208540907937,0.1301615704981146,547832589.0114443,261423618.86182415,261423618.86182415,Huchtmeier_Richter19,8.743763369974149,7.840673382982205,7.840673382982205,0.2370743091456935,0.0419194509002574,0.0419194509002574,0.128854296009452,0.054313330418775,0.2249365000950476,0.0542868102379064,0.0,8.118647863636935,0.9140137318575812,0.9140137318575812,8.83615915778649
VFID6099,,,,,,,,,,,,,,,,,,,,,,,,,,,,
VFID6100,,,,,,,,,,,,,,,,,,,,,,,,,,,,
VFID6101,,,,,,,,,,,,,,,,,,,,,,,,,,,,
VFID6102,,,,,,,,,,,,,,,,,,,,,,,,,,,,
VFID6103,192.29816666666665,3.3887222222222224,Boselli+2014,,375974550.0,57313193.59756098,57313193.59756098,,,944405370.7379204,458122839.96008104,458122839.96008104,Boselli+2014,9.511508027201165,6.8338098457266545,6.8338098457266545,0.1157844990548204,0.0176517514321441,0.0176517514321441,-0.2952562885561605,0.0662034271193981,-0.6752020050201093,0.0009121917284252,0.0,8.575158448202549,0.9363522247376923,0.9363522247376923,9.559088350916744
VFID6104,,,,,,,,,,,,,,,,,,,,,,,,,,,,
VFID6105,,,,,,,,,,,,,,,,,,,,,,,,,,,,
VFID6106,,,,,,,,,,,,,,,,,,,,,,,,,,,,
VFID6107,,,,,,,,,,,,,,,,,,,,,,,,,,,,
VFID6108,,,,,,,,,,,,,,,,,,,,,,,,,,,,
VFID6109,,,,,,,,,,,,,,,,,,,,,,,,,,,,
VFID6110,223.271875,3.3317777777777775,This work,4.3,102673998.2326494,24206782.318179943,24206782.318179943,0.4100091861404912,0.1647744113362308,502875496.3422494,260167174.93795615,260167174.93795615,Springob2005,9.35624374851133,8.438345245826849,8.438345245826849,0.0452081490053939,0.0119762689087746,0.0119762689087746,0.8354416854146347,0.1023907918886883,-0.0543515472923754,0.0524669487941309,0.0,8.011460474231752,0.909686547243085,0.909686547243085,9.375446535573392
VFID6111,,,,,,,,,,,,,,,,,,,,,,,,,,,,
VFID6112,,,,,,,,,,,,,,,,,,,,,,,,,,,,
VFID6113,,,,,,,,,,,,,,,,,,,,,,,,,,,,
VFID6114,,,,,,,,,,,,,,,,,,,,,,,,,,,,
VFID6115,223.26166666666663,3.296111111111111,This work,4.3,294917863.63594645,33359561.624393947,33359561.624393947,0.321478991579896,0.0598609992163428,1948503002.0466747,923990872.7643652,923990872.7643652,deVaucouleurs1991,9.273068840952476,8.578858275832435,8.578858275832435,0.1572650575813286,0.0364371115209,0.0364371115209,0.0694010804023079,0.0491251135267612,-0.0449458349931255,0.0878160192057815,0.0,8.46970107924408,0.9337984200415056,0.9337984200415056,9.336501681201828
VFID6116,,,,,,,,,,,,,,,,,,,,,,,,,,,,
VFID6117,,,,,,,,,,,,,,,,,,,,,,,,,,,,
VFID6118,,,,,,,,,,,,,,,,,,,,,,,,,,,,
VFID6119,,,,,,,,,,,,,,,,,,,,,,,,,,,,
VFID6120,215.2653333333333,3.271,Literature,4.3,30692092.294532772,-1.0,-1.0,-1000.0,-1000.0,807284279.6660843,-1.0,-1.0,deVaucouleurs1991,7.636380681064668,7.139830874506679,7.139830874506679,0.708999313119818,-1.0,-1.0,1.9997756641439544,-1.0,1.4856285689817268,0.1384313661066614,0.0,7.487026495502435,0.8962772720732225,0.8962772720732225,7.86912256923401
VFID6121,217.41258333333332,3.2663055555555554,This work,4.3,69533629.02048446,10372366.241728475,10372366.241728475,0.7905889466942098,0.2169472307593296,1028477739.4397484,497859466.1997263,497859466.1997263,Springob2005,8.340749359545516,7.41303689764524,7.41303689764524,0.3172820746458596,0.0603685876683368,0.0603685876683368,0.8427072634630992,0.064783925224659,0.4027420864437694,0.0512946238468407,0.0,7.84219489618329,0.8992708443858395,0.8992708443858395,8.460428141603106
VFID6122,,,,,,,,,,,,,,,,,,,,,,,,,,,,
VFID6123,,,,,,,,,,,,,,,,,,,,,,,,,,,,
VFID6124,215.23320833333335,3.238,Literature,4.3,31046072.503953747,-1.0,-1.0,-1000.0,-1000.0,874997208.2794191,-1.0,-1.0,Springob2005,7.993418135284541,7.1897127804285095,7.1897127804285095,0.3152016861863241,-1.0,-1.0,1.3872954922592502,-1.0,0.6444965771505906,0.0682462757276538,0.0,7.492006667387139,0.9091715793217213,0.9091715793217213,8.11241049227868
VFID6125,,,,,,,,,,,,,,,,,,,,,,,,,,,,
VFID6126,217.41825,3.233305555555556,Literature,4.3,68101597.81127322,-1.0,-1.0,-1000.0,-1000.0,940063740.1299578,-1.0,-1.0,deVaucouleurs1991,8.11732590142188,7.423017421072865,7.423017421072865,0.5197941651485122,-1.0,-1.0,1.5321448581230517,-1.0,0.839241599361948,0.0877962226005854,0.0,7.833157301523337,0.9191137327348333,0.9191137327348333,8.299110674239401
VFID6127,,,,,,,,,,,,,,,,,,,,,,,,,,,,
VFID6128,,,,,,,,,,,,,,,,,,,,,,,,,,,,
VFID6129,,,,,,,,,,,,,,,,,,,,,,,,,,,,
VFID6130,,,,,,,,,,,,,,,,,,,,,,,,,,,,
VFID6131,,,,,,,,,,,,,,,,,,,,,,,,,,,,
VFID6132,,,,,,,,,,,,,,,,,,,,,,,,,,,,
VFID6133,,,,,,,,,,,,,,,,,,,,,,,,,,,,
VFID6134,,,,,,,,,,,,,,,,,,,,,,,,,,,,
VFID6135,,,,,,,,,,,,,,,,,,,,,,,,,,,,
VFID6136,,,,,,,,,,,,,,,,,,,,,,,,,,,,
VFID6137,,,,,,,,,,,,,,,,,,,,,,,,,,,,
VFID6138,,,,,,,,,,,,,,,,,,,,,,,,,,,,
VFID6139,,,,,,,,,,,,,,,,,,,,,,,,,,,,
VFID6140,,,,,,,,,,,,,,,,,,,,,,,,,,,,
VFID6141,,,,,,,,,,,,,,,,,,,,,,,,,,,,
VFID6142,,,,,,,,,,,,,,,,,,,,,,,,,,,,
VFID6143,,,,,,,,,,,,,,,,,,,,,,,,,,,,
VFID6144,,,,,,,,,,,,,,,,,,,,,,,,,,,,
VFID6145,,,,,,,,,,,,,,,,,,,,,,,,,,,,
VFID6146,,,,,,,,,,,,,,,,,,,,,,,,,,,,
VFID6147,,,,,,,,,,,,,,,,,,,,,,,,,,,,
VFID6148,227.3897916666667,3.0527777777777776,Literature,4.3,53718084.56239376,-1.0,-1.0,-1000.0,-1000.0,3091153121.445596,-1.0,-1.0,deVaucouleurs1991,8.32550298226237,7.828669680438724,7.828669680438724,0.253873596958847,-1.0,-1.0,1.4650816411078944,-1.0,0.8520370796688592,0.1383410314778979,0.0,7.730120518538494,0.9255640332511982,0.9255640332511982,8.423756739721806
VFID6149,,,,,,,,,,,,,,,,,,,,,,,,,,,,
VFID6150,,,,,,,,,,,,,,,,,,,,,,,,,,,,
VFID6151,,,,,,,,,,,,,,,,,,,,,,,,,,,,
VFID6152,,,,,,,,,,,,,,,,,,,,,,,,,,,,
VFID6153,,,,,,,,,,,,,,,,,,,,,,,,,,,,
VFID6154,,,,,,,,,,,,,,,,,,,,,,,,,,,,
VFID6155,,,,,,,,,,,,,,,,,,,,,,,,,,,,
VFID6156,,,,,,,,,,,,,,,,,,,,,,,,,,,,
VFID6157,217.86333333333337,3.0090833333333333,Literature,4.3,480483335.2690324,8634478.540775424,8634478.540775424,0.4778864785198966,0.0149683831961548,727240956.7825899,335161727.33060694,335161727.33060694,Popping_Braun2011,9.052424202702436,7.357819003768867,7.357819003768867,0.4258475243302336,0.0115140930291206,0.0115140930291206,-0.158776169868668,0.0078044462921303,-0.6294721578445106,0.0087736258970353,0.0,8.681678329515057,0.9393242542804744,0.9393242542804744,9.20649728860922
VFID6158,,,,,,,,,,,,,,,,,,,,,,,,,,,,
VFID6159,,,,,,,,,,,,,,,,,,,,,,,,,,,,
VFID6160,,,,,,,,,,,,,,,,,,,,,,,,,,,,
VFID6161,,,,,,,,,,,,,,,,,,,,,,,,,,,,
VFID6162,,,,,,,,,,,,,,,,,,,,,,,,,,,,
VFID6163,,,,,,,,,,,,,,,,,,,,,,,,,,,,
VFID6164,,,,,,,,,,,,,,,,,,,,,,,,,,,,
VFID6165,,,,,,,,,,,,,,,,,,,,,,,,,,,,
VFID6166,,,,,,,,,,,,,,,,,,,,,,,,,,,,
VFID6167,,,,,,,,,,,,,,,,,,,,,,,,,,,,
VFID6168,,,,,,,,,,,,,,,,,,,,,,,,,,,,
VFID6169,,,,,,,,,,,,,,,,,,,,,,,,,,,,
VFID6170,,,,,,,,,,,,,,,,,,,,,,,,,,,,
VFID6171,,,,,,,,,,,,,,,,,,,,,,,,,,,,
VFID6172,,,,,,,,,,,,,,,,,,,,,,,,,,,,
VFID6173,,,,,,,,,,,,,,,,,,,,,,,,,,,,
VFID6174,,,,,,,,,,,,,,,,,,,,,,,,,,,,
VFID6175,,,,,,,,,,,,,,,,,,,,,,,,,,,,
VFID6176,,,,,,,,,,,,,,,,,,,,,,,,,,,,
VFID6177,,,,,,,,,,,,,,,,,,,,,,,,,,,,
VFID6178,,,,,,,,,,,,,,,,,,,,,,,,,,,,
VFID6179,193.8147083333333,2.896638888888889,Boselli+2014,,30367717.77177035,-1.0,-1.0,,,145349035.6073027,-1.0,-1.0,Boselli+2014,8.698913820367782,6.9477531980334915,6.9477531980334915,0.0607432932959614,-1.0,-1.0,1.315890005079785,-1.0,0.1638827149836572,0.0077023577963741,0.0,7.482412154566602,0.940741759217341,0.940741759217341,8.724524114924971
VFID6180,,,,,,,,,,,,,,,,,,,,,,,,,,,,
VFID6181,,,,,,,,,,,,,,,,,,,,,,,,,,,,
VFID6182,182.04629166666663,2.878277777777778,Boselli+2014,,1106213181.818182,-1.0,-1.0,,,899163831.5648034,-1.0,-1.0,Boselli+2014,9.563703249689892,6.87520253088488,6.87520253088488,0.3020894646864196,-1.0,-1.0,-0.4723366696420541,-1.0,-0.2883589296812499,0.0008897819521206,0.0,9.043838829288443,0.9858010605115567,0.9858010605115567,9.678344074693804
VFID6183,,,,,,,,,,,,,,,,,,,,,,,,,,,,
VFID6184,,,,,,,,,,,,,,,,,,,,,,,,,,,,
VFID6185,,,,,,,,,,,,,,,,,,,,,,,,,,,,
VFID6186,,,,,,,,,,,,,,,,,,,,,,,,,,,,
VFID6187,,,,,,,,,,,,,,,,,,,,,,,,,,,,
VFID6188,,,,,,,,,,,,,,,,,,,,,,,,,,,,
VFID6189,,,,,,,,,,,,,,,,,,,,,,,,,,,,
VFID6190,,,,,,,,,,,,,,,,,,,,,,,,,,,,
VFID6191,,,,,,,,,,,,,,,,,,,,,,,,,,,,
VFID6192,,,,,,,,,,,,,,,,,,,,,,,,,,,,
VFID6193,,,,,,,,,,,,,,,,,,,,,,,,,,,,
VFID6194,,,,,,,,,,,,,,,,,,,,,,,,,,,,
VFID6195,,,,,,,,,,,,,,,,,,,,,,,,,,,,
VFID6196,,,,,,,,,,,,,,,,,,,,,,,,,,,,
VFID6197,,,,,,,,,,,,,,,,,,,,,,,,,,,,
VFID6198,,,,,,,,,,,,,,,,,,,,,,,,,,,,
VFID6199,,,,,,,,,,,,,,,,,,,,,,,,,,,,
VFID6200,,,,,,,,,,,,,,,,,,,,,,,,,,,,
VFID6201,,,,,,,,,,,,,,,,,,,,,,,,,,,,
VFID6202,,,,,,,,,,,,,,,,,,,,,,,,,,,,
VFID6203,,,,,,,,,,,,,,,,,,,,,,,,,,,,
VFID6204,181.90341666666663,2.6922222222222225,Boselli+2014,,2204005263.157895,-1.0,-1.0,,,5665165833.621433,-1.0,-1.0,Boselli+2014,9.435000378341988,6.8338098457266545,6.8338098457266545,0.8094914181619262,-1.0,-1.0,-0.9580104676285028,-1.0,-0.3606943561609324,0.0010879120288157,0.0,9.343212627274893,0.9864383815874594,0.9864383815874594,9.6925569060715
VFID6205,,,,,,,,,,,,,,,,,,,,,,,,,,,,
VFID6206,,,,,,,,,,,,,,,,,,,,,,,,,,,,
VFID6207,,,,,,,,,,,,,,,,,,,,,,,,,,,,
VFID6208,190.70779166666665,2.687777777777778,Boselli+2014,,1587043500.0,-1.0,-1.0,,,2822206778.886107,-1.0,-1.0,Boselli+2014,8.999647470416782,8.096557483424839,8.096557483424839,1.5883322728061549,-1.0,-1.0,0.3834133289526278,-1.0,0.5740931199245178,0.0542868102379064,0.0,9.20058883069376,0.9738632336487896,0.9738632336487896,9.412667497816612
VFID6209,,,,,,,,,,,,,,,,,,,,,,,,,,,,
VFID6210,,,,,,,,,,,,,,,,,,,,,,,,,,,,
VFID6211,,,,,,,,,,,,,,,,,,,,,,,,,,,,
VFID6212,,,,,,,,,,,,,,,,,,,,,,,,,,,,
VFID6213,,,,,,,,,,,,,,,,,,,,,,,,,,,,
VFID6214,,,,,,,,,,,,,,,,,,,,,,,,,,,,
VFID6215,,,,,,,,,,,,,,,,,,,,,,,,,,,,
VFID6216,188.53541666666663,2.6538055555555555,Boselli+2014,,6998224590.0,-1.0,-1.0,,,2018310018.3515277,-1.0,-1.0,Boselli+2014,9.828522831158224,7.009901104782336,7.009901104782336,1.0386400016470478,-1.0,-1.0,-0.4310857162873738,-1.0,-0.0648500254741275,0.000659420713488,0.0,9.844987875933763,1.0059464453190876,1.0059464453190876,10.137863372727594
VFID6217,,,,,,,,,,,,,,,,,,,,,,,,,,,,
VFID6218,,,,,,,,,,,,,,,,,,,,,,,,,,,,
VFID6219,,,,,,,,,,,,,,,,,,,,,,,,,,,,
VFID6220,,,,,,,,,,,,,,,,,,,,,,,,,,,,
VFID6221,,,,,,,,,,,,,,,,,,,,,,,,,,,,
VFID6222,,,,,,,,,,,,,,,,,,,,,,,,,,,,
VFID6223,,,,,,,,,,,,,,,,,,,,,,,,,,,,
VFID6224,,,,,,,,,,,,,,,,,,,,,,,,,,,,
VFID6225,,,,,,,,,,,,,,,,,,,,,,,,,,,,
VFID6226,,,,,,,,,,,,,,,,,,,,,,,,,,,,
VFID6227,,,,,,,,,,,,,,,,,,,,,,,,,,,,
VFID6228,,,,,,,,,,,,,,,,,,,,,,,,,,,,
VFID6229,,,,,,,,,,,,,,,,,,,,,,,,,,,,
VFID6230,,,,,,,,,,,,,,,,,,,,,,,,,,,,
VFID6231,,,,,,,,,,,,,,,,,,,,,,,,,,,,
VFID6232,,,,,,,,,,,,,,,,,,,,,,,,,,,,
VFID6233,,,,,,,,,,,,,,,,,,,,,,,,,,,,
VFID6234,,,,,,,,,,,,,,,,,,,,,,,,,,,,
VFID6235,,,,,,,,,,,,,,,,,,,,,,,,,,,,
VFID6236,226.94875,2.5686388888888887,Literature,4.3,28839673.43908295,-1.0,-1.0,-1000.0,-1000.0,1412506120.7965584,-1.0,-1.0,Springob2005,7.576423767990655,6.756879832448787,6.756879832448787,0.7648329161605656,-1.0,-1.0,1.7028118212275416,-1.0,1.6218258066742868,0.0658021942277654,0.0,7.459990338418846,0.893471639959134,0.893471639959134,7.8231273632531275
VFID6237,,,,,,,,,,,,,,,,,,,,,,,,,,,,
VFID6238,,,,,,,,,,,,,,,,,,,,,,,,,,,,
VFID6239,,,,,,,,,,,,,,,,,,,,,,,,,,,,
VFID6240,,,,,,,,,,,,,,,,,,,,,,,,,,,,
VFID6241,,,,,,,,,,,,,,,,,,,,,,,,,,,,
VFID6242,,,,,,,,,,,,,,,,,,,,,,,,,,,,
VFID6243,,,,,,,,,,,,,,,,,,,,,,,,,,,,
VFID6244,,,,,,,,,,,,,,,,,,,,,,,,,,,,
VFID6245,,,,,,,,,,,,,,,,,,,,,,,,,,,,
VFID6246,,,,,,,,,,,,,,,,,,,,,,,,,,,,
VFID6247,186.74366666666663,2.494361111111111,Boselli+2014,,602864760.6382979,-1.0,-1.0,,,1660427427.9810934,-1.0,-1.0,Boselli+2014,9.006996114138929,6.78805235516598,6.78805235516598,0.5932309276653832,-1.0,-1.0,-0.2735177390678363,-1.0,-0.1527317941302861,0.0026232552598182,0.0,8.780219898714224,0.9642255168139949,0.9642255168139949,9.20927484244617
VFID6248,,,,,,,,,,,,,,,,,,,,,,,,,,,,
VFID6249,,,,,,,,,,,,,,,,,,,,,,,,,,,,
VFID6250,,,,,,,,,,,,,,,,,,,,,,,,,,,,
VFID6251,,,,,,,,,,,,,,,,,,,,,,,,,,,,
VFID6252,,,,,,,,,,,,,,,,,,,,,,,,,,,,
VFID6253,,,,,,,,,,,,,,,,,,,,,,,,,,,,
VFID6254,,,,,,,,,,,,,,,,,,,,,,,,,,,,
VFID6255,,,,,,,,,,,,,,,,,,,,,,,,,,,,
VFID6256,,,,,,,,,,,,,,,,,,,,,,,,,,,,
VFID6257,,,,,,,,,,,,,,,,,,,,,,,,,,,,
VFID6258,,,,,,,,,,,,,,,,,,,,,,,,,,,,
VFID6259,,,,,,,,,,,,,,,,,,,,,,,,,,,,
VFID6260,,,,,,,,,,,,,,,,,,,,,,,,,,,,
VFID6261,,,,,,,,,,,,,,,,,,,,,,,,,,,,
VFID6262,,,,,,,,,,,,,,,,,,,,,,,,,,,,
VFID6263,,,,,,,,,,,,,,,,,,,,,,,,,,,,
VFID6264,,,,,,,,,,,,,,,,,,,,,,,,,,,,
VFID6265,,,,,,,,,,,,,,,,,,,,,,,,,,,,
VFID6266,,,,,,,,,,,,,,,,,,,,,,,,,,,,
VFID6267,,,,,,,,,,,,,,,,,,,,,,,,,,,,
VFID6268,,,,,,,,,,,,,,,,,,,,,,,,,,,,
VFID6269,,,,,,,,,,,,,,,,,,,,,,,,,,,,
VFID6270,,,,,,,,,,,,,,,,,,,,,,,,,,,,
VFID6271,,,,,,,,,,,,,,,,,,,,,,,,,,,,
VFID6272,219.4211417,2.2909722,AMIGA,,1258925411.794166,157365676.47427076,157365676.47427076,,,1479108388.1682062,705801207.2687482,705801207.2687482,AMIGA,9.831732640566562,9.334510248451974,9.214510248451974,0.1854673041862869,-1.0,-1.0,-0.2044978403536106,0.0542868102379064,-0.3676251522512217,0.1382171453835724,0.0,9.1,0.9959096957911284,0.9958978469141871,9.905622220974998
VFID6273,,,,,,,,,,,,,,,,,,,,,,,,,,,,
VFID6274,,,,,,,,,,,,,,,,,,,,,,,,,,,,
VFID6275,,,,,,,,,,,,,,,,,,,,,,,,,,,,
VFID6276,228.89420833333335,2.248277777777778,Literature,4.3,49274429.45722477,-1.0,-1.0,-1000.0,-1000.0,2835447459.9189577,-1.0,-1.0,This work,7.88657570678502,,,,,,0.9436805553100988,-1.0,0.628397130064096,-1.0,0.0,,,,
VFID6277,,,,,,,,,,,,,,,,,,,,,,,,,,,,
VFID6278,,,,,,,,,,,,,,,,,,,,,,,,,,,,
VFID6279,,,,,,,,,,,,,,,,,,,,,,,,,,,,
VFID6280,,,,,,,,,,,,,,,,,,,,,,,,,,,,
VFID6281,,,,,,,,,,,,,,,,,,,,,,,,,,,,
VFID6282,,,,,,,,,,,,,,,,,,,,,,,,,,,,
VFID6283,,,,,,,,,,,,,,,,,,,,,,,,,,,,
VFID6284,,,,,,,,,,,,,,,,,,,,,,,,,,,,
VFID6285,,,,,,,,,,,,,,,,,,,,,,,,,,,,
VFID6286,188.61304166666665,2.1878888888888888,Boselli+2014,,3283329000.0,394697414.99999994,394697414.99999994,,,1112536844.3323717,529510255.79882586,529510255.79882586,Boselli+2014,9.723335642397846,7.0379298283825795,7.0379298283825795,0.6208386704729763,0.0746436056966418,0.0746436056966418,-0.4831122429506482,0.0522076555093862,0.1025571632862512,0.0008961454359623,0.0,9.516314402597036,0.9807135135129611,0.9807135135129611,9.933075432070444
VFID6287,,,,,,,,,,,,,,,,,,,,,,,,,,,,
VFID6288,220.24299999999997,2.186555555555555,This work,4.3,59791864.006279595,10048586.244323682,10048586.244323682,0.3464526917408656,0.0856184191518054,360281608.26238126,176618810.31581447,176618810.31581447,deVaucouleurs1991,8.72608372261546,8.031685281353925,8.031685281353925,0.1123461955222695,0.0295312419948865,0.0295312419948865,0.3655600669216259,0.072987280616981,-0.0500922867691357,0.0877780381412921,0.0,7.776642092724764,0.8976825964574996,0.8976825964574996,8.772323696377427
VFID6289,,,,,,,,,,,,,,,,,,,,,,,,,,,,
VFID6290,,,,,,,,,,,,,,,,,,,,,,,,,,,,
VFID6291,,,,,,,,,,,,,,,,,,,,,,,,,,,,
VFID6292,,,,,,,,,,,,,,,,,,,,,,,,,,,,
VFID6293,193.37154166666664,2.168333333333333,Boselli+2014,,31224911.32533408,-1.0,-1.0,,,375406003.6053164,-1.0,-1.0,Boselli+2014,8.987014745810939,7.0379298283825795,7.0379298283825795,0.0321726228504496,-1.0,-1.0,1.5306009459380148,-1.0,0.4150417895405009,0.0048831424528826,0.0,7.494501213708374,0.9542795246665351,0.9542795246665351,9.000767081553727
VFID6294,,,,,,,,,,,,,,,,,,,,,,,,,,,,
VFID6295,,,,,,,,,,,,,,,,,,,,,,,,,,,,
VFID6296,,,,,,,,,,,,,,,,,,,,,,,,,,,,
VFID6297,,,,,,,,,,,,,,,,,,,,,,,,,,,,
VFID6298,,,,,,,,,,,,,,,,,,,,,,,,,,,,
VFID6299,,,,,,,,,,,,,,,,,,,,,,,,,,,,
VFID6300,,,,,,,,,,,,,,,,,,,,,,,,,,,,
VFID6301,,,,,,,,,,,,,,,,,,,,,,,,,,,,
VFID6302,,,,,,,,,,,,,,,,,,,,,,,,,,,,
VFID6303,,,,,,,,,,,,,,,,,,,,,,,,,,,,
VFID6304,,,,,,,,,,,,,,,,,,,,,,,,,,,,
VFID6305,,,,,,,,,,,,,,,,,,,,,,,,,,,,
VFID6306,,,,,,,,,,,,,,,,,,,,,,,,,,,,
VFID6307,226.35941666666668,2.0993333333333335,Literature,4.3,123518751.95815425,-1.0,-1.0,-1000.0,-1000.0,710776228.8676411,-1.0,-1.0,Huchtmeier_Richter19,8.120061950991719,,,,,,1.467969264773453,-1.0,1.424986267631981,-1.0,0.0,,,,
VFID6308,,,,,,,,,,,,,,,,,,,,,,,,,,,,
VFID6309,,,,,,,,,,,,,,,,,,,,,,,,,,,,
VFID6310,,,,,,,,,,,,,,,,,,,,,,,,,,,,
VFID6311,,,,,,,,,,,,,,,,,,,,,,,,,,,,
VFID6312,,,,,,,,,,,,,,,,,,,,,,,,,,,,
VFID6313,,,,,,,,,,,,,,,,,,,,,,,,,,,,
VFID6314,,,,,,,,,,,,,,,,,,,,,,,,,,,,
VFID6315,,,,,,,,,,,,,,,,,,,,,,,,,,,,
VFID6316,,,,,,,,,,,,,,,,,,,,,,,,,,,,
VFID6317,,,,,,,,,,,,,,,,,,,,,,,,,,,,
VFID6318,,,,,,,,,,,,,,,,,,,,,,,,,,,,
VFID6319,,,,,,,,,,,,,,,,,,,,,,,,,,,,
VFID6320,,,,,,,,,,,,,,,,,,,,,,,,,,,,
VFID6321,,,,,,,,,,,,,,,,,,,,,,,,,,,,
VFID6322,,,,,,,,,,,,,,,,,,,,,,,,,,,,
VFID6323,,,,,,,,,,,,,,,,,,,,,,,,,,,,
VFID6324,,,,,,,,,,,,,,,,,,,,,,,,,,,,
VFID6325,,,,,,,,,,,,,,,,,,,,,,,,,,,,
VFID6326,,,,,,,,,,,,,,,,,,,,,,,,,,,,
VFID6327,,,,,,,,,,,,,,,,,,,,,,,,,,,,
VFID6328,,,,,,,,,,,,,,,,,,,,,,,,,,,,
VFID6329,,,,,,,,,,,,,,,,,,,,,,,,,,,,
VFID6330,,,,,,,,,,,,,,,,,,,,,,,,,,,,
VFID6331,,,,,,,,,,,,,,,,,,,,,,,,,,,,
VFID6332,,,,,,,,,,,,,,,,,,,,,,,,,,,,
VFID6333,,,,,,,,,,,,,,,,,,,,,,,,,,,,
VFID6334,,,,,,,,,,,,,,,,,,,,,,,,,,,,
VFID6335,190.83391666666665,1.9783611111111112,Boselli+2014,,29788370.380615547,-1.0,-1.0,,,187951910.7174563,-1.0,-1.0,Boselli+2014,8.117111074430204,6.87520253088488,6.87520253088488,0.2274760459782993,-1.0,-1.0,2.020855414540266,-1.0,0.650289515911096,0.0248814546923738,0.0,7.474046745106121,0.91413967049572,0.91413967049572,8.206124100112419
VFID6336,,,,,,,,,,,,,,,,,,,,,,,,,,,,
VFID6337,180.6760833333333,1.976777777777778,Boselli+2014,,1746658200.0,213267179.4871795,213267179.4871795,,,1419737086.2682564,676403580.8492655,676403580.8492655,Boselli+2014,9.165237142247397,6.979937881404893,6.979937881404893,1.193907787128126,0.1459844077572337,0.1459844077572337,-0.2333057674446639,0.0530274092677963,-0.008620606895958,0.0028345560590422,0.0,9.242207927091053,0.9681266976202123,0.9681266976202123,9.506455511893096
VFID6338,,,,,,,,,,,,,,,,,,,,,,,,,,,,
VFID6339,,,,,,,,,,,,,,,,,,,,,,,,,,,,
VFID6340,221.233,1.955,This work,4.3,1299006442.9212878,151580127.66788432,151580127.66788432,1.0388114409121718,0.1665321315855574,1793128053.4263113,851862868.819013,851862868.819013,Popping_Braun2011,9.801913929011347,8.59352915448699,8.59352915448699,0.2049733391514622,0.0270740745213299,0.0270740745213299,0.5027908545177624,0.0506775107783984,0.342845750679734,0.0268781601177908,0.0,9.113611305128627,0.9624993304604561,0.9624993304604561,9.882891366969956
VFID6341,,,,,,,,,,,,,,,,,,,,,,,,,,,,
VFID6342,,,,,,,,,,,,,,,,,,,,,,,,,,,,
VFID6343,,,,,,,,,,,,,,,,,,,,,,,,,,,,
VFID6344,,,,,,,,,,,,,,,,,,,,,,,,,,,,
VFID6345,,,,,,,,,,,,,,,,,,,,,,,,,,,,
VFID6346,,,,,,,,,,,,,,,,,,,,,,,,,,,,
VFID6347,,,,,,,,,,,,,,,,,,,,,,,,,,,,
VFID6348,,,,,,,,,,,,,,,,,,,,,,,,,,,,
VFID6349,,,,,,,,,,,,,,,,,,,,,,,,,,,,
VFID6350,,,,,,,,,,,,,,,,,,,,,,,,,,,,
VFID6351,,,,,,,,,,,,,,,,,,,,,,,,,,,,
VFID6352,225.0016666666667,1.8913055555555556,This work,4.3,2284059518.4451246,87876667.4164831,87876667.4164831,0.8489937581253101,0.042894836276847,2447413868.325662,1131002261.5706556,1131002261.5706556,Springob2005,9.295765699709532,8.12383040042501,8.12383040042501,1.1559571003619082,0.0896188579437941,0.0896188579437941,-0.0177052570007596,0.0167090005487275,0.2860423218147954,0.0292313593588727,0.0,9.358707416647148,0.9731810985522819,0.9731810985522819,9.629405814637286
VFID6353,,,,,,,,,,,,,,,,,,,,,,,,,,,,
VFID6354,,,,,,,,,,,,,,,,,,,,,,,,,,,,
VFID6355,,,,,,,,,,,,,,,,,,,,,,,,,,,,
VFID6356,,,,,,,,,,,,,,,,,,,,,,,,,,,,
VFID6357,,,,,,,,,,,,,,,,,,,,,,,,,,,,
VFID6358,,,,,,,,,,,,,,,,,,,,,,,,,,,,
VFID6359,,,,,,,,,,,,,,,,,,,,,,,,,,,,
VFID6360,,,,,,,,,,,,,,,,,,,,,,,,,,,,
VFID6361,,,,,,,,,,,,,,,,,,,,,,,,,,,,
VFID6362,225.514625,1.841277777777778,This work,4.3,81006997.77697767,8926522.442130126,8926522.442130126,0.4677003455398801,-1.0,951749236.21163,450669839.3704162,450669839.3704162,Schneider1990,8.119233423013611,7.303293611740567,7.303293611740567,0.6155865381206612,0.1159590356503403,0.1159590356503403,0.1931796226855491,0.0478568462674767,0.495215358801639,0.0663505458463301,0.0,7.908522536960839,0.9032437210252711,0.9032437210252711,8.327563648766656
VFID6363,,,,,,,,,,,,,,,,,,,,,,,,,,,,
VFID6364,,,,,,,,,,,,,,,,,,,,,,,,,,,,
VFID6365,,,,,,,,,,,,,,,,,,,,,,,,,,,,
VFID6366,,,,,,,,,,,,,,,,,,,,,,,,,,,,
VFID6367,,,,,,,,,,,,,,,,,,,,,,,,,,,,
VFID6368,,,,,,,,,,,,,,,,,,,,,,,,,,,,
VFID6369,,,,,,,,,,,,,,,,,,,,,,,,,,,,
VFID6370,,,,,,,,,,,,,,,,,,,,,,,,,,,,
VFID6371,,,,,,,,,,,,,,,,,,,,,,,,,,,,
VFID6372,,,,,,,,,,,,,,,,,,,,,,,,,,,,
VFID6373,,,,,,,,,,,,,,,,,,,,,,,,,,,,
VFID6374,,,,,,,,,,,,,,,,,,,,,,,,,,,,
VFID6375,,,,,,,,,,,,,,,,,,,,,,,,,,,,
VFID6376,,,,,,,,,,,,,,,,,,,,,,,,,,,,
VFID6377,,,,,,,,,,,,,,,,,,,,,,,,,,,,
VFID6378,,,,,,,,,,,,,,,,,,,,,,,,,,,,
VFID6379,,,,,,,,,,,,,,,,,,,,,,,,,,,,
VFID6380,215.86299999999997,1.7263055555555558,This work,4.3,59367422.07545263,17870568.803009585,17870568.803009585,0.8861228140832514,-1.0,113122290.69151913,62236468.05981941,62236468.05981941,Popping_Braun2011,9.442301952323607,8.17278900810569,8.17278900810569,0.0214410593290074,0.0065562465511097,0.0065562465511097,0.5630539687751259,0.1307297697675933,-0.2539105164772266,0.0233491656937232,0.0,7.773548190871264,0.8971306907411093,0.8971306907411093,9.45151526372605
VFID6381,,,,,,,,,,,,,,,,,,,,,,,,,,,,
VFID6382,,,,,,,,,,,,,,,,,,,,,,,,,,,,
VFID6383,,,,,,,,,,,,,,,,,,,,,,,,,,,,
VFID6384,,,,,,,,,,,,,,,,,,,,,,,,,,,,
VFID6385,,,,,,,,,,,,,,,,,,,,,,,,,,,,
VFID6386,,,,,,,,,,,,,,,,,,,,,,,,,,,,
VFID6387,,,,,,,,,,,,,,,,,,,,,,,,,,,,
VFID6388,,,,,,,,,,,,,,,,,,,,,,,,,,,,
VFID6389,225.29679166666668,1.7019722222222222,Literature,4.3,34257080.422139466,-1.0,-1.0,-1000.0,-1000.0,124379941.2177332,-1.0,-1.0,This work,7.755849102208867,7.26708954007713,7.26708954007713,0.6010370510795088,-1.0,-1.0,2.276051812417479,-1.0,1.9131566863002336,0.1409369111945649,0.0,7.53475034722891,0.9012038992958112,0.9012038992958112,7.96025048465483
VFID6390,,,,,,,,,,,,,,,,,,,,,,,,,,,,
VFID6391,,,,,,,,,,,,,,,,,,,,,,,,,,,,
VFID6392,,,,,,,,,,,,,,,,,,,,,,,,,,,,
VFID6393,,,,,,,,,,,,,,,,,,,,,,,,,,,,
VFID6394,221.101875,1.6797777777777776,This work,4.3,2521542170.1335907,79785513.5514118,79785513.5514118,0.9987507484454452,0.0379674202648082,4695331239.558731,2167377881.3644314,2167377881.3644314,Popping_Braun2011,9.842203121915617,8.40226344757858,8.40226344757858,0.3626294854685495,0.0174658374128732,0.0174658374128732,-0.5304640760267034,0.0137417524408721,-0.2458058263472367,0.0157704700132465,0.0,9.401666235673092,0.9743782501876193,0.9743782501876193,9.976580904168886
VFID6395,,,,,,,,,,,,,,,,,,,,,,,,,,,,
VFID6396,,,,,,,,,,,,,,,,,,,,,,,,,,,,
VFID6397,,,,,,,,,,,,,,,,,,,,,,,,,,,,
VFID6398,,,,,,,,,,,,,,,,,,,,,,,,,,,,
VFID6399,,,,,,,,,,,,,,,,,,,,,,,,,,,,
VFID6400,,,,,,,,,,,,,,,,,,,,,,,,,,,,
VFID6401,,,,,,,,,,,,,,,,,,,,,,,,,,,,
VFID6402,,,,,,,,,,,,,,,,,,,,,,,,,,,,
VFID6403,227.024375,1.6515277777777777,This work,4.3,67007775.6962782,13906167.110348454,13906167.110348454,0.3001202648828253,0.081819325781561,1112052272.4205606,561718390.6730045,561718390.6730045,This work,7.854674502866913,,,0.936376916651106,-2.0,-2.0,0.3646769577508477,0.0901294152461214,0.6011619940495256,-1.0,0.0,7.826125201895542,0.920253089139064,0.920253089139064,8.141664399687034
VFID6404,,,,,,,,,,,,,,,,,,,,,,,,,,,,
VFID6405,,,,,,,,,,,,,,,,,,,,,,,,,,,,
VFID6406,,,,,,,,,,,,,,,,,,,,,,,,,,,,
VFID6407,,,,,,,,,,,,,,,,,,,,,,,,,,,,
VFID6408,226.36454166666667,1.6348055555555556,Literature,4.3,36954588.04076209,-1.0,-1.0,-1000.0,-1000.0,1168606682.020275,-1.0,-1.0,This work,7.929940081920184,7.282416141429611,7.282416141429611,0.4342384575466032,-1.0,-1.0,1.3845337943962228,-1.0,0.7539834926495965,0.0977823275684806,0.0,7.5676683652501655,0.9078412957379303,0.9078412957379303,8.086561445376883
VFID6409,226.503375,1.6338055555555555,Literature,4.3,17753915.33052531,-1.0,-1.0,-1000.0,-1000.0,629932687.058962,-1.0,-1.0,This work,7.886639092402281,,,,,,1.808208015273304,-1.0,0.667550157646196,-1.0,0.0,,,,
VFID6410,,,,,,,,,,,,,,,,,,,,,,,,,,,,
VFID6411,,,,,,,,,,,,,,,,,,,,,,,,,,,,
VFID6412,,,,,,,,,,,,,,,,,,,,,,,,,,,,
VFID6413,,,,,,,,,,,,,,,,,,,,,,,,,,,,
VFID6414,,,,,,,,,,,,,,,,,,,,,,,,,,,,
VFID6415,,,,,,,,,,,,,,,,,,,,,,,,,,,,
VFID6416,,,,,,,,,,,,,,,,,,,,,,,,,,,,
VFID6417,,,,,,,,,,,,,,,,,,,,,,,,,,,,
VFID6418,,,,,,,,,,,,,,,,,,,,,,,,,,,,
VFID6419,,,,,,,,,,,,,,,,,,,,,,,,,,,,
VFID6420,,,,,,,,,,,,,,,,,,,,,,,,,,,,
VFID6421,226.622,1.605611111111111,Literature,4.3,229069390.84062108,76356463.61354037,76356463.61354037,0.635424206905256,0.2840559727106173,1148066543.040953,674262928.8119947,674262928.8119947,deVaucouleurs1991,8.584462627345875,7.892554477497343,7.892554477497343,0.5963544077916997,-1.0,-1.0,1.4832350987290646,0.1447648273010839,0.9834573991364266,0.0882828127147593,0.0,8.359967060917324,0.9439680798738865,0.9439680798738865,8.787591943095777
VFID6422,,,,,,,,,,,,,,,,,,,,,,,,,,,,
VFID6423,,,,,,,,,,,,,,,,,,,,,,,,,,,,
VFID6424,,,,,,,,,,,,,,,,,,,,,,,,,,,,
VFID6425,,,,,,,,,,,,,,,,,,,,,,,,,,,,
VFID6426,,,,,,,,,,,,,,,,,,,,,,,,,,,,
VFID6427,,,,,,,,,,,,,,,,,,,,,,,,,,,,
VFID6428,,,,,,,,,,,,,,,,,,,,,,,,,,,,
VFID6429,,,,,,,,,,,,,,,,,,,,,,,,,,,,
VFID6430,,,,,,,,,,,,,,,,,,,,,,,,,,,,
VFID6431,194.50495833333332,1.5758333333333334,Boselli+2014,,2609940937.5,-1.0,-1.0,,,2221420009.367821,-1.0,-1.0,Boselli+2014,8.10332278994457,6.979937881404893,6.979937881404893,20.57348619464188,-1.0,-1.0,0.0620714802039188,-1.0,1.44623374540687,0.0326888319712125,0.0,9.41663067944247,0.9756108817219433,0.9756108817219433,9.437243121081332
VFID6432,,,,,,,,,,,,,,,,,,,,,,,,,,,,
VFID6433,,,,,,,,,,,,,,,,,,,,,,,,,,,,
VFID6434,,,,,,,,,,,,,,,,,,,,,,,,,,,,
VFID6435,,,,,,,,,,,,,,,,,,,,,,,,,,,,
VFID6436,,,,,,,,,,,,,,,,,,,,,,,,,,,,
VFID6437,,,,,,,,,,,,,,,,,,,,,,,,,,,,
VFID6438,,,,,,,,,,,,,,,,,,,,,,,,,,,,
VFID6439,,,,,,,,,,,,,,,,,,,,,,,,,,,,
VFID6440,,,,,,,,,,,,,,,,,,,,,,,,,,,,
VFID6441,,,,,,,,,,,,,,,,,,,,,,,,,,,,
VFID6442,,,,,,,,,,,,,,,,,,,,,,,,,,,,
VFID6443,,,,,,,,,,,,,,,,,,,,,,,,,,,,
VFID6444,,,,,,,,,,,,,,,,,,,,,,,,,,,,
VFID6445,,,,,,,,,,,,,,,,,,,,,,,,,,,,
VFID6446,,,,,,,,,,,,,,,,,,,,,,,,,,,,
VFID6447,,,,,,,,,,,,,,,,,,,,,,,,,,,,
VFID6448,,,,,,,,,,,,,,,,,,,,,,,,,,,,
VFID6449,,,,,,,,,,,,,,,,,,,,,,,,,,,,
VFID6450,,,,,,,,,,,,,,,,,,,,,,,,,,,,
VFID6451,,,,,,,,,,,,,,,,,,,,,,,,,,,,
VFID6452,,,,,,,,,,,,,,,,,,,,,,,,,,,,
VFID6453,,,,,,,,,,,,,,,,,,,,,,,,,,,,
VFID6454,,,,,,,,,,,,,,,,,,,,,,,,,,,,
VFID6455,,,,,,,,,,,,,,,,,,,,,,,,,,,,
VFID6456,,,,,,,,,,,,,,,,,,,,,,,,,,,,
VFID6457,,,,,,,,,,,,,,,,,,,,,,,,,,,,
VFID6458,,,,,,,,,,,,,,,,,,,,,,,,,,,,
VFID6459,,,,,,,,,,,,,,,,,,,,,,,,,,,,
VFID6460,,,,,,,,,,,,,,,,,,,,,,,,,,,,
VFID6461,,,,,,,,,,,,,,,,,,,,,,,,,,,,
VFID6462,,,,,,,,,,,,,,,,,,,,,,,,,,,,
VFID6463,,,,,,,,,,,,,,,,,,,,,,,,,,,,
VFID6464,,,,,,,,,,,,,,,,,,,,,,,,,,,,
VFID6465,,,,,,,,,,,,,,,,,,,,,,,,,,,,
VFID6466,,,,,,,,,,,,,,,,,,,,,,,,,,,,
VFID6467,,,,,,,,,,,,,,,,,,,,,,,,,,,,
VFID6468,,,,,,,,,,,,,,,,,,,,,,,,,,,,
VFID6469,,,,,,,,,,,,,,,,,,,,,,,,,,,,
VFID6470,,,,,,,,,,,,,,,,,,,,,,,,,,,,
VFID6471,,,,,,,,,,,,,,,,,,,,,,,,,,,,
VFID6472,,,,,,,,,,,,,,,,,,,,,,,,,,,,
VFID6473,,,,,,,,,,,,,,,,,,,,,,,,,,,,
VFID6474,,,,,,,,,,,,,,,,,,,,,,,,,,,,
VFID6475,183.21712499999995,1.2996944444444445,Boselli+2014,,15864944.739638563,-1.0,-1.0,,,114931364.73996726,-1.0,-1.0,Boselli+2014,7.24261632616061,,,,,,1.921863595930528,-1.0,2.060564264180691,-1.0,0.0,,,,
VFID6476,,,,,,,,,,,,,,,,,,,,,,,,,,,,
VFID6477,,,,,,,,,,,,,,,,,,,,,,,,,,,,
VFID6478,,,,,,,,,,,,,,,,,,,,,,,,,,,,
VFID6479,,,,,,,,,,,,,,,,,,,,,,,,,,,,
VFID6480,193.338625,1.2691666666666666,Boselli+2014,,624611571.4285715,-1.0,-1.0,,,4421911288.704089,-1.0,-1.0,Boselli+2014,8.901624356888494,6.91299109177428,6.91299109177428,0.7834037908272007,-1.0,-1.0,-0.0216078659746994,-1.0,0.2860816652925617,0.0044581127312566,0.0,8.795610025621087,0.961557859457049,0.961557859457049,9.15287404233754
VFID6481,,,,,,,,,,,,,,,,,,,,,,,,,,,,
VFID6482,,,,,,,,,,,,,,,,,,,,,,,,,,,,
VFID6483,,,,,,,,,,,,,,,,,,,,,,,,,,,,
VFID6484,178.9036083,1.2373417,AMIGA,,69183097.09189363,8647887.136486704,8647887.136486704,,,275422870.3338166,131426334.90962592,131426334.90962592,AMIGA,9.57173264056656,9.074510248451972,8.954510248451973,0.0185467304186287,-1.0,-1.0,0.67480215964639,0.0542868102379064,-0.5100338316966475,0.1382171453835723,0.0,7.839999999999998,0.9813528620985464,0.9813527191360444,9.579713599575188
VFID6485,,,,,,,,,,,,,,,,,,,,,,,,,,,,
VFID6486,226.02916666666664,1.2199166666666668,Literature,4.3,206093208.13259783,-1.0,-1.0,-1000.0,-1000.0,12135667802.07591,-1.0,-1.0,This work,7.835662436708798,,,,,,1.0431384799445045,-1.0,1.2943775897724803,-1.0,0.0,,,,
VFID6487,,,,,,,,,,,,,,,,,,,,,,,,,,,,
VFID6488,,,,,,,,,,,,,,,,,,,,,,,,,,,,
VFID6489,,,,,,,,,,,,,,,,,,,,,,,,,,,,
VFID6490,,,,,,,,,,,,,,,,,,,,,,,,,,,,
VFID6491,,,,,,,,,,,,,,,,,,,,,,,,,,,,
VFID6492,,,,,,,,,,,,,,,,,,,,,,,,,,,,
VFID6493,,,,,,,,,,,,,,,,,,,,,,,,,,,,
VFID6494,,,,,,,,,,,,,,,,,,,,,,,,,,,,
VFID6495,,,,,,,,,,,,,,,,,,,,,,,,,,,,
VFID6496,,,,,,,,,,,,,,,,,,,,,,,,,,,,
VFID6497,,,,,,,,,,,,,,,,,,,,,,,,,,,,
VFID6498,,,,,,,,,,,,,,,,,,,,,,,,,,,,
VFID6499,,,,,,,,,,,,,,,,,,,,,,,,,,,,
VFID6500,,,,,,,,,,,,,,,,,,,,,,,,,,,,
VFID6501,,,,,,,,,,,,,,,,,,,,,,,,,,,,
VFID6502,,,,,,,,,,,,,,,,,,,,,,,,,,,,
VFID6503,,,,,,,,,,,,,,,,,,,,,,,,,,,,
VFID6504,,,,,,,,,,,,,,,,,,,,,,,,,,,,
VFID6505,,,,,,,,,,,,,,,,,,,,,,,,,,,,
VFID6506,,,,,,,,,,,,,,,,,,,,,,,,,,,,
VFID6507,,,,,,,,,,,,,,,,,,,,,,,,,,,,
VFID6508,,,,,,,,,,,,,,,,,,,,,,,,,,,,
VFID6509,,,,,,,,,,,,,,,,,,,,,,,,,,,,
VFID6510,,,,,,,,,,,,,,,,,,,,,,,,,,,,
VFID6511,,,,,,,,,,,,,,,,,,,,,,,,,,,,
VFID6512,,,,,,,,,,,,,,,,,,,,,,,,,,,,
VFID6513,,,,,,,,,,,,,,,,,,,,,,,,,,,,
VFID6514,,,,,,,,,,,,,,,,,,,,,,,,,,,,
VFID6515,,,,,,,,,,,,,,,,,,,,,,,,,,,,
VFID6516,,,,,,,,,,,,,,,,,,,,,,,,,,,,
VFID6517,,,,,,,,,,,,,,,,,,,,,,,,,,,,
VFID6518,,,,,,,,,,,,,,,,,,,,,,,,,,,,
VFID6519,,,,,,,,,,,,,,,,,,,,,,,,,,,,
VFID6520,,,,,,,,,,,,,,,,,,,,,,,,,,,,
VFID6521,,,,,,,,,,,,,,,,,,,,,,,,,,,,
VFID6522,,,,,,,,,,,,,,,,,,,,,,,,,,,,
VFID6523,,,,,,,,,,,,,,,,,,,,,,,,,,,,
VFID6524,,,,,,,,,,,,,,,,,,,,,,,,,,,,
VFID6525,,,,,,,,,,,,,,,,,,,,,,,,,,,,
VFID6526,,,,,,,,,,,,,,,,,,,,,,,,,,,,
VFID6527,,,,,,,,,,,,,,,,,,,,,,,,,,,,
VFID6528,,,,,,,,,,,,,,,,,,,,,,,,,,,,
VFID6529,,,,,,,,,,,,,,,,,,,,,,,,,,,,
VFID6530,,,,,,,,,,,,,,,,,,,,,,,,,,,,
VFID6531,,,,,,,,,,,,,,,,,,,,,,,,,,,,
VFID6532,,,,,,,,,,,,,,,,,,,,,,,,,,,,
VFID6533,,,,,,,,,,,,,,,,,,,,,,,,,,,,
VFID6534,,,,,,,,,,,,,,,,,,,,,,,,,,,,
VFID6535,,,,,,,,,,,,,,,,,,,,,,,,,,,,
VFID6536,,,,,,,,,,,,,,,,,,,,,,,,,,,,
VFID6537,,,,,,,,,,,,,,,,,,,,,,,,,,,,
VFID6538,,,,,,,,,,,,,,,,,,,,,,,,,,,,
VFID6539,,,,,,,,,,,,,,,,,,,,,,,,,,,,
VFID6540,,,,,,,,,,,,,,,,,,,,,,,,,,,,
VFID6541,,,,,,,,,,,,,,,,,,,,,,,,,,,,
VFID6542,,,,,,,,,,,,,,,,,,,,,,,,,,,,
VFID6543,,,,,,,,,,,,,,,,,,,,,,,,,,,,
VFID6544,,,,,,,,,,,,,,,,,,,,,,,,,,,,
VFID6545,,,,,,,,,,,,,,,,,,,,,,,,,,,,
VFID6546,,,,,,,,,,,,,,,,,,,,,,,,,,,,
VFID6547,,,,,,,,,,,,,,,,,,,,,,,,,,,,
VFID6548,,,,,,,,,,,,,,,,,,,,,,,,,,,,
VFID6549,,,,,,,,,,,,,,,,,,,,,,,,,,,,
VFID6550,,,,,,,,,,,,,,,,,,,,,,,,,,,,
VFID6551,,,,,,,,,,,,,,,,,,,,,,,,,,,,
VFID6552,,,,,,,,,,,,,,,,,,,,,,,,,,,,
VFID6553,,,,,,,,,,,,,,,,,,,,,,,,,,,,
VFID6554,,,,,,,,,,,,,,,,,,,,,,,,,,,,
VFID6555,,,,,,,,,,,,,,,,,,,,,,,,,,,,
VFID6556,,,,,,,,,,,,,,,,,,,,,,,,,,,,
VFID6557,,,,,,,,,,,,,,,,,,,,,,,,,,,,
VFID6558,,,,,,,,,,,,,,,,,,,,,,,,,,,,
VFID6559,,,,,,,,,,,,,,,,,,,,,,,,,,,,
VFID6560,,,,,,,,,,,,,,,,,,,,,,,,,,,,
VFID6561,,,,,,,,,,,,,,,,,,,,,,,,,,,,
VFID6562,,,,,,,,,,,,,,,,,,,,,,,,,,,,
VFID6563,,,,,,,,,,,,,,,,,,,,,,,,,,,,
VFID6564,,,,,,,,,,,,,,,,,,,,,,,,,,,,
VFID6565,,,,,,,,,,,,,,,,,,,,,,,,,,,,
VFID6566,,,,,,,,,,,,,,,,,,,,,,,,,,,,
VFID6567,,,,,,,,,,,,,,,,,,,,,,,,,,,,
VFID6568,,,,,,,,,,,,,,,,,,,,,,,,,,,,
VFID6569,,,,,,,,,,,,,,,,,,,,,,,,,,,,
VFID6570,,,,,,,,,,,,,,,,,,,,,,,,,,,,
VFID6571,,,,,,,,,,,,,,,,,,,,,,,,,,,,
VFID6572,,,,,,,,,,,,,,,,,,,,,,,,,,,,
VFID6573,,,,,,,,,,,,,,,,,,,,,,,,,,,,
VFID6574,,,,,,,,,,,,,,,,,,,,,,,,,,,,
VFID6575,,,,,,,,,,,,,,,,,,,,,,,,,,,,
VFID6576,,,,,,,,,,,,,,,,,,,,,,,,,,,,
VFID6577,,,,,,,,,,,,,,,,,,,,,,,,,,,,
VFID6578,,,,,,,,,,,,,,,,,,,,,,,,,,,,
VFID6579,,,,,,,,,,,,,,,,,,,,,,,,,,,,
VFID6580,,,,,,,,,,,,,,,,,,,,,,,,,,,,
VFID6581,,,,,,,,,,,,,,,,,,,,,,,,,,,,
VFID6582,227.456,0.4700277777777777,Literature,4.3,90437948.1135475,-1.0,-1.0,-1000.0,-1000.0,1684033398.484207,-1.0,-1.0,This work,7.852961072642509,,,,,,1.238851459279931,-1.0,1.2693347398197723,-1.0,0.0,,,,
VFID6583,,,,,,,,,,,,,,,,,,,,,,,,,,,,
VFID6584,,,,,,,,,,,,,,,,,,,,,,,,,,,,
VFID6585,,,,,,,,,,,,,,,,,,,,,,,,,,,,
VFID6586,,,,,,,,,,,,,,,,,,,,,,,,,,,,
VFID6587,,,,,,,,,,,,,,,,,,,,,,,,,,,,
VFID6588,,,,,,,,,,,,,,,,,,,,,,,,,,,,
VFID6589,,,,,,,,,,,,,,,,,,,,,,,,,,,,
VFID6590,,,,,,,,,,,,,,,,,,,,,,,,,,,,
VFID6591,,,,,,,,,,,,,,,,,,,,,,,,,,,,
VFID6592,,,,,,,,,,,,,,,,,,,,,,,,,,,,
VFID6593,,,,,,,,,,,,,,,,,,,,,,,,,,,,
VFID6594,,,,,,,,,,,,,,,,,,,,,,,,,,,,
VFID6595,,,,,,,,,,,,,,,,,,,,,,,,,,,,
VFID6596,134.1696167,0.3751167,AMIGA,,208929613.0854041,-1.0,-1.0,,,630957344.4801937,-1.0,-1.0,AMIGA,9.541732640566561,9.044510248451973,8.924510248451973,0.0600160432025205,-1.0,-1.0,0.1300021596463896,-1.0,-0.5618723168376025,0.1382171453835724,0.0,8.32,0.980781212345213,0.9807797723749888,9.567045078870578
VFID6597,,,,,,,,,,,,,,,,,,,,,,,,,,,,
VFID6598,,,,,,,,,,,,,,,,,,,,,,,,,,,,
VFID6599,,,,,,,,,,,,,,,,,,,,,,,,,,,,
VFID6600,,,,,,,,,,,,,,,,,,,,,,,,,,,,
VFID6601,,,,,,,,,,,,,,,,,,,,,,,,,,,,
VFID6602,,,,,,,,,,,,,,,,,,,,,,,,,,,,
VFID6603,218.11879166666665,0.294,This work,4.3,81958065.02497365,11715043.300399693,11715043.300399693,2.804786300346698,1.1711614340535652,919584614.3690076,443414909.1493917,443414909.1493917,deVaucouleurs1991,8.753049797819758,8.25596486695685,8.25596486695685,0.1447244469498301,-1.0,-1.0,0.398710463198058,0.0620778279608106,0.0841594522281692,0.138260900277412,0.0,7.913591696448331,0.9450820310251596,0.9450820310251596,8.811750755612376
VFID6604,,,,,,,,,,,,,,,,,,,,,,,,,,,,
VFID6605,,,,,,,,,,,,,,,,,,,,,,,,,,,,
VFID6606,,,,,,,,,,,,,,,,,,,,,,,,,,,,
VFID6607,,,,,,,,,,,,,,,,,,,,,,,,,,,,
VFID6608,,,,,,,,,,,,,,,,,,,,,,,,,,,,
VFID6609,,,,,,,,,,,,,,,,,,,,,,,,,,,,
VFID6610,,,,,,,,,,,,,,,,,,,,,,,,,,,,
VFID6611,,,,,,,,,,,,,,,,,,,,,,,,,,,,
VFID6612,,,,,,,,,,,,,,,,,,,,,,,,,,,,
VFID6613,,,,,,,,,,,,,,,,,,,,,,,,,,,,
VFID6614,,,,,,,,,,,,,,,,,,,,,,,,,,,,
VFID6615,,,,,,,,,,,,,,,,,,,,,,,,,,,,
VFID6616,,,,,,,,,,,,,,,,,,,,,,,,,,,,
VFID6617,,,,,,,,,,,,,,,,,,,,,,,,,,,,
VFID6618,,,,,,,,,,,,,,,,,,,,,,,,,,,,
VFID6619,188.18995833333332,0.1150277777777777,Boselli+2014,,4320204456.521739,-1.0,-1.0,,,6102450995.283498,-1.0,-1.0,Boselli+2014,9.936071995220928,7.064258767104929,7.064258767104929,0.500532527098758,-1.0,-1.0,-0.5780021409273228,-1.0,-0.0987659730398728,0.0005834062577918,0.0,9.635504300573713,1.0048506957640255,1.0048506957640255,10.112317409301287
VFID6620,,,,,,,,,,,,,,,,,,,,,,,,,,,,
VFID6621,,,,,,,,,,,,,,,,,,,,,,,,,,,,
VFID6622,,,,,,,,,,,,,,,,,,,,,,,,,,,,
VFID6623,,,,,,,,,,,,,,,,,,,,,,,,,,,,
VFID6624,,,,,,,,,,,,,,,,,,,,,,,,,,,,
VFID6625,,,,,,,,,,,,,,,,,,,,,,,,,,,,
VFID6626,,,,,,,,,,,,,,,,,,,,,,,,,,,,
VFID6627,,,,,,,,,,,,,,,,,,,,,,,,,,,,
VFID6628,,,,,,,,,,,,,,,,,,,,,,,,,,,,
VFID6629,,,,,,,,,,,,,,,,,,,,,,,,,,,,
VFID6630,,,,,,,,,,,,,,,,,,,,,,,,,,,,
VFID6631,,,,,,,,,,,,,,,,,,,,,,,,,,,,
VFID6632,,,,,,,,,,,,,,,,,,,,,,,,,,,,
VFID6633,,,,,,,,,,,,,,,,,,,,,,,,,,,,
VFID6634,,,,,,,,,,,,,,,,,,,,,,,,,,,,
VFID6635,,,,,,,,,,,,,,,,,,,,,,,,,,,,
VFID6636,,,,,,,,,,,,,,,,,,,,,,,,,,,,
VFID6637,,,,,,,,,,,,,,,,,,,,,,,,,,,,
VFID6638,,,,,,,,,,,,,,,,,,,,,,,,,,,,
VFID6639,,,,,,,,,,,,,,,,,,,,,,,,,,,,
VFID6640,,,,,,,,,,,,,,,,,,,,,,,,,,,,
VFID6641,,,,,,,,,,,,,,,,,,,,,,,,,,,,
VFID6642,,,,,,,,,,,,,,,,,,,,,,,,,,,,
VFID6643,195.2444583333333,-0.0274444444444444,Boselli+2014,,452217184.11552346,-1.0,-1.0,,,668878230.2990775,-1.0,-1.0,Boselli+2014,8.999054171851965,6.91299109177428,6.91299109177428,0.4532031184356178,-1.0,-1.0,0.1429550982651957,-1.0,-0.0801481496709097,0.0035622240484203,0.0,8.655347061381192,0.9619610186382244,0.9619610186382244,9.161380492998276
VFID6644,,,,,,,,,,,,,,,,,,,,,,,,,,,,
VFID6645,166.4524708,-0.0359,AMIGA,,741310241.3009162,92663780.16261452,92663780.16261452,,,281838293.1264449,134487647.51416343,134487647.51416343,AMIGA,9.511732640566562,9.014510248451973,8.894510248451974,0.2281746323471492,-1.0,-1.0,0.6816021596463901,0.0542868102379064,-0.0704174520718829,0.1382171453835725,0.0,8.87,0.9823582145000197,0.9823403773599437,9.60099276345685
VFID6646,,,,,,,,,,,,,,,,,,,,,,,,,,,,
VFID6647,,,,,,,,,,,,,,,,,,,,,,,,,,,,
VFID6648,,,,,,,,,,,,,,,,,,,,,,,,,,,,
VFID6649,,,,,,,,,,,,,,,,,,,,,,,,,,,,
VFID6650,,,,,,,,,,,,,,,,,,,,,,,,,,,,
VFID6651,,,,,,,,,,,,,,,,,,,,,,,,,,,,
VFID6652,,,,,,,,,,,,,,,,,,,,,,,,,,,,
VFID6653,,,,,,,,,,,,,,,,,,,,,,,,,,,,
VFID6654,,,,,,,,,,,,,,,,,,,,,,,,,,,,
VFID6655,,,,,,,,,,,,,,,,,,,,,,,,,,,,
VFID6656,,,,,,,,,,,,,,,,,,,,,,,,,,,,
VFID6657,,,,,,,,,,,,,,,,,,,,,,,,,,,,
VFID6658,,,,,,,,,,,,,,,,,,,,,,,,,,,,
VFID6659,,,,,,,,,,,,,,,,,,,,,,,,,,,,
VFID6660,,,,,,,,,,,,,,,,,,,,,,,,,,,,
VFID6661,,,,,,,,,,,,,,,,,,,,,,,,,,,,
VFID6662,,,,,,,,,,,,,,,,,,,,,,,,,,,,
VFID6663,,,,,,,,,,,,,,,,,,,,,,,,,,,,
VFID6664,,,,,,,,,,,,,,,,,,,,,,,,,,,,
VFID6665,,,,,,,,,,,,,,,,,,,,,,,,,,,,
VFID6666,,,,,,,,,,,,,,,,,,,,,,,,,,,,
VFID6667,,,,,,,,,,,,,,,,,,,,,,,,,,,,
VFID6668,,,,,,,,,,,,,,,,,,,,,,,,,,,,
VFID6669,,,,,,,,,,,,,,,,,,,,,,,,,,,,
VFID6670,,,,,,,,,,,,,,,,,,,,,,,,,,,,
VFID6671,,,,,,,,,,,,,,,,,,,,,,,,,,,,
VFID6672,,,,,,,,,,,,,,,,,,,,,,,,,,,,
VFID6673,,,,,,,,,,,,,,,,,,,,,,,,,,,,
VFID6674,,,,,,,,,,,,,,,,,,,,,,,,,,,,
VFID6675,,,,,,,,,,,,,,,,,,,,,,,,,,,,
VFID6676,,,,,,,,,,,,,,,,,,,,,,,,,,,,
VFID6677,,,,,,,,,,,,,,,,,,,,,,,,,,,,
VFID6678,,,,,,,,,,,,,,,,,,,,,,,,,,,,
VFID6679,,,,,,,,,,,,,,,,,,,,,,,,,,,,
VFID6680,,,,,,,,,,,,,,,,,,,,,,,,,,,,
VFID6681,,,,,,,,,,,,,,,,,,,,,,,,,,,,
VFID6682,,,,,,,,,,,,,,,,,,,,,,,,,,,,
VFID6683,,,,,,,,,,,,,,,,,,,,,,,,,,,,
VFID6684,,,,,,,,,,,,,,,,,,,,,,,,,,,,
VFID6685,,,,,,,,,,,,,,,,,,,,,,,,,,,,
VFID6686,,,,,,,,,,,,,,,,,,,,,,,,,,,,
VFID6687,,,,,,,,,,,,,,,,,,,,,,,,,,,,
VFID6688,215.5992125,-0.38745,AMIGA,,162181009.7358933,20272626.216986664,20272626.216986664,,,154881661.89124843,73906459.33798984,73906459.33798984,AMIGA,9.781732640566561,9.284510248451973,9.164510248451974,0.0268081817643892,-1.0,-1.0,0.5478021596463876,0.0542868102379064,-0.5876645458204788,0.1382171453835724,0.0,8.209999999999999,0.9909262804507264,0.9909259906311834,9.793221961104503
VFID6689,,,,,,,,,,,,,,,,,,,,,,,,,,,,
VFID6690,,,,,,,,,,,,,,,,,,,,,,,,,,,,
VFID6691,,,,,,,,,,,,,,,,,,,,,,,,,,,,
VFID6692,,,,,,,,,,,,,,,,,,,,,,,,,,,,
VFID6693,,,,,,,,,,,,,,,,,,,,,,,,,,,,
VFID6694,,,,,,,,,,,,,,,,,,,,,,,,,,,,
VFID6695,,,,,,,,,,,,,,,,,,,,,,,,,,,,
VFID6696,,,,,,,,,,,,,,,,,,,,,,,,,,,,
VFID6697,,,,,,,,,,,,,,,,,,,,,,,,,,,,
VFID6698,,,,,,,,,,,,,,,,,,,,,,,,,,,,
VFID6699,,,,,,,,,,,,,,,,,,,,,,,,,,,,
VFID6700,,,,,,,,,,,,,,,,,,,,,,,,,,,,
VFID6701,,,,,,,,,,,,,,,,,,,,,,,,,,,,
VFID6702,,,,,,,,,,,,,,,,,,,,,,,,,,,,
VFID6703,,,,,,,,,,,,,,,,,,,,,,,,,,,,
VFID6704,,,,,,,,,,,,,,,,,,,,,,,,,,,,
VFID6705,,,,,,,,,,,,,,,,,,,,,,,,,,,,
VFID6706,,,,,,,,,,,,,,,,,,,,,,,,,,,,
VFID6707,,,,,,,,,,,,,,,,,,,,,,,,,,,,
VFID6708,,,,,,,,,,,,,,,,,,,,,,,,,,,,
VFID6709,,,,,,,,,,,,,,,,,,,,,,,,,,,,
VFID6710,,,,,,,,,,,,,,,,,,,,,,,,,,,,
VFID6711,,,,,,,,,,,,,,,,,,,,,,,,,,,,
VFID6712,,,,,,,,,,,,,,,,,,,,,,,,,,,,
VFID6713,,,,,,,,,,,,,,,,,,,,,,,,,,,,
VFID6714,,,,,,,,,,,,,,,,,,,,,,,,,,,,
VFID6715,,,,,,,,,,,,,,,,,,,,,,,,,,,,
VFID6716,,,,,,,,,,,,,,,,,,,,,,,,,,,,
VFID6717,,,,,,,,,,,,,,,,,,,,,,,,,,,,
VFID6718,,,,,,,,,,,,,,,,,,,,,,,,,,,,
VFID6719,,,,,,,,,,,,,,,,,,,,,,,,,,,,
VFID6720,,,,,,,,,,,,,,,,,,,,,,,,,,,,
VFID6721,,,,,,,,,,,,,,,,,,,,,,,,,,,,
VFID6722,,,,,,,,,,,,,,,,,,,,,,,,,,,,
VFID6723,,,,,,,,,,,,,,,,,,,,,,,,,,,,
VFID6724,,,,,,,,,,,,,,,,,,,,,,,,,,,,
VFID6725,,,,,,,,,,,,,,,,,,,,,,,,,,,,
VFID6726,,,,,,,,,,,,,,,,,,,,,,,,,,,,
VFID6727,,,,,,,,,,,,,,,,,,,,,,,,,,,,
VFID6728,,,,,,,,,,,,,,,,,,,,,,,,,,,,
VFID6729,,,,,,,,,,,,,,,,,,,,,,,,,,,,
VFID6730,,,,,,,,,,,,,,,,,,,,,,,,,,,,
VFID6731,,,,,,,,,,,,,,,,,,,,,,,,,,,,
VFID6732,,,,,,,,,,,,,,,,,,,,,,,,,,,,
VFID6733,,,,,,,,,,,,,,,,,,,,,,,,,,,,
VFID6734,,,,,,,,,,,,,,,,,,,,,,,,,,,,
VFID6735,,,,,,,,,,,,,,,,,,,,,,,,,,,,
VFID6736,,,,,,,,,,,,,,,,,,,,,,,,,,,,
VFID6737,,,,,,,,,,,,,,,,,,,,,,,,,,,,
VFID6738,,,,,,,,,,,,,,,,,,,,,,,,,,,,
VFID6739,,,,,,,,,,,,,,,,,,,,,,,,,,,,
VFID6740,,,,,,,,,,,,,,,,,,,,,,,,,,,,
VFID6741,,,,,,,,,,,,,,,,,,,,,,,,,,,,
VFID6742,,,,,,,,,,,,,,,,,,,,,,,,,,,,
VFID6743,,,,,,,,,,,,,,,,,,,,,,,,,,,,
VFID6744,,,,,,,,,,,,,,,,,,,,,,,,,,,,
VFID6745,,,,,,,,,,,,,,,,,,,,,,,,,,,,
VFID6746,,,,,,,,,,,,,,,,,,,,,,,,,,,,
VFID6747,,,,,,,,,,,,,,,,,,,,,,,,,,,,
VFID6748,,,,,,,,,,,,,,,,,,,,,,,,,,,,
VFID6749,,,,,,,,,,,,,,,,,,,,,,,,,,,,
VFID6750,,,,,,,,,,,,,,,,,,,,,,,,,,,,
VFID6751,,,,,,,,,,,,,,,,,,,,,,,,,,,,
VFID6752,,,,,,,,,,,,,,,,,,,,,,,,,,,,
VFID6753,,,,,,,,,,,,,,,,,,,,,,,,,,,,
VFID6754,,,,,,,,,,,,,,,,,,,,,,,,,,,,
VFID6755,,,,,,,,,,,,,,,,,,,,,,,,,,,,
VFID6756,,,,,,,,,,,,,,,,,,,,,,,,,,,,
VFID6757,,,,,,,,,,,,,,,,,,,,,,,,,,,,
VFID6758,,,,,,,,,,,,,,,,,,,,,,,,,,,,
VFID6759,,,,,,,,,,,,,,,,,,,,,,,,,,,,
VFID6760,,,,,,,,,,,,,,,,,,,,,,,,,,,,
VFID6761,,,,,,,,,,,,,,,,,,,,,,,,,,,,
VFID6762,,,,,,,,,,,,,,,,,,,,,,,,,,,,
VFID6763,212.9077292,-1.1587194,AMIGA,,93325430.07969904,-1.0,-1.0,,,257039578.27688625,-1.0,-1.0,AMIGA,9.941732640566562,9.444510248451973,9.324510248451974,0.0106725293899048,-1.0,-1.0,0.4071021596463895,-1.0,-0.8698906669489173,0.1382171453835724,0.0,7.969999999999997,0.9976635445035634,0.997663498553111,9.946343102075682
VFID6764,,,,,,,,,,,,,,,,,,,,,,,,,,,,
VFID6765,,,,,,,,,,,,,,,,,,,,,,,,,,,,
VFID6766,,,,,,,,,,,,,,,,,,,,,,,,,,,,
VFID6767,,,,,,,,,,,,,,,,,,,,,,,,,,,,
VFID6768,,,,,,,,,,,,,,,,,,,,,,,,,,,,
VFID6769,,,,,,,,,,,,,,,,,,,,,,,,,,,,
VFID6770,,,,,,,,,,,,,,,,,,,,,,,,,,,,
VFID6771,,,,,,,,,,,,,,,,,,,,,,,,,,,,
VFID6772,,,,,,,,,,,,,,,,,,,,,,,,,,,,
VFID6773,,,,,,,,,,,,,,,,,,,,,,,,,,,,
VFID6774,,,,,,,,,,,,,,,,,,,,,,,,,,,,
VFID6775,,,,,,,,,,,,,,,,,,,,,,,,,,,,
VFID6776,,,,,,,,,,,,,,,,,,,,,,,,,,,,
VFID6777,,,,,,,,,,,,,,,,,,,,,,,,,,,,
VFID6778,,,,,,,,,,,,,,,,,,,,,,,,,,,,
VFID6779,,,,,,,,,,,,,,,,,,,,,,,,,,,,
