VFID,RAdeg,DEdeg,HV,Vcosmic,Vmodel,HyperLeda,NED,PGC,NSAV0,NSAV1,AGC,CO,A100,redshift
0,185.868772,74.95225,1419,1810,1810,NGC4363,NGC 4363,40233.0,,,,False,False,0.006
1,182.208,74.90428,1332,1082,1723,NGC4133,NGC 4133,38578.0,,,,False,False,0.0036
2,145.944663,74.85958,3049,3069,3381,NGC2977,NGC 2977,27845.0,,,,False,False,0.0102
3,185.573083,74.83839,1833,2212,2212,PGC040048,CGCG 352-030,40048.0,,,,False,False,0.0074
4,182.82775,74.80822,1683,2066,2066,UGC07189,UGC 07189,38805.0,,,,False,False,0.0069
5,173.134184,74.62754,1920,2203,2291,NGC3752,NGC 3752,35608.0,,,,False,False,0.0073
6,121.912404,74.58463,2333,2786,2669,UGC04202,UGC 04202,22815.0,,,,False,False,0.0093
7,118.2363,74.57653,2346,2680,2680,PGC022064,KUG 0746+747,22064.0,,,,False,False,0.0089
8,274.943166,74.56839,1484,1517,1875,NGC6643,NGC 6643,61742.0,,,,False,False,0.0051
9,183.47745,74.5014,1702,2075,2084,UGC07238,UGC 07238,39036.0,,,,False,False,0.0069
10,190.435041,74.42086,1453,2800,1845,NGC4648,NGC 4648,42595.0,,,,False,False,0.0093
11,154.41619,74.34739,2944,3672,3280,NGC3155,NGC 3155,30064.0,,,,False,False,0.0122
12,110.33325,74.3238,966,1325,1325,PGC2761545,WISEA J072119.85+741922.5,2761545.0,,,,False,False,0.0044
13,139.634051,74.3192,2966,3295,3295,UGC04883,UGC 04883,26284.0,,,,False,False,0.011
14,262.266917,74.25783,1928,2618,2311,UGC10892,UGC 10892,60369.0,,,,False,False,0.0087
15,188.939359,74.24259,2188,2558,2558,NGC4572,NGC 4572,41991.0,,,,False,False,0.0085
16,138.699625,74.23247,1127,1962,1498,UGC04841,Holmberg III,26071.0,,,,False,False,0.0065
17,157.678335,74.22752,2806,3147,3147,UGC05686,UGC 05686,30998.0,,,,False,False,0.0105
18,189.354291,74.19186,2002,2084,2377,NGC4589,NGC 4589,42139.0,,,,False,False,0.007
19,155.454019,74.17699,3092,2673,3426,NGC3183,NGC 3183,30323.0,,,,False,False,0.0089
20,132.019333,74.09878,2168,1990,2511,NGC2633,NGC 2633,24723.0,,,,False,False,0.0066
21,278.702208,74.06181,1679,2064,2064,PGC062075,CGCG 340-051,62075.0,,,,False,False,0.0069
22,132.099209,74.03822,2160,2504,2504,PGC213530,WISEA J084823.84+740217.5,213530.0,,,,False,False,0.0084
23,126.140166,74.01231,2269,2298,2607,NGC2550,NGC 2550,23604.0,,,,False,False,0.0077
24,132.105958,73.96711,2258,3119,2599,NGC2634,NGC 2634,24749.0,,,,False,False,0.0104
25,132.158927,73.93931,2087,2360,2432,NGC2634A,NGC 2634A,24760.0,,,,False,False,0.0079
26,141.418416,73.90012,3152,3478,3478,PGC026731,CGCG 332-048,26731.0,,,,False,False,0.0116
27,157.691225,73.88542,2826,3990,3165,UGC05689,UGC 05689,31011.0,,,,False,False,0.0133
28,127.462291,73.85639,2292,2630,2629,UGC04413,UGC 04413,23840.0,,,,False,False,0.0088
29,142.807999,73.81058,3113,2937,3440,UGC05052,UGC 05052,27027.0,,,,False,False,0.0098
30,158.596384,73.76501,1149,1901,1530,NGC3252,NGC 3252,31278.0,,,,False,False,0.0063
31,139.63647,73.7597,2258,2415,2603,IC0529,IC 0529,26295.0,,,,False,False,0.0081
32,129.978106,73.75401,3287,3261,3605,UGC04502,UGC 04502,24360.0,,,,False,False,0.0109
33,190.208627,73.71893,1863,3303,2243,UGC07844,UGC 07844,42475.0,,,,False,False,0.011
34,114.24411,73.71341,945,1691,1303,UGC03909,UGC 03909,21398.0,,,,False,False,0.0056
35,194.985076,73.69269,1665,2043,2052,UGC08120,UGC 08120,44672.0,,,,False,False,0.0068
36,163.478541,73.69036,1262,2002,1645,NGC3403,NGC 3403,32719.0,,,,False,False,0.0067
37,188.885375,73.67483,1148,2011,1543,UGC07767,UGC 07767,41947.0,,,,False,False,0.0067
38,132.101667,73.67128,1896,2246,2246,NGC2636,NGC 2636,24747.0,,,,False,False,0.0075
39,188.660179,73.66669,1187,1582,1582,UGC07745,UGC 07745,41809.0,,,,False,False,0.0053
40,279.634545,73.65674,1404,1795,1795,PGC062173,MCG +12-17-027,62173.0,,,,False,False,0.006
41,126.950625,73.65133,2140,2481,2481,UGC04389,UGC 04389,23732.0,,,,False,False,0.0083
42,127.2717,73.6291,2844,3170,3170,PGC023809,KUG 0823+737,23809.0,,,,False,False,0.0106
43,190.908644,73.61331,1667,1267,2053,UGC07908,UGC 07908,42818.0,,,,False,False,0.0042
44,279.748125,73.60997,1520,1908,1908,UGC11331,UGC 11331,62191.0,,,,False,False,0.0064
45,138.062417,73.59408,2281,2624,2624,PGC025939,CGCG 332-033,25939.0,,,,False,False,0.0088
46,279.854815,73.58013,1556,1981,1944,NGC6654A,NGC 6654A,62207.0,,,,False,False,0.0066
47,131.990334,73.53933,2381,1928,2718,IC2389,IC 2389,24711.0,,,,False,False,0.0064
48,126.96501,73.51706,2169,2506,2509,UGC04390,UGC 04390,23731.0,,,,False,False,0.0084
49,108.585708,73.48062,2796,2998,3115,PGC020460,UGC 03730,20460.0,,,,False,False,0.01
50,108.584667,73.47339,2707,2998,3028,PGC200231,UGC 03730 NED02,200231.0,,,,False,False,0.01
51,108.046542,73.47061,2685,3006,3006,UGC03705,UGC 03705,20383.0,,,,False,False,0.01
52,259.02197,73.43605,1253,1653,1653,UGC10803,UGC 10803,59971.0,147869.0,634197.0,,False,False,0.0055
53,268.569,73.42394,1337,1733,1733,NGC6538,NGC 6538,61072.0,,,,False,False,0.0058
54,126.209559,73.41199,2342,2552,2677,NGC2551,NGC 2551,23608.0,,,,False,False,0.0085
55,154.223655,73.40073,2814,3027,3152,NGC3147,NGC 3147,30019.0,,,,False,False,0.0101
56,144.33534,73.38466,2135,2484,2484,UGC05110,UGC 05110,27386.0,,,,False,False,0.0083
57,155.195925,73.28427,2742,3054,3081,UGC05570,UGC 05570,30239.0,,,,False,False,0.0102
58,133.31475,73.18883,2316,2735,2655,PGC024949,UGCA 146,24949.0,,,,False,False,0.0091
59,276.031333,73.18325,1832,2213,2214,NGC6654,NGC 6654,61833.0,,,,False,False,0.0074
60,193.720886,73.17834,1544,2182,1935,UGC08052,UGC 08052,43975.0,,,,False,False,0.0073
61,120.509523,73.04534,3165,3480,3480,UGC04137,UGC 04137,22534.0,,,,False,False,0.0116
62,113.878335,72.96833,2592,2915,2915,PGC3085816,GALEXASC J073530.99+725804.2,3085816.0,,,,False,False,0.0097
63,124.879122,72.9678,2240,2576,2576,PGC090836,FGC 0739,90836.0,,,,False,False,0.0086
64,113.096568,72.90869,3036,3350,3350,UGC03878,UGC 03878,21230.0,,,,False,False,0.0112
65,131.99,72.89572,3123,3443,3443,NGC2641,NGC 2641,24722.0,,,,False,False,0.0115
66,192.530041,72.87447,1623,1963,2011,NGC4750,NGC 4750,43426.0,,,,False,False,0.0065
67,161.791625,72.83967,2828,2554,3168,NGC3348,NGC 3348,32216.0,,,,False,False,0.0085
68,161.92425,72.82186,1008,1387,1387,PGC032213,MCG +12-10-079,32213.0,,,,False,False,0.0046
69,116.248849,72.81096,2480,2785,2806,UGC03975,UGC 03975,21698.0,,,,False,False,0.0093
70,122.746833,72.79444,3150,3466,3466,UGC04242,UGC 04242,22947.0,,,,False,False,0.0116
71,257.987931,72.58201,910,1311,1311,PGC2750394,CGCG 339-033,2750394.0,147798.0,634128.0,,False,False,0.0044
72,112.047799,72.57301,3050,3363,3363,UGC03838,UGC 03838,21065.0,,,,False,False,0.0112
73,166.69779,72.56854,2599,2917,2946,NGC3516,NGC 3516,33623.0,,,,False,False,0.0097
74,112.736253,72.51756,2616,2937,2937,UGC03864,UGC 03864,21189.0,,,,False,False,0.0098
75,146.696916,72.45058,2100,2450,2450,PGC028070,MRK 0120,28070.0,,,,False,False,0.0082
76,256.141438,72.44665,1072,2317,1474,UGC10713,UGC 10713,59551.0,147690.0,634027.0,,False,False,0.0077
77,162.124125,72.42506,2729,3071,3071,NGC3364,NGC 3364,32314.0,,,,False,False,0.0102
78,257.554614,72.4106,1170,3784,1572,IC1251,IC 1251,59735.0,147774.0,634104.0,,False,False,0.0126
79,257.889294,72.40198,1205,1606,1606,IC1254,IC 1254,59783.0,147791.0,634121.0,,False,False,0.0054
80,258.661136,72.39875,1328,2612,1727,UGC10791,UGC 10791,59908.0,147849.0,634177.0,,False,False,0.0087
81,257.603737,72.30439,1215,1648,1616,NGC6340,NGC 6340,59742.0,147778.0,634108.0,,False,False,0.0055
82,147.591953,72.27919,1323,1560,1695,NGC2985,NGC 2985,28316.0,,,,False,False,0.0052
83,191.837982,72.21386,1630,2018,2018,PGC091229,FGC 1501,91229.0,,,,False,False,0.0067
84,148.918917,72.20363,1058,1349,1431,NGC3027,NGC 3027,28636.0,,,,False,False,0.0045
85,151.31555,72.20047,1639,2005,2005,UGC05415,UGC 05415,29264.0,,,,False,False,0.0067
86,150.480417,72.17028,1995,2213,2350,NGC3065,NGC 3065,29046.0,,,,False,False,0.0074
87,107.927875,72.16919,2915,3228,3228,UGC03701,UGC 03701,20362.0,,,,False,False,0.0108
88,150.545417,72.12525,2105,2426,2457,NGC3066,NGC 3066,29059.0,,,,False,False,0.0081
89,264.203459,72.08894,2487,2961,2856,NGC6434,NGC 6434,60573.0,,,,False,False,0.0099
90,147.958333,72.08333,1181,1554,1554,PGC028411,GALEXASC J095150.73+720459.3,28411.0,,,,False,False,0.0052
91,118.248792,72.04128,2487,2812,2812,UGC04050,UGC 04050,22067.0,,,,False,False,0.0094
92,107.843973,71.83639,3140,2328,3448,UGC03697,UGC 03697,20348.0,,,,False,False,0.0078
93,190.253123,71.81154,1652,2039,2039,PGC042517,CGCG 335-020,42517.0,,,,False,False,0.0068
94,163.017459,71.77303,1249,1631,1631,UGC05955,UGC 05955,32610.0,,,,False,False,0.0054
95,108.136291,71.75053,3059,3369,3369,UGC03714,UGC 03714,20398.0,,,,False,False,0.0112
96,224.440254,71.68237,447,788,784,NGC5832,NGC 5832,53469.0,,,,False,False,0.0026
97,108.280209,71.67033,3088,3397,3397,PGC020412,KUG 0707+717,20412.0,,,,False,False,0.0113
98,192.80007,71.63675,1745,2203,2130,NGC4749,NGC 4749,43527.0,,,,False,False,0.0073
99,110.644291,71.59897,2873,3154,3187,UGC03804,UGC 03804,20844.0,,,,False,False,0.0105
100,173.641458,71.54008,2806,3151,3151,UGC06552,UGC 06552,35767.0,139785.0,626896.0,,False,False,0.0105
101,163.929708,71.48833,1281,1663,1663,PGC032818,CGCG 333-063,32818.0,,,,False,False,0.0055
102,191.401667,71.31872,1200,1510,1596,PGC043010,UGCA 296,43010.0,,,,False,False,0.005
103,228.077088,71.2655,1534,1932,1932,PGC091421,FGC 1866,91421.0,,,,False,False,0.0064
104,156.93825,71.237,1126,1503,1503,UGC05658,UGC 05658,30778.0,,,,False,False,0.005
105,106.847916,71.1925,3260,2930,3564,UGC03657,UGC 03657,20184.0,,,,False,False,0.0098
106,198.155625,71.19135,3142,3491,3491,UGC08305,UGC 08305,45879.0,,,,False,False,0.0116
107,191.788029,71.17621,1672,2138,2059,NGC4693,NGC 4693,43141.0,,,,False,False,0.0071
108,115.0014,71.1352,2458,2780,2780,UGC03940,UGC 03940,21520.0,,,,False,False,0.0093
109,261.630336,71.0963,1163,1574,1564,NGC6395,NGC 6395,60291.0,167376.0,687972.0,,False,False,0.0053
110,106.409334,71.07039,3246,3550,3550,UGC03644,UGC 03644,20133.0,,,,False,False,0.0118
111,273.752866,71.00546,1512,1963,1902,UGC11193,UGC 11193,61641.0,,,,False,False,0.0065
112,105.672874,70.97061,3275,3578,3578,UGC03626,UGC 03626,20048.0,,,,False,False,0.0119
113,156.027417,70.88221,1011,1435,1384,UGC05612,UGC 05612,30484.0,,,,False,False,0.0048
114,114.549633,70.85214,2487,3899,2807,UGC03921,UGC 03921,21451.0,,,,False,False,0.013
115,184.35976,70.80245,2039,2410,2410,NGC4250,NGC 4250,39414.0,,,,False,False,0.008
116,191.030132,70.78977,1800,2182,2182,PGC042888,WISEA J124406.87+704717.1,42888.0,,,,False,False,0.0073
117,251.144869,70.78036,1280,1807,1681,NGC6236,NGC 6236,58891.0,,,,False,False,0.006
118,140.276667,70.69831,838,1193,1193,PGC026462,VII Zw 274,26462.0,,,,False,False,0.004
119,170.429083,70.64764,2571,2919,2919,UGC06371,UGC 06371,34834.0,,,,False,False,0.0097
120,152.20977,70.6336,1290,1702,1663,UGC05455,UGC 05455,29506.0,136639.0,623933.0,,False,False,0.0057
121,173.513709,70.59367,2608,2957,2957,PGC2737130,WISEA J113403.24+703537.7,2737130.0,,,,False,False,0.0099
122,173.988792,70.53563,2696,2864,3043,NGC3735,NGC 3735,35869.0,,,,False,False,0.0096
123,201.057084,70.53167,3084,5662,3434,UGC08434,UGC 08434,46846.0,,,,False,False,0.0189
124,278.709463,70.52387,489,1002,871,NGC6689,NGC 6689,62077.0,,,,False,False,0.0033
125,109.473333,70.51906,2953,3261,3261,UGC03771,UGC 03771,20604.0,,,,False,False,0.0109
126,182.59215,70.5154,2124,2540,2492,UGC07164,UGC 07164,38724.0,,,,False,False,0.0085
127,200.72556,70.51446,3136,3485,3485,NGC5144,NGC 5144,46742.0,,,,False,False,0.0116
128,254.08095,70.4468,1326,1726,1726,UGC10636,UGC 10636,59278.0,,,,False,False,0.0058
129,182.5251,70.4036,2105,2473,2473,UGC07160,UGC 07160,38600.0,,,,False,False,0.0082
130,173.291125,70.39011,2595,2944,2944,UGC06532,UGC 06532,35661.0,,,,False,False,0.0098
131,182.627583,70.36937,2101,2588,2470,UGC07168,UGC 07168,38730.0,,,,False,False,0.0086
132,151.378467,70.36444,353,635,624,UGC05423,UGC 05423,29284.0,,,,False,False,0.0021
133,251.59164,70.35877,1132,1759,1535,NGC6237,NGC 6237,58864.0,,,,False,False,0.0059
134,186.103683,70.33422,466,830,768,UGC07490,UGC 07490,40367.0,,,,False,False,0.0028
135,255.10935,70.2909,442,808,805,UGC10669,UGC 10669,59410.0,,,,False,False,0.0027
136,275.722343,70.22535,1506,1895,1895,PGC061798,KAZ 201,61798.0,,,,False,False,0.0063
137,157.602792,70.05159,1920,2306,2280,UGC05688,UGC 05688,30983.0,,,,False,False,0.0077
138,239.987876,69.99608,989,1392,1392,PGC056622,KAZ 055,56622.0,,,,False,False,0.0046
139,126.37185,69.8997,2225,2555,2555,UGC04378,UGC 04378,23635.0,,,,False,False,0.0085
140,253.238235,69.8822,1279,1680,1680,UGC10609,UGC 10609,59185.0,,,,False,False,0.0056
141,176.123958,69.72978,2703,2930,3051,UGC06711,UGC 06711,36542.0,160480.0,663061.0,,False,False,0.0098
142,160.36,69.70611,2972,4139,3304,UGC05809,UGC 05809,31838.0,,,,False,False,0.0138
143,170.529897,69.63367,1307,1597,1692,UGC06378,UGC 06378,34869.0,,,,False,False,0.0053
144,103.878625,69.56297,1206,1574,1549,UGC03580,UGC 03580,19867.0,,,,False,False,0.0053
145,182.129217,69.54489,2246,2182,2609,NGC4120,NGC 4120,38553.0,140825.0,627828.0,,False,False,0.0073
146,272.037708,69.50233,1618,2005,2005,PGC061437,KAZ 186,61437.0,,,,False,False,0.0067
147,135.951666,69.48717,2200,2536,2536,UGC04739,UGC 04739,25448.0,,,,False,False,0.0085
148,257.019447,69.46432,491,918,862,UGC10736,UGC 10736,59668.0,,,,False,False,0.0031
149,171.044667,69.41308,1573,2123,1952,NGC3654,NGC 3654,35025.0,,,,False,False,0.0071
150,146.315781,69.39025,571,887,887,PGC027949,SDSS J094515.30+692325.9,27949.0,157419.0,623400.0,,False,False,0.003
151,176.705834,69.38364,1431,2037,1817,NGC3879,NGC 3879,36743.0,,,,False,False,0.0068
152,124.1604,69.347,1054,1406,1406,PGC2807126,WISEA J081637.54+692052.6,2807126.0,,,,False,False,0.0047
153,180.373458,69.32392,2368,3183,2727,NGC4034,NGC 4034,37935.0,140621.0,627644.0,,False,False,0.0106
154,149.794716,69.25798,1218,1588,1588,PGC028848,KUG 0955+694,28848.0,83658.0,404349.0,,False,False,0.0053
155,139.826811,69.20331,697,979,1033,NGC2787,NGC 2787,26341.0,,,,False,False,0.0033
156,154.970502,69.18858,557,869,869,[CKT2009]D1019+69,WISEA J101952.44+691119.7,5056940.0,,,,False,False,0.0029
157,176.91858,69.10409,1460,1846,1846,UGC06764,UGC 06764,36787.0,,,,False,False,0.0062
158,203.274417,68.86033,1500,1815,1897,PGC047710,UGCA 362,47710.0,,,,False,False,0.0061
159,159.370443,68.8195,1824,2930,2187,UGC05765,UGC 05765,31560.0,,,,False,False,0.0098
160,182.134791,68.76761,2337,2583,2696,NGC4128,NGC 4128,38555.0,140827.0,627830.0,,False,False,0.0086
161,146.554182,68.71533,1187,1554,1554,[CKT2009]D0946+68,PGC1 5056945 GROUP,5056945.0,,,,False,False,0.0052
162,182.516236,68.69484,2451,2807,2807,SDSSJ121003.98+684141.9,SDSS J121003.87+684140.9,4017876.0,,61982.0,,False,False,0.0094
163,141.298751,68.38319,631,656,954,UGC04998,UGC 04998,26705.0,,,,False,False,0.0022
164,109.517833,68.34269,2660,2968,2968,PGC020611,CGCG 309-028,20611.0,,,,False,False,0.0099
165,244.154705,68.20257,1119,1523,1523,IC1218,IC 1218,57699.0,,,,False,False,0.0051
166,275.485,68.12878,2640,3002,3002,UGC11222,UGC 11222,61776.0,,,,False,False,0.01
167,194.066651,68.11289,1879,2260,2260,PGC2712133,WISEA J125616.06+680646.0,2712133.0,13083.0,62732.0,,False,False,0.0075
168,207.069518,68.08496,1781,2799,2169,UGC08737,UGC 08737,48953.0,,,,False,False,0.0093
169,163.171249,67.98889,1116,1545,1493,UGC05979,UGC 05979,32649.0,,,,False,False,0.0052
170,277.665874,67.98703,2585,3213,2947,NGC6667,NGC 6667,61972.0,,,,False,False,0.0107
171,108.974114,67.98383,1154,2193,1495,UGC03749,UGC 03749,20526.0,,,,False,False,0.0073
172,176.162642,67.95585,2706,3052,3052,UGC06714,UGC 06714,36555.0,12979.0,61602.0,,False,False,0.0102
173,182.962833,67.92864,2545,2898,2898,UGC07195,UGC 07195,38849.0,140894.0,,,False,False,0.0097
174,205.273875,67.67214,3134,3004,3483,NGC5283,NGC 5283,48425.0,,,,False,False,0.01
175,202.078837,67.63164,992,1386,1386,UGC08509,UGC 08509,47455.0,13105.0,63085.0,,False,False,0.0046
176,266.061792,67.61944,1462,1855,1855,UGC10974,NGC 6470,60778.0,148197.0,634522.0,,False,False,0.0062
177,181.618654,67.49072,2325,2684,2684,PGC3140980,SHOC 362,3140980.0,13024.0,61989.0,,False,False,0.009
178,186.070971,67.44,1315,1205,1709,PGC040349,UGCA 280,40349.0,161666.0,667561.0,,False,False,0.004
179,256.301417,67.41997,1109,1511,1511,PGC059579,KAZ 118,59579.0,,,,False,False,0.005
180,141.652627,67.41129,1831,2177,2177,SDSSJ092636.62+672440.8,SDSS J092636.63+672440.6,5064889.0,,404004.0,,False,False,0.0073
181,181.94847,67.38378,2326,2648,2685,PGC038504,UGCA 272,38504.0,161092.0,665650.0,,False,False,0.0088
182,266.623341,67.33817,1463,1901,1855,UGC10991,UGC 10991,60832.0,,,,False,False,0.0063
183,245.460233,67.29308,1001,2917,1403,UGC10369,UGC 10369,57926.0,,,,False,False,0.0097
184,235.4496,67.2538,428,837,760,UGC09992,UGC 09992,55809.0,,,,False,False,0.0028
185,181.456979,67.25206,2267,2627,2627,NGC4108A,NGC 4108A,38343.0,13006.0,61822.0,,False,False,0.0088
186,180.345534,67.2454,2269,2629,2629,PGC2697093,WISEA J120123.00+671442.7,2697093.0,13014.0,61867.0,,False,False,0.0088
187,170.051565,67.24163,1302,1688,1685,NGC3622,NGC 3622,34692.0,159631.0,659260.0,,False,False,0.0056
188,181.798183,67.23523,2671,3020,3020,NGC4108B,NGC 4108B,38461.0,13008.0,61826.0,,False,False,0.0101
189,181.684764,67.16285,2557,2909,2909,NGC4108,NGC 4108,38423.0,161063.0,665548.0,,False,False,0.0097
190,184.487625,67.09666,1205,1597,1597,SDSSJ121756.97+670547.7,WISEA J121756.97+670547.0,4002232.0,12993.0,61751.0,,False,False,0.0053
191,181.324802,66.95982,2552,2904,2904,PGC2693220,2MASX J12051783+6657358,2693220.0,13013.0,61842.0,,False,False,0.0097
192,157.21905,66.8062,1133,1504,1504,UGC05671,UGC 05671,30853.0,,,,False,False,0.005
193,181.444602,66.74456,1424,1813,1813,PGC038360,MCG +11-15-020,38360.0,13010.0,61829.0,,False,False,0.006
194,171.921642,66.58981,1523,1506,1902,NGC3682,NGC 3682,35266.0,139446.0,626572.0,,False,False,0.005
195,191.684187,66.46583,1446,1841,1841,PGC2687514,WISEA J124644.13+662757.3,2687514.0,13080.0,62669.0,,False,False,0.0061
196,188.006316,66.33261,2286,3172,2649,NGC4513,NGC 4513,41527.0,13040.0,62120.0,,False,False,0.0106
197,181.661135,66.30959,1174,1563,1563,SDSSJ120638.66+661834.3,SDSS J120638.66+661834.3,4567536.0,13011.0,61831.0,,False,False,0.0052
198,204.010846,66.30252,3073,3422,3422,UGC08604,UGC 08604,47988.0,163755.0,676365.0,,False,False,0.0114
199,142.872693,66.27464,871,1217,1217,,WISEA J093129.64+661631.4,,83521.0,403938.0,,False,False,0.0041
200,183.999493,66.23084,1315,1707,1707,NGC4221,NGC 4221,39266.0,19303.0,91692.0,,False,False,0.0057
201,141.465528,66.16902,1691,2040,2040,SDSSJ092551.72+661008.5,WISEA J092551.83+661008.3,5065035.0,83493.0,403754.0,,False,False,0.0068
202,183.892347,66.13288,2742,3089,3089,SDSSJ121534.18+660758.2,WISEA J121534.11+660758.6,4002156.0,19304.0,91695.0,,False,False,0.0103
203,141.506151,66.12989,1246,1604,1604,,WISEA J092601.47+660747.5,,83494.0,403757.0,,False,False,0.0054
204,189.009552,66.10498,2260,2625,2625,PGC2683704,SDSS J123602.29+660617.8,2683704.0,19365.0,92048.0,,False,False,0.0088
205,162.243035,66.09463,3284,3605,3605,UGC05907,UGC 05907,32337.0,12800.0,60808.0,,False,False,0.012
206,162.646568,66.04512,1138,1513,1513,SDSSJ105035.27+660242.6,WISEA J105035.27+660242.5,4074864.0,12794.0,60793.0,,False,False,0.005
207,185.860897,65.98537,2498,2853,2853,PGC2682517,WISEA J122326.57+655906.9,2682517.0,19348.0,91943.0,,False,False,0.0095
208,183.816015,65.98536,2711,3059,3059,NGC4210,NGC 4210,39184.0,161308.0,666432.0,,False,False,0.0102
209,184.416734,65.97879,2283,2644,2644,PGC2682454,WISEA J121740.05+655843.8,2682454.0,19301.0,91689.0,,False,False,0.0088
210,185.23816,65.94789,2580,2932,2932,SDSSJ122057.16+655652.5,SDSS J122057.15+655652.4,4002323.0,19310.0,91733.0,,False,False,0.0098
211,177.419605,65.92903,1469,1854,1854,SDSSJ114940.70+655544.6,WISEA J114940.84+655544.8,5065024.0,19226.0,91296.0,,False,False,0.0062
212,184.67946,65.89829,2529,2930,2883,NGC4256,NGC 4256,39568.0,141112.0,628088.0,,False,False,0.0098
213,184.66995,65.867,2775,3121,3121,PGC213973,2MASX J12184077+6552010,213973.0,19307.0,91717.0,,False,False,0.0104
214,185.694847,65.84379,2765,3112,3112,NGC4332,NGC 4332,40133.0,19308.0,91728.0,,False,False,0.0104
215,162.522966,65.83764,3246,3567,3567,PGC3097669,WISEA J105005.52+655015.5,3097669.0,12790.0,60788.0,,False,False,0.0119
216,184.207431,65.82991,2627,2977,2977,PGC039359,CGCG 315-030,39359.0,19305.0,91698.0,,False,False,0.0099
217,162.76251,65.78156,3232,5000,3553,NGC3392,NGC 3392,32512.0,12791.0,60789.0,,False,False,0.0167
218,171.361428,65.76863,1119,1499,1499,PGC3140053,SHOC 323,3140053.0,12856.0,60989.0,,False,False,0.005
219,185.553022,65.71593,2530,2884,2884,PGC2679996,WISEA J122212.75+654257.4,2679996.0,19311.0,91735.0,,False,False,0.0096
220,137.9743,65.71097,2738,3053,3053,SDSSJ091153.82+654239.4,WISEA J091153.88+654239.3,4192471.0,83483.0,403675.0,,False,False,0.0102
221,163.32659,65.70263,3278,3599,3599,UGC05992,UGC 05992,32674.0,12783.0,60771.0,,False,False,0.012
222,162.835896,65.68187,3225,3547,3547,SDSSJ105120.69+654054.5,SDSS J105120.68+654054.4,5056913.0,12792.0,60791.0,,False,False,0.0118
223,198.230405,65.63537,1585,1978,1978,PGC2679292,WISEA J131255.42+653807.8,2679292.0,143127.0,629972.0,,False,False,0.0066
224,171.823566,65.60113,1234,1618,1618,PGC3139974,WISEA J112717.63+653604.3,3139974.0,19136.0,91005.0,,False,False,0.0054
225,182.398719,65.5951,1121,1510,1510,SDSSJ120935.64+653541.4,SDSS J120935.64+653541.4,4102842.0,19289.0,91632.0,,False,False,0.005
226,185.868226,65.55672,2779,3126,3126,SDSSJ122328.31+653324.0,SDSS J122328.31+653324.0,4002384.0,19312.0,91737.0,,False,False,0.0104
227,162.403989,65.53127,339,526,568,UGC05918,UGC 05918,32405.0,,,,False,False,0.0018
228,160.244091,65.5152,3246,3565,3565,PGC3139929,SDSS J104058.57+653054.6,3139929.0,12757.0,60660.0,,False,False,0.0119
229,108.8631,65.4417,2479,2782,2782,UGC03748,UGC 03748,20509.0,134452.0,621952.0,,False,False,0.0093
230,245.711685,65.4377,3246,3600,3600,UGC10376,UGC 10376,57949.0,,,,False,False,0.012
231,164.017866,65.41526,1712,2078,2078,SDSSJ105604.27+652454.9,SDSS J105604.26+652454.8,4017640.0,12780.0,60765.0,,False,False,0.0069
232,181.858133,65.41255,1427,1816,1816,UGC07110,UGC 07110,38482.0,,,,False,False,0.0061
233,245.241185,65.39017,907,1390,1306,NGC6140,NGC 6140,57886.0,,,,False,False,0.0046
234,206.466477,65.38602,1703,2094,2094,PGC095619,SDSS J134551.95+652309.5,95619.0,13112.0,63139.0,,False,False,0.007
235,139.399895,65.37646,1675,2021,2021,SDSSJ091735.97+652235.3,SDSS J091735.89+652234.7,5064891.0,83465.0,403571.0,,False,False,0.0067
236,155.456103,65.37028,3170,3487,3487,SDSSJ102149.48+652212.5,SDSS J102149.40+652213.0,3345027.0,12685.0,60457.0,,False,False,0.0116
237,168.059349,65.22546,1066,1441,1441,UGC06237,UGC 06237,34078.0,138935.0,626099.0,,False,False,0.0048
238,155.73348,65.20084,3267,3582,3582,PGC2675385,WISEA J102256.07+651202.9,2675385.0,12741.0,60602.0,,False,False,0.0119
239,183.101454,65.1742,1280,1671,1671,SDSSJ121224.37+651027.0,SDSS J121224.31+651026.8,4011416.0,19299.0,91666.0,,False,False,0.0056
240,182.024872,65.17418,1389,1671,1779,NGC4125,NGC 4125,38524.0,140814.0,627819.0,,False,False,0.0056
241,155.180571,65.1721,3289,3900,3603,UGC05576,UGC 05576,30247.0,12684.0,60455.0,,False,False,0.013
242,183.098678,65.12157,1330,1722,1722,SDSSJ121223.65+650717.8,WISEA J121223.63+650718.6,4017884.0,140911.0,627907.0,,False,False,0.0057
243,181.986005,65.11399,1416,1901,1805,NGC4121,NGC 4121,38508.0,19290.0,91638.0,,False,False,0.0063
244,158.145234,65.04109,1678,2349,2041,NGC3259,NGC 3259,31145.0,158462.0,653411.0,,False,False,0.0078
245,186.328163,64.93352,1320,1723,1714,NGC4391,NGC 4391,40500.0,19349.0,91952.0,,False,False,0.0057
246,227.659227,64.89862,2244,4539,2620,UGC09764,UGC 09764,54150.0,,,,False,False,0.0151
247,158.087174,64.86819,1729,2089,2089,PGC2672385,WISEA J103220.91+645205.4,2672385.0,12721.0,60545.0,,False,False,0.007
248,170.336256,64.85961,2866,3199,3199,PGC3139579,WISEA J112120.71+645134.3,3139579.0,19135.0,91001.0,,False,False,0.0107
249,186.83484,64.80154,2663,1385,3013,NGC4441,NGC 4441,40836.0,19338.0,91876.0,,False,False,0.0046
250,163.280067,64.7953,1103,1475,1475,PGC2671709,SDSS J105307.21+644743.0,2671709.0,124592.0,573244.0,,False,False,0.0049
251,232.002791,64.76315,429,928,748,NGC5949,NGC 5949,55165.0,,,,False,False,0.0031
252,182.552281,64.76059,1350,1741,1741,PGC038717,MCG +11-15-032,38717.0,19266.0,91532.0,,False,False,0.0058
253,158.323383,64.74937,1738,2098,2098,NGC3266,NGC 3266,31198.0,158480.0,653489.0,,False,False,0.007
254,148.880968,64.71396,966,1318,1318,SDSSJ095531.42+644250.4,SDSS J095531.44+644250.0,5064701.0,76903.0,375287.0,,False,False,0.0044
255,186.147289,64.70967,1406,1798,1798,PGC2670839,WISEA J122435.27+644235.5,2670839.0,19345.0,91928.0,,False,False,0.006
256,163.522473,64.70808,1791,2154,2154,SDSSJ105405.39+644229.2,SDSS J105405.38+644228.8,5065023.0,124597.0,573262.0,,False,False,0.0072
257,158.415019,64.68809,1846,2202,2202,SDSSJ103339.60+644116.8,SDSS J103339.60+644116.8,4015618.0,12720.0,60542.0,,False,False,0.0073
258,153.858223,64.63562,1650,2009,2009,SDSSJ101525.94+643808.1,WISEA J120900.93+422831.0,4534007.0,12670.0,60412.0,,False,False,0.0067
259,191.503667,64.56937,2302,3425,2665,UGC07941,UGC 07941,43052.0,162381.0,670378.0,,False,False,0.0114
260,188.525858,64.56741,2783,3130,3130,UGC07730,UGC 07730,41769.0,19327.0,91814.0,,False,False,0.0104
261,246.180132,64.51171,2765,3127,3127,UGC10383,UGC 10383,58052.0,,,,False,False,0.0104
262,158.345056,64.50162,3241,3557,3557,UGC05727,UGC 05727,31192.0,12710.0,60520.0,,False,False,0.0119
263,147.650431,64.48811,3075,3387,3387,UGC05260,UGC 05260,28328.0,76862.0,374993.0,,False,False,0.0113
264,158.732753,64.47592,1828,2185,2185,SDSSJ103455.82+642833.6,SDSS J103455.81+642833.6,3999653.0,12709.0,60516.0,,False,False,0.0073
265,183.697646,64.45864,2594,2943,2943,PGC039123,VII Zw 443,39123.0,,,,False,False,0.0098
266,195.145446,64.44712,2089,2415,2462,PGC044782,UGCA 317,44782.0,162811.0,672350.0,,False,False,0.0081
267,181.139913,64.43744,1496,1920,1882,NGC4081,NGC 4081,38212.0,160997.0,665309.0,,False,False,0.0064
268,187.519025,64.41871,2606,2957,2957,PGC2667884,WISEA J123004.60+642507.3,2667884.0,19331.0,91851.0,,False,False,0.0099
269,181.973148,64.38995,1387,1777,1777,SDSSJ120753.55+642323.6,WISEA J120753.55+642324.0,4001908.0,19269.0,91558.0,,False,False,0.0059
270,180.654451,64.37647,1501,1901,1887,UGC07020A,UGC 07020A,38025.0,19176.0,91147.0,,False,False,0.0063
271,207.973281,64.37284,1766,2123,2155,PGC049221,UGCA 375,49221.0,19511.0,93210.0,,False,False,0.0071
272,240.61625,64.35342,1594,1989,1989,PGC056796,CGCG 319-040,56796.0,,,,False,False,0.0066
273,179.029501,64.35073,1410,1798,1798,PGC2667196,WISEA J115607.12+642102.7,2667196.0,19182.0,91165.0,,False,False,0.006
274,177.658823,64.35037,3053,3386,3386,UGC06814,UGC 06814,37029.0,19193.0,91190.0,,False,False,0.0113
275,177.759521,64.32712,3053,3386,3386,PGC213887,SDSS J115102.23+641937.9,213887.0,140341.0,627391.0,,False,False,0.0113
276,188.231543,64.30779,2774,3121,3121,PGC041616,MCG +11-15-062,41616.0,19330.0,91834.0,,False,False,0.0104
277,155.454036,64.29979,525,801,801,SDSSJ102148.93+641759.9,SDSS J102148.93+641759.9,3345021.0,12681.0,60446.0,,False,False,0.0027
278,159.506781,64.26636,1680,2037,2043,UGC05776,UGC 05776,31601.0,12697.0,60494.0,,False,False,0.0068
279,251.233551,64.26501,2864,3224,3224,PGC3139142,WISEA J164456.03+641553.9,3139142.0,4120.0,23892.0,,False,False,0.0108
280,180.934734,64.25803,2928,3266,3266,PGC2666155,WISEA J120344.38+641528.7,2666155.0,19274.0,91589.0,,False,False,0.0109
281,140.441039,64.25789,1574,2188,1921,NGC2820,NGC 2820,26498.0,76844.0,374879.0,,False,False,0.0073
282,157.861722,64.25705,1717,2076,2076,PGC2666144,WISEA J103126.83+641525.4,2666144.0,12723.0,60551.0,,False,False,0.0069
283,140.297845,64.25236,1596,2037,1942,NGC2814,NGC 2814,26469.0,135848.0,623217.0,,False,False,0.0068
284,140.375313,64.23866,1443,1849,1793,NGC2820A,NGC 2820A,26485.0,157206.0,648391.0,,False,False,0.0062
285,187.946697,64.23378,2732,3080,3080,NGC4510,NGC 4510,41489.0,141580.0,628511.0,,False,False,0.0103
286,147.200166,64.16763,3014,3359,3326,UGC05244,UGC 05244,28197.0,76868.0,375017.0,,False,False,0.0112
287,171.928978,64.16705,2349,2697,2697,PGC3139056,SHOC 325,3139056.0,19117.0,90959.0,,False,False,0.009
288,187.202178,64.15914,2463,2818,2818,PGC2665088,WISEA J122848.71+640933.8,2665088.0,19333.0,91863.0,,False,False,0.0094
289,171.710326,64.13816,984,1429,1354,UGC06448,UGC 06448,35213.0,19125.0,90975.0,,False,False,0.0048
290,192.275299,64.13216,2266,2631,2631,PGC2664790,WISEA J124905.98+640755.8,2664790.0,19379.0,92208.0,,False,False,0.0088
291,237.866949,64.12584,924,1321,1321,PGC056228,CGCG 319-030,56228.0,146460.0,632911.0,,False,False,0.0044
292,154.878313,64.11901,1764,2119,2119,SDSSJ101930.79+640708.4,WISEA J101930.80+640708.5,3999176.0,12632.0,60257.0,,False,False,0.0071
293,140.084902,64.10297,1733,1972,2075,NGC2805,NGC 2805,26410.0,76834.0,374824.0,,False,False,0.0066
294,188.620733,64.09887,2368,2727,2727,SDSSJ123428.98+640555.8,SDSS J123428.98+640555.8,4015951.0,19318.0,91773.0,,False,False,0.0091
295,184.957927,64.09014,1353,1746,1746,PGC2664300,WISEA J121949.87+640523.9,2664300.0,19250.0,91407.0,,False,False,0.0058
296,170.673873,64.06666,1010,2084,1381,UGC06390,UGC 06390,34929.0,19096.0,90844.0,,False,False,0.007
297,187.975995,64.04315,2854,3198,3198,SDSSJ123154.23+640235.2,WISEA J111456.32+305344.8,4002551.0,19324.0,91796.0,,False,False,0.0107
298,187.452429,64.03332,2340,2699,2699,NGC4481,NGC 4481,41222.0,19329.0,91822.0,,False,False,0.009
299,170.155329,64.01891,1196,1576,1576,SDSSJ112037.27+640108.3,SDSS J112037.21+640108.4,4015710.0,139207.0,626354.0,,False,False,0.0053
300,163.776408,63.99321,1702,2113,2067,UGC06027,UGC 06027,32799.0,138346.0,625553.0,,False,False,0.007
301,188.198613,63.93921,2516,2869,2869,NGC4521,NGC 4512,41621.0,161987.0,668445.0,,False,False,0.0096
302,187.6193,63.92041,2706,3054,3054,SDSSJ123028.68+635513.7,WISEA J123028.72+635513.6,4011588.0,141520.0,628454.0,,False,False,0.0102
303,204.472935,63.91947,2641,2999,2999,PGC3138807,WISEA J133753.41+635509.7,3138807.0,19453.0,92760.0,,False,False,0.01
304,182.741625,63.91458,2617,2964,2964,UGC07179,UGC 07179,38788.0,19265.0,91522.0,,False,False,0.0099
305,150.479389,63.89265,1702,2443,2055,PGC090973,FGC 0988,90973.0,12614.0,60163.0,,False,False,0.0081
306,181.800584,63.89072,1426,1815,1815,PGC038459,MCG +11-15-024,38459.0,19268.0,91543.0,,False,False,0.0061
307,193.670759,63.89033,563,858,858,SDSSJ125440.94+635324.9,SDSS J125440.93+635325.1,4018049.0,19376.0,92154.0,,False,False,0.0029
308,188.141146,63.87768,2966,3740,3307,UGC07700,UGC 07700,41601.0,141606.0,91798.0,,False,False,0.0125
309,244.315089,63.85315,3109,3465,3465,UGC10334,UGC 10334,57722.0,,,,False,False,0.0116
310,173.421577,63.82385,2075,2435,2435,PGC3138727,SHOC 334,3138727.0,19109.0,90907.0,,False,False,0.0081
311,191.012908,63.80385,2770,3118,3118,UGC07918,UGC 07918,42887.0,162332.0,628997.0,,False,False,0.0104
312,188.601977,63.80229,2525,2879,2879,SDSSJ123424.47+634808.2,WISEA J123424.52+634808.1,3361524.0,19320.0,91779.0,,False,False,0.0096
313,198.116757,63.79961,1725,2113,2113,PGC2661153,WISEA J131228.01+634757.4,2661153.0,19414.0,92504.0,,False,False,0.007
314,183.731439,63.7828,1439,1298,1829,NGC4205,NGC 4205,39143.0,161291.0,666383.0,,False,False,0.0043
315,183.603291,63.77053,2896,3236,3236,PGC213955,WISEA J121424.82+634613.5,213955.0,19254.0,91451.0,,False,False,0.0108
316,241.015767,63.71293,870,1819,1264,UGC10194,UGC 10194,56917.0,,,,False,False,0.0061
317,156.590378,63.70933,1728,2085,2085,SDSSJ102621.68+634233.3,WISEA J102621.69+634233.7,3999399.0,12615.0,60192.0,,False,False,0.007
318,100.884124,63.70589,2900,3185,3185,PGC3085813,PGC1 3085813 NED001,3085813.0,,,,False,False,0.0106
319,202.092756,63.68546,1793,2180,2180,PGC3138619,WISEA J132822.32+634106.8,3138619.0,19457.0,92774.0,,False,False,0.0073
320,165.853063,63.67315,1675,2043,2043,SDSSJ110324.72+634023.4,WISEA J110324.80+634022.9,4000244.0,124603.0,573284.0,,False,False,0.0068
321,193.975848,63.61196,2768,3118,3118,UGC08059,IC 0836,44092.0,27833.0,136002.0,,False,False,0.0104
322,264.1554,63.58387,1200,1596,1596,PGC084875,KUG 1736+636,84875.0,148132.0,634458.0,,False,False,0.0053
323,188.642293,63.52505,2664,2773,3013,NGC4545,NGC 4545,41838.0,162048.0,668654.0,,False,False,0.0092
324,207.000481,63.52253,1654,2048,2048,SDSSJ134800.10+633120.8,SDSS J134800.10+633120.8,4016111.0,19507.0,93165.0,,False,False,0.0068
325,190.238827,63.51965,2498,3706,2853,UGC07848,UGC 07848,42520.0,27784.0,135650.0,,False,False,0.0124
326,190.59881,63.48681,2318,2679,2679,SDSSJ124223.76+632912.8,SDSS J124223.76+632912.8,4106238.0,141990.0,628892.0,,False,False,0.0089
327,174.983062,63.45552,3160,3488,3488,PGC3138457,WISEA J113955.99+632719.8,3138457.0,19098.0,90847.0,,False,False,0.0116
328,203.594928,63.4486,1798,2185,2185,SDSSJ133422.76+632654.9,SDSS J133422.76+632654.9,4016088.0,,93075.0,,False,False,0.0073
329,184.053482,63.44323,2802,3144,3144,PGC2655758,KUG 0820+251,2655758.0,27720.0,135065.0,,False,False,0.0105
330,178.880634,63.44044,3069,3402,3402,PGC037445,MCG +11-15-007,37445.0,27645.0,134727.0,,False,False,0.0113
331,155.100744,63.43946,1731,2086,2086,SDSSJ102024.02+632620.9,SDSS J102023.96+632620.6,4092595.0,137120.0,624386.0,,False,False,0.007
332,194.537127,63.43313,1419,1815,1815,SDSSJ125808.94+632559.6,SDSS J125808.94+632559.6,4002991.0,142634.0,629509.0,,False,False,0.0061
333,179.961668,63.42629,1332,1721,1721,PGC2655453,2MASS J11595084+6325367,2655453.0,27649.0,134739.0,,False,False,0.0057
334,184.232544,63.40992,2759,2773,3103,NGC4238,NGC 4238,39366.0,161379.0,666661.0,,False,False,0.0092
335,160.544226,63.40867,1714,2076,2076,PGC2655141,WISEA J104210.73+632430.2,2655141.0,124589.0,625109.0,,False,False,0.0069
336,185.50944,63.40491,1679,2062,2062,PGC2655089,SDSS J122202.16+632417.1,2655089.0,27750.0,135358.0,,False,False,0.0069
337,170.22996,63.40453,3294,3616,3616,UGC06354,UGC 06354,34752.0,159649.0,659336.0,,False,False,0.0121
338,209.448691,63.39705,1771,2233,2161,UGC08894,UGC 08894,49654.0,144171.0,630900.0,,False,False,0.0074
339,190.533669,63.39033,2469,2825,2825,PGC2654854,2MASXi J1242083+632324,2654854.0,27785.0,135664.0,,False,False,0.0094
340,184.07196,63.38839,2781,3124,3124,PGC213963,WISEA J121617.28+632317.7,213963.0,27721.0,135069.0,,False,False,0.0104
341,170.87853,63.36721,2914,3245,3245,PGC034976,CGCG 314-023,34976.0,,,,False,False,0.0108
342,190.927786,63.36122,2686,3035,3035,PGC2654321,WISEA J124342.66+632140.3,2654321.0,27790.0,135696.0,,False,False,0.0101
343,181.629503,63.35251,2875,3214,3214,2MASXJ12063113+6321086,WISEA J120631.05+632108.8,3782504.0,27656.0,134763.0,,False,False,0.0107
344,190.148075,63.34984,2631,2982,2982,UGC07837,UGC 07837,42469.0,27783.0,135649.0,,False,False,0.0099
345,157.471948,63.30832,1643,2003,2003,PGC2653409,WISEA J102953.30+631829.9,2653409.0,27336.0,133485.0,,False,False,0.0067
346,169.651491,63.28067,3212,3535,3535,PGC034582,MRK 0165,3440599.0,19030.0,90660.0,,False,False,0.0118
347,173.336065,63.28007,1257,1336,1641,UGC06534,UGC 06534,35675.0,139715.0,626830.0,,False,False,0.0045
348,169.258881,63.26901,3169,3492,3492,SDSSJ111702.13+631608.3,WISEA J111702.08+631609.1,4000623.0,,,,False,False,0.0116
349,161.65347,63.22415,1012,1442,1375,NGC3359,NGC 3359,32183.0,158734.0,655287.0,,False,False,0.0048
350,172.497317,63.22342,1059,1434,1434,PGC3138312,SHOC 330,3138312.0,19114.0,90946.0,,False,False,0.0048
351,108.12105,63.1928,1725,2039,2039,PGC2802326,PGC1 0086602 NED002,2802326.0,,,,False,False,0.0068
352,181.337364,63.15661,2962,3298,3298,UGC07079,UGC 07079,38289.0,27659.0,134770.0,,False,False,0.011
353,156.788037,63.15145,1207,1573,1573,PGC095608,SDSS J102709.10+630904.7,95608.0,137351.0,624607.0,,False,False,0.0052
354,157.115465,63.14583,2531,2861,2861,SDSSJ102827.71+630844.8,SDSS J102827.71+630844.8,4010634.0,27296.0,133298.0,,False,False,0.0095
355,174.751887,63.14284,3168,3495,3495,2MASXJ11390044+6308339,WISEA J113900.49+630834.4,3383292.0,27540.0,134293.0,,False,False,0.0117
356,245.196709,63.12236,3077,4852,3433,,FGC 2028,,146916.0,633313.0,,False,False,0.0162
357,245.21,63.1211,3084,4852,3439,PGC091528,FGC 2028,91528.0,,,,False,False,0.0162
358,253.015095,63.11576,3110,3464,3464,IC1235,IC 1235,59146.0,167116.0,687181.0,,False,False,0.0116
359,142.565224,63.11204,1617,1962,1962,PGC095606,WISEA J093015.92+630644.9,95606.0,76853.0,374951.0,,False,False,0.0065
360,201.144509,63.09232,2866,3216,3216,UGC08436,UGC 08436,46882.0,163472.0,675238.0,,False,False,0.0107
361,253.173355,63.02636,3012,3368,3368,PGC3138199,SHOC 551,3138199.0,4109.0,23835.0,,False,False,0.0112
362,170.361308,63.02449,3233,3555,3555,UGC06365,UGC 06365,34787.0,159663.0,659413.0,,False,False,0.0119
363,202.687749,63.02402,2379,2744,2744,PGC3138198,WISEA J133045.12+630126.2,3138198.0,19454.0,92762.0,,False,False,0.0092
364,169.801214,63.02146,3247,3568,3568,PGC034629,MCG +11-14-017,34629.0,19029.0,90658.0,,False,False,0.0119
365,191.369897,63.00895,2689,3038,3038,SDSSJ124528.73+630032.1,WISEA J124528.83+630032.1,4002813.0,27789.0,135688.0,,False,False,0.0101
366,180.438951,62.96869,2611,2956,2956,PGC2647063,WISEA J120145.26+625807.5,2647063.0,27611.0,134594.0,,False,False,0.0099
367,146.931661,62.86034,2458,2780,2780,SDSSJ094743.61+625137.2,WISEA J094743.60+625138.4,3998441.0,12603.0,60030.0,,False,False,0.0093
368,206.796258,62.83507,1496,1895,1895,SDSSJ134711.12+625006.2,SDSS J134711.11+625006.2,3362964.0,143865.0,630628.0,,False,False,0.0063
369,202.383817,62.82451,2792,3144,3144,UGC08491,UGC 08491,47347.0,27984.0,136864.0,,False,False,0.0105
370,175.173246,62.77107,3121,3449,3449,PGC2643061,2MFGC 09152,2643061.0,27536.0,134281.0,,False,False,0.0115
371,203.043324,62.76774,2860,3723,3211,NGC5218,NGC 5218,47603.0,163652.0,676040.0,,False,False,0.0124
372,207.504222,62.73036,2134,2576,2509,PGC049092,UGCA 374,49092.0,143929.0,630683.0,,False,False,0.0086
373,228.33702,62.72937,2361,2732,2732,UGC09784,UGC 09784,54350.0,,,,False,False,0.0091
374,130.74287,62.70555,1319,1659,1659,PGC101469,2MFGC 06849,101469.0,135450.0,622876.0,,False,False,0.0055
375,203.028686,62.70072,2924,3806,3273,NGC5216,NGC 5216,47598.0,163650.0,676035.0,,False,False,0.0127
376,206.381148,62.65931,1895,2279,2279,PGC3138016,WISEA J134531.56+623933.0,3138016.0,19487.0,92977.0,,False,False,0.0076
377,243.6255,62.53669,2876,3631,3235,IC1210,IC 1210,57589.0,146842.0,633255.0,,True,False,0.0121
378,202.515019,62.51154,1760,2243,2148,NGC5205,NGC 5205,47425.0,27983.0,136858.0,,False,False,0.0075
379,181.049467,62.50539,1277,1922,1666,IC0758,IC 0758,38173.0,27706.0,135004.0,,False,False,0.0064
380,180.680484,62.49786,1044,1424,1424,PGC038027,MCG +11-15-013,38027.0,27655.0,134760.0,,False,False,0.0047
381,142.394067,62.49062,1481,1633,1829,NGC2880,NGC 2880,26939.0,157278.0,648519.0,,False,False,0.0054
382,169.857809,62.48393,3245,3566,3566,PGC034649,MRK 0166,34649.0,27450.0,133944.0,,False,False,0.0119
383,261.877051,62.45804,3016,3371,3371,SDSSJ172730.51+622729.0,SDSS J172730.42+622729.1,4016452.0,,,,False,False,0.0112
384,207.62842,62.44697,1884,2269,2269,PGC3137923,SHOC 437,3137923.0,19475.0,92936.0,,False,False,0.0076
385,245.217311,62.43393,3016,3372,3372,,MCG +10-23-067,,,530252.0,,False,False,0.0112
386,262.569399,62.42681,2991,3346,3346,PGC3137916,WISEA J173016.64+622536.3,3137916.0,4223.0,24641.0,,False,False,0.0112
387,180.621456,62.41724,1534,1315,1918,UGC07019,UGC 07019,38014.0,140649.0,627668.0,,False,False,0.0044
388,162.820347,62.41339,1648,2013,2013,PGC2636198,WISEA J105116.96+622447.3,2636198.0,124581.0,573188.0,,False,False,0.0067
389,182.168843,62.38166,2881,3219,3219,UGC07128,UGC 07128,38572.0,27699.0,134989.0,,False,False,0.0107
390,186.658449,62.37935,709,1033,1033,UGC07544,UGC 07544,40704.0,,628318.0,,False,False,0.0034
391,190.99973,62.33345,2617,2968,2968,PGC042849,MCG +11-16-003,42849.0,27818.0,135889.0,,False,False,0.0099
392,180.433688,62.3259,1088,1588,1471,UGC07009,UGC 07009,37951.0,140628.0,627650.0,,False,False,0.0053
393,237.855228,62.31004,832,1300,1220,NGC6015,NGC 6015,56219.0,146459.0,632910.0,,False,False,0.0043
394,197.227061,62.30635,2850,3197,3197,UGC08237,UGC 08237,45583.0,143035.0,629890.0,,False,False,0.0107
395,182.445501,62.26851,2610,3292,2955,UGC07153,UGC 07153,38680.0,27693.0,134966.0,,False,False,0.011
396,191.050245,62.24746,2623,2973,2973,PGC042889,MCG +11-16-005,42889.0,27768.0,135550.0,,False,False,0.0099
397,172.759089,62.24503,2738,3072,3072,SDSSJ113102.13+621443.0,SDSS J113102.13+621443.0,4098715.0,27469.0,134051.0,,False,False,0.0102
398,200.38018,62.24346,3010,3355,3355,PGC2633244,SDSS J132131.25+621436.3,2633244.0,27950.0,136599.0,,False,False,0.0112
399,174.789216,62.2312,3254,3577,3577,SDSSJ113909.42+621352.4,WISEA J113909.43+621352.7,3383284.0,27537.0,134286.0,,False,False,0.0119
400,117.138599,62.2074,1717,2500,2034,UGC04024,UGC 04024,21854.0,,,,False,False,0.0083
401,191.05003,62.17207,2566,2918,2918,SDSSJ124412.03+621020.0,SDSS J124412.03+621020.0,4106417.0,27769.0,135552.0,,False,False,0.0097
402,180.550843,62.13726,1209,1702,1597,NGC4041,NGC 4041,37999.0,27641.0,134706.0,,False,False,0.0057
403,153.049963,62.09711,3128,2884,3437,PGC029717,MCG +10-15-030,29717.0,27243.0,133064.0,,False,False,0.0096
404,197.26725,62.08375,2921,3266,3266,SDSSJ130904.13+620501.6,WISEA J130904.17+620501.5,4003163.0,27900.0,136288.0,,False,False,0.0109
405,168.594374,62.0721,3188,3508,3508,PGC034243,CGCG 291-043,34243.0,27449.0,133934.0,,False,False,0.0117
406,177.361144,62.05567,1294,1681,1681,SDSSJ114926.59+620320.6,WISEA J114926.70+620319.9,4001456.0,27568.0,134409.0,,False,False,0.0056
407,191.096626,62.05202,2608,2959,2959,SDSSJ124423.23+620305.5,WISEA J092445.43+463104.0,5064793.0,27817.0,135885.0,,False,False,0.0099
408,141.026337,62.02989,1479,1824,1824,UGC04990,UGC 04990,26642.0,157234.0,648436.0,,False,False,0.0061
409,202.748711,62.02466,1982,2361,2361,UGC08514,UGC 08514,47512.0,27962.0,136646.0,,False,False,0.0079
410,205.847987,62.00997,2076,2452,2452,PGC2628740,SDSS J134323.51+620035.8,2628740.0,28013.0,136982.0,,False,False,0.0082
411,203.673134,61.99336,3083,3273,3428,UGC08571,NGC 5216A,47854.0,163714.0,676229.0,,False,False,0.0109
412,177.992206,61.93165,2523,2868,2868,PGC037179,MCG +10-17-093,37179.0,160686.0,663910.0,,False,False,0.0096
413,259.198772,61.92011,3073,3426,3426,UGC10796,UGC 10796,59997.0,4234.0,24709.0,,False,False,0.0114
414,152.934674,61.89619,3141,3449,3449,SDSSJ101144.35+615346.4,WISEA J101144.29+615345.5,3998949.0,27238.0,133051.0,,False,False,0.0115
415,180.361719,61.89576,1370,1760,1759,NGC4036,NGC 4036,37930.0,160904.0,664935.0,,False,False,0.0059
416,144.542784,61.8699,1710,2052,2052,PGC027454,MCG +10-14-027,27454.0,12571.0,59802.0,,False,False,0.0068
417,209.678676,61.86262,1795,2184,2184,PGC049735,MCG +10-20-057,49735.0,19522.0,93300.0,,False,False,0.0073
418,259.180314,61.85057,3145,3497,3497,PGC214603,WISEA J171643.29+615102.0,214603.0,4362.0,25417.0,,False,False,0.0117
419,173.183508,61.82689,3249,3571,3571,UGC06528,UGC 06528,35626.0,160044.0,661219.0,,False,False,0.0119
420,260.899189,61.82373,3062,3415,3415,PGC3137734,WISEA J172335.85+614925.6,3137734.0,4370.0,25444.0,,False,False,0.0114
421,222.278852,61.7909,3000,3353,3353,SDSSJ144906.92+614727.0,WISEA J144906.84+614727.4,4012568.0,19730.0,94345.0,,False,False,0.0112
422,243.761709,61.78194,2942,3299,3299,PGC057611,ARK 499,57611.0,146848.0,633260.0,,True,False,0.011
423,259.47085,61.78077,3044,3398,3398,NGC6359,NGC 6359,60025.0,,,,False,False,0.0113
424,178.911426,61.77768,1950,2317,2317,PGC2624407,WISEA J115538.71+614639.9,2624407.0,27559.0,134378.0,,False,False,0.0077
425,210.751846,61.75179,1692,2084,2084,UGC08982,UGC 08982,50041.0,19517.0,93256.0,,False,False,0.007
426,111.116208,61.69392,1733,2037,2044,UGC03826,UGC 03826,20927.0,,,,False,False,0.0068
427,164.794982,61.68521,2063,2413,2413,PGC2622648,WISEA J105910.81+614106.6,2622648.0,27383.0,133681.0,,False,False,0.008
428,208.347228,61.67173,1857,2243,2243,UGC08822,UGC 08822,49350.0,28082.0,137266.0,,False,False,0.0075
429,186.279025,61.65754,1488,1878,1878,PGC040483,VII Zw 453,40483.0,27743.0,135270.0,,False,False,0.0063
430,205.418879,61.64814,1793,2180,2180,SDSSJ134140.53+613853.1,SDSS J134140.51+613853.1,3385320.0,,,,False,False,0.0073
431,171.97947,61.62641,2276,2624,2624,PGC2621522,WISEA J112755.14+613735.3,2621522.0,27485.0,134155.0,,False,False,0.0088
432,107.274792,61.5955,1796,2094,2102,UGC03685,UGC 03685,20250.0,,,,False,False,0.007
433,153.010094,61.59029,3143,3450,3450,SDSSJ101202.42+613525.0,WISEA J101202.47+613525.0,3998955.0,27242.0,133063.0,,False,False,0.0115
434,223.1756,61.56745,3003,3356,3356,PGC2620345,WISEA J145242.13+613402.6,2620345.0,19725.0,94330.0,,False,False,0.0112
435,211.352644,61.56707,1726,2117,2117,PGC2620337,WISEA J140524.60+613401.1,2620337.0,19515.0,93249.0,,False,False,0.0071
436,236.439528,61.55582,889,1364,1281,UGC10031,UGC 10031,55954.0,146393.0,632851.0,,False,False,0.0045
437,164.85758,61.55157,2164,2510,2510,PGC033071,MCG +10-16-040,33071.0,27381.0,133679.0,,False,False,0.0084
438,164.787479,61.53063,2114,1682,2462,NGC3471,NGC 3471,33074.0,27385.0,133684.0,,False,False,0.0056
439,166.825001,61.52417,1673,2040,2040,PGC3085824,PGC1 0033953 NED002,3085824.0,,625953.0,,False,False,0.0068
440,184.968417,61.51972,516,770,770,PGC2619398,SDSS J121952.11+613110.0,2619398.0,141157.0,628129.0,,False,False,0.0026
441,195.12384,61.50534,2735,3084,3084,PGC2619201,WISEA J130029.69+613019.3,2619201.0,27798.0,135777.0,,False,False,0.0103
442,120.462849,61.41314,1605,1925,1925,UGC04159,UGC 04159,22524.0,,,,False,False,0.0064
443,210.536355,61.4124,1691,2084,2084,PGC2617484,WISEA J140208.66+612444.7,2617484.0,19520.0,93282.0,,False,False,0.007
444,120.36375,61.4054,1755,2072,2072,UGC04153,UGC 04153,22508.0,,,,False,False,0.0069
445,167.301551,61.39635,2020,2373,2373,UGC06192,UGC 06192,33801.0,27397.0,133734.0,,False,False,0.0079
446,120.637704,61.38791,1603,2292,1923,UGC04169,UGC 04169,22561.0,,,,False,False,0.0076
447,269.910809,61.35941,697,1084,1084,NGC6542,NGC 6542,61239.0,,,,False,False,0.0036
448,257.543478,61.35041,3087,3440,3440,UGC10745,UGC 10745,59725.0,4179.0,24379.0,,False,False,0.0115
449,120.957267,61.34682,1507,1830,1830,UGC04182,UGC 04182,22628.0,,,,False,False,0.0061
450,167.735164,61.3468,1674,2041,2041,NGC3543,NGC 3543,33953.0,159403.0,658186.0,,False,False,0.0068
451,165.16677,61.32093,2175,2508,2520,UGC06080,UGC 06080,33188.0,27387.0,133688.0,,False,False,0.0084
452,164.78807,61.28373,1700,2063,2063,SDSSJ105909.14+611701.3,SDSS J105909.14+611701.3,3382812.0,27382.0,133680.0,,False,False,0.0069
453,209.887424,61.26493,1710,2102,2102,UGC08921,UGC 08921,49795.0,28119.0,137452.0,,False,False,0.007
454,206.295417,61.25949,1965,2346,2346,PGC2614780,WISEA J134510.86+611534.4,2614780.0,28070.0,137224.0,,False,False,0.0078
455,206.071372,61.23498,1832,2218,2218,PGC2614355,SDSS J134417.13+611405.8,2614355.0,28067.0,,,False,False,0.0074
456,178.242993,61.21609,3139,3775,3466,UGC06858,UGC 06858,37236.0,27555.0,134373.0,,False,False,0.0126
457,228.770314,61.20296,2503,2869,2869,PGC054421,VII Zw 591,54421.0,145968.0,632508.0,,False,False,0.0096
458,177.30195,61.19465,3222,3546,3546,SDSSJ114912.46+611140.4,SDSS J114912.46+611140.4,4001448.0,27571.0,134417.0,,False,False,0.0118
459,104.299995,61.19167,1970,2268,2268,PGC3085814,WISEA J065710.97+611130.3,3085814.0,,,,False,False,0.0076
460,261.826587,61.1777,3056,3427,3408,UGC10872,UGC 10872,60317.0,4385.0,25492.0,,False,False,0.0114
461,186.272527,61.15311,702,1016,1016,PGC2816013,SBS 1222+614,2816013.0,37619.0,,,False,False,0.0034
462,227.71262,61.14784,2522,2887,2887,PGC054153,MCG +10-22-002,54153.0,19813.0,94639.0,,False,False,0.0096
463,207.235897,61.13248,1865,2250,2250,PGC2612497,SDSS J134856.59+610757.1,2612497.0,28115.0,137403.0,,False,False,0.0075
464,255.867045,61.10879,3293,3642,3642,PGC2612096,WISEA J230028.62-102245.6,2612096.0,4193.0,24433.0,,False,False,0.0121
465,238.5324,61.1017,627,987,987,UGC10090,UGC 10090,56322.0,,,,False,False,0.0033
466,186.224142,61.0637,710,1026,1026,PGC040447,MCG +10-18-044,40447.0,161687.0,667616.0,,False,False,0.0034
467,207.140268,61.02589,2155,2528,2528,SDSSJ134833.66+610133.2,WISEA J134833.61+610132.6,4012178.0,28074.0,137231.0,,False,False,0.0084
468,207.382944,61.01609,2003,2382,2382,PGC2610572,WISEA J134931.98+610058.1,2610572.0,143913.0,630669.0,,False,False,0.0079
469,175.443841,60.99459,3288,3610,3610,SDSSJ114146.27+605938.2,SDSS J114145.90+605931.9,4291418.0,,,,False,False,0.012
470,210.834361,60.9902,2079,2818,2456,UGC08988,UGC 08988,50069.0,28129.0,137490.0,,False,False,0.0094
471,206.692413,60.98672,1730,2121,2121,PGC2802348,SDSS J134646.16+605912.1,2802348.0,28072.0,137228.0,,False,False,0.0071
472,206.751702,60.97306,2014,2110,2392,NGC5308,NGC 5308,48860.0,143863.0,630626.0,,False,False,0.007
473,256.80302,60.92067,3097,3449,3449,PGC2609009,WISEA J170712.75+605514.5,2609009.0,4286.0,25174.0,,False,False,0.0115
474,176.102055,60.88408,1497,1879,1879,PGC2608407,WISEA J114424.53+605302.6,2608407.0,124560.0,573091.0,,False,False,0.0063
475,220.568849,60.87306,2290,2662,2662,PGC2608229,SBS 1441+610,2608229.0,19573.0,93761.0,,False,False,0.0089
476,178.454184,60.86934,1235,1621,1621,PGC2608163,SBS 1151+611,2608163.0,37445.0,180093.0,,False,False,0.0054
477,102.536141,60.84575,1840,2218,2139,NGC2273,NGC 2273,19688.0,,,,False,False,0.0074
478,209.657906,60.79686,1619,2014,2014,UGC08909,UGC 08909,49741.0,28120.0,137459.0,,False,False,0.0067
479,205.566807,60.77691,2201,2182,2571,UGC08684,UGC 08684,48534.0,27966.0,136660.0,,False,False,0.0073
480,153.7363,60.76576,3086,3394,3394,PGC2606552,SDSS J101456.69+604556.6,2606552.0,27219.0,132936.0,,False,False,0.0113
481,256.918655,60.75083,3056,3409,3409,NGC6307,NGC 6307,59655.0,147732.0,634065.0,,False,False,0.0114
482,206.606664,60.74491,1552,1949,1949,SDSSJ134625.62+604441.5,SDSS J134625.62+604441.5,4003866.0,28029.0,137061.0,,False,False,0.0065
483,256.903973,60.72879,2972,3326,3326,NGC6306,NGC 6306,59654.0,147731.0,634064.0,,True,False,0.0111
484,163.623798,60.72414,1322,1693,1693,PGC2605963,WISEA J105429.63+604327.0,2605963.0,16729.0,80959.0,,False,False,0.0056
485,168.806658,60.70097,1950,1823,2307,NGC3589,NGC 3589,34308.0,27441.0,133900.0,,False,False,0.0061
486,208.539011,60.67806,3039,3010,3385,NGC5370,NGC 5370,49408.0,28024.0,137022.0,,False,False,0.01
487,175.862591,60.67642,1280,1665,1665,UGC06691,UGC 06691,36447.0,160446.0,662938.0,,False,False,0.0056
488,178.306944,60.67559,1187,1768,1572,NGC3945,NGC 3945,37258.0,140394.0,627431.0,,False,False,0.0059
489,104.127117,60.65168,1994,1594,2290,UGC03598,UGC 03598,19899.0,,,,False,False,0.0053
490,156.98827,60.63413,1283,1646,1646,PGC030802,MCG +10-15-083,30802.0,16639.0,80581.0,,False,False,0.0055
491,218.415021,60.58268,2226,2599,2599,SDSSJ143339.59+603457.7,SDSS J143339.58+603457.7,4004818.0,19598.0,93820.0,,False,False,0.0087
492,229.823443,60.57666,2562,2926,2926,SDSSJ151917.62+603436.0,WISEA J151917.61+603436.3,4005720.0,19913.0,95198.0,,False,False,0.0098
493,160.555625,60.56004,2607,2933,2933,PGC2603803,WISEA J104213.38+603335.9,2603803.0,16708.0,80848.0,,False,False,0.0098
494,253.12425,60.51456,3094,3447,3447,NGC6258,NGC 6258,59165.0,,,,False,False,0.0115
495,172.710369,60.50226,3187,3507,3507,UGC06501,UGC 06501,35486.0,37378.0,179812.0,,False,False,0.0117
496,176.505213,60.50178,1343,1728,1728,SDSSJ114601.21+603006.5,WISEA J114601.22+603006.0,4011191.0,124563.0,573113.0,,False,False,0.0058
497,136.88985,60.47944,1286,1655,1626,NGC2742,NGC 2742,25640.0,157053.0,648162.0,,False,False,0.0055
498,198.411579,60.47046,1809,2193,2193,PGC045966,MCG +10-19-053,45966.0,37821.0,181731.0,,False,False,0.0073
499,151.160667,60.46619,2222,2275,2550,PGC029221,MCG +10-15-008,29221.0,27190.0,132814.0,,False,False,0.0076
500,141.973843,60.40573,1315,1660,1660,PGC2601707,SBS 0924+606A,2601707.0,12540.0,59497.0,,False,False,0.0055
501,222.441969,60.39857,2314,4059,2685,UGC09556,UGC 09556,52952.0,165654.0,683452.0,,True,False,0.0135
502,137.668394,60.39354,1052,1389,1389,PGC2601563,WISEA J091040.28+602337.1,2601563.0,76755.0,374355.0,,False,False,0.0046
503,203.414466,60.38732,2065,2529,2440,PGC047759,UGCA 363,47759.0,27971.0,136698.0,,False,False,0.0084
504,166.473611,60.37465,1324,1699,1699,PGC033553,SBS 1102+606,33553.0,27361.0,133603.0,,False,False,0.0057
505,206.621859,60.37087,2050,2427,2427,UGC08714,UGC 08714,48823.0,28118.0,137418.0,,False,False,0.0081
506,151.056091,60.37064,3040,3345,3345,SDSSJ100413.47+602214.4,SDSS J100413.44+602214.1,3382048.0,27191.0,132816.0,,False,False,0.0112
507,166.391875,60.3685,1265,1639,1639,PGC033534,MCG +10-16-056,33534.0,,,,False,False,0.0055
508,161.125833,60.36778,1020,1442,1376,UGC05846,UGC 05846,32016.0,137939.0,625164.0,,False,False,0.0048
509,119.21775,60.34936,1443,2293,1763,NGC2460,NGC 2460,22270.0,,,,False,False,0.0076
510,238.580432,60.34561,2840,3198,3198,PGC140544,WISEA J155419.87+602044.6,140544.0,,,,False,False,0.0107
511,101.631584,60.34033,2104,2123,2394,NGC2273B,NGC 2273B,19579.0,,,,False,False,0.0071
512,180.337104,60.33757,1298,1686,1686,SDSSJ120120.89+602015.1,SDSS J120120.89+602015.1,4001735.0,,,,False,False,0.0056
513,179.23488,60.32946,1392,1779,1779,PGC037567,CGCG 292-051,37567.0,160787.0,180126.0,,False,False,0.0059
514,131.883668,60.32049,1498,1829,1829,PGC2600691,WISEA J084732.07+601913.7,2600691.0,76730.0,374217.0,,False,False,0.0061
515,206.651471,60.31302,2064,2517,2441,,2MASS J13463637+6018468,,163980.0,,,False,False,0.0084
516,148.304084,60.31228,1634,1980,1980,PGC2600607,WISEA J095312.96+601843.9,2600607.0,27178.0,132728.0,,False,False,0.0066
517,199.20711,60.30942,2102,2474,2474,PGC2600568,SBS 1314+605,2600568.0,37824.0,181768.0,,False,False,0.0083
518,206.642922,60.30703,2064,2517,2441,,UGC 08716,,143859.0,,,False,False,0.0084
519,119.059249,60.30414,1426,1866,1746,IC2209,IC 2209,22232.0,,,,False,False,0.0062
520,175.12971,60.29892,1235,1617,1617,NGC3796,NGC 3796,36215.0,140038.0,627136.0,,True,False,0.0054
521,192.05601,60.2715,1740,2124,2124,UGC07968,UGC 07968,43197.0,,,,False,False,0.0071
522,166.699833,60.26302,1278,1652,1652,PGC033634,MCG +10-16-062,33634.0,27356.0,133583.0,,False,False,0.0055
523,138.250638,60.25129,1027,1363,1363,PGC025980,CGCG 288-027 NED01,25980.0,,,,False,False,0.0045
524,197.96533,60.24727,2061,3593,2434,UGC08282,UGC 08282,45807.0,37815.0,181688.0,,False,False,0.012
525,138.26814,60.24493,1133,1473,1473,PGC025982,CGCG 288-027 NED02,25982.0,76753.0,374337.0,,False,False,0.0049
526,138.513221,60.23806,1584,1920,1920,PGC2599651,WISEA J091403.15+601416.9,2599651.0,12530.0,59454.0,,False,False,0.0064
527,261.660639,60.23268,3295,3642,3642,SDSSJ172638.33+601358.7,SDSS J172638.26+601359.3,4124976.0,,,,False,False,0.0121
528,132.299184,60.22119,1340,1927,1674,NGC2654,NGC 2654,24784.0,156904.0,647912.0,,False,False,0.0064
529,207.313452,60.19048,1801,1758,2188,NGC5322,NGC 5322,49044.0,143906.0,630662.0,,False,False,0.0059
530,126.973992,60.17408,1463,1789,1789,SDSSJ082753.77+601026.6,2MASS J08275381+6010260,4166276.0,83285.0,402618.0,,False,False,0.006
531,174.862991,60.17285,1264,1647,1647,PGC2807143,SDSS J113926.90+601021.4,2807143.0,,,,False,False,0.0055
532,135.431083,60.15735,3251,3451,3539,UGC04727,UGC 04727,25369.0,76749.0,374313.0,,False,False,0.0115
533,101.663325,60.1458,1794,2091,2091,PGC095598,WISEA J064639.23+600846.0,95598.0,,,,False,False,0.007
534,207.723977,60.14178,2376,2740,2740,PGC2598511,SDSS J135053.75+600830.2,2598511.0,28023.0,137021.0,,False,False,0.0091
535,142.531083,60.13957,3217,3511,3511,UGC05053,UGC 05053,26959.0,135926.0,623281.0,,False,False,0.0117
536,128.524145,60.13066,1486,1814,1814,PGC024049,CGCG 287-081,24049.0,83283.0,402614.0,,False,False,0.0061
537,192.321648,60.12603,2833,3175,3175,SDSSJ124917.22+600733.2,WISEA J124917.19+600733.2,4106650.0,37742.0,181361.0,,False,False,0.0106
538,176.020348,60.11977,2443,3368,2787,NGC3835,NGC 3835,36493.0,160464.0,663020.0,,False,False,0.0112
539,151.132296,60.10794,3038,3741,3343,NGC3102,NGC 3102,29220.0,157804.0,132688.0,,False,False,0.0125
540,173.778081,60.10525,2322,2668,2668,PGC2598064,WISEA J113506.67+600618.5,2598064.0,124545.0,573006.0,,False,False,0.0089
541,262.116981,60.09422,3189,3558,3538,NGC6390,NGC 6390,60356.0,167386.0,687984.0,,False,False,0.0119
542,242.357334,60.08847,2995,3349,3349,UGC10247,UGC 10247,57305.0,146729.0,633155.0,,False,False,0.0112
543,233.702341,60.08572,2968,3322,3322,PGC2597829,SBS 1533+602B,2597829.0,146250.0,632729.0,,False,False,0.0111
544,207.049175,60.08522,1831,2217,2217,PGC2597819,SDSS J134811.79+600506.8,2597819.0,28022.0,137020.0,,False,False,0.0074
545,100.029333,60.08064,2101,2816,2390,NGC2273A,NGC 2273A,19397.0,,,,False,False,0.0094
546,208.684263,60.07545,3038,3384,3384,SDSSJ135444.26+600431.7,WISEA J135444.15+600431.3,4012214.0,28019.0,136999.0,,False,False,0.0113
547,137.248667,60.06283,1573,1908,1908,PGC095604,SDSS J090859.62+600346.2,95604.0,76756.0,374364.0,,False,False,0.0064
548,163.484429,60.04525,1266,1636,1636,SDSSJ105356.28+600242.9,SDSS J105356.27+600242.9,4015656.0,16667.0,80694.0,,False,False,0.0055
549,238.17189,60.04346,2932,3287,3287,PGC2597325,SBS 1551+601A,2597325.0,146469.0,632919.0,,False,False,0.011
550,137.906052,60.03732,1398,1462,1737,NGC2768,NGC 2768,25915.0,135725.0,,,False,False,0.0049
551,207.429916,60.01864,1866,2251,2251,PGC049065,MCG +10-20-039,49065.0,28021.0,137016.0,,False,False,0.0075
552,261.820294,60.01401,3218,3566,3566,NGC6381,NGC 6381,60321.0,167378.0,687976.0,,False,False,0.0119
553,174.05126,59.9765,3297,3615,3615,NGC3740,NGC 3740,35883.0,124546.0,573008.0,,False,False,0.0121
554,137.561274,59.95416,1322,1661,1661,UGC04808,UGC 04808,25858.0,76757.0,374366.0,,False,False,0.0055
555,172.560138,59.94094,1023,1390,1390,SDSSJ113014.45+595627.0,SDSS J113014.40+595626.9,4000949.0,37379.0,179814.0,,False,False,0.0046
556,136.235796,59.93304,1546,4161,1879,NGC2726,NGC 2726,25498.0,157026.0,648114.0,,False,False,0.0139
557,168.335964,59.90797,1059,1425,1425,UGC06249,UGC 06249,34156.0,37209.0,179299.0,,False,False,0.0048
558,176.938709,59.88664,1281,1666,1666,PGC036801,ARK 324,36801.0,160573.0,663452.0,,False,False,0.0056
559,177.028764,59.87655,3131,3455,3455,PGC036845,MCG +10-17-073,36845.0,124565.0,573116.0,,False,False,0.0115
560,170.544645,59.87056,3158,3476,3476,PGC034876,SBS 1119+601,34876.0,37373.0,179785.0,,False,False,0.0116
561,207.857721,59.86376,2215,3014,2585,NGC5342,NGC 5342,49192.0,143964.0,630713.0,,False,False,0.0101
562,153.737954,59.85324,2196,2527,2527,PGC2815910,SBS 1011+601,2815910.0,16581.0,80354.0,,False,False,0.0084
563,207.234747,59.83588,2020,2398,2398,UGC08741,UGC 08741,49016.0,164040.0,137400.0,,False,False,0.008
564,138.883177,59.83018,1368,1708,1708,SDSSJ091531.98+594948.5,WISEA J091532.00+594948.3,3344610.0,135786.0,623165.0,,False,False,0.0057
565,206.672517,59.82292,1865,2250,2250,PGC048833,SBS 1344+600,48833.0,28025.0,137031.0,,False,False,0.0075
566,153.746454,59.81755,2158,2490,2490,PGC2815909,SBS 1011+600,2815909.0,16580.0,80353.0,,False,False,0.0083
567,209.569061,59.8143,3039,3523,3385,NGC5402,NGC 5402,49712.0,144180.0,630908.0,,False,False,0.0118
568,227.92071,59.80891,2464,2925,2830,NGC5894,NGC 5894,54234.0,165980.0,684166.0,,True,False,0.0098
569,235.386749,59.75529,2878,3234,3234,NGC5989,NGC 5989,55802.0,146344.0,632804.0,,True,False,0.0108
570,208.893033,59.74282,1765,1084,2154,NGC5379,NGC 5379,49508.0,164216.0,678403.0,,False,False,0.0036
571,209.026421,59.74201,1847,2233,2233,NGC5389,NGC 5389,49548.0,144113.0,630848.0,,False,False,0.0074
572,130.104962,59.72767,1284,1614,1614,SDSSJ084025.19+594339.6,WISEA J084025.23+594339.9,4173325.0,83270.0,402586.0,,False,False,0.0054
573,252.733999,59.71894,3054,3406,3406,UGC10590,UGC 10590,59109.0,,,,False,False,0.0114
574,191.072253,59.71883,2935,3274,3274,SDSSJ124417.35+594307.6,WISEA J124417.34+594307.7,4002800.0,37628.0,181008.0,,False,False,0.0109
575,203.405755,59.71559,2902,3249,3249,PGC2593509,SDSS J133337.36+594256.0,2593509.0,37869.0,182165.0,,False,False,0.0108
576,193.512208,59.70816,2912,3253,3253,PGC2593434,WISEA J125402.95+594229.3,2593434.0,37746.0,181389.0,,False,False,0.0109
577,208.121864,59.67469,1875,2260,2260,PGC049273,MCG +10-20-042,49273.0,28110.0,137384.0,,False,False,0.0075
578,207.356456,59.64208,2303,2670,2670,PGC2592720,WISEA J134925.59+593831.4,2592720.0,28112.0,137395.0,,False,False,0.0089
579,208.899674,59.62059,1671,2064,2064,UGC08859,UGC 08859,49512.0,28103.0,137367.0,,False,False,0.0069
580,177.486889,59.60349,3118,3442,3442,PGC2592316,LCSB S1640P,2592316.0,37419.0,179959.0,,False,False,0.0115
581,170.024613,59.59594,1885,2245,2245,PGC2592225,SDSS J112005.92+593544.9,2592225.0,37364.0,179761.0,,False,False,0.0075
582,224.129492,59.59449,533,843,843,PGC053410,MCG +10-21-039,53410.0,19651.0,94074.0,,False,False,0.0028
583,234.030796,59.56672,3057,3409,3409,UGC09934,NGC 5976A,55561.0,146265.0,632744.0,,False,False,0.0114
584,104.892834,59.51842,3292,2957,3558,PGC019975,CGCG 285-012,19975.0,,,,False,False,0.0099
585,208.816922,59.50663,2071,2552,2447,NGC5376,NGC 5376,49489.0,28104.0,137368.0,,False,False,0.0085
586,211.851084,59.50264,1820,2207,2207,PGC2591185,SBS 1405+597,2591185.0,28158.0,137675.0,,False,False,0.0074
587,207.367848,59.49486,1978,2357,2357,SDSSJ134928.28+592941.2,SDSS J134928.28+592941.2,4003922.0,28113.0,137396.0,,False,False,0.0079
588,217.595418,59.46976,2016,2396,2396,NGC5667,NGC 5667,51830.0,165107.0,681632.0,,False,False,0.008
589,229.70002,59.4624,681,1036,1036,UGC09816,UGC 09816,54648.0,19902.0,95078.0,,False,False,0.0035
590,208.915395,59.46119,2996,3342,3342,PGC2590712,SBS 1354+597,2590712.0,,137375.0,,False,False,0.0111
591,233.515092,59.45788,2862,3217,3217,PGC2590679,WISEA J153403.62+592728.2,2590679.0,19989.0,95751.0,,False,False,0.0107
592,177.389562,59.43939,2817,3148,3148,SDSSJ114933.49+592621.7,WISEA J114933.52+592621.6,4001461.0,37416.0,179955.0,,False,False,0.0105
593,150.966132,59.43618,2972,3276,3276,UGC05408,UGC 05408,29177.0,27164.0,132662.0,,False,False,0.0109
594,210.78671,59.43355,3010,3357,3357,UGC08985,UGC 08985,50060.0,28159.0,137676.0,,False,False,0.0112
595,177.266825,59.43274,3214,3535,3535,NGC3895,NGC 3895,36907.0,124530.0,572894.0,,False,False,0.0118
596,177.09706,59.43012,3208,3529,3529,PGC036862,MCG +10-17-075,36862.0,37418.0,179958.0,,False,False,0.0118
597,174.143006,59.4272,3158,3478,3478,PGC035916,SBS 1133+597,35916.0,37384.0,179847.0,,False,False,0.0116
598,206.20875,59.42381,1757,2146,2146,PGC048726,MCG +10-20-021,48726.0,,,,False,False,0.0072
599,209.277784,59.42313,1819,2206,2206,PGC2590282,WISEA J135706.73+592523.1,2590282.0,28101.0,137364.0,,False,False,0.0074
600,177.209921,59.41579,3239,3282,3560,NGC3894,NGC 3894,36889.0,140289.0,627347.0,,False,False,0.0109
601,234.199941,59.3978,3049,3401,3401,NGC5976,NGC 5976,55609.0,146275.0,632754.0,,False,False,0.0113
602,234.472328,59.39209,2529,3766,2893,NGC5981,NGC 5981,55647.0,146289.0,632765.0,,True,False,0.0126
603,217.866343,59.39124,1827,2214,2214,PGC2589926,SBS 1430+596,2589926.0,28241.0,138024.0,,False,False,0.0074
604,221.911788,59.3644,2207,2580,2580,PGC2816115,SBS 1446+595,2816115.0,19659.0,94101.0,,False,False,0.0086
605,212.649585,59.35802,3065,2870,3411,UGC09080,UGC 09080,50611.0,28145.0,137576.0,,False,False,0.0096
606,234.665849,59.35587,2830,2673,3186,NGC5982,NGC 5982,55674.0,166335.0,685634.0,,True,False,0.0089
607,141.346591,59.33884,2342,2655,2655,SDSSJ092523.19+592019.6,SDSS J092523.19+592019.6,3997858.0,12522.0,59406.0,,False,False,0.0089
608,218.654134,59.33823,1906,2536,2290,UGC09391,UGC 09391,52091.0,165232.0,681956.0,,False,False,0.0085
609,258.29289,59.33234,1157,1552,1552,PGC059862,UGC 10770,59862.0,,634150.0,,False,False,0.0052
610,234.904481,59.33198,2519,2924,2883,NGC5985,NGC 5985,55725.0,146317.0,632783.0,,True,False,0.0098
611,210.190584,59.3284,2993,3037,3340,NGC5430,NGC 5430,49881.0,164374.0,679010.0,,False,False,0.0101
612,258.27898,59.32334,1028,1422,1422,PGC059804,UGC 10770,59804.0,147818.0,634147.0,,False,False,0.0047
613,149.061781,59.30716,2992,3221,3295,NGC3043,NGC 3043,28672.0,11000.0,52787.0,,False,False,0.0107
614,220.327191,59.30145,2317,2773,2686,UGC09477,UGC 09477,52466.0,165417.0,682741.0,,False,False,0.0092
615,171.608096,59.29366,1342,1721,1721,SDSSJ112625.95+591737.3,SDSS J112625.95+591737.3,3409346.0,37328.0,179593.0,,False,False,0.0057
616,194.861548,59.29305,2858,3200,3200,SDSSJ125926.76+591735.0,WISEA J125926.85+591734.9,4003007.0,37711.0,181240.0,,False,False,0.0107
617,169.94108,59.28051,2926,3248,3248,UGC06335,UGC 06335,34666.0,37310.0,179541.0,,False,False,0.0108
618,210.523763,59.2802,3062,3407,3407,PGC2588613,WISEA J140205.59+591648.6,2588613.0,28087.0,137298.0,,False,False,0.0114
619,147.173271,59.26099,2231,2553,2553,PGC028195,SBS 0945+594,28195.0,157456.0,648786.0,,False,False,0.0085
620,150.504006,59.25229,2803,3111,3111,PGC029056,CGCG 289-027,29056.0,157756.0,650036.0,,False,False,0.0104
621,177.142254,59.24241,3291,3610,3610,PGC036883,MCG +10-17-077,36883.0,124528.0,572891.0,,False,False,0.012
622,180.060306,59.23987,1920,2287,2287,SDSSJ120014.47+591423.5,WISEA J120014.46+591423.6,3409566.0,37388.0,179875.0,,False,False,0.0076
623,131.846012,59.2231,1306,1637,1637,SDSSJ084723.03+591323.2,SDSS J084723.07+591323.0,5064794.0,76724.0,374158.0,,False,False,0.0055
624,236.601774,59.21524,2687,3047,3047,,SBS 1545+593,,146403.0,632860.0,,False,False,0.0102
625,236.084559,59.20757,2700,3059,3059,,GALEX 2680919432329433855,,146366.0,632825.0,,False,False,0.0102
626,236.425417,59.19068,2712,3071,3071,,SDSS J154542.45+591129.0,,146390.0,632848.0,,False,False,0.0102
627,233.660457,59.17261,3027,3379,3379,PGC2587333,SDSS J153438.51+591021.2,2587333.0,19991.0,95775.0,,False,False,0.0113
628,236.531568,59.17068,2692,3052,3052,,WISEA J154607.74+591012.5,,146396.0,632854.0,,False,False,0.0102
629,205.875713,59.16787,3037,3381,3381,PGC2587285,SBS 1341+594,2587285.0,37906.0,182570.0,,False,False,0.0113
630,171.684588,59.15546,1201,1774,1578,IC0691,IC 0691,35206.0,159841.0,660087.0,,False,False,0.0059
631,209.169066,59.15065,1650,2044,2044,PGC2587092,SDSS J135640.56+590902.1,2587092.0,45134.0,218360.0,,False,False,0.0068
632,176.688207,59.14474,3274,3593,3593,PGC2587031,WISEA J114645.16+590840.8,2587031.0,124532.0,572897.0,,False,False,0.012
633,169.22478,59.1328,1682,2049,2049,PGC2586875,WISEA J111653.96+590758.3,2586875.0,37302.0,179510.0,,False,False,0.0068
634,260.516913,59.11283,2562,2921,2921,,2MASS J17220407+5906460,,167350.0,687933.0,,False,False,0.0097
635,175.788381,59.10589,1326,1790,1709,UGC06682,UGC 06682,36398.0,140117.0,627208.0,,False,False,0.006
636,219.262959,59.10175,2233,2605,2605,PWWFJ1437+5905,PGC1 5061297 NED001,5061297.0,,,,False,False,0.0087
637,226.39882,59.09377,2607,2968,2968,PGC2586382,WISEA J150535.77+590537.2,2586382.0,19809.0,94608.0,,True,False,0.0099
638,128.655148,59.09343,1440,1766,1766,SDSSJ083437.21+590536.4,SDSS J083436.93+590535.0,5064890.0,,,,False,False,0.0059
639,134.472969,59.08337,936,1267,1259,UGC04683,UGC 04683,25185.0,135582.0,622993.0,,False,False,0.0042
640,178.148336,59.08328,3249,3570,3570,PGC2586272,SBS 1149+593,2586272.0,37409.0,179935.0,,False,False,0.0119
641,137.096258,59.07468,1295,1632,1632,UGC04788,UGC 04788,25693.0,135693.0,623088.0,,False,False,0.0054
642,170.574656,59.07445,1576,2065,1949,NGC3642,NGC 3642,34889.0,159692.0,659522.0,,False,False,0.0069
643,179.250753,59.05379,2660,2997,2997,SDSSJ115700.18+590313.6,WISEA J115700.25+590314.1,4001635.0,37500.0,180364.0,,False,False,0.01
644,134.413146,59.049,1121,1453,1453,SDSSJ085739.15+590256.4,SDSS J085739.15+590256.4,5806590.0,,,,False,False,0.0048
645,127.196463,59.0185,969,1289,1289,SDSSJ082847.12+590106.7,WISEA J082847.15+590105.8,5064694.0,83292.0,402638.0,,False,False,0.0043
646,181.434585,59.01317,3185,3510,3510,SDSSJ120544.32+590047.3,WISEA J120544.35+590047.1,4001849.0,37476.0,180259.0,,False,False,0.0117
647,176.986971,58.99303,2422,2765,2765,PGC2585171,WISEA J114756.87+585935.3,2585171.0,37424.0,179965.0,,False,False,0.0092
648,149.343379,58.9913,2993,3295,3295,PGC028747,SBS 0953+592,28747.0,16523.0,80158.0,,False,False,0.011
649,176.388118,58.97811,3089,3412,3412,UGC06732,UGC 06732,36655.0,140215.0,627284.0,,False,False,0.0114
650,222.824371,58.97806,2148,3382,2523,NGC5777,NGC 5777,53043.0,165707.0,683543.0,,True,False,0.0113
651,170.648644,58.97796,1260,1637,1637,PGC2584984,WISEA J112235.69+585840.3,2584984.0,37356.0,179736.0,,False,False,0.0055
652,145.756804,58.97362,1348,1695,1695,UGC05179,UGC 05179,27788.0,10978.0,52655.0,,False,False,0.0057
653,157.23384,58.97301,2456,2780,2780,UGC05673,UGC 05673,30858.0,16543.0,80253.0,,False,False,0.0093
654,179.198995,58.97233,1229,1615,1615,SDSSJ115647.76+585820.3,WISEA J115647.71+585820.5,4001628.0,37386.0,179870.0,,False,False,0.0054
655,181.560135,58.97119,3255,3577,3577,PGC038384,SBS 1203+592,38384.0,140759.0,180214.0,,False,False,0.0119
656,133.592105,58.96747,1013,1340,1340,PGC025002,MCG +10-13-030,25002.0,76715.0,374082.0,,False,False,0.0045
657,124.678517,58.9612,1407,1728,1728,PGC023298,MCG +10-12-123,23298.0,83207.0,402385.0,,False,False,0.0058
658,141.305955,58.95837,3223,3512,3512,SDSSJ092513.29+585730.9,SDSS J092513.27+585730.7,4089075.0,135889.0,59403.0,,False,False,0.0117
659,222.899836,58.95416,2178,2552,2552,UGC09570,UGC 09570,53057.0,19647.0,94061.0,,False,False,0.0085
660,234.277814,58.94759,2984,3337,3337,PGC2584607,SDSS J153706.66+585651.3,2584607.0,,,,False,False,0.0111
661,133.455543,58.94418,864,1180,1180,SDSSJ085349.32+585639.2,WISEA J085349.29+585640.1,5064702.0,76716.0,374083.0,,False,False,0.0039
662,170.4593,58.94416,1692,2060,2060,PGC2584578,WISEA J112150.23+585638.8,2584578.0,37357.0,179739.0,,False,False,0.0069
663,176.799727,58.91916,2483,2824,2824,SDSSJ114711.93+585508.7,SDSS J114711.93+585508.7,4001399.0,37422.0,179963.0,,False,False,0.0094
664,170.455053,58.90949,1496,1871,1871,SDSSJ112149.18+585434.3,SDSS J112149.18+585434.0,4000766.0,139252.0,626391.0,,False,False,0.0062
665,204.200561,58.89609,2955,3299,3299,PGC2584020,SDSS J133648.12+585345.9,2584020.0,37903.0,182515.0,,False,False,0.011
666,193.593795,58.89493,2456,2810,2810,PGC043896,SBS 1252+591,43896.0,37732.0,181292.0,,False,False,0.0094
667,173.82558,58.88855,1038,1405,1405,PGC035827,MCG +10-17-017,35827.0,37333.0,179643.0,,False,False,0.0047
668,176.828189,58.88582,2556,2894,2894,PGC036769,SBS 1144+591,36769.0,37423.0,179964.0,,False,False,0.0097
669,193.707377,58.88238,2566,3409,2917,PGC043983,PTF10icb HOST,43983.0,37718.0,181260.0,,False,False,0.0114
670,130.01685,58.88183,1445,1771,1771,PGC024367,MCG +10-13-006,24367.0,76691.0,373944.0,,False,False,0.0059
671,224.540609,58.87179,2278,2536,2649,UGC09638,UGC 09638,53486.0,,,,False,False,0.0085
672,145.646366,58.85123,1329,1409,1675,NGC2950,NGC 2950,27765.0,136038.0,623373.0,,False,False,0.0047
673,182.44714,58.8492,1900,2811,2269,NGC4141,NGC 4141,38669.0,37458.0,180182.0,,False,False,0.0094
674,131.089317,58.84197,1291,1621,1621,UGC04549,UGC 04549,24545.0,76702.0,373999.0,,False,False,0.0054
675,140.223372,58.83543,3185,3474,3474,PGC3136622,WISEA J092053.64+585007.6,3136622.0,12506.0,59343.0,,False,False,0.0116
676,182.702526,58.82471,3091,3418,3418,SDSSJ121048.59+584928.7,SDSS J121048.59+584928.6,4002004.0,37455.0,180149.0,,False,False,0.0114
677,210.186056,58.82092,2259,2627,2627,PGC049871,MCG +10-20-061,49871.0,144263.0,630985.0,,False,False,0.0088
678,151.499958,58.81231,2913,3218,3218,UGC05435,UGC 05435,29327.0,136546.0,623847.0,,False,False,0.0107
679,207.156891,58.80984,1765,2153,2153,SDSSJ134837.68+584835.5,SDSS J134837.66+584835.4,4016113.0,45109.0,218238.0,,False,False,0.0072
680,176.469929,58.80315,2408,2751,2751,PGC2582972,WISEA J114552.80+584811.0,2582972.0,37428.0,179977.0,,False,False,0.0092
681,182.24469,58.79215,1932,2300,2300,PGC2582852,SDSS J120858.72+584731.6,2582852.0,37460.0,180187.0,,False,False,0.0077
682,265.725112,58.79194,3050,3399,3399,UGC10961,UGC 10961,60739.0,148182.0,634507.0,,False,False,0.0113
683,193.766593,58.7912,2609,2958,2958,UGC08046,UGC 08046,43996.0,162579.0,671654.0,,False,False,0.0099
684,219.766246,58.78815,2032,2411,2411,PGC2582809,WISEA J143903.94+584718.5,2582809.0,28300.0,138295.0,,False,False,0.008
685,169.605291,58.78624,1700,1597,2066,NGC3610,NGC 3610,34566.0,139121.0,626270.0,,False,False,0.0053
686,193.681448,58.77644,2524,2192,2875,UGC08040,UGC 08040,43951.0,142510.0,181252.0,,False,False,0.0073
687,217.825317,58.76134,3083,3430,3430,PGC095620,WISEA J143118.09+584540.2,95620.0,28273.0,138205.0,,False,False,0.0114
688,182.854124,58.75903,3182,3507,3507,PGC038840,2MASX J12112462+5845333,38840.0,37456.0,180151.0,,False,False,0.0117
689,174.535586,58.75828,1251,1633,1633,UGC06604,NGC 3795B,36037.0,160258.0,662179.0,,False,False,0.0054
690,169.515111,58.74706,1850,2210,2210,PGC213808,WISEA J111803.57+584449.9,213808.0,37260.0,179402.0,,False,False,0.0074
691,176.763217,58.74223,3292,3610,3610,PGC036752,SBS 1144+590,36752.0,37421.0,179961.0,,False,False,0.012
692,133.8946,58.73439,877,907,1193,NGC2685,NGC 2685,25065.0,135568.0,622979.0,,False,False,0.003
693,152.9856,58.7342,2098,2540,2429,PGC029702,UGCA 206,29702.0,136722.0,,,False,False,0.0085
694,214.32009,58.70953,3079,3424,3424,UGC09151,UGC 09151,51026.0,28137.0,137511.0,,False,False,0.0114
695,195.531957,58.69919,663,1300,958,UGC08146,UGC 08146,44961.0,142870.0,629739.0,,False,False,0.0043
696,208.691643,58.66662,1720,2110,2110,NGC5372,NGC 5372,49451.0,144074.0,630812.0,,False,False,0.007
697,207.325184,58.66375,1744,2133,2133,UGC08743,UGC 08743,49030.0,45112.0,218257.0,,False,False,0.0071
698,160.965932,58.64424,1172,1535,1535,SDSSJ104351.82+583839.0,SDSS J104351.82+583839.0,3999896.0,,178847.0,,False,False,0.0051
699,175.133668,58.64227,1941,2302,2302,PGC036216,SBS 1137+589,36216.0,124537.0,572951.0,,False,False,0.0077
700,171.856215,58.63884,1254,1632,1632,PGC2581061,SDSS J112725.46+583820.0,2581061.0,37347.0,179707.0,,False,False,0.0054
701,230.541415,58.63876,3298,3643,3643,PGC2581064,WISEA J143330.32+252102.2,2581064.0,19975.0,95640.0,,False,False,0.0122
702,175.028108,58.61315,1208,1954,1588,NGC3795,NGC 3795,36192.0,160336.0,662486.0,,False,False,0.0065
703,176.514116,58.60606,1334,1718,1718,PGC2580656,WISEA J114603.32+583621.6,2580656.0,37430.0,179980.0,,False,False,0.0057
704,175.069297,58.60565,2340,2684,2684,,SBS 1137+588,,160345.0,662519.0,,False,False,0.009
705,137.575941,58.60068,1184,1519,1519,SDSSJ091018.20+583602.5,SDSS J091018.20+583602.3,4017255.0,12501.0,59298.0,,False,False,0.0051
706,161.363575,58.5932,3052,3362,3362,UGC05862,UGC 05862,32108.0,37051.0,178593.0,,False,False,0.0112
707,171.044674,58.58068,2032,2385,2385,UGC06412,UGC 06412,35021.0,37352.0,179731.0,,False,False,0.008
708,234.387476,58.57997,2914,3268,3268,SDSSJ153732.99+583447.8,WISEA J144155.53+263815.4,4006040.0,19990.0,95763.0,,False,False,0.0109
709,172.113771,58.57845,3111,3429,3429,PGC035325,VV 118d,35325.0,,,,False,False,0.0114
710,182.727025,58.57783,2950,3280,3280,SDSSJ121054.47+583440.1,WISEA J121054.52+583440.0,4002008.0,52645.0,256666.0,,False,False,0.0109
711,172.139888,58.56291,3130,3447,3447,NGC3690,NGC 3690,35321.0,37217.0,179324.0,,False,False,0.0115
712,172.128264,58.56184,2995,3316,3316,IC0694,IC 0694,35326.0,159897.0,660384.0,,False,False,0.0111
713,198.626789,58.55798,2798,3143,3143,PGC046033,MCG +10-19-055,46033.0,37771.0,181513.0,,False,False,0.0105
714,154.300729,58.53962,2286,2612,2612,SDSSJ101712.20+583224.2,SDSS J101712.18+583224.6,3999101.0,16572.0,80327.0,,False,False,0.0087
715,176.494695,58.53521,1383,1767,1767,PGC036687,SBS 1143+588,36687.0,37427.0,179974.0,,False,False,0.0059
716,155.065881,58.53005,3226,3526,3526,PGC2579812,SDSS J102015.83+583148.1,2579812.0,16556.0,80293.0,,False,False,0.0118
717,145.845837,58.5245,1344,1690,1690,PGC027824,KUG 0939+587,27824.0,10979.0,52658.0,,False,False,0.0056
718,169.272954,58.51672,1580,1950,1950,PGC034446,SBS 1114+587,34446.0,37136.0,178999.0,,False,False,0.0065
719,228.371631,58.50934,2543,2905,2905,PGC054346,MRK 0847,54346.0,19883.0,94936.0,,True,False,0.0097
720,112.054125,58.50672,3165,3069,3433,UGC03855,UGC 03855,21067.0,,,,False,False,0.0102
721,178.936825,58.50463,3182,3504,3504,SDSSJ115544.84+583016.6,WISEA J115544.84+583016.8,3475689.0,52471.0,255938.0,,False,False,0.0117
722,178.744619,58.49358,3184,3506,3506,NGC3963,NGC 3963,37386.0,160743.0,664196.0,,False,False,0.0117
723,123.720467,58.49128,1559,1875,1875,SDSSJ081452.89+582928.9,SDSS J081452.93+582928.4,5064894.0,83195.0,402367.0,,False,False,0.0063
724,152.556597,58.48974,2137,2466,2466,UGC05480,UGC 05480,29595.0,136674.0,623965.0,,False,False,0.0082
725,201.198362,58.48886,2851,3196,3196,SDSSJ132447.61+582919.8,WISEA J132447.66+582919.5,4003550.0,37836.0,181873.0,,False,False,0.0107
726,148.298258,58.47848,1521,1867,1867,UGC05296,UGC 05296,28489.0,136166.0,623485.0,,False,False,0.0062
727,168.887676,58.47841,1452,1826,1826,PGC034324,MCG +10-16-099,34324.0,139054.0,626212.0,,False,False,0.0061
728,185.649861,58.47196,3176,3503,3503,PGC213983,WISEA J122235.98+582819.0,213983.0,52670.0,256787.0,,False,False,0.0117
729,172.521465,58.47166,1532,1908,1908,PGC2579119,WISEA J113005.13+582818.8,2579119.0,37219.0,179326.0,,False,False,0.0064
730,152.379074,58.45023,2201,2528,2528,UGC05475,UGC 05475,29550.0,136651.0,623944.0,,False,False,0.0084
731,229.612719,58.44973,2562,2924,2924,PGC2578846,SDSS J151827.05+582658.5,2578846.0,19892.0,94990.0,,False,False,0.0098
732,232.485979,58.44309,2890,3244,3244,SDSSJ152956.64+582635.0,WISEA J152956.78+582635.4,4118546.0,19985.0,95701.0,,False,False,0.0108
733,182.054215,58.43073,2931,3261,3261,SDSSJ120813.00+582550.2,WISEA J120812.92+582550.3,4001920.0,52562.0,256376.0,,False,False,0.0109
734,174.26195,58.41553,1267,1648,1648,NGC3757,NGC 3757,35955.0,139899.0,627008.0,,False,False,0.0055
735,193.611793,58.39706,2635,2982,2982,SDSSJ125426.85+582348.9,WISEA J125426.88+582349.1,4011772.0,142501.0,629380.0,,False,False,0.0099
736,154.230938,58.39478,2235,2562,2562,UGC05541,UGC 05541,30018.0,136957.0,624226.0,,False,False,0.0085
737,176.978085,58.36423,1384,1768,1768,SDSSJ114754.72+582151.3,SDSS J114754.72+582151.3,4001417.0,52414.0,255643.0,,False,False,0.0059
738,169.454538,58.3521,1758,2122,2122,UGC06304,UGC 06304,34502.0,37258.0,179400.0,,False,False,0.0071
739,153.672359,58.34634,2106,2437,2437,SDSSJ101441.36+582046.6,WISEA J101441.37+582046.3,3999023.0,16566.0,80317.0,,False,False,0.0081
740,193.841344,58.34412,2493,2992,2845,NGC4814,NGC 4814,44025.0,52773.0,257573.0,,False,False,0.01
741,148.538498,58.34099,1178,1525,1525,UGC05306,UGC 05306,28542.0,157529.0,648998.0,,False,False,0.0051
742,170.657362,58.32853,1936,2293,2293,PGC034916,SBS 1119+586,34916.0,37255.0,179387.0,,False,False,0.0076
743,186.533072,58.32028,722,930,1025,UGC07534,UGC 07534,40645.0,141348.0,667747.0,,False,False,0.0031
744,156.635006,58.31292,3248,3548,3548,SDSSJ102632.34+581846.3,WISEA J102632.34+581845.8,3999405.0,16537.0,80228.0,,False,False,0.0118
745,169.572264,58.30612,1991,2345,2345,PGC034532,SBS 1115+585,34532.0,37268.0,179418.0,,False,False,0.0078
746,182.636949,58.30408,3063,3390,3390,NGC4149,NGC 4149,38741.0,52647.0,256670.0,,False,False,0.0113
747,174.838752,58.26866,1145,1667,1522,NGC3795A,NGC 3795A,36137.0,124539.0,572968.0,,False,False,0.0056
748,124.740603,58.26274,1074,1393,1393,UGC04314,UGC 04314,23312.0,134986.0,622441.0,,False,False,0.0046
749,139.7442,58.2355,1167,1503,1503,SDSSJ091858.62+581407.6,WISEA J091858.68+581407.3,3997690.0,12468.0,59140.0,,False,False,0.005
750,110.171655,58.20727,3276,3540,3540,PGC020734,CGCG 286-012,20734.0,,,,False,False,0.0118
751,154.887596,58.20577,2099,2431,2431,NGC3182,NGC 3182,30176.0,16559.0,80304.0,,False,False,0.0081
752,261.193296,58.20572,2818,3672,3171,UGC10854,UGC 10854,60241.0,4838.0,27372.0,,False,False,0.0122
753,138.81024,58.20006,3274,3558,3558,PGC026096,VII Zw 271,26096.0,12474.0,59157.0,,False,False,0.0119
754,179.057556,58.19929,1305,1823,1692,UGC06912,UGC 06912,37504.0,140466.0,627496.0,,False,False,0.0061
755,168.823413,58.19347,1452,1826,1826,SDSSJ111517.56+581136.5,SDSS J111517.56+581136.5,4017702.0,139043.0,626202.0,,False,False,0.0061
756,173.932222,58.1925,1255,1635,1635,UGC06566,UGC 06566,35852.0,,,,False,False,0.0055
757,174.110361,58.19085,1213,2558,1592,UGC06575,UGC 06575,35900.0,52325.0,255144.0,,False,False,0.0085
758,187.811079,58.18832,3140,3468,3468,PGC2575632,WISEA J123114.67+581117.7,2575632.0,52730.0,257101.0,,False,False,0.0116
759,214.627668,58.18411,1787,2175,2175,PGC2575583,WISEA J141830.62+581102.7,2575583.0,28200.0,137860.0,,False,False,0.0073
760,169.370655,58.16968,1548,1920,1920,PGC2575396,WISEA J111728.96+581010.8,2575396.0,37269.0,179419.0,,False,False,0.0064
761,197.690653,58.15697,1412,1811,1811,PGC2575228,WISEA J131045.73+580925.6,2575228.0,37774.0,181527.0,,False,False,0.006
762,179.545846,58.15649,954,1313,1313,PGC2575211,WISEA J115811.04+580923.0,2575211.0,52436.0,255736.0,,False,False,0.0044
763,111.235775,58.15393,3264,3529,3529,PGC020958,MCG +10-11-040,20958.0,,,,False,False,0.0118
764,156.29121,58.14997,2130,3083,2463,NGC3225,NGC 3225,30569.0,16539.0,652639.0,,False,False,0.0103
765,172.571993,58.13396,1449,1827,1827,PGC035451,CGCG 291-076,35451.0,159958.0,660685.0,,False,False,0.0061
766,181.245909,58.10729,2601,2940,2940,PGC038250,UGC 07070 NED02,38250.0,161012.0,665359.0,,False,False,0.0098
767,110.767708,58.09675,3203,3468,3468,PGC020882,VII Zw 148,20882.0,,,,False,False,0.0116
768,185.198005,58.09247,3021,3258,3351,NGC4290,NGC 4290,39859.0,161533.0,667176.0,,False,False,0.0109
769,155.666326,58.09008,2026,2362,2362,PGC2574416,SDSS J102239.92+580524.0,2574416.0,16544.0,80255.0,,False,False,0.0079
770,185.31357,58.08509,2829,3164,3164,PGC039934,MCG +10-18-032,39934.0,52714.0,257000.0,,False,False,0.0106
771,234.989154,58.07953,3006,3380,3357,NGC5987,NGC 5987,55740.0,146330.0,632794.0,,False,False,0.0113
772,197.51419,58.06824,2182,2548,2548,SDSSJ131003.41+580405.6,WISEA J131003.48+580405.1,4003190.0,,,,False,False,0.0085
773,210.839375,58.06762,693,1017,1017,SDSSJ140321.46+580403.4,SDSS J140321.45+580403.4,4004223.0,,,,False,False,0.0034
774,158.542304,58.06367,2240,2571,2571,PGC031259,MRK 1434,31259.0,36968.0,178206.0,,False,False,0.0086
775,230.965329,58.05298,2660,3082,3019,UGC09837,UGC 09837,54976.0,166168.0,684930.0,,True,False,0.0103
776,180.816351,58.05286,2288,2639,2639,PGC3095176,WISEA J120315.92+580310.0,3095176.0,140674.0,627690.0,,False,False,0.0088
777,119.72655,58.0422,1090,1415,1405,UGC04121,UGC 04121,22369.0,,,,False,False,0.0047
778,169.771343,58.02259,2280,2620,2620,PGC034619,CGCG 291-052,34619.0,139151.0,626300.0,,False,False,0.0087
779,187.401781,58.0211,3040,3370,3370,PGC041215,MCG +10-18-054,41215.0,52725.0,257049.0,,False,False,0.0112
780,217.945407,58.00864,1842,2228,2228,PGC2573480,SDSS J143146.89+580030.8,2573480.0,28287.0,138239.0,,False,False,0.0074
781,169.650497,57.99995,2021,2037,2373,NGC3613,NGC 3613,34583.0,139134.0,626283.0,,False,False,0.0068
782,266.043531,57.98778,2855,3206,3206,UGC10968,UGC 10968,60769.0,148194.0,634519.0,,True,False,0.0107
783,168.227197,57.98746,2192,2534,2534,PGC2573236,WISEA J111254.51+575914.8,2573236.0,37285.0,179446.0,,False,False,0.0085
784,210.703926,57.97466,1799,2186,2186,UGC08970,UGC 08970,50018.0,45140.0,218400.0,,False,False,0.0073
785,187.842251,57.96467,3074,3689,3403,NGC4500,NGC 4500,41436.0,141565.0,628496.0,,False,False,0.0123
786,218.023867,57.95311,1924,2307,2307,,MCG +10-21-006,,145236.0,,,False,False,0.0077
787,176.057253,57.94815,1299,1682,1682,NGC3838,NGC 3838,36505.0,,,,True,False,0.0056
788,179.356029,57.93003,1201,1303,1585,UGC06931,UGC 06931,37598.0,52426.0,255704.0,,False,False,0.0043
789,218.023359,57.92143,1899,2223,2283,NGC5678,NGC 5678,51932.0,165153.0,681748.0,,False,False,0.0074
790,170.527486,57.91259,3174,3488,3488,PGC034848,CGCG 291-061,34848.0,52209.0,254596.0,,False,False,0.0116
791,200.318622,57.89833,2129,2498,2498,PGC046620,MCG +10-19-063,46620.0,37844.0,181900.0,,False,False,0.0083
792,175.581197,57.89576,1327,1710,1710,PGC036357,MCG +10-17-045,36357.0,52330.0,255192.0,,False,False,0.0057
793,170.198076,57.88548,2047,2398,2398,PGC2572109,WISEA J112047.56+575308.1,2572109.0,34826.0,167838.0,,False,False,0.008
794,232.67015,57.8837,2904,3257,3257,PGC2572081,SDSS J153040.85+575301.2,2572081.0,,,,False,False,0.0109
795,174.648627,57.8742,930,1279,1279,PGC036066,MRK 1450,36066.0,,,,False,False,0.0043
796,176.217001,57.87353,1285,1669,1669,PGC036585,CGCG 292-024,36585.0,,,,False,False,0.0056
797,171.330438,57.86924,2103,2453,2453,PGC2571927,WISEA J112519.34+575209.4,2571927.0,52216.0,254630.0,,False,False,0.0082
798,169.366403,57.85351,2349,2687,2687,PGC2571768,WISEA J111727.97+575113.4,2571768.0,37265.0,179411.0,,False,False,0.009
799,175.384941,57.85055,1948,2309,2309,SDSSJ114132.40+575102.1,WISEA J114132.32+575101.3,4001225.0,140074.0,627170.0,,False,False,0.0077
800,214.10121,57.85049,3040,3385,3385,PGC214243,SDSS J141624.26+575101.7,214243.0,45249.0,219033.0,,False,False,0.0113
801,213.302067,57.83309,2120,2494,2494,PGC050774,MCG +10-20-083,50774.0,45244.0,219008.0,,False,False,0.0083
802,186.645555,57.83077,3065,3394,3394,PGC040724,MCG +10-18-046,40724.0,52718.0,257024.0,,False,False,0.0113
803,175.242246,57.82838,1467,1848,1848,SDSSJ114058.12+574942.3,SDSS J114058.12+574942.3,4017777.0,52331.0,255194.0,,False,False,0.0062
804,201.371158,57.82198,1519,2009,1916,UGC08441,UGC 08441,46952.0,143462.0,630263.0,,False,False,0.0067
805,168.914166,57.81619,1684,2050,2050,PGC2571376,WISEA J111539.42+574858.4,2571376.0,37273.0,179425.0,,False,False,0.0068
806,214.129531,57.81024,3128,3411,3472,IC0995,IC 0995,50990.0,164747.0,680517.0,,False,False,0.0114
807,207.521205,57.80951,1702,2093,2093,SDSSJ135005.10+574834.2,WISEA J135005.20+574834.6,4018209.0,45096.0,218123.0,,False,False,0.007
808,124.743168,57.80306,1076,1281,1394,NGC2549,NGC 2549,23313.0,134987.0,622442.0,,False,False,0.0043
809,156.159109,57.79479,2200,2529,2529,PGC2571140,SBS 1021+580,2571140.0,36925.0,178122.0,,False,False,0.0084
810,146.107019,57.7885,3072,3366,3366,PGC2571070,SDSS J094425.67+574718.3,2571070.0,10919.0,52404.0,,False,False,0.0112
811,123.818706,57.78188,1131,1449,1449,SDSSJ081516.48+574654.7,SDSS J081516.48+574654.7,4158946.0,,,,False,False,0.0048
812,170.130439,57.78141,1942,2700,2297,NGC3625,NGC 3625,34718.0,159640.0,659302.0,,False,False,0.009
813,169.770447,57.77754,1548,1919,1919,PGC2570956,WISEA J111904.92+574639.7,2570956.0,,,,False,False,0.0064
814,127.761568,57.77377,1032,1351,1351,PGC2570904,WISEA J083102.76+574626.0,2570904.0,,402196.0,,False,False,0.0045
815,213.473601,57.77142,2051,2418,2428,NGC5526,NGC 5526,50832.0,164694.0,680274.0,,False,False,0.0081
816,170.364051,57.76844,1918,2275,2275,UGC06369,UGC 06369,34792.0,34838.0,167865.0,,False,False,0.0076
817,122.349,57.76317,1235,1570,1552,UGC04241,UGC 04241,22890.0,134884.0,622346.0,,False,False,0.0052
818,169.839891,57.75781,1544,2216,1916,NGC3619,NGC 3619,34641.0,139161.0,626309.0,,False,False,0.0074
819,170.096712,57.74174,1954,2309,2309,UGC06344,UGC 06344,34704.0,139197.0,659280.0,,False,False,0.0077
820,151.881217,57.72914,3000,3301,3301,SDSSJ100731.49+574344.6,SDSS J100731.48+574344.6,4015540.0,16531.0,80200.0,,False,False,0.011
821,171.361575,57.72125,1751,2410,2117,NGC3669,NGC 3669,35113.0,159800.0,659927.0,,False,False,0.008
822,200.34979,57.69455,2050,2424,2424,PGC046630,SBS 1319+579B,46630.0,143376.0,258237.0,,False,False,0.0081
823,170.375673,57.689,1784,2147,2147,PGC034791,MCG +10-16-124,34791.0,139236.0,626381.0,,False,False,0.0072
824,165.348223,57.67766,2995,3199,3308,NGC3488,NGC 3488,33242.0,159146.0,657005.0,,False,False,0.0107
825,213.448211,57.673,3114,3456,3456,SDSSJ141347.57+574022.7,SDSS J141347.56+574022.7,5075750.0,,613465.0,,False,False,0.0115
826,130.423374,57.6512,2340,2818,2637,PGC090866,FGC 0781,90866.0,,622860.0,,False,False,0.0094
827,200.218054,57.64481,2134,2023,2503,NGC5109,NGC 5109,46589.0,163387.0,674766.0,,False,False,0.0067
828,169.401321,57.64012,1808,2169,2169,PGC2569214,WISEA J111736.34+573823.7,2569214.0,34797.0,167773.0,,False,False,0.0072
829,214.34198,57.62992,3072,3416,3416,IC0996,IC 0996,51036.0,164765.0,680580.0,,False,False,0.0114
830,170.423135,57.59175,2172,2518,2518,PGC034831,SBS 1118+578B,34831.0,34836.0,167863.0,,False,False,0.0084
831,183.488693,57.58822,1274,1664,1664,SDSSJ121357.28+573517.4,WISEA J121357.27+573517.4,3549034.0,,,,False,False,0.0056
832,152.397123,57.56685,1516,1865,1865,PGC029552,SBS 1006+578,29552.0,16509.0,80014.0,,False,False,0.0062
833,175.137641,57.55979,1021,1384,1384,PGC2567881,WISEA J114033.04+573335.0,2567881.0,52413.0,255636.0,,False,False,0.0046
834,214.076011,57.55552,3112,3455,3455,SDSSJ141618.21+573319.7,WISEA J141618.15+573320.4,4018307.0,45247.0,219031.0,,False,False,0.0115
835,143.006197,57.55431,3213,3500,3500,PGC027076,KUG 0928+577A,27076.0,10925.0,52457.0,,False,False,0.0117
836,199.281435,57.53947,2761,3111,3106,IC0875,IC 0875,46263.0,52818.0,257976.0,,False,False,0.0104
837,233.809413,57.51477,3096,3444,3444,PGC2567028,WISEA J153514.23+573052.9,2567028.0,,,,False,False,0.0115
838,179.231052,57.51321,1081,1456,1456,UGC06926,UGC 06926,37556.0,160786.0,664416.0,,False,False,0.0049
839,156.484297,57.50197,2448,2769,2769,PGC2566776,WISEA J102556.25+573006.8,2566776.0,36924.0,178120.0,,False,False,0.0092
840,145.510776,57.48967,1163,1504,1504,PGC2566547,SDSS J094202.58+572922.7,2566547.0,16493.0,79928.0,,False,False,0.005
841,170.686007,57.44148,3100,3414,3414,SDSSJ112244.65+572629.1,WISEA J112244.63+572628.9,4000790.0,52213.0,254618.0,,False,False,0.0114
842,173.016296,57.43922,1570,1944,1944,PGC035570,SBS 1129+577,35570.0,,661081.0,,False,False,0.0065
843,177.250392,57.39824,1200,1582,1582,PGC3085825,SDSS J114900.08+572354.1,3085825.0,140297.0,627354.0,,False,False,0.0053
844,156.116436,57.3925,2539,2855,2855,UGC05626,UGC 05626,30513.0,36934.0,178141.0,,False,False,0.0095
845,173.010059,57.37922,1560,1935,1935,PGC035568,SBS 1129+576,35568.0,52319.0,255371.0,,False,False,0.0065
846,130.436289,57.37908,2322,2618,2618,SDSSJ084144.72+572244.7,SDSS J084144.72+572244.7,4174139.0,76660.0,373768.0,,False,False,0.0087
847,141.973895,57.37548,3209,3217,3495,NGC2870,NGC 2870,26856.0,10917.0,52393.0,,False,False,0.0107
848,233.490212,57.36222,3282,3627,3627,PGC055453,CGCG 297-017,55453.0,146238.0,632717.0,,False,False,0.0121
849,173.115347,57.36178,1552,1927,1927,PGC2563856,WISEA J113227.64+572142.5,2563856.0,,,,False,False,0.0064
850,171.553835,57.35354,1456,1832,1832,PGC035175,SBS 1123+576,35175.0,52220.0,254649.0,,False,False,0.0061
851,253.263645,57.34987,3183,3530,3530,PGC059192,MRK 0889,59192.0,,,,False,False,0.0118
852,170.448178,57.34675,1081,1447,1447,PGC2563515,WISEA J112147.44+572047.9,2563515.0,34839.0,167867.0,,False,False,0.0048
853,232.008911,57.34009,2936,3288,3288,2MASXJ15280214+5720247,2MASX J15280214+5720247,3363999.0,,,,False,False,0.011
854,230.492001,57.31049,765,1131,1131,PGC2801022,PGC1 2801022 NED001,2801022.0,146100.0,,,False,False,0.0038
855,153.626874,57.29702,2919,3222,3222,PGC029875,SBS 1011+575,29875.0,36819.0,177844.0,,False,False,0.0107
856,110.980142,57.28135,1257,1563,1563,PGC020914,CGCG 286-015,20914.0,,,,False,False,0.0052
857,170.881542,57.27514,1971,2325,2325,SDSSJ112331.57+571630.5,WISEA J112331.65+571626.0,6657017.0,,,,False,False,0.0078
858,171.262425,57.26867,2068,2418,2418,PGC035089,SBS 1122+575,35089.0,52217.0,254637.0,,False,False,0.0081
859,172.100553,57.24682,1671,2040,2040,PGC2561050,WISEA J112824.09+571449.2,2561050.0,52225.0,254669.0,,False,False,0.0068
860,171.916755,57.24252,3059,3375,3375,PGC035262,SBS 1124+575,35262.0,52310.0,255050.0,,False,False,0.0113
861,168.764197,57.23797,1921,2276,2276,PGC2560815,WISEA J111503.44+571416.3,2560815.0,34691.0,167460.0,,False,False,0.0076
862,176.680046,57.23278,1029,1395,1395,SDSSJ114643.27+571357.8,SDSS J114643.27+571357.7,4015804.0,52464.0,255914.0,,False,False,0.0047
863,215.837433,57.2318,1904,2286,2286,SDSSJ142321.02+571353.7,WISEA J142321.00+571353.2,4012400.0,45255.0,219109.0,,False,False,0.0076
864,153.580569,57.23025,2983,3284,3284,SDSSJ101419.34+571348.6,WISEA J101419.43+571348.7,3999016.0,36817.0,177839.0,,False,False,0.011
865,167.168277,57.23019,1876,2231,2231,NGC3530,NGC 3530,33766.0,34765.0,167702.0,,False,False,0.0074
866,189.490921,57.22889,3123,3452,3452,SDSSJ123757.77+571343.8,WISEA J123757.84+571344.2,4011636.0,52746.0,257271.0,,False,False,0.0115
867,212.458171,57.22496,1764,2153,2153,SDSSJ140949.96+571329.7,WISEA J140949.89+571329.9,4016149.0,144615.0,631317.0,,False,False,0.0072
868,200.334373,57.20234,2118,2487,2487,PGC2559875,WISEA J132120.31+571207.5,2559875.0,52858.0,258255.0,,False,False,0.0083
869,183.073128,57.18977,1767,2142,2142,SDSSJ121217.56+571123.0,WISEA J121217.55+571123.0,3548828.0,,,,False,False,0.0071
870,103.293541,57.17775,1441,1434,1738,UGC03574,UGC 03574,19789.0,,,,False,False,0.0048
871,216.448136,57.15539,1851,2236,2236,SDSSJ142547.41+570918.9,SDSS J142547.41+570918.9,4004676.0,45254.0,219103.0,,False,False,0.0075
872,216.127105,57.13773,3168,3510,3510,PGC051459,MRK 0812,51459.0,45284.0,219365.0,,False,False,0.0117
873,172.298912,57.13231,2409,2851,2746,NGC3683A,NGC 3683A,35376.0,159919.0,660485.0,,False,False,0.0095
874,177.122109,57.13193,1285,1669,1669,SDSSJ114829.31+570754.9,WISEA J114829.29+570755.2,3475058.0,52379.0,255445.0,,False,False,0.0056
875,163.45639,57.1187,1921,2999,2269,NGC3440,NGC 3440,32714.0,138299.0,625506.0,,False,False,0.01
876,146.6163,57.1173,1179,1521,1521,PGC028043,MRK 1424,28043.0,,,,False,False,0.0051
877,164.006163,57.11698,1770,2213,2125,NGC3458,NGC 3458,32854.0,138375.0,625581.0,,False,False,0.0074
878,254.678374,57.09836,3285,3630,3630,PGC059363,NGC 6262,59363.0,,,,False,False,0.0121
879,176.756665,57.09253,781,1087,1087,UGC06756,UGC 06756,36751.0,160555.0,663354.0,,False,False,0.0036
880,213.788179,57.08836,324,656,528,PGC050911,KUG 1413+573,50911.0,,,,False,False,0.0022
881,196.680746,57.07416,3253,3583,3583,SDSSJ130643.37+570426.8,WISEA J130643.48+570426.1,4003122.0,52764.0,257465.0,,False,False,0.012
882,179.855881,57.06922,838,1164,1164,PGC3085826,PGC1 4101601 NED001,4101601.0,52451.0,255847.0,,False,False,0.0039
883,172.818138,57.06637,1667,2037,2037,PGC035516,SBS 1128+573,35516.0,52233.0,254704.0,,False,False,0.0068
884,158.368506,57.05266,2647,2961,2961,PGC031207,KUG 1030+573,31207.0,37022.0,178420.0,,False,False,0.0099
885,171.610836,57.04832,2119,2467,2467,NGC3674,NGC 3674,35191.0,159832.0,660049.0,,False,False,0.0082
886,138.567414,57.04443,2516,2815,2815,,WISEA J112414.52+563906.7,,10896.0,52302.0,,False,False,0.0094
887,155.935635,57.02696,1165,1518,1518,NGC3220,NGC 3220,30462.0,158263.0,652474.0,,False,False,0.0051
888,171.77696,57.0109,2060,2411,2411,PGC2554529,WISEA J112706.48+570039.9,2554529.0,52227.0,254678.0,,False,False,0.008
889,162.887232,57.00743,1866,2215,2215,PGC2554441,SDSS J105132.92+570026.5,2554441.0,36985.0,178260.0,,False,False,0.0074
890,228.052167,57.00173,628,961,961,PGC054272,SBS 1510+571B,54272.0,19867.0,94865.0,,False,False,0.0032
891,209.421204,57.00163,1747,2233,2136,UGC08892,UGC 08892,49663.0,164276.0,678646.0,,False,False,0.0074
892,155.304567,57.00121,2937,3241,3241,PGC030282,MCG +10-15-067,30282.0,36858.0,177947.0,,False,False,0.0108
893,227.444802,57.00017,763,1222,1124,NGC5879,NGC 5879,54117.0,165958.0,684079.0,,False,False,0.0041
894,163.648758,56.99011,2014,1274,2358,NGC3445,NGC 3445,32772.0,138322.0,625529.0,,False,False,0.0042
895,115.971958,56.98689,3236,3499,3499,UGC03981,UGC 03981,21666.0,,,,False,False,0.0117
896,163.684746,56.98285,1921,2269,2269,PGC032784,UGC 06021 NOTES01,32784.0,138330.0,625537.0,,False,False,0.0076
897,228.281534,56.96859,836,1309,1210,UGC09776,UGC 09776,54314.0,166009.0,684221.0,,False,False,0.0044
898,155.884632,56.93179,1231,1586,1586,PGC030447,KUG 1020+571,30447.0,36853.0,177941.0,,False,False,0.0053
899,155.448228,56.93041,1158,1422,1510,NGC3206,NGC 3206,30322.0,36929.0,178131.0,,False,False,0.0047
900,171.499917,56.90223,2338,2677,2677,PGC2551342,WISEA J112600.01+565407.5,2551342.0,52221.0,254651.0,,False,False,0.0089
901,171.882672,56.87702,1709,2187,2076,NGC3683,NGC 3683,35249.0,159868.0,660238.0,,False,False,0.0073
902,233.491551,56.84736,3241,3585,3585,PGC2549587,WISEA J144742.72+215516.0,2549587.0,20076.0,96312.0,,False,False,0.012
903,109.043385,56.82317,3080,3341,3341,PGC020543,CGCG 261-042,20543.0,,,,False,False,0.0111
904,212.478878,56.82262,1790,2177,2177,PGC050551,CGCG 295-037,50551.0,45147.0,218441.0,,False,False,0.0073
905,109.008216,56.81804,3246,3505,3505,UGC03765,UGC 03765,20536.0,,,,False,False,0.0117
906,171.669923,56.81434,1794,2157,2157,PGC2548596,WISEA J112640.83+564851.4,2548596.0,52191.0,254535.0,,False,False,0.0072
907,171.558541,56.80222,3057,3372,3372,PGC2548235,SBS 1123+570,2548235.0,52200.0,254562.0,,False,False,0.0112
908,173.821735,56.79444,2318,2660,2660,PGC035813,UGCA 240,35813.0,52274.0,254893.0,,False,False,0.0089
909,179.841021,56.77951,1072,1446,1446,PGC2547530,WISEA J115921.87+564646.2,2547530.0,52450.0,255846.0,,False,False,0.0048
910,164.087084,56.75962,1848,2199,2199,UGC06039,UGC 06039,32876.0,34577.0,166956.0,,False,False,0.0073
911,163.461745,56.75829,1980,2325,2325,PGC2546877,WISEA J105350.93+564530.3,2546877.0,34573.0,166928.0,,False,False,0.0078
912,172.197876,56.7457,1679,2048,2048,SDSSJ112847.49+564444.3,SDSS J112847.49+564444.3,4015728.0,52185.0,254514.0,,False,False,0.0068
913,159.963626,56.73368,1134,1490,1490,SDSSJ103950.97+564402.9,SDSS J103950.88+564403.0,4093989.0,36999.0,178366.0,,False,False,0.005
914,214.95081,56.72939,303,587,502,NGC5585,NGC 5585,51210.0,,,,False,False,0.002
915,234.686838,56.71403,3177,3523,3523,SDSSJ153844.84+564250.6,WISEA J153844.84+564249.1,5064795.0,20085.0,96345.0,,False,False,0.0118
916,233.995202,56.68565,3201,3546,3546,SDSSJ153558.86+564108.4,SDSS J153558.83+564108.2,5064805.0,20077.0,96313.0,,False,False,0.0118
917,171.614332,56.67918,2455,2788,2788,PGC2544326,WISEA J112627.43+564044.8,2544326.0,52295.0,254966.0,,False,False,0.0093
918,216.687756,56.6777,3191,3532,3532,SDSSJ142645.04+564039.7,WISEA J142645.10+564040.3,3995326.0,45285.0,219367.0,,False,False,0.0118
919,229.354794,56.66363,746,1106,1106,PGC054577,KUG 1516+568,54577.0,146020.0,684472.0,,False,False,0.0037
920,216.928593,56.65891,2030,2408,2408,PGC2543730,2MASX J14274288+5639317,2543730.0,45256.0,219126.0,,False,False,0.008
921,179.475618,56.63799,416,651,586,PGC2543081,SDSS J115754.18+563816.6,2543081.0,,,,False,False,0.0022
922,180.518064,56.61358,1193,1578,1578,PGC2542304,WISEA J120204.34+563648.7,2542304.0,52445.0,255808.0,,False,False,0.0053
923,148.729398,56.60777,1593,1933,1933,PGC028594,KUG 0951+568,28594.0,16514.0,80092.0,,False,False,0.0064
924,216.926493,56.59599,1951,2332,2332,PGC2541780,WISEA J142742.38+563545.6,2541780.0,45257.0,219127.0,,False,False,0.0078
925,216.638694,56.58263,1953,1929,2334,NGC5631,NGC 5631,51564.0,164995.0,681327.0,,False,False,0.0064
926,176.519251,56.56561,1020,1383,1383,SDSSJ114604.48+563356.1,SDSS J114604.47+563356.0,4015799.0,52353.0,255287.0,,False,False,0.0046
927,233.366088,56.55972,661,2103,1008,NGC5963,NGC 5963,55419.0,,,,False,False,0.007
928,212.425169,56.54207,1754,2143,2143,SDSSJ140942.03+563231.4,WISEA J140942.04+563230.8,4004365.0,144609.0,631311.0,,False,False,0.0071
929,167.899323,56.52691,3053,3364,3364,UGC06228,UGC 06228,34029.0,34671.0,167430.0,,False,False,0.0112
930,106.211013,56.52024,1386,1663,1683,UGC03647,UGC 03647,20116.0,,,,False,False,0.0055
931,105.996602,56.48631,1406,1703,1703,PGC020086,CGCG 261-017,20086.0,,,,False,False,0.0057
932,177.697641,56.45643,888,1583,1224,UGC06816,UGC 06816,37037.0,52342.0,255246.0,,False,False,0.0053
933,228.699549,56.45422,717,1069,1069,PGC054419,KUG 1513+566,54419.0,19862.0,94824.0,,False,False,0.0036
934,161.096152,56.42131,822,1222,1129,UGC05848,UGC 05848,32041.0,34502.0,166596.0,,False,False,0.0041
935,177.083392,56.34584,1031,1395,1395,,WISEA J114820.15+562045.4,,140271.0,,,False,False,0.0047
936,228.973151,56.32915,667,1188,1008,NGC5907,NGC 5907,54470.0,145978.0,,,False,False,0.004
937,196.353594,56.32274,2537,2886,2886,NGC4964,NGC 4964,45278.0,52761.0,257430.0,,False,False,0.0096
938,216.361953,56.32019,1886,1233,2269,UGC09245,UGC 09245,51509.0,45219.0,218774.0,,False,False,0.0041
939,152.399613,56.3158,1122,1467,1467,SDSSJ100935.89+561856.8,WISEA J100935.87+561856.8,3407679.0,36815.0,177835.0,,False,False,0.0049
940,159.124346,56.28375,2523,2841,2841,SDSSJ103629.88+561701.1,SDSS J103629.87+561701.1,4010692.0,137714.0,624954.0,,False,False,0.0095
941,174.843168,56.27072,2391,3169,2730,NGC3780,NGC 3780,36138.0,160302.0,662355.0,,False,False,0.0106
942,156.757296,56.27065,836,1167,1145,PGC030715,UGCA 211,30715.0,158340.0,652819.0,,False,False,0.0039
943,178.904748,56.25314,950,1301,1301,PGC037460,SBS 1153+565,37460.0,52386.0,255494.0,,False,False,0.0043
944,215.6313,56.25177,1916,2297,2297,PGC051357,KUG 1420+564,51357.0,45225.0,218831.0,,False,False,0.0077
945,216.147662,56.24939,1759,2148,2148,PGC2530642,WISEA J142435.35+561458.1,2530642.0,45221.0,218805.0,,False,False,0.0072
946,205.124567,56.24882,2929,3271,3271,PGC2530610,WISEA J134029.90+561455.9,2530610.0,52953.0,258931.0,,False,False,0.0109
947,165.795983,56.22176,1520,1886,1886,NGC3499,NGC 3499,33375.0,159197.0,657230.0,,False,False,0.0063
948,175.225217,56.2022,1383,1637,1765,NGC3794,NGC 3794,36238.0,140050.0,627147.0,,False,False,0.0055
949,173.551425,56.19209,2263,2606,2606,SDSSJ113412.37+561131.2,WISEA J113412.30+561131.3,4001039.0,52161.0,254427.0,,False,False,0.0087
950,141.515,56.1543,707,986,986,SDSSJ092603.64+560915.5,SDSS J092603.64+560915.5,5806594.0,,,,False,False,0.0033
951,116.338637,56.15401,988,1292,1292,UGC03998,UGC 03998,21715.0,,,,False,False,0.0043
952,174.460323,56.14385,2277,2854,2620,UGC06596,UGC 06596,36000.0,139942.0,627047.0,,False,False,0.0095
953,183.399546,56.14322,3200,3520,3520,PGC2527021,SBS 1211+564,2527021.0,41766.0,200710.0,,False,False,0.0117
954,161.940539,56.09136,1240,1602,1602,UGC05888,UGC 05888,32248.0,138068.0,625289.0,,False,False,0.0053
955,176.464252,56.08847,2356,2697,2697,PGC036680,KUG 1143+563,36680.0,52345.0,255264.0,,False,False,0.009
956,177.313767,56.08436,1173,1648,1553,NGC3898,NGC 3898,36921.0,140303.0,627359.0,,True,False,0.0055
957,158.081861,56.08386,933,1453,1261,NGC3264,NGC 3264,31125.0,36866.0,177977.0,,False,False,0.0048
958,177.37329,56.03184,904,1242,1242,SDSSJ114929.65+560154.0,SDSS J114929.60+560154.1,4011217.0,52400.0,255561.0,,False,False,0.0041
959,176.893132,55.96723,2394,2844,2734,NGC3888,NGC 3888,36789.0,140259.0,627325.0,,False,False,0.0095
960,161.343312,55.96037,942,1346,1274,NGC3353,NGC 3353,32103.0,34520.0,166638.0,,False,False,0.0045
961,121.353195,55.95014,2979,3247,3247,UGC04204,UGC 04204,22710.0,134833.0,622301.0,,False,False,0.0108
962,189.655229,55.92566,3200,3524,3524,PGC042259,UGCA 291,42259.0,162165.0,669164.0,,False,False,0.0118
963,111.728997,55.89317,786,1077,1077,PGC2518162,WISEA J072654.57+555340.0,2518162.0,,,,False,False,0.0036
964,232.715843,55.88811,3263,3606,3606,PGC2517976,SDSS J153051.79+555317.1,2517976.0,124612.0,573301.0,,False,False,0.012
965,176.398362,55.8869,1155,1467,1532,NGC3850,NGC 3850,36660.0,52343.0,255258.0,,False,False,0.0049
966,214.235145,55.86414,1872,2255,2255,UGC09146,UGC 09146,51008.0,45228.0,218882.0,,False,False,0.0075
967,170.900959,55.85951,2937,3252,3252,SDSSJ112336.22+555134.2,WISEA J112336.25+555133.8,3404821.0,34721.0,167533.0,,False,False,0.0108
968,252.59776,55.83862,2115,2484,2484,UGC10589,UGC 10589,59093.0,,,,False,False,0.0083
969,226.316895,55.82785,583,894,894,PGC166188,CGCG 011-029 NED02,166188.0,28442.0,138997.0,,False,False,0.003
970,176.641921,55.82137,1079,1449,1449,PGC2515483,WISEA J114634.08+554917.4,2515483.0,52336.0,255235.0,,False,False,0.0048
971,180.7314,55.81823,1035,1403,1403,SDSSJ120255.53+554905.6,WISEA J120255.61+554906.0,3476258.0,41681.0,200442.0,,False,False,0.0047
972,210.549144,55.81408,1797,2213,2183,NGC5443,NGC 5443,49993.0,164414.0,679164.0,,False,False,0.0074
973,228.029759,55.78506,834,1327,1205,NGC5866B,NGC 5866B,54267.0,28455.0,139054.0,,False,False,0.0044
974,177.526207,55.78262,594,820,820,PGC2807144,PGC1 2807144 NED001,2807144.0,,,,False,False,0.0027
975,207.914246,55.77676,2133,2504,2504,SDSSJ135139.44+554636.1,WISEA J135139.48+554635.9,4003963.0,53035.0,259301.0,,False,False,0.0084
976,226.622984,55.76322,674,914,1011,NGC5866,NGC 5866,53933.0,165916.0,683969.0,,False,False,0.003
977,182.044759,55.74645,1115,1495,1495,PGC2512985,SDSS J120810.72+554447.2,2512985.0,41699.0,200535.0,,False,False,0.005
978,162.147105,55.74497,2917,3224,3224,PGC032323,MCG +09-18-031,32323.0,34568.0,166903.0,,False,False,0.0108
979,211.301673,55.74185,1647,2040,2040,NGC5475,NGC 5475,50231.0,164507.0,679471.0,,False,False,0.0068
980,169.952358,55.72261,605,835,835,PGC034671,MCG +09-19-043,34671.0,34719.0,167529.0,,False,False,0.0028
981,150.309573,55.71826,1298,1643,1643,PGC028990,CGCG 265-055,28990.0,36763.0,177534.0,,False,False,0.0055
982,210.766832,55.7081,2122,2493,2493,PGC2511617,WISEA J140304.02+554229.1,2511617.0,53059.0,259395.0,,False,False,0.0083
983,134.951533,55.70631,2574,3127,2863,NGC2710,NGC 2710,25258.0,10500.0,50984.0,,False,False,0.0104
984,195.732238,55.69455,1358,2322,1757,PGC045058,MCG +09-21-092,45058.0,162901.0,206791.0,,False,False,0.0077
985,150.491748,55.67996,1164,1475,1507,NGC3079,NGC 3079,29050.0,136420.0,,,False,False,0.0049
986,167.8789,55.67427,698,744,962,NGC3556,MESSIER 108,34030.0,,,,False,False,0.0025
987,179.965574,55.66553,732,1014,1014,UGC06988,UGC 06988,37809.0,41574.0,200120.0,,False,False,0.0034
988,261.386604,55.65655,3296,3638,3638,PGC2509826,WISEA J121809.95+624807.3,2509826.0,4935.0,27736.0,,False,False,0.0121
989,212.450367,55.65542,1643,2037,2037,SDSSJ140948.09+553919.8,WISEA J140948.06+553919.2,4004366.0,45234.0,218931.0,,False,False,0.0068
990,179.156394,55.63319,1292,1679,1679,UGC06919,UGC 06919,37532.0,160782.0,664377.0,,False,False,0.0056
991,150.216959,55.61888,1158,1822,1500,NGC3073,NGC 3073,28974.0,157720.0,649863.0,,False,False,0.0061
992,179.259223,55.60488,2420,2761,2761,PGC2508011,WISEA J115702.24+553617.3,2508011.0,41567.0,200097.0,,False,False,0.0092
993,117.290685,55.60462,1198,1503,1503,PGC021882,SBS 0745+557,21882.0,,,,False,False,0.005
994,163.011759,55.60113,1211,1574,1574,UGC05976,UGC 05976,32604.0,138231.0,625441.0,,False,False,0.0053
995,210.968306,55.59247,1971,2349,2349,,SDSS J140352.43+553532.4,,,259421.0,,False,False,0.0078
996,221.1842,55.58802,590,889,889,PGC2801019,PGC1 2801019 NED001,2801019.0,,,,False,False,0.003
997,210.97356,55.58706,1971,2349,2349,,WISEA J140353.65+553513.2,,53067.0,,,False,False,0.0078
998,179.262856,55.58678,771,1066,1066,PGC213911,SDSS J115703.08+553512.3,213911.0,41569.0,200101.0,,False,False,0.0036
999,147.376341,55.57978,1575,1875,1912,PGC028251,UGCA 184,28251.0,16433.0,79569.0,,False,False,0.0063
1000,210.24264,55.56814,1842,2227,2227,PGC2506745,WISEA J140058.18+553404.9,2506745.0,53054.0,259379.0,,False,False,0.0074
1001,226.726628,55.53845,3292,3632,3632,SDSSJ150654.39+553218.0,WISEA J150654.36+553217.3,4016836.0,28353.0,138618.0,,False,False,0.0121
1002,150.882084,55.52257,1348,1694,1694,PGC2505123,WISEA J100331.68+553121.0,2505123.0,36772.0,177580.0,,False,False,0.0057
1003,171.430532,55.52031,2886,3203,3203,PGC2505047,WISEA J112543.28+553113.0,2505047.0,,,,False,False,0.0107
1004,212.824065,55.51226,1681,2073,2073,PGC050651,SBS 1409+557,50651.0,53244.0,260020.0,,False,False,0.0069
1005,267.386001,55.50808,1067,1453,1453,PGC060931,CGCG 278-034,60931.0,167523.0,688150.0,,False,False,0.0048
1006,226.640951,55.47919,836,1206,1206,NGC5870,NGC 5826,53949.0,28354.0,138621.0,,False,False,0.004
1007,175.879743,55.47888,979,1331,1331,UGC06685,UGC 06685,36432.0,41333.0,199306.0,,False,False,0.0044
1008,179.398185,55.45871,687,1273,949,NGC3990,NGC 3990,37618.0,140497.0,627525.0,,False,False,0.0042
1009,179.483945,55.45357,1044,1561,1411,NGC3998,NGC 3998,37642.0,140507.0,627535.0,,True,False,0.0052
1010,211.179111,55.43522,1538,1935,1935,PGC099782,WISEA J140442.99+552606.7,99782.0,164486.0,679418.0,,False,False,0.0065
1011,228.753971,55.43203,3164,3507,3507,2MASXJ15150097+5525555,WISEA J151500.90+552555.3,3386892.0,28463.0,139090.0,,False,False,0.0117
1012,182.117477,55.42387,1748,2123,2123,PGC2501589,SBS 1205+557,2501589.0,41692.0,200503.0,,False,False,0.0071
1013,212.252725,55.42022,1888,2270,2270,PGC2501446,2MASX J14090077+5525125,2501446.0,53218.0,259966.0,,False,False,0.0076
1014,179.257711,55.41981,1209,1592,1592,PGC2501414,WISEA J115701.80+552510.7,2501414.0,41673.0,200391.0,,False,False,0.0053
1015,162.880906,55.39097,2900,3208,3208,UGC05954,NGC 3398,32564.0,138212.0,625424.0,,False,False,0.0107
1016,179.55702,55.38791,969,1322,1322,PGC213915,WISEA J115813.70+552316.8,213915.0,41677.0,200420.0,,False,False,0.0044
1017,177.662241,55.35389,951,1469,1298,NGC3913,NGC 3913,37024.0,41540.0,200016.0,,False,False,0.0049
1018,178.937894,55.32073,854,1486,1176,NGC3972,NGC 3972,37466.0,41674.0,200396.0,,False,False,0.005
1019,151.173821,55.31137,1113,1074,1453,UGC05421,UGC 05421,29229.0,136505.0,623807.0,,False,False,0.0036
1020,179.704958,55.30684,945,1293,1293,PGC2832101,WISEA J115849.18+551825.2,2832101.0,41577.0,,,False,False,0.0043
1021,206.325613,55.29081,1967,2344,2344,NGC5294,NGC 5294,48761.0,163955.0,677257.0,,False,False,0.0078
1022,213.47541,55.26762,1678,2070,2070,SDSSJ141354.14+551603.3,WISEA J141354.19+551603.4,4012350.0,144720.0,631413.0,,False,False,0.0069
1023,234.267447,55.26393,674,1124,1021,PGC055616,UGCA 410,55616.0,20020.0,95985.0,,False,False,0.0037
1024,143.49894,55.24592,751,1216,1034,[MU2012]J0934+55A,WISEA J093358.98+551444.5,5064301.0,,,,False,False,0.0041
1025,143.508836,55.24062,747,1216,1029,UGCA166,UGCA 166,3167220.0,135954.0,623305.0,,False,False,0.0041
1026,164.696649,55.23468,2883,3193,3193,UGC06061,UGC 06061,33045.0,34547.0,166751.0,,False,False,0.0107
1027,211.537394,55.22402,1925,2305,2305,PGC2494825,WISEA J140608.99+551326.5,2494825.0,53140.0,259676.0,,False,False,0.0077
1028,180.415056,55.20865,1189,1572,1572,PGC2832106,WISEA J120139.62+551231.2,2832106.0,41683.0,200455.0,,False,False,0.0052
1029,178.487331,55.17152,1196,1578,1578,PGC2492981,WISEA J115356.93+551017.4,2492981.0,41458.0,199738.0,,False,False,0.0053
1030,181.721914,55.16845,2538,2875,2875,PGC038432,SBS 1204+554A,38432.0,41687.0,200489.0,,False,False,0.0096
1031,210.175128,55.16445,1859,2161,2243,NGC5422,NGC 5422,49874.0,144262.0,630984.0,,False,False,0.0072
1032,255.870084,55.14833,3271,3613,3613,PGC059518,CGCG 277-022,59518.0,,,,False,False,0.0121
1033,180.458864,55.14506,1042,1410,1410,PGC2492054,WISEA J120150.13+550842.4,2492054.0,41684.0,200457.0,,False,False,0.0047
1034,205.339089,55.1411,2009,2384,2384,PGC2491930,SDSS J134121.37+550827.8,2491930.0,52939.0,258825.0,,False,False,0.008
1035,179.117188,55.12526,1112,1524,1488,NGC3982,NGC 3982,37520.0,41675.0,200397.0,,True,False,0.0051
1036,183.210027,55.1069,2542,2881,2881,PGC2490787,WISEA J121250.38+550625.2,2490787.0,41772.0,200721.0,,False,False,0.0096
1037,211.854039,55.10301,1382,2930,1783,NGC5486,NGC 5486,50383.0,164563.0,679695.0,,False,False,0.0098
1038,173.347803,55.07239,2355,2162,2691,PGC035678,UGCA 239,35678.0,,661360.0,,False,False,0.0072
1039,180.877713,55.05172,1113,1490,1490,SDSSJ120330.64+550306.0,SDSS J120330.64+550306.0,4001787.0,41686.0,200480.0,,False,False,0.005
1040,176.061723,55.03499,1428,1892,1810,NGC3846A,NGC 3846A,36506.0,41336.0,199322.0,,False,False,0.0063
1041,211.700818,55.02989,2029,2405,2405,NGC5484,NGC 5484,50338.0,53139.0,259674.0,,False,False,0.008
1042,224.134293,55.0297,831,1196,1196,SDSSJ145632.21+550146.8,WISEA J145632.27+550147.3,3386631.0,28370.0,138680.0,,False,False,0.004
1043,180.251512,55.02549,1107,1484,1484,PGC037896,MCG +09-20-063,37896.0,41682.0,200454.0,,False,False,0.005
1044,212.232524,55.02209,2062,2436,2436,SDSSJ140855.79+550119.4,WISEA J140855.82+550120.0,4012321.0,53220.0,259973.0,,False,False,0.0081
1045,211.497039,55.01192,2009,2386,2386,PGC2487633,LCSB S2021P,2487633.0,53204.0,259943.0,,False,False,0.008
1046,211.797279,55.00163,1904,2020,2286,NGC5485,NGC 5485,50369.0,53145.0,259694.0,,False,False,0.0067
1047,211.658868,54.99658,1837,2222,2222,SDSSJ140638.13+545947.6,SDSS J140638.12+545947.4,3484941.0,53207.0,259949.0,,False,False,0.0074
1048,177.047196,54.99181,2426,3536,2764,UGC06774,UGC 06774,36836.0,,,,False,False,0.0118
1049,123.234934,54.96898,2571,2508,2846,UGC04267,UGC 04267,23026.0,156534.0,647239.0,,False,False,0.0084
1050,182.382198,54.93836,994,1354,1354,PGC2485185,WISEA J120931.81+545618.9,2485185.0,41762.0,200701.0,,False,False,0.0045
1051,210.258105,54.93197,1757,2145,2145,PGC2484987,WISEA J140101.97+545555.3,2484987.0,53018.0,259151.0,,False,False,0.0072
1052,137.332196,54.91151,2439,3184,2732,UGC04800,UGC 04800,25781.0,10736.0,51803.0,,False,False,0.0106
1053,212.111599,54.90881,1441,1842,1842,UGC09051,UGC 09051,50546.0,,,,False,False,0.0061
1054,211.180018,54.89256,1893,2156,2275,NGC5473,NGC 5473,50191.0,164491.0,679425.0,,False,False,0.0072
1055,146.595165,54.86903,1587,1921,1921,PGC028037,KUG 0942+551,28037.0,27081.0,132514.0,,False,False,0.0064
1056,212.204993,54.85613,2001,2378,2378,PGC2482599,SDSS J140849.20+545121.9,2482599.0,53150.0,259701.0,,False,False,0.0079
1057,231.368687,54.8537,2603,2959,2959,SDSSJ152528.48+545113.4,WISEA J152528.46+545113.6,4118332.0,19926.0,95296.0,,False,False,0.0099
1058,173.756737,54.8505,1182,1663,1557,NGC3733,NGC 3733,35797.0,160117.0,661616.0,,False,False,0.0055
1059,169.535246,54.84128,1896,2249,2249,PGC034528,SBS 1115+551,34528.0,41106.0,198032.0,,False,False,0.0075
1060,175.613409,54.81899,1246,1627,1627,PGC036347,SBS 1139+550,36347.0,41332.0,199302.0,,False,False,0.0054
1061,211.819978,54.80062,1737,2126,2126,PGC2480744,SBS 1405+550,2480744.0,53144.0,259693.0,,False,False,0.0071
1062,211.913657,54.79461,2316,2679,2679,PGC050395,CGCG 272-032,50395.0,53225.0,259981.0,,False,False,0.0089
1063,209.972979,54.78869,2134,2504,2504,PGC049822,CGCG 272-015,49822.0,144230.0,630953.0,,False,False,0.0084
1064,128.351197,54.77225,740,1022,1022,PGC023999,MCG +09-14-058,23999.0,,373362.0,,False,False,0.0034
1065,213.539065,54.7705,1801,2187,2187,SDSSJ141409.37+544613.5,WISEA J141409.47+544615.3,4018302.0,53252.0,260046.0,,False,False,0.0073
1066,181.657982,54.76607,850,1170,1170,PGC166121,PGC1 0166121 NED001,166121.0,,665531.0,,False,False,0.0039
1067,226.965931,54.75278,3132,3709,3475,NGC5874,NGC 5874,54018.0,28449.0,139020.0,,False,False,0.0124
1068,186.177546,54.74487,2493,2835,2835,PGC2478952,WISEA J122442.48+544441.4,2478952.0,41860.0,200986.0,,False,False,0.0095
1069,157.270386,54.71688,1429,1783,1783,UGC05676,UGC 05676,30871.0,137449.0,624705.0,,False,False,0.0059
1070,211.977756,54.70339,1818,2203,2203,SDSSJ140754.65+544212.1,WISEA J140754.64+544212.2,4004313.0,53226.0,259982.0,,False,False,0.0073
1071,211.559715,54.68765,1500,1898,1898,SDSSJ140614.35+544115.6,SDSS J140614.35+544115.4,3484921.0,144506.0,631209.0,,False,False,0.0063
1072,113.329893,54.67245,3087,3343,3343,PGC021271,MCG +09-13-014,21271.0,,,,False,False,0.0112
1073,213.340816,54.66846,2062,2436,2436,PGC050791,MCG +09-23-057,50791.0,53075.0,259446.0,,False,False,0.0081
1074,178.848726,54.65738,851,1448,1168,UGC06894,UGC 06894,37418.0,160755.0,664242.0,,False,False,0.0048
1075,145.102943,54.64545,2493,2792,2792,PGC3134653,WISEA J094024.72+543844.0,3134653.0,,,,False,False,0.0093
1076,227.378538,54.63427,3086,3430,3430,PGC2475443,WISEA J150930.91+543802.8,2475443.0,28418.0,138907.0,,False,False,0.0114
1077,183.358443,54.60881,2390,2734,2734,SDSSJ121326.02+543631.6,WISEA J121326.01+543632.0,4002087.0,41753.0,200684.0,,False,False,0.0091
1078,180.184848,54.55423,1276,1663,1663,PGC037876,MCG +09-20-060,37876.0,41662.0,200339.0,,False,False,0.0055
1079,150.078732,54.53865,1550,1890,1890,UGC05369,UGC 05369,28928.0,157705.0,649797.0,,False,False,0.0063
1080,218.707327,54.53443,2035,2410,2410,PGC2472512,WISEA J143449.73+543204.0,2472512.0,45319.0,219673.0,,False,False,0.008
1081,183.54008,54.52647,2556,2930,2893,NGC4194,NGC 4194,39068.0,41597.0,200194.0,,False,False,0.0098
1082,174.951711,54.52111,792,1084,1084,PGC2472082,WISEA J113948.47+543115.1,2472082.0,41277.0,198997.0,,False,False,0.0036
1083,224.326167,54.5181,3216,3556,3556,SDSSJ145718.30+543105.3,SDSS J145718.28+543105.8,4012632.0,45438.0,220319.0,,False,False,0.0119
1084,227.381586,54.50647,3254,4581,3594,NGC5876,NGC 5876,54110.0,165955.0,684067.0,,False,False,0.0153
1085,186.299697,54.5062,2499,1465,2840,NGC4384,NGC 4384,40475.0,41712.0,200588.0,,False,False,0.0049
1086,152.540179,54.50359,1106,1444,1444,UGC05479,UGC 05479,29584.0,136672.0,623963.0,,False,False,0.0048
1087,218.718254,54.47576,2113,2415,2485,NGC5687,NGC 5687,52116.0,145297.0,631934.0,,False,False,0.0081
1088,203.640146,54.45938,2118,2487,2487,SDSSJ133433.68+542733.4,SDSS J133433.67+542733.1,4109196.0,42966.0,207617.0,,False,False,0.0083
1089,165.530501,54.45491,2864,3174,3174,PGC033290,MCG +09-18-070,33290.0,41044.0,197630.0,,False,False,0.0106
1090,165.000679,54.4255,1004,1346,1346,PGC033137,MCG +09-18-066,33137.0,41040.0,197571.0,,False,False,0.0045
1091,210.316844,54.41873,1880,4644,2262,PGC049919,CGCG 272-018,49919.0,164387.0,679060.0,,False,False,0.0155
1092,158.132847,54.40104,1441,1866,1796,UGC05720,UGC 05720,31141.0,34462.0,166291.0,,False,False,0.0062
1093,107.858967,54.37672,3155,3405,3405,UGC03722,UGC 03722,20352.0,,,,False,False,0.0114
1094,213.214275,54.37451,1993,2369,2369,PGC050757,SBS 1411+546A,50757.0,53082.0,259469.0,,False,False,0.0079
1095,170.870704,54.3374,1787,2147,2147,PGC2466599,SDSS J112328.94+542014.3,2466599.0,41111.0,198078.0,,False,False,0.0072
1096,205.166083,54.33292,2017,2627,2391,UGC08658,Holmberg V,48392.0,42985.0,207876.0,,False,False,0.0088
1097,163.664176,54.30511,1372,1832,1736,NGC3448,NGC 3448,32774.0,138326.0,625533.0,,False,False,0.0061
1098,174.200124,54.29359,1287,1603,1667,NGC3756,NGC 3756,35931.0,160192.0,661926.0,,False,False,0.0053
1099,176.761815,54.2882,1366,1749,1749,SDSSJ114702.84+541716.8,SDSS J114702.84+541716.7,4015806.0,41516.0,199945.0,,False,False,0.0058
1100,163.553535,54.28722,1512,1874,1874,UGC06016,UGC 06016,32740.0,158960.0,656221.0,,False,False,0.0063
1101,165.025266,54.27226,1437,1803,1803,SDSSJ110006.06+541620.1,WISEA J110006.11+541620.2,3469493.0,41042.0,197584.0,,False,False,0.006
1102,212.611634,54.27113,1509,1907,1907,,SDSS J141026.73+541616.3,,,613058.0,,False,False,0.0064
1103,211.341583,54.26989,1971,2348,2348,PGC2464645,WISEA J140521.98+541611.5,2464645.0,53227.0,259988.0,,False,False,0.0078
1104,120.24129,54.23197,894,1188,1188,PGC2463543,SDSSCGB 34652.01,2463543.0,82815.0,401618.0,,False,False,0.004
1105,220.09161,54.22464,624,924,924,SDSSJ144021.99+541328.5,WISEA J144021.86+541328.9,3488246.0,45309.0,219583.0,,False,False,0.0031
1106,212.512785,54.21836,1824,2351,2208,UGC09071,UGC 09071,50581.0,53235.0,260005.0,,False,False,0.0078
1107,161.232067,54.20693,1001,1337,1337,PGC2807136,SDSS J104455.84+541222.6,2807136.0,,625183.0,,False,False,0.0045
1108,146.071476,54.1912,1624,1954,1954,PGC027886,KUG 0940+544,27886.0,157411.0,623387.0,,False,False,0.0065
1109,176.55609,54.1762,1043,1405,1405,PGC2461968,WISEA J114613.49+541033.8,2461968.0,140232.0,627299.0,,False,False,0.0047
1110,134.07737,54.13843,2375,2664,2664,PGC2460896,WISEA J085618.60+540818.9,2460896.0,10670.0,51598.0,,False,False,0.0089
1111,131.71896,54.11139,573,817,817,SDSSJ084652.53+540641.4,WISEA J084652.65+540640.7,4177015.0,10310.0,50317.0,,False,False,0.0027
1112,209.311293,54.10096,348,582,522,UGC08882,UGC 08882,49636.0,,,,False,False,0.0019
1113,146.774058,54.09453,1588,1920,1920,PGC028102,SBS 0943+543,28102.0,27048.0,132456.0,,False,False,0.0064
1114,213.627996,54.09434,2055,2429,2429,PGC2459580,WISEA J141430.74+540539.4,2459580.0,53071.0,259437.0,,False,False,0.0081
1115,197.156004,54.07437,2462,2812,2812,UGC08231,UGC 08231,45561.0,163060.0,673484.0,,False,False,0.0094
1116,174.435107,54.04572,869,1185,1185,PGC2458152,WISEA J113744.45+540244.6,2458152.0,41199.0,198580.0,,False,False,0.004
1117,161.830401,54.03778,776,1056,1056,UGC05883,UGC 05883,32221.0,138046.0,625267.0,,False,False,0.0035
1118,162.873172,54.03475,1330,1693,1693,PGC2457837,SDSS J105129.52+540205.4,2457837.0,41039.0,197551.0,,False,False,0.0056
1119,192.03984,54.02364,3292,3612,3612,PGC043240,SBS 1245+542,43240.0,42690.0,206236.0,,False,False,0.012
1120,177.005562,54.00494,2595,2924,2924,SDSSJ114801.24+540019.0,WISEA J114801.30+540018.5,4001421.0,41515.0,199944.0,,False,False,0.0098
1121,197.286457,53.94357,2504,2852,2852,PGC045594,SBS 1307+542,45594.0,42760.0,206575.0,,False,False,0.0095
1122,212.976711,53.93961,1930,2309,2309,PGC050695,KUG 1410+541,50695.0,144668.0,631367.0,,False,False,0.0077
1123,220.766,53.91586,838,1198,1198,SDSSJ144303.81+535457.5,WISEA J144303.67+535457.4,4016222.0,145469.0,632090.0,,False,False,0.004
1124,171.886153,53.91513,2962,3258,3273,PGC035251,MRK 1446,35251.0,41220.0,198657.0,,False,False,0.0109
1125,173.084885,53.90451,2820,3137,3137,UGC06518,UGC 06518,35590.0,41119.0,198094.0,,False,False,0.0105
1126,219.828987,53.87567,2208,2575,2575,UGC09452,UGC 09452,52364.0,45311.0,219603.0,,False,False,0.0086
1127,170.59875,53.86528,3059,3367,3367,PGC5065938,WISEA J112223.75+535155.5,5065938.0,139275.0,626412.0,,False,False,0.0112
1128,228.807411,53.86443,3207,3547,3547,PGC2453040,WISEA J151513.76+535152.2,2453040.0,28479.0,139231.0,,False,False,0.0118
1129,176.963995,53.84666,1018,1374,1374,PGC2452508,WISEA J114751.42+535048.1,2452508.0,41355.0,199458.0,,False,False,0.0046
1130,170.911245,53.84213,2871,3183,3184,NGC3656,NGC 3656,34989.0,159747.0,659732.0,,False,False,0.0106
1131,212.29103,53.82133,2053,2427,2427,PGC050505,SBS 1407+540,50505.0,53078.0,259455.0,,False,False,0.0081
1132,134.28635,53.81629,2328,2617,2617,SDSSJ085708.71+534858.3,WISEA J085708.77+534857.8,4567518.0,10675.0,51623.0,,False,False,0.0087
1133,175.27819,53.79779,1321,1702,1702,PGC2451106,SDSS J114106.76+534752.1,2451106.0,41275.0,198964.0,,False,False,0.0057
1134,170.817229,53.78727,2794,3109,3109,PGC034962,SBS 1120+540,34962.0,41051.0,197688.0,,False,False,0.0104
1135,151.279782,53.78557,737,1006,1006,SDSSJ100507.13+534708.2,SDSS J100507.13+534708.2,3403679.0,34271.0,165604.0,,False,False,0.0034
1136,224.48476,53.78499,3177,3516,3516,UGC09632,UGC 09632,53476.0,45465.0,220549.0,,False,False,0.0117
1137,206.462032,53.78072,1892,2272,2272,PGC2450627,SDSS J134550.87+534650.5,2450627.0,42986.0,207897.0,,False,False,0.0076
1138,134.773869,53.77166,2328,2704,2618,NGC2701,NGC 2701,25237.0,135591.0,598631.0,,False,False,0.009
1139,224.473411,53.76743,3080,3422,3422,PGC2450266,WISEA J145753.65+534602.5,2450266.0,45463.0,220522.0,,False,False,0.0114
1140,183.510297,53.75487,916,1253,1253,PGC039055,SBS 1211+540,39055.0,41751.0,200681.0,,False,False,0.0042
1141,171.668573,53.74666,650,1167,878,UGC06446,UGC 06446,35202.0,41129.0,198141.0,,False,False,0.0039
1142,171.186118,53.74301,3004,3313,3313,UGC06422,UGC 06422,35055.0,41141.0,198175.0,,False,False,0.0111
1143,143.847462,53.71022,3287,3562,3562,SDSSJ093523.40+534236.7,WISEA J093523.41+534236.5,3998128.0,26967.0,132271.0,,False,False,0.0119
1144,170.760171,53.69596,2796,3111,3111,PGC034944,MCG +09-19-056,34944.0,41052.0,197693.0,,False,False,0.0104
1145,170.605154,53.68779,2946,3257,3257,PGC034895,MCG +09-19-052,34895.0,41143.0,198195.0,,False,False,0.0109
1146,213.687603,53.65088,1670,2061,2061,SDSSJ141445.02+533903.1,SDSS J141445.02+533903.1,5075640.0,,612883.0,,False,False,0.0069
1147,168.43168,53.64681,928,1254,1254,PGC2446875,SDSS J111343.60+533848.3,2446875.0,41070.0,197807.0,,False,False,0.0042
1148,167.012313,53.61631,1234,1601,1601,UGC06182,UGC 06182,33726.0,138806.0,625978.0,,False,False,0.0053
1149,179.930265,53.61084,1132,1509,1509,PGC2445913,SDSS J115943.26+533638.9,2445913.0,32777.0,159452.0,,False,False,0.005
1150,167.083031,53.6077,1185,1549,1549,PGC2445811,SDSS J110819.88+533627.3,2445811.0,41046.0,197673.0,,False,False,0.0052
1151,168.35832,53.5947,926,1352,1251,UGC06251,UGC 06251,34170.0,159472.0,658492.0,,False,False,0.0045
1152,206.260781,53.5702,2974,3311,3311,SDSSJ134502.59+533412.3,WISEA J134502.64+533412.3,4018195.0,43007.0,208067.0,,False,False,0.011
1153,159.691174,53.50334,990,1402,1321,NGC3310,NGC 3310,31650.0,137795.0,625029.0,,False,False,0.0047
1154,179.984353,53.49582,1059,1426,1426,PGC2442676,WISEA J115956.26+532944.5,2442676.0,32779.0,159459.0,,False,False,0.0048
1155,212.104161,53.49126,2130,2500,2500,SDSSJ140824.99+532928.4,WISEA J140824.97+532928.9,4004328.0,53085.0,259480.0,,False,False,0.0083
1156,214.990379,53.47012,1730,2118,2118,PGC051217,SBS 1418+536,51217.0,53332.0,260263.0,,False,False,0.0071
1157,183.232834,53.46045,1155,1538,1538,PGC038959,SBS 1210+537A,38959.0,32849.0,159824.0,,False,False,0.0051
1158,129.907041,53.45654,686,1279,951,UGC04514,UGC 04514,24351.0,10333.0,50359.0,,False,False,0.0043
1159,107.2785,53.4456,3144,3391,3391,UGC03690,UGC 03690,20253.0,,,,False,False,0.0113
1160,139.189671,53.44296,2236,2552,2532,PGC026188,UGCA 154,26188.0,157152.0,648311.0,,False,False,0.0085
1161,215.880143,53.44045,2673,3023,3023,SDSSJ142331.23+532625.7,WISEA J142331.30+532625.6,4004644.0,53344.0,260283.0,,False,False,0.0101
1162,218.086035,53.43898,2172,2540,2540,PGC2441100,WISEA J143220.71+532619.3,2441100.0,53380.0,260362.0,,False,False,0.0085
1163,179.697172,53.42541,1111,1718,1485,UGC06969,UGC 06969,37700.0,140543.0,627570.0,,False,False,0.0057
1164,176.617854,53.41209,916,1245,1245,PGC2440363,WISEA J114628.30+532442.7,2440363.0,32697.0,158984.0,,False,False,0.0042
1165,220.955022,53.40068,3288,3655,3624,NGC5751,NGC 5751,52607.0,45379.0,220069.0,,False,False,0.0122
1166,167.737007,53.38778,2849,3115,3159,NGC3549,NGC 3549,33964.0,41075.0,197841.0,,False,False,0.0104
1167,179.399919,53.37452,1047,1479,1411,NGC3992,MESSIER 109,37617.0,140498.0,,,True,False,0.0049
1168,179.643078,53.34542,1122,1497,1497,PGC2832098,WISEA J115834.38+532043.3,2832098.0,140533.0,627560.0,,False,False,0.005
1169,139.443301,53.29275,2281,2576,2576,PGC026253,MCG +09-15-115,26253.0,16245.0,78956.0,,False,False,0.0086
1170,179.448162,53.2345,1111,1742,1485,UGC06940,UGC 06940,37621.0,160810.0,664530.0,,False,False,0.0058
1171,235.819893,53.23053,979,1365,1365,SDSSJ154316.74+531349.6,WISEA J154316.75+531349.8,4006155.0,,,,False,False,0.0046
1172,175.878038,53.18702,1294,1676,1676,PGC036429,MCG +09-19-162,36429.0,160448.0,662946.0,,False,False,0.0056
1173,170.262,53.16956,1163,934,1530,NGC3631,NGC 3631,34767.0,159653.0,659355.0,,False,False,0.0031
1174,179.206623,53.16035,1085,1273,1454,UGC06923,UGC 06923,37553.0,32744.0,159410.0,,False,False,0.0042
1175,173.45586,53.12585,1019,1493,1369,NGC3729,NGC 3729,35711.0,139748.0,612690.0,,False,False,0.005
1176,253.590288,53.11214,1089,1574,1476,UGC10608,UGC 10608,59236.0,,,,False,False,0.0053
1177,183.27027,53.10564,1289,1680,1680,SDSSJ121304.87+530620.1,SDSS J121304.87+530620.1,3401853.0,32859.0,159843.0,,False,False,0.0056
1178,182.375656,53.10471,1160,2018,1542,NGC4142,NGC 4142,38645.0,140844.0,665800.0,,False,False,0.0067
1179,177.973574,53.09952,1124,1498,1498,PGC2431790,SDSS J115153.66+530558.2,2431790.0,32736.0,159122.0,,False,False,0.005
1180,168.460431,53.0864,2860,3170,3170,PGC034190,CGCG 267-053,34190.0,41058.0,197761.0,,False,False,0.0106
1181,152.041999,53.08347,1111,1524,1446,UGC05459,UGC 05459,29472.0,136622.0,,,False,False,0.0051
1182,173.145199,53.0679,993,1273,1337,NGC3718,NGC 3718,35616.0,139673.0,,,False,False,0.0042
1183,185.783413,53.02234,894,1224,1224,PGC2429780,WISEA J122308.11+530120.3,2429780.0,32937.0,160110.0,,False,False,0.0041
1184,131.295726,53.01804,624,874,874,SDSSJ084511.00+530104.9,WISEA J084510.88+530106.5,4017141.0,135478.0,622903.0,,False,False,0.0029
1185,139.416337,52.99289,2274,2552,2568,UGC04906,UGC 04906,26246.0,16235.0,78928.0,,False,False,0.0085
1186,167.74997,52.98833,824,1114,1114,PGC2428941,WISEA J111100.01+525917.9,2428941.0,41073.0,197832.0,,False,False,0.0037
1187,153.2769,52.946,1486,1830,1830,PGC2427800,WISEA J101306.44+525645.3,2427800.0,34322.0,165681.0,,False,False,0.0061
1188,170.981589,52.92098,1207,1678,1578,NGC3657,NGC 3657,35002.0,139338.0,626473.0,,False,False,0.0056
1189,107.0199,52.9031,3116,3361,3361,UGC03680,UGC 03680,20208.0,,,,False,False,0.0112
1190,191.246961,52.86763,2686,3022,3022,SDSSJ124459.26+525203.5,SDSS J124459.26+525203.0,4019871.0,33030.0,160494.0,,False,False,0.0101
1191,159.151153,52.85024,983,1309,1309,PGC2425292,SBS 1033+531,2425292.0,137723.0,624962.0,,False,False,0.0044
1192,139.007226,52.84064,600,93,835,,UGC 04879,,135790.0,623169.0,,False,False,0.0003
1193,221.860381,52.83263,721,1048,1048,UGC09630,UGC 09630,52808.0,,,,False,False,0.0035
1194,182.75284,52.8325,908,1239,1239,PGC2815998,SBS 1208+531,2815998.0,32857.0,159840.0,,False,False,0.0041
1195,139.496833,52.74249,2353,2645,2645,PGC026260,UGC 04913,26260.0,16242.0,78947.0,,False,False,0.0088
1196,170.250492,52.72504,2894,3204,3204,SDSSJ112100.11+524330.1,SDSS J112100.11+524330.1,4011018.0,41136.0,198166.0,,False,False,0.0107
1197,181.59815,52.71097,846,1364,1152,NGC4102,NGC 4102,38392.0,161048.0,665502.0,,False,False,0.0045
1198,205.716068,52.70846,1780,2166,2166,PGC048578,MRK 1480,48578.0,43005.0,208057.0,,False,False,0.0072
1199,179.788908,52.70768,1081,1599,1450,UGC06983,UGC 06983,37735.0,32752.0,159194.0,,False,False,0.0053
1200,205.747521,52.68837,1796,2181,2181,PGC048589,MRK 1481,48589.0,43004.0,208054.0,,False,False,0.0073
1201,225.306853,52.59618,2421,2864,2779,UGC09663,UGC 09663,53644.0,145757.0,632339.0,,False,False,0.0096
1202,216.384694,52.58816,749,1072,1072,WHIJ1425+52,WISEA J142532.19+523517.2,5057157.0,,612876.0,,False,False,0.0036
1203,140.232953,52.56866,2315,2608,2608,PGC026449,MRK 1416,26449.0,135846.0,623215.0,,False,False,0.0087
1204,153.919128,52.53398,1149,1488,1488,SDSSJ101540.57+523202.4,SDSS J101540.57+523202.4,3999058.0,34345.0,165776.0,,False,False,0.005
1205,214.50877,52.51812,2998,3336,3336,CFRS14.0573,GALEXASC J141802.15+523105.3,3994532.0,144831.0,631514.0,,False,False,0.0111
1206,179.015505,52.43847,875,1187,1187,SDSSJ115603.71+522618.4,SDSS J115603.70+522618.3,4001611.0,32739.0,159138.0,,False,False,0.004
1207,223.678971,52.42916,3270,3605,3605,PGC2414734,SBS 1453+526,2414734.0,45458.0,220478.0,,False,False,0.012
1208,222.51155,52.40626,716,1041,1041,PGC052966,MRK 0826,52966.0,53502.0,260917.0,,False,False,0.0035
1209,172.476451,52.40431,575,757,757,PGC035433,SDSS J112954.06+522414.2,35433.0,,626666.0,,False,False,0.0025
1210,209.798505,52.36154,1981,2357,2357,UGC08914,UGC 08914,49784.0,164323.0,678812.0,,False,False,0.0079
1211,162.271035,52.3355,2365,2722,2684,PGC032356,UGCA 219,32356.0,158806.0,655583.0,,False,False,0.0091
1212,178.454225,52.32669,1051,1315,1412,NGC3953,NGC 3953,37306.0,140405.0,627439.0,,True,False,0.0044
1213,227.139608,52.29616,2481,2838,2838,UGC09741,NGC 5875A,54061.0,45530.0,220857.0,,False,False,0.0095
1214,219.709607,52.2726,2163,2531,2531,PGC052341,KUG 1437+524,52341.0,53466.0,260645.0,,False,False,0.0084
1215,183.236053,52.26387,757,1161,1022,UGC07218,UGC 07218,38951.0,140931.0,627924.0,,False,False,0.0039
1216,139.733836,52.22765,2292,2584,2584,PGC2409762,SHOC 251,2409762.0,16174.0,78589.0,,False,False,0.0086
1217,248.837658,52.21446,2694,3082,3043,PGC058552,UGCA 412,58552.0,147139.0,633503.0,,False,False,0.0103
1218,172.153238,52.18039,2893,3203,3203,PGC2408657,SBS 1125+524,2408657.0,32548.0,158334.0,,False,False,0.0107
1219,221.341041,52.17486,2136,2505,2505,SDSSJ144521.84+521029.2,WISEA J144521.87+521029.4,4005032.0,53396.0,260404.0,,False,False,0.0084
1220,165.701241,52.11531,949,1271,1271,UGC06113,UGC 06113,33346.0,138629.0,625816.0,,False,False,0.0042
1221,178.0295,52.10793,1032,1273,1388,UGC06840,UGC 06840,37164.0,140359.0,158862.0,,False,False,0.0042
1222,127.411456,52.07638,1752,2027,2046,PGC023834,UGCA 140,23834.0,156732.0,647565.0,,False,False,0.0068
1223,223.367824,52.0762,2364,2934,2724,NGC5783,NGC 5783,53217.0,145676.0,260970.0,,False,False,0.0098
1224,238.354885,52.07121,3118,3458,3458,PGC2406095,WISEA J155325.16+520416.3,2406095.0,20119.0,96464.0,,False,False,0.0115
1225,154.926562,52.06547,669,902,902,UGC05571,UGC 05571,30187.0,40926.0,196822.0,,False,False,0.003
1226,169.246755,52.03771,2262,2594,2594,SDSSJ111659.21+520215.4,WISEA J111659.23+520215.2,4000621.0,32429.0,158053.0,,False,False,0.0087
1227,128.516802,52.00209,2918,3180,3180,PGC024031,CGCG 263-051,24031.0,10108.0,49563.0,,False,False,0.0106
1228,177.806015,52.00086,902,1220,1220,NGC3931,NGC 3917A,37073.0,32680.0,158867.0,,False,False,0.0041
1229,209.407713,51.97417,619,871,871,PGC049674,MCG +09-23-021,49674.0,,613071.0,,False,False,0.0029
1230,143.438767,51.91947,603,826,826,PGC027164,MCG +09-16-029,27164.0,26920.0,132112.0,,False,False,0.0028
1231,210.316827,51.87302,2248,2610,2610,PGC049916,MRK 1488,49916.0,43037.0,208285.0,,False,False,0.0087
1232,143.149489,51.87253,573,787,787,UGC05076,UGC 05076,27091.0,,,,False,False,0.0026
1233,177.527577,51.85529,1252,1610,1634,UGC06802,UGC 06802,36973.0,140320.0,612593.0,,False,False,0.0054
1234,152.038305,51.84452,1094,1489,1423,UGC05460,UGC 05460,29469.0,136621.0,612394.0,,False,False,0.005
1235,177.689449,51.82446,965,1273,1303,NGC3917,NGC 3917,37036.0,140334.0,627385.0,,False,False,0.0042
1236,177.476921,51.73641,939,1268,1268,PGC2399182,SBS 1147+520,2399182.0,32682.0,158889.0,,False,False,0.0042
1237,141.070728,51.65866,659,899,899,SDSSJ092416.97+513931.0,SDSS J092416.95+513931.0,3381234.0,26870.0,131974.0,,False,False,0.003
1238,129.422871,51.6524,687,875,944,UGC04499,UGC 04499,24242.0,10084.0,598659.0,,False,False,0.0029
1239,172.597901,51.65184,1553,1925,1925,PGC2397675,WISEA J113023.45+513907.0,2397675.0,32491.0,158216.0,,False,False,0.0064
1240,168.11217,51.63678,2832,3139,3139,PGC034094,UGCA 229,34094.0,159444.0,658381.0,,False,False,0.0105
1241,191.736096,51.61337,493,647,644,UGC07950,UGC 07950,43124.0,,,,False,False,0.0022
1242,175.609542,51.598,977,1374,1316,UGC06667,UGC 06667,36343.0,32695.0,158978.0,,False,False,0.0046
1243,211.837557,51.59276,1738,2125,2125,SDSSJ140721.01+513533.7,WISEA J140721.10+513533.1,3416054.0,43027.0,208230.0,,False,False,0.0071
1244,216.646902,51.58529,1922,2300,2300,NGC5624,NGC 5624,51568.0,43109.0,208722.0,,False,False,0.0077
1245,219.378267,51.56188,2188,3183,2553,NGC5707,NGC 5707,52266.0,165316.0,682335.0,,False,False,0.0106
1246,142.206699,51.5605,504,1011,696,UGC05047,UGC 05047,26899.0,157274.0,648503.0,,False,False,0.0034
1247,216.35394,51.55408,1998,2372,2372,PGC099823,SBS 1423+517,99823.0,145034.0,631697.0,,False,False,0.0079
1248,209.081808,51.53742,1943,2319,2319,PGC2395690,SDSS J135619.62+513214.2,2395690.0,43041.0,208323.0,,False,False,0.0077
1249,169.893138,51.50337,1336,1709,1709,PGC034658,ARP'S GALAXY,34658.0,32436.0,158099.0,,False,False,0.0057
1250,169.443642,51.47661,2854,3126,3161,UGC06309,UGC 06309,34508.0,32433.0,158077.0,,False,False,0.0104
1251,219.190704,51.45987,2352,2711,2711,PGC052226,SBS 1435+516,52226.0,53422.0,260505.0,,False,False,0.009
1252,219.42224,51.45739,2069,2440,2440,SDSSJ143741.32+512726.4,WISEA J143741.25+512727.2,4012497.0,53405.0,260455.0,,False,False,0.0081
1253,219.969021,51.43456,2199,2564,2564,PGC2394027,2MASS J14395258+5126048,2394027.0,53402.0,260440.0,,False,False,0.0086
1254,204.749894,51.43413,1696,2202,2086,UGC08639,UGC 08639,48259.0,143727.0,630510.0,,False,False,0.0073
1255,169.384863,51.43158,2810,3118,3118,PGC034483,MRK 1445,34483.0,32432.0,158059.0,,False,False,0.0104
1256,133.222848,51.39656,607,841,841,PGC024936,MCG +09-15-039,24936.0,16068.0,78068.0,,False,False,0.0028
1257,183.848599,51.34985,462,744,589,UGC07267,UGC 07267,39191.0,,,,False,False,0.0025
1258,179.508942,51.34929,544,700,700,PGC2392619,CGCG 155-012,2392619.0,32664.0,158770.0,,False,False,0.0023
1259,162.782592,51.33699,808,1080,1080,SDSSJ105107.83+512013.3,WISEA J105107.69+512014.1,4017632.0,32292.0,157367.0,,False,False,0.0036
1260,219.690356,51.31791,2147,2514,2514,PGC052336,CGCG 273-018,52336.0,,,,False,False,0.0084
1261,133.38633,51.31376,677,1205,927,NGC2681,NGC 2681,24961.0,156939.0,647969.0,,False,False,0.004
1262,116.736976,51.29531,1211,688,1499,,MCG +09-13-052,,82623.0,,,False,False,0.0023
1263,137.890446,51.25441,2182,2548,2472,UGC04824,UGC 04824,25910.0,16101.0,78199.0,,False,False,0.0085
1264,211.133658,51.23475,1770,2155,2155,SDSSJ140432.07+511405.0,SDSS J140432.07+511404.9,3416068.0,43030.0,208241.0,,False,False,0.0072
1265,212.125243,51.21967,1999,2372,2372,UGC09050,UGC 09050,50472.0,43082.0,208609.0,,False,False,0.0079
1266,166.728,51.2033,2209,2393,2538,UGC06162,UGC 06162,33633.0,138762.0,612768.0,,False,False,0.008
1267,182.199121,51.19636,610,793,793,PGC2390043,SDSS J120847.78+511146.8,2390043.0,38631.0,185537.0,,False,False,0.0026
1268,163.784097,51.18867,1368,1729,1729,PGC2389897,WISEA J105508.11+511118.4,2389897.0,32309.0,157426.0,,False,False,0.0058
1269,219.746558,51.12068,2197,3273,2562,UGC09448,UGC 09448,52344.0,53401.0,260437.0,,False,False,0.0109
1270,132.918986,51.11869,772,1298,1040,UGC04628,UGC 04628,24887.0,16074.0,598685.0,,False,False,0.0043
1271,139.893513,51.10855,548,1442,754,UGC04932,UGC 04932,26351.0,,,,False,False,0.0048
1272,176.111975,51.05865,1285,1666,1666,PGC2387625,WISEA J114426.82+510330.8,2387625.0,32574.0,158430.0,,False,False,0.0056
1273,213.240769,51.02676,2835,3175,3175,SDSSJ141257.78+510136.3,WISEA J141257.79+510136.2,5075030.0,,613076.0,,False,False,0.0106
1274,140.511066,50.97662,635,1085,865,NGC2841,NGC 2841,26512.0,26877.0,131988.0,,False,False,0.0036
1275,179.85459,50.96168,970,1168,1309,NGC4026,NGC 4026,37760.0,140569.0,627596.0,,True,False,0.0039
1276,167.400702,50.9264,894,1196,1196,UGC06202,UGC 06202,33837.0,159365.0,658038.0,,False,False,0.004
1277,179.60664,50.91703,916,1273,1236,UGC06956,UGC 06956,37682.0,140528.0,627555.0,,False,False,0.0042
1278,121.952242,50.91304,2418,2682,2682,SDSSJ080748.53+505446.6,SDSS J080748.53+505446.6,4017034.0,76326.0,372340.0,,False,False,0.0089
1279,164.992392,50.90295,2894,3193,3193,UGC06074,UGC 06074,33136.0,32312.0,157445.0,,False,False,0.0107
1280,211.964526,50.90227,2137,2503,2503,SDSSJ140751.55+505407.8,SDSS J140751.52+505407.7,4111626.0,43022.0,208211.0,,False,False,0.0083
1281,170.846736,50.89271,793,1524,1057,UGC06399,UGC 06399,34971.0,32378.0,157802.0,,False,False,0.0051
1282,212.085867,50.87791,2395,2750,2750,PGC2384052,2MASXi J1408206+505240,2384052.0,43020.0,208205.0,,False,False,0.0092
1283,211.993134,50.86352,1759,2145,2145,SDSSJ140758.48+505148.8,WISEA J140758.34+505148.5,4016145.0,164570.0,679734.0,,False,False,0.0072
1284,210.041573,50.86161,2287,2646,2646,SDSSJ140009.99+505140.9,WISEA J140009.94+505139.9,4111125.0,144240.0,630963.0,,False,False,0.0088
1285,165.026922,50.84886,2841,3142,3142,PGC033130,MCG +09-18-067,33130.0,138531.0,625730.0,,False,False,0.0105
1286,179.217261,50.81702,886,1193,1193,UGC06922,UGC 06922,37550.0,38575.0,185205.0,,False,False,0.004
1287,181.456412,50.79148,827,1110,1110,SDSSJ120549.54+504729.0,SDSS J120549.54+504729.0,4011364.0,38615.0,185468.0,,False,False,0.0037
1288,157.786899,50.78579,934,1240,1240,PGC2381991,SDSS J103108.88+504708.7,2381991.0,40912.0,196675.0,,False,False,0.0041
1289,158.691315,50.76825,649,1388,859,UGC05740,UGC 05740,31307.0,137666.0,612728.0,,False,False,0.0046
1290,120.47157,50.73716,500,753,724,NGC2500,NGC 2500,22525.0,156426.0,647030.0,,False,False,0.0025
1291,211.589923,50.7251,1906,2152,2284,NGC5480,NGC 5480,50312.0,43026.0,679584.0,,False,False,0.0072
1292,211.67183,50.72329,1898,2040,2276,NGC5481,NGC 5481,50331.0,144521.0,631224.0,,False,False,0.0068
1293,211.762422,50.72077,2166,2531,2531,PGC2380535,WISEA J140702.98+504314.6,2380535.0,43023.0,208212.0,,False,False,0.0084
1294,200.07744,50.72041,2486,2833,2833,UGC08386,UGC 08386,46530.0,68880.0,338091.0,,False,False,0.0094
1295,219.697338,50.71702,2204,2567,2567,PGC084252,SBS 1437+509,84252.0,43201.0,209161.0,,False,False,0.0086
1296,211.407699,50.70652,1890,2268,2268,PGC2380196,SBS 1403+509,2380196.0,43024.0,208219.0,,False,False,0.0076
1297,180.078783,50.6528,743,1199,984,UGC06992,UGC 06992,37832.0,160884.0,664836.0,,False,False,0.004
1298,135.383448,50.61559,712,771,964,PGC025347,MCG +09-15-079,25347.0,,623019.0,,False,False,0.0026
1299,169.25126,50.58478,844,1126,1126,PGC034439,CGCG 268-012,34439.0,32394.0,157843.0,,False,False,0.0038
1300,123.612416,50.57681,2348,2614,2614,PGC2376829,SDSS J081426.98+503436.7,2376829.0,9969.0,48962.0,,False,False,0.0087
1301,211.897923,50.54502,2037,2408,2408,PGC2376061,2MFGC 11448,2376061.0,69037.0,339234.0,,False,False,0.008
1302,181.391307,50.53884,749,760,993,NGC4088,NGC 4088,38302.0,140739.0,627750.0,,True,False,0.0025
1303,215.578497,50.50137,2221,2584,2584,NGC5602,NGC 5602,51340.0,144953.0,631628.0,,False,False,0.0086
1304,179.960302,50.49891,906,1220,1220,PGC2832102,SDSS J115950.81+502955.3,2832102.0,140583.0,627607.0,,False,False,0.0041
1305,254.657166,50.49067,3058,3395,3395,PGC059360,SBS 1657+505,59360.0,147554.0,633892.0,,False,False,0.0113
1306,182.768023,50.48496,778,1355,1035,NGC4157,NGC 4157,38795.0,140872.0,627869.0,,False,False,0.0045
1307,253.581315,50.47555,2895,3236,3236,PGC059232,SBS 1653+505,59232.0,147485.0,633830.0,,False,False,0.0108
1308,173.427204,50.44956,3000,3304,3304,SDSSJ113342.53+502658.3,WISEA J113342.56+502657.9,3473097.0,38333.0,184556.0,,False,False,0.011
1309,214.803147,50.44074,2234,2596,2596,SDSSJ141912.72+502626.5,WISEA J141912.82+502626.3,4004557.0,43069.0,208516.0,,False,False,0.0087
1310,209.297826,50.43576,1866,2246,2246,UGC08880,UGC 08880,49634.0,68997.0,338974.0,,False,False,0.0075
1311,179.119875,50.42839,912,1475,1227,UGC06917,UGC 06917,37525.0,,,,False,False,0.0049
1312,129.049021,50.41909,3244,3494,3494,UGC04505,UGC 04505,24160.0,10200.0,49936.0,,False,False,0.0117
1313,215.404787,50.39034,2309,2668,2668,PGC051309,CGCG 273-003,51309.0,43134.0,208848.0,,False,False,0.0089
1314,215.459164,50.38836,2375,2731,2731,PGC2371585,SDSS J142150.15+502318.0,2371585.0,43066.0,208508.0,,False,False,0.0091
1315,150.106332,50.37923,539,718,718,SDSSJ100025.50+502245.1,WISEA J100025.46+502245.0,3998729.0,40801.0,196173.0,,False,False,0.0024
1316,181.344603,50.35292,784,1449,1042,NGC4085,NGC 4085,38283.0,161021.0,665397.0,,False,False,0.0048
1317,213.095055,50.34845,1877,2811,2256,NGC5520,NGC 5520,50728.0,164654.0,613077.0,,False,False,0.0094
1318,186.40158,50.33697,2476,2812,2812,PGC040525,CGCG 269-056,40525.0,38790.0,186142.0,,False,False,0.0094
1319,186.368279,50.32887,2505,2840,2840,PGC2369792,WISEA J122528.37+501943.7,2369792.0,38791.0,186147.0,,False,False,0.0095
1320,142.155879,50.3255,1509,1827,1827,PGC2369692,WISEA J092837.46+501932.3,2369692.0,34094.0,165069.0,,False,False,0.0061
1321,173.305669,50.30233,3138,3443,3438,UGC06535,UGC 06535,35671.0,38328.0,184549.0,,False,False,0.0115
1322,176.276106,50.30074,1672,2043,2043,PGC2368928,SDSS J114506.25+501802.4,2368928.0,38456.0,184870.0,,False,False,0.0068
1323,182.732712,50.28837,888,1196,1196,UGC07176,UGC 07176,38767.0,,627868.0,,False,False,0.004
1324,218.839202,50.2865,2055,2425,2425,PGC2368508,WISEA J143521.41+501711.5,2368508.0,43157.0,208953.0,,False,False,0.0081
1325,163.285185,50.28471,1388,1710,1747,UGC05998,UGC 05998,32678.0,138281.0,157300.0,,False,False,0.0057
1326,171.83799,50.2759,1665,2030,2030,SDSSJ112721.12+501633.3,VV 265a,4074680.0,38301.0,184492.0,,False,False,0.0068
1327,158.999187,50.27539,849,1128,1128,PGC2368186,WISEA J103559.86+501630.8,2368186.0,32205.0,157133.0,,False,False,0.0038
1328,130.658456,50.27534,3143,3396,3396,SDSSJ084238.03+501631.1,WISEA J084238.08+501631.9,3996840.0,135439.0,622865.0,,False,False,0.0113
1329,140.488549,50.27026,756,1013,1013,PGC2807130,SDSS J092157.26+501612.7,2807130.0,,,,False,False,0.0034
1330,182.844908,50.26966,781,1038,1038,PGC038825,MCG +08-22-082,38825.0,140881.0,627878.0,,False,False,0.0035
1331,173.23474,50.24189,2932,5163,3237,IC0705,IC 0705,35644.0,38330.0,184551.0,,False,False,0.0172
1332,213.131383,50.24047,1812,2194,2194,PGC2816084,SBS 1410+504,2816084.0,69043.0,339283.0,,False,False,0.0073
1333,210.311243,50.2231,1766,2152,2152,PGC2366568,SBS 1359+504,2366568.0,69000.0,339005.0,,False,False,0.0072
1334,131.303476,50.22026,3215,3467,3467,PGC2366508,WISEA J084512.86+501313.9,2366508.0,10181.0,49868.0,,False,False,0.0116
1335,212.862061,50.20904,1893,2393,2271,UGC09083,UGC 09083,50664.0,144652.0,631352.0,,False,False,0.008
1336,130.90858,50.20553,3225,3476,3476,NGC2639,NGC 2639,24506.0,,647811.0,,False,False,0.0116
1337,218.408676,50.20078,2141,2507,2507,PGC2365887,2MASS J14333799+5012031,2365887.0,43152.0,208914.0,,False,False,0.0084
1338,176.48585,50.1998,745,1181,981,NGC3870,NGC 3870,36686.0,38464.0,184890.0,,False,False,0.0039
1339,139.717562,50.18788,630,854,854,PGC026326,MCG +08-17-077,26326.0,26748.0,131608.0,,False,False,0.0028
1340,178.490772,50.1801,862,1153,1153,UGC06874,UGC 06874,37319.0,38549.0,185155.0,,False,False,0.0038
1341,172.56306,50.17846,3186,3483,3483,PGC2365249,WISEA J113015.14+501042.3,2365249.0,38317.0,184537.0,,False,False,0.0116
1342,173.222296,50.15917,3093,3393,3393,PGC2364635,WISEA J113253.32+500933.1,2364635.0,38329.0,184550.0,,False,False,0.0113
1343,177.805964,50.1569,932,1273,1251,NGC3922,NGC 3922,37072.0,38541.0,185132.0,,False,False,0.0042
1344,164.244525,50.14061,1377,1738,1738,PGC032915,SBS 1054+504,32915.0,32259.0,157264.0,,False,False,0.0058
1345,160.716212,50.10516,1623,1970,1970,PGC2362930,WISEA J104251.90+500618.8,2362930.0,32241.0,157207.0,,False,False,0.0066
1346,178.16319,50.03779,1005,1349,1349,UGC06849,UGC 06849,37217.0,38550.0,185156.0,,False,False,0.0045
1347,210.664437,50.03163,2061,2430,2430,SDSSJ140239.47+500153.8,SDSS J140239.47+500153.8,4111248.0,69003.0,339015.0,,False,False,0.0081
1348,210.753379,50.01216,1915,2292,2292,PGC2816074,SBS 1401+502,2816074.0,69004.0,339019.0,,False,False,0.0076
1349,124.835571,50.00962,506,758,720,NGC2552,NGC 2552,23340.0,,,,False,False,0.0025
1350,204.005037,49.96079,1616,2246,2010,IC0902,IC 0902,47985.0,68921.0,338311.0,,False,False,0.0075
1351,217.878841,49.95884,2083,2735,2452,NGC5673,NGC 5673,51901.0,145223.0,631866.0,,False,False,0.0091
1352,254.860625,49.92197,1093,1474,1474,NGC6283,NGC 6283,59386.0,147575.0,633913.0,,False,False,0.0049
1353,180.254936,49.91301,912,1225,1225,UGC06999,UGC 06999,37893.0,38583.0,185243.0,,False,False,0.0041
1354,143.645127,49.90681,1995,2296,2296,SDSSJ093434.80+495424.3,SDSS J093434.80+495424.3,4017349.0,34101.0,165126.0,,False,False,0.0077
1355,218.113574,49.90478,2381,3091,2736,IC1029,IC 1029,51955.0,145245.0,631885.0,,False,False,0.0103
1356,222.176423,49.88701,3103,3437,3437,PGC084298,KUG 1447+500,84298.0,43221.0,209258.0,,False,False,0.0115
1357,259.714167,49.88422,928,1409,1304,UGC10806,UGC 10806,60052.0,,,,False,False,0.0047
1358,259.782165,49.85601,1019,1397,1397,PGC167108,WISEA J171907.80+495121.0,167108.0,,,,False,False,0.0047
1359,215.996499,49.83644,2178,2542,2542,SDSSJ142359.17+495011.2,SDSS J142359.16+495011.0,4004652.0,43129.0,208820.0,,False,False,0.0085
1360,168.512774,49.81904,2352,2674,2674,PGC2354409,WISEA J111402.99+494908.2,2354409.0,,,,False,False,0.0089
1361,220.625906,49.81511,2960,3297,3297,PGC166187,PGC1 0166187 NED001,166187.0,165439.0,682850.0,,False,False,0.011
1362,177.002373,49.80832,924,868,1238,UGC06773,UGC 06773,36825.0,140267.0,627331.0,,False,False,0.0029
1363,131.024583,49.7939,1721,2013,2013,UGC04551,UGC 04551,24528.0,135464.0,622889.0,,True,False,0.0067
1364,177.862105,49.79282,1196,1574,1574,PGC2832085,WISEA J115127.33+494733.7,2832085.0,38544.0,185140.0,,False,False,0.0053
1365,173.510255,49.73727,2890,3196,3196,SDSSJ113402.44+494413.8,WISEA J113402.44+494413.9,4011110.0,38325.0,184546.0,,False,False,0.0107
1366,163.759676,49.72617,1371,1823,1730,UGC06029,UGC 06029,32800.0,138340.0,625547.0,,False,False,0.0061
1367,164.706672,49.71609,832,1102,1102,PGC2351264,WISEA J105849.54+494257.9,2351264.0,32347.0,157618.0,,False,False,0.0037
1368,221.232468,49.71401,2937,3274,3274,PGC052664,SBS 1443+499,52664.0,165494.0,683037.0,,False,False,0.0109
1369,132.479151,49.67046,3079,3333,3333,PGC3131999,WISEA J084955.01+494013.1,3131999.0,16066.0,78046.0,,False,False,0.0111
1370,217.457555,49.62262,2324,2785,2681,NGC5660,NGC 5660,51795.0,165091.0,208800.0,,False,False,0.0093
1371,228.88374,49.62052,2523,2874,2874,PGC091426,FGC 1874,91426.0,53629.0,261586.0,,False,False,0.0096
1372,218.389361,49.62009,2416,2770,2770,SDSSJ143333.47+493712.1,WISEA J143333.46+493712.0,4016204.0,43195.0,209132.0,,False,False,0.0092
1373,173.423405,49.59928,3057,3357,3357,SDSSJ113341.60+493557.2,SDSS J113341.60+493557.2,3473096.0,38433.0,184795.0,,False,False,0.0112
1374,181.535652,49.58277,1115,1503,1488,NGC4100,NGC 4100,38370.0,161045.0,665481.0,,True,False,0.005
1375,179.99055,49.56423,1125,1497,1497,PGC037814,MCG +08-22-051,37814.0,160873.0,664787.0,,False,False,0.005
1376,217.090373,49.56145,670,948,948,PGC051694,CGCG 247-031,51694.0,43127.0,208814.0,,False,False,0.0032
1377,131.844697,49.5587,3043,3296,3296,UGC04587,UGC 04587,24688.0,,,,False,False,0.011
1378,197.792518,49.52524,2502,2844,2844,PGC2345555,SBS 1309+497,2345555.0,51152.0,248062.0,,False,False,0.0095
1379,112.575792,49.51978,3061,3297,3297,UGC03881,UGC 03881,21162.0,,,,False,False,0.011
1380,210.20809,49.51654,1851,2231,2231,SDSSJ140049.96+493059.8,WISEA J140049.96+493100.5,4111156.0,69035.0,339206.0,,False,False,0.0074
1381,133.243419,49.46039,2879,3138,3138,PGC139147,SBS 0849+496,139147.0,16058.0,647956.0,,False,False,0.0105
1382,218.195198,49.45786,2104,2494,2471,NGC5676,NGC 5676,51978.0,43117.0,208759.0,,False,False,0.0083
1383,218.499696,49.45101,2137,2502,2502,PGC052050,MCG +08-27-001,52050.0,43115.0,208748.0,,False,False,0.0083
1384,210.100152,49.4443,1993,2365,2365,PGC2343136,SDSS J140024.04+492639.4,2343136.0,69034.0,339202.0,,False,False,0.0079
1385,225.76243,49.43289,3172,3504,3504,PGC2342822,SDSS J150302.97+492558.2,2342822.0,53532.0,261039.0,,False,False,0.0117
1386,130.260889,49.42522,3044,3296,3296,PGC024404,SBS 0837+496,24404.0,16000.0,77874.0,,False,False,0.011
1387,219.147863,49.41773,2271,1625,2630,PGC091372,FGC 1775,91372.0,165292.0,208734.0,,False,False,0.0054
1388,169.694616,49.40541,2633,2943,2943,PGC2342015,SDSS J111846.69+492419.4,2342015.0,38202.0,184144.0,,False,False,0.0098
1389,224.081559,49.39909,2348,2705,2705,NGC5795,NGC 5795,53402.0,145708.0,632299.0,,False,False,0.009
1390,210.220358,49.37541,1908,2284,2284,UGC08936,UGC 08936,49894.0,144269.0,630990.0,,False,False,0.0076
1391,217.951391,49.37338,2254,2614,2614,SDSSJ143148.23+492225.1,SDSS J143148.24+492225.1,4004779.0,43119.0,208770.0,,False,False,0.0087
1392,278.502765,49.3725,2055,2401,2401,PGC062055,UGC 11283 NOTES02,62055.0,,,,False,False,0.008
1393,177.188142,49.35826,798,1052,1052,PGC2340722,WISEA J114845.16+492129.3,2340722.0,38358.0,184603.0,,False,False,0.0035
1394,173.332565,49.34327,3112,3410,3410,PGC2340342,WISEA J113319.81+492035.6,2340342.0,38324.0,184545.0,,False,False,0.0114
1395,173.320316,49.28488,3087,3385,3385,UGC06538,UGC 06538,35674.0,160070.0,184548.0,,False,False,0.0113
1396,179.322396,49.28328,784,1352,1031,UGC06930,UGC 06930,37584.0,140483.0,627511.0,,False,False,0.0045
1397,221.519033,49.28067,2240,2601,2601,SDSSJ144604.57+491650.3,SDSS J144604.56+491650.3,3995335.0,43216.0,209216.0,,False,False,0.0087
1398,278.469042,49.27856,1964,2360,2312,IC1291,IC 1291,62049.0,,,,False,False,0.0079
1399,141.066667,49.24915,2692,2143,2964,NGC2856,NGC 2856,26648.0,157236.0,648440.0,,False,False,0.0071
1400,142.230718,49.2385,2729,3001,3001,UGC05049,UGC 05049,26903.0,157275.0,648504.0,,False,False,0.01
1401,160.176561,49.20659,1502,1852,1852,PGC2336386,SBS 1037+494,2336386.0,32169.0,157034.0,,False,False,0.0062
1402,141.012769,49.20434,2782,2317,3051,NGC2854,NGC 2854,26631.0,34016.0,164815.0,,False,False,0.0077
1403,115.634934,49.19128,2974,3212,3212,PGC021619,KUG 0738+493,21619.0,82513.0,400409.0,,False,False,0.0107
1404,203.925035,49.17646,633,847,847,SDSSJ133542.01+491035.0,WISEA J133542.05+491035.9,4003704.0,51216.0,248497.0,,False,False,0.0028
1405,210.708468,49.17265,2014,2448,2384,NGC5448,NGC 5448,50031.0,69028.0,339123.0,,False,False,0.0082
1406,133.725221,49.1604,2882,3140,3140,NGC2684,NGC 2684,25024.0,16052.0,78001.0,,False,False,0.0105
1407,204.475715,49.12068,645,865,865,PGC166171,SDSS J133754.13+490714.6,166171.0,143710.0,630495.0,,False,False,0.0029
1408,196.210767,49.11937,1988,2357,2357,SDSSJ130450.58+490709.8,SDSS J130450.58+490709.8,4555033.0,,,,False,False,0.0079
1409,169.191819,49.11747,2235,2562,2562,PGC2333993,WISEA J111646.03+490703.3,2333993.0,139076.0,626233.0,,False,False,0.0085
1410,203.345374,49.10283,591,781,781,PGC047735,SBS 1331+493,47735.0,143606.0,630396.0,,False,False,0.0026
1411,221.283,49.0989,3030,3364,3364,UGC09508,UGC 09508,52673.0,,,,False,False,0.0112
1412,123.66717,49.06162,547,858,766,NGC2541,NGC 2541,23110.0,134933.0,579972.0,,False,False,0.0029
1413,212.394369,49.04426,1992,2364,2364,PGC2332009,SDSS J140934.65+490239.3,2332009.0,69020.0,339067.0,,False,False,0.0079
1414,212.340141,49.03792,2040,1972,2409,UGC09056,UGC 09056,50509.0,164593.0,679830.0,,False,False,0.0066
1415,179.18456,49.02169,984,1319,1319,SDSSJ115644.29+490118.2,SDSS J115644.29+490118.2,5064651.0,38482.0,184966.0,,False,False,0.0044
1416,223.134801,49.01715,2368,2723,2723,PGC053115,MCG +08-27-026,53115.0,43267.0,209552.0,,False,False,0.0091
1417,145.970966,49.01049,2989,3258,3258,SDSSJ094353.03+490037.7,WISEA J094352.98+490037.7,5075176.0,,602329.0,,False,False,0.0109
1418,210.869947,48.96477,2000,2371,2371,SDSSJ140328.79+485753.0,WISEA J140328.78+485752.9,4111293.0,69030.0,339134.0,,False,False,0.0079
1419,169.757341,48.95424,2070,2406,2406,PGC2329720,WISEA J111901.78+485714.7,2329720.0,38203.0,184148.0,,False,False,0.008
1420,213.94371,48.90685,1984,2356,2356,PGC2328507,SDSS J141546.47+485424.7,2328507.0,69075.0,339524.0,,False,False,0.0079
1421,138.201375,48.90482,662,889,889,SDSSJ091248.34+485417.3,WISEA J091248.32+485416.5,3997540.0,26616.0,131194.0,,False,False,0.003
1422,221.837571,48.9013,2232,2592,2592,PGC140374,SBS 1445+491,140374.0,165575.0,683254.0,,False,False,0.0086
1423,179.547802,48.88117,833,1101,1101,PGC037662,MCG +08-22-048,37662.0,160820.0,664582.0,,False,False,0.0037
1424,218.099367,48.87728,2265,2624,2624,SDSSJ143223.88+485238.0,SDSS J143223.88+485238.0,4004791.0,43116.0,208757.0,,False,False,0.0088
1425,231.833488,48.87358,2495,2845,2845,SDSSJ152720.05+485224.9,SDSS J152720.03+485224.8,4005869.0,45549.0,220984.0,,False,False,0.0095
1426,176.103822,48.83551,900,1273,1197,UGC06713,UGC 06713,36528.0,140162.0,612543.0,,False,False,0.0042
1427,126.683615,48.80872,3091,3336,3336,UGC04401,UGC 04401,23691.0,10026.0,49222.0,,False,False,0.0111
1428,164.635098,48.78149,700,904,904,UGC06055,UGC 06055,33010.0,138472.0,625673.0,,False,False,0.003
1429,210.936318,48.76632,757,1046,1046,PGC2325111,SBS 1401+490,2325111.0,69027.0,339101.0,,False,False,0.0035
1430,218.873693,48.74156,2168,2672,2531,NGC5689,NGC 5689,52154.0,145314.0,631949.0,,False,False,0.0089
1431,177.159112,48.71077,962,1364,1284,NGC3893,NGC 3893,36875.0,140283.0,627342.0,,False,False,0.0045
1432,212.621742,48.69424,2036,2405,2405,SDSSJ141029.22+484139.3,WISEA J141029.19+484138.8,4111864.0,69012.0,339047.0,,False,False,0.008
1433,138.966933,48.68885,2777,3042,3042,PGC2323268,SDSS J091552.06+484119.7,2323268.0,34012.0,164801.0,,False,False,0.0101
1434,177.94848,48.68314,974,1183,1302,NGC3928,NGC 3928,37136.0,60315.0,296881.0,,False,False,0.0039
1435,169.615374,48.68224,2616,2925,2925,PGC2323111,SDSS J111827.69+484056.1,2323111.0,38184.0,183990.0,,False,False,0.0098
1436,177.234706,48.67477,918,1223,1223,NGC3896,NGC 3896,36897.0,140293.0,612529.0,,False,False,0.0041
1437,145.465958,48.67106,2594,2903,2873,UGC05172,UGC 05172,27709.0,40747.0,623366.0,,False,False,0.0097
1438,218.687841,48.66972,2277,2564,2635,NGC5682,NGC 5682,52107.0,43188.0,209102.0,,False,False,0.0086
1439,223.650922,48.66874,2261,2620,2620,SDSSJ145436.25+484007.0,SDSS J145436.21+484006.8,4117691.0,43271.0,209578.0,,False,False,0.0087
1440,138.815175,48.66488,2775,3040,3040,UGC04874,UGC 04874,26104.0,,,,False,False,0.0101
1441,139.442458,48.66191,2776,3041,3041,SDSSJ091746.17+483942.6,WISEA J091746.16+483942.0,4010057.0,34014.0,164808.0,,False,False,0.0101
1442,135.017296,48.62784,2949,3204,3204,SDSSJ090004.16+483740.9,SDSS J090004.16+483740.9,4015160.0,135598.0,623005.0,,False,False,0.0107
1443,219.371756,48.62366,2309,2760,2666,UGC09426,UGC 09426,52263.0,145370.0,632001.0,,False,False,0.0092
1444,123.164682,48.61262,526,738,738,PGC2321523,WISEA J095642.26+403930.5,2321523.0,9785.0,48198.0,,False,False,0.0025
1445,198.713589,48.60077,2591,2929,2929,SDSSJ131451.25+483602.8,SDSS J131451.25+483602.7,3481341.0,51099.0,247845.0,,False,False,0.0098
1446,138.715365,48.5939,2786,3050,3050,UGC04868,UGC 04868,26080.0,135780.0,623160.0,,False,False,0.0102
1447,219.046611,48.58497,2284,2642,2642,NGC5693,NGC 5693,52194.0,43187.0,209099.0,,False,False,0.0088
1448,140.669368,48.57635,747,991,991,PGC026513,SDSS J092240.61+483434.4,2807131.0,34025.0,164846.0,,False,False,0.0033
1449,147.326823,48.56378,1841,2151,2151,PGC028238,MRK 1426,28238.0,40759.0,195958.0,,False,False,0.0072
1450,212.5635,48.54609,1905,2281,2281,NGC5500,NGC 5500,50588.0,69065.0,339472.0,,False,False,0.0076
1451,219.256574,48.54493,2198,2559,2559,NGC5700,NGC 5700,52237.0,43186.0,209096.0,,False,False,0.0085
1452,177.733811,48.53164,1127,1495,1495,PGC2319584,WISEA J115056.16+483153.5,2319584.0,38514.0,185057.0,,False,False,0.005
1453,176.357232,48.48519,892,1183,1183,PGC2318533,WISEA J114525.65+482907.6,2318533.0,38361.0,184612.0,,False,False,0.0039
1454,173.516103,48.47703,3057,3354,3354,SDSSJ113403.90+482837.3,WISEA J113403.83+482837.6,4099065.0,38229.0,184277.0,,False,False,0.0112
1455,167.65123,48.46447,2299,2619,2619,PGC2318077,WISEA J111036.29+482751.9,2318077.0,38145.0,183604.0,,False,False,0.0087
1456,111.913661,48.44589,935,2254,1203,UGC03853,UGC 03853,21049.0,,,,False,False,0.0075
1457,210.198659,48.44388,2074,2415,2441,NGC5425,NGC 5425,49889.0,144266.0,679014.0,,False,False,0.0081
1458,200.786864,48.4305,2389,2737,2737,SDSSJ132308.85+482549.7,SDSS J132308.85+482549.7,4012004.0,143415.0,630219.0,,False,False,0.0091
1459,177.418856,48.42601,964,1286,1286,NGC3906,NGC 3906,36953.0,140310.0,612528.0,,False,False,0.0043
1460,213.786045,48.42582,2044,2412,2412,PGC2317193,SDSS J141508.63+482532.9,2317193.0,69059.0,339456.0,,False,False,0.008
1461,168.43918,48.40155,1995,2333,2333,PGC2316668,WISEA J111345.42+482405.5,2316668.0,38137.0,183555.0,,False,False,0.0078
1462,141.569259,48.3933,691,919,919,SDSSJ092616.63+482335.9,WISEA J092616.58+482336.1,3457735.0,33976.0,164711.0,,False,False,0.0031
1463,246.534687,48.36679,2414,1909,2763,NGC6155,NGC 6155,58115.0,20725.0,99003.0,,False,False,0.0064
1464,225.202972,48.36085,2542,3316,2889,UGC09657,UGC 09657,53622.0,43355.0,209904.0,,False,False,0.0111
1465,175.748574,48.35682,3093,3391,3391,SDSSJ114259.64+482124.4,SDSS J114259.64+482124.4,4551296.0,60219.0,296322.0,,False,False,0.0113
1466,145.112572,48.33767,771,514,1017,UGC05151,UGC 05151,27602.0,30266.0,146284.0,,False,False,0.0017
1467,173.427991,48.33467,3036,3334,3334,PGC2315215,WISEA J113342.68+482005.1,2315215.0,38228.0,184273.0,,False,False,0.0111
1468,242.797946,48.33446,2828,3168,3168,PGC101536,SHOC 529,101536.0,20454.0,97944.0,,False,False,0.0106
1469,179.175534,48.33395,983,1133,1314,NGC3985,NGC 3985,37542.0,140474.0,664390.0,,False,False,0.0038
1470,195.838848,48.33083,2522,2860,2860,PGC045088,MCG +08-24-030,45088.0,50997.0,247505.0,,False,False,0.0095
1471,168.564297,48.32621,2184,2511,2511,PGC2315061,WISEA J111415.38+481934.0,2315061.0,,,,False,False,0.0084
1472,225.385244,48.31979,2558,2760,2904,UGC09665,UGC 09665,53657.0,165860.0,683827.0,,False,False,0.0092
1473,168.545436,48.31847,2111,2120,2442,NGC3583,NGC 3583,34232.0,159488.0,658581.0,,False,False,0.0071
1474,212.555022,48.31773,2000,2789,2370,UGC09068,UGC 09068,50586.0,69064.0,339471.0,,False,False,0.0093
1475,213.506802,48.30931,2053,2420,2420,SDSSJ141401.62+481833.7,WISEA J141401.70+481834.3,4112252.0,69060.0,339457.0,,False,False,0.0081
1476,178.139337,48.29305,1082,1440,1440,PGC2314360,WISEA J115233.44+481735.4,2314360.0,60303.0,296855.0,,False,False,0.0048
1477,197.640313,48.27984,2639,2973,2973,PGC2314081,SDSS J131032.73+481646.7,2314081.0,,613169.0,,False,False,0.0099
1478,175.037965,48.25823,3037,3336,3336,PGC2313654,WISEA J114009.12+481529.5,2313654.0,60207.0,296261.0,,False,False,0.0111
1479,177.708551,48.25146,811,1061,1061,PGC037045,MRK 1460,37045.0,160648.0,663768.0,,False,False,0.0035
1480,191.597254,48.2352,900,1655,1211,PGC043081,UGCA 297,43081.0,162390.0,670448.0,,False,False,0.0055
1481,247.718691,48.23211,2712,3053,3053,,GALEXASC J163052.52+481353.4,,147072.0,633443.0,,False,False,0.0102
1482,198.52704,48.1562,2526,2865,2865,UGC08316,UGC 08316,46010.0,51094.0,247814.0,,False,False,0.0096
1483,198.162234,48.1551,2502,2842,2842,PGC2311534,WISEA J131238.88+480918.4,2311534.0,51096.0,247833.0,,False,False,0.0095
1484,204.99794,48.14621,1678,2067,2067,SDSSJ133959.46+480846.9,SDSS J133959.46+480846.9,4109743.0,51234.0,248705.0,,False,False,0.0069
1485,185.072862,48.13766,807,1060,1060,UGC07392,UGC 07392,39785.0,60775.0,298498.0,,False,False,0.0035
1486,183.943281,48.131,700,1170,891,NGC4218,NGC 4218,39237.0,161328.0,666500.0,,False,False,0.0039
1487,225.353846,48.1077,3212,3540,3540,PGC140462,WISEA J150124.93+480627.7,140462.0,43353.0,209901.0,,False,False,0.0118
1488,219.089463,48.06633,2493,2841,2841,PGC2309848,WISEA J143621.47+480359.4,2309848.0,69145.0,340120.0,,False,False,0.0095
1489,245.510994,48.02729,2433,2782,2782,PGC2309058,SPRC 174,2309058.0,20739.0,99054.0,,False,False,0.0093
1490,212.257347,48.01345,2325,2679,2679,PGC2308809,SDSS J140901.66+480047.9,2308809.0,69009.0,339042.0,,False,False,0.0089
1491,184.38342,47.9952,687,869,869,PGC2308426,2MASX J12173195+4759420,2308426.0,60763.0,298456.0,,False,False,0.0029
1492,212.11574,47.97037,2099,2464,2464,UGC09046,UGC 09046,50457.0,144575.0,631278.0,,False,False,0.0082
1493,212.95663,47.96637,2118,2482,2482,PGC050687,MCG +08-26-010,50687.0,69066.0,339478.0,,False,False,0.0083
1494,177.748357,47.96374,942,1254,1254,SDSSJ115059.60+475749.4,WISEA J115059.67+475748.5,3546221.0,60313.0,296875.0,,False,False,0.0042
1495,159.862008,47.94712,855,1981,1121,UGC05791,UGC 05791,31697.0,38017.0,183113.0,,False,False,0.0066
1496,159.946152,47.93256,1539,2489,1885,UGC05798,UGC 05798,31720.0,38026.0,183138.0,,False,False,0.0083
1497,203.512102,47.91537,392,774,499,NGC5229,NGC 5229,47788.0,,,,False,False,0.0026
1498,174.433757,47.89312,720,1151,916,NGC3769,NGC 3769,35999.0,160237.0,662103.0,,False,False,0.0038
1499,205.456434,47.88891,2238,2594,2594,UGC08676,UGC 08676,48497.0,51230.0,248680.0,,False,False,0.0087
1500,184.04882,47.88327,917,1315,1223,NGC4220,NGC 4220,39285.0,60764.0,298457.0,,False,False,0.0044
1501,174.459418,47.8818,750,1273,962,NGC3769A,NGC 3769A,36008.0,139943.0,,,False,False,0.0042
1502,139.652394,47.87235,1993,2532,2282,UGC04922,UGC 04922,26304.0,33995.0,164760.0,,False,False,0.0084
1503,155.606064,47.87178,1618,1951,1951,SDSSJ102225.42+475218.3,WISEA J102225.53+475218.5,3999266.0,32059.0,156361.0,,False,False,0.0065
1504,136.226724,47.86468,2722,2982,2982,SDSSJ090454.43+475152.7,WISEA J090454.42+475152.0,3997370.0,26635.0,131285.0,,False,False,0.0099
1505,178.423842,47.85877,800,1321,1040,NGC3949,NGC 3949,37290.0,160719.0,664068.0,,False,False,0.0044
1506,124.506039,47.85261,3107,3346,3346,UGC04307,UGC 04307,23268.0,9767.0,48121.0,,False,False,0.0112
1507,185.20178,47.82596,762,985,985,UGC07401,UGC 07401,39864.0,,,,False,False,0.0033
1508,135.243702,47.79534,3128,3377,3377,PGC025324,KUG 0857+479,25324.0,26611.0,131124.0,,False,False,0.0113
1509,145.081635,47.77722,546,717,717,PGC027595,KUG 0937+480,27595.0,30255.0,146265.0,,False,False,0.0024
1510,180.147439,47.77395,569,688,688,PGC037862,UGCA 262,37862.0,,,,False,False,0.0023
1511,160.559234,47.76672,1528,1972,1876,PGC031888,UGCA 216,31888.0,38034.0,183193.0,,False,False,0.0066
1512,154.022444,47.76542,3248,3516,3516,PGC2304005,WISEA J101605.36+474556.0,2304005.0,32075.0,156414.0,,False,False,0.0117
1513,204.130332,47.73718,2283,2636,2636,UGC08601,UGC 08601,48025.0,51200.0,248379.0,,False,False,0.0088
1514,149.722535,47.73684,1169,2360,1489,UGC05354,UGC 05354,28830.0,,,,False,False,0.0079
1515,161.032456,47.71167,1536,1884,1884,SDSSJ104407.79+474242.1,WISEA J104407.76+474241.6,3468044.0,38077.0,183381.0,,False,False,0.0063
1516,159.607109,47.71014,1577,1921,1921,PGC2302994,WISEA J103825.69+474236.6,2302994.0,38030.0,183155.0,,False,False,0.0064
1517,159.104309,47.69814,1558,1901,1901,PGC2302764,WISEA J103625.05+474153.2,2302764.0,38024.0,183133.0,,False,False,0.0063
1518,175.319337,47.69083,3152,3507,3447,NGC3811,NGC 3811,36265.0,140063.0,627160.0,,False,False,0.0117
1519,215.646325,47.66294,2149,2511,2511,PGC2302135,WISEA J142235.17+473946.9,2302135.0,69050.0,339319.0,,False,False,0.0084
1520,213.440752,47.65911,2054,2421,2421,,UGC 09112,,144716.0,631409.0,,False,False,0.0081
1521,182.895858,47.65755,752,964,964,PGC2302037,SDSS J121134.99+473927.1,2302037.0,60749.0,298406.0,,False,False,0.0032
1522,165.513445,47.64627,1932,2268,2268,PGC2301841,WISEA J110203.14+473847.3,2301841.0,38152.0,183677.0,,False,False,0.0076
1523,149.827773,47.61624,1100,1412,1412,PGC3095910,WISEA J095918.71+473658.8,3095910.0,32022.0,156177.0,,False,False,0.0047
1524,177.231092,47.58268,963,1280,1280,PGC2300734,WISEA J114855.44+473457.5,2300734.0,60234.0,296378.0,,False,False,0.0043
1525,219.081,47.56512,734,1029,1029,SDSSJ143619.44+473354.6,SDSS J143619.43+473354.6,4115462.0,69148.0,340131.0,,False,False,0.0034
1526,159.885062,47.53266,2559,2855,2855,SDSSJ103932.45+473157.3,WISEA J103932.33+473156.8,4093964.0,137812.0,625046.0,,False,False,0.0095
1527,167.164541,47.53161,1423,1787,1787,PGC2299889,WISEA J110839.54+473153.8,2299889.0,38130.0,183536.0,,False,False,0.006
1528,101.980189,47.51306,451,1352,674,PGC2807122,PGC1 2807122 NED001,2807122.0,,,,False,False,0.0045
1529,135.881039,47.50825,2265,2538,2538,PGC2299449,WISEA J090331.36+473029.1,2299449.0,26574.0,130879.0,,False,False,0.0085
1530,183.964857,47.50472,660,820,820,PGC2299404,WISEA J121551.54+473017.1,2299404.0,60735.0,298366.0,,False,False,0.0027
1531,176.53245,47.49471,902,1145,1191,NGC3877,NGC 3877,36699.0,60227.0,296359.0,,False,False,0.0038
1532,181.50476,47.47845,564,906,676,NGC4096,NGC 4096,38361.0,161043.0,665468.0,,True,False,0.003
1533,173.282425,47.45875,1475,1851,1851,PGC2298580,WISEA J113307.85+472731.4,2298580.0,60093.0,295719.0,,False,False,0.0062
1534,184.888396,47.45148,772,995,995,PGC166129,WISEA J121933.24+472705.1,166129.0,,,,False,False,0.0033
1535,173.155959,47.44965,1420,1797,1797,PGC2298394,WISEA J113237.37+472658.5,2298394.0,60091.0,295716.0,,False,False,0.006
1536,168.856454,47.4471,2201,2526,2526,NGC3595,NGC 3595,34325.0,159520.0,658715.0,,True,False,0.0084
1537,184.457819,47.40915,483,533,567,NGC4248,NGC 4248,39461.0,,,,False,False,0.0018
1538,114.368758,47.40915,472,1099,681,SDSSJ073728.49+472432.8,SDSS J073728.47+472432.8,4554201.0,,,,False,False,0.0037
1539,213.403618,47.40587,2144,2506,2506,PGC2297601,WISEA J141336.98+472420.8,2297601.0,51315.0,249301.0,,False,False,0.0084
1540,136.167306,47.40428,2248,2521,2521,PGC025485,KUG 0901+476,25485.0,26573.0,130876.0,,False,False,0.0084
1541,159.902147,47.39793,2325,2697,2631,NGC3320,NGC 3320,31708.0,158598.0,654205.0,,False,False,0.009
1542,149.503851,47.32454,503,645,645,UGC05348,UGC 05348,28789.0,,,,False,False,0.0022
1543,119.518186,47.32166,2466,2712,2712,PGC022331,CGCG 236-019 NED02,22331.0,,,,False,False,0.009
1544,232.684926,47.31894,2564,2909,2909,UGC09880,UGC 09880,55273.0,53724.0,262062.0,,False,False,0.0097
1545,184.739936,47.30388,454,526,530,NGC4258,MESSIER 106,39600.0,,,,False,False,0.0018
1546,202.497309,47.26606,472,574,591,NGC5195,MESSIER 051b,47413.0,,,,False,False,0.0019
1547,179.657429,47.26125,905,1321,1196,NGC4010,NGC 4010,37697.0,160831.0,664635.0,,False,False,0.0044
1548,209.069445,47.23565,1796,1879,2177,NGC5377,NGC 5377,49563.0,144121.0,630855.0,,False,False,0.0063
1549,160.790358,47.21609,2333,2639,2639,PGC2294375,WISEA J104309.70+471257.7,2294375.0,38036.0,183197.0,,False,False,0.0088
1550,202.469547,47.19515,461,574,575,NGC5194,MESSIER 051a,47404.0,,,,False,False,0.0019
1551,108.119374,47.16688,970,1194,1231,NGC2344,NGC 2344,20395.0,,,,False,False,0.004
1552,133.668674,47.1047,1764,2710,2049,UGC04659,UGC 04659,25012.0,26583.0,130945.0,,True,False,0.009
1553,111.677916,47.09394,3033,3202,3258,UGC03845,UGC 03845,21020.0,,,,False,False,0.0107
1554,183.962198,47.0919,1005,1432,1345,NGC4217,NGC 4217,39241.0,141005.0,,,False,False,0.0048
1555,184.788321,47.09018,269,531,317,UGC07356,UGC 07356,39615.0,,,,False,False,0.0018
1556,192.807594,47.06961,572,696,696,PGC2832122,SDSS J125113.12+470415.1,2832122.0,,,,False,False,0.0023
1557,245.197563,47.06499,3033,3365,3365,PGC2291782,2MASX J16204742+4703541,2291782.0,20672.0,98809.0,,False,False,0.0112
1558,244.074585,47.04532,717,2,1060,UGC10310,UGC 10310,57678.0,146863.0,633271.0,,False,False,0.0
1559,203.327223,47.04096,2638,2974,2974,SDSSJ133318.53+470227.5,WISEA J133318.59+470228.0,4016085.0,61703.0,301992.0,,False,False,0.0099
1560,244.098051,47.034,711,1053,1053,PGC101538,WISEA J161623.51+470202.7,101538.0,20665.0,98762.0,,False,False,0.0035
1561,173.338209,47.02908,864,1076,1127,NGC3726,NGC 3726,35676.0,139717.0,626832.0,,False,False,0.0036
1562,192.605932,47.02566,807,1060,1060,SDSSJ125025.42+470132.3,SDSS J125025.42+470132.3,3551826.0,61216.0,300123.0,,False,False,0.0035
1563,236.346651,47.02525,2717,3057,3057,SDSSJ154523.20+470130.7,WISEA J154523.21+470130.8,4006192.0,45685.0,221795.0,,False,False,0.0102
1564,209.447697,47.02096,2096,2459,2459,SDSSJ135747.45+470115.6,WISEA J135747.42+470115.6,4004102.0,51256.0,248856.0,,False,False,0.0082
1565,151.828987,47.00649,632,781,812,UGC05451,UGC 05451,29427.0,32011.0,156121.0,,False,False,0.0026
1566,185.866454,46.99381,775,1046,996,NGC4346,NGC 4346,40228.0,161644.0,667479.0,,False,False,0.0035
1567,182.982062,46.98181,985,1316,1316,PGC038855,MCG +08-22-083,38855.0,60536.0,297592.0,,False,False,0.0044
1568,239.268459,46.97742,2662,3003,3003,PGC2290298,WISEA J155704.39+465838.9,2290298.0,,,,False,False,0.01
1569,248.666184,46.96039,2452,2797,2797,PGC101540,WISEA J163439.86+465737.2,101540.0,20878.0,99736.0,,False,False,0.0093
1570,184.497546,46.94281,1149,1530,1530,SDSSJ121759.40+465634.3,SDSS J121759.40+465634.3,4320306.0,,,,False,False,0.0051
1571,202.138589,46.92716,2714,3040,3046,IC4263,IC 4263,47270.0,61693.0,301959.0,,True,False,0.0101
1572,224.670924,46.91674,2680,3020,3020,PGC2289339,SDSS J145841.02+465500.6,2289339.0,43321.0,209769.0,,False,False,0.0101
1573,122.698882,46.91243,3124,4254,3357,UGC04258,UGC 04258,22941.0,156512.0,647197.0,,False,False,0.0142
1574,227.175942,46.90697,1927,2296,2296,PGC2289184,SDSS J150842.21+465425.1,2289184.0,43387.0,210174.0,,False,False,0.0077
1575,161.946259,46.87932,1490,1841,1841,PGC2288707,WISEA J104747.09+465245.9,2288707.0,37982.0,182957.0,,False,False,0.0061
1576,177.988549,46.81702,3255,3547,3547,PGC037148,CGCG 243-020,37148.0,140357.0,612314.0,,False,False,0.0118
1577,211.955861,46.80669,691,938,938,SDSSJ140749.40+464824.2,SDSS J140749.39+464824.1,4018282.0,51310.0,249244.0,,False,False,0.0031
1578,202.150656,46.76782,2438,2781,2781,PGC2286797,WISEA J132836.15+464604.0,2286797.0,61694.0,301961.0,,False,False,0.0093
1579,189.913939,46.7487,2336,2677,2677,SDSSJ123939.36+464455.1,SDSS J123939.34+464454.9,4002709.0,141815.0,628730.0,,False,False,0.0089
1580,271.05855,46.73742,1565,1922,1922,UGC11109,UGC 11109,61347.0,148340.0,634665.0,,False,False,0.0064
1581,184.009269,46.73284,1062,1420,1420,PGC039216,MCG +08-22-086,39216.0,60733.0,298361.0,,False,False,0.0047
1582,162.224121,46.7207,738,942,942,UGC05917,UGC 05917,32343.0,38074.0,183358.0,,False,False,0.0031
1583,161.733467,46.70989,2310,2618,2618,PGC032201,KUG 1043+469,32201.0,37981.0,182956.0,,False,False,0.0087
1584,116.022998,46.70954,3106,3332,3332,SDSSJ074405.51+464234.2,WISEA J074405.50+464234.4,4081754.0,82454.0,399994.0,,False,False,0.0111
1585,125.565744,46.69177,2180,2438,2438,PGC2285534,WISEA J082215.81+464130.5,2285534.0,9823.0,48482.0,,False,False,0.0081
1586,214.48515,46.68451,2048,2414,2414,SDSSJ141756.43+464104.3,WISEA J141756.36+464104.8,4016163.0,,,,False,False,0.0081
1587,202.349667,46.67965,2805,3133,3133,SDSSJ132923.89+464046.0,WISEA J132923.86+464046.5,4569104.0,,,,False,False,0.0105
1588,202.041844,46.67214,2415,3141,2759,NGC5169,NGC 5169,47231.0,61691.0,301956.0,,True,False,0.0105
1589,202.547541,46.67081,2468,3054,2809,NGC5198,NGC 5198,47441.0,143555.0,630351.0,,True,False,0.0102
1590,219.547952,46.6383,2238,2865,2595,NGC5714,NGC 5714,52307.0,69128.0,340012.0,,False,False,0.0096
1591,174.953298,46.61987,711,885,885,PGC2284287,SDSS J113948.69+463711.4,2284287.0,,296188.0,,False,False,0.003
1592,178.67174,46.61011,1010,1343,1343,PGC2284119,SDSS J115441.22+463636.2,2284119.0,60266.0,296738.0,,False,False,0.0045
1593,202.105327,46.59161,2421,2850,2765,NGC5173,NGC 5173,47257.0,61690.0,301953.0,,True,False,0.0095
1594,203.190303,46.58529,2566,2903,2903,SDSSJ133245.69+463506.8,WISEA J133245.70+463506.7,4003680.0,61700.0,301983.0,,False,False,0.0097
1595,202.463253,46.58236,2776,3104,3104,SDSSJ132951.17+463456.9,WISEA J132951.25+463456.9,4012049.0,143545.0,630344.0,,False,False,0.0104
1596,242.410953,46.57173,2914,3247,3247,SDSSJ160938.64+463418.0,SDSS J160938.63+463418.0,4016359.0,29197.0,142087.0,,False,False,0.0108
1597,226.359558,46.56527,2506,3111,2852,UGC09703,UGC 09703,53861.0,43313.0,209699.0,,False,False,0.0104
1598,205.483171,46.55292,2527,2867,2867,SDSSJ134155.93+463310.4,WISEA J134155.96+463309.7,4012134.0,61807.0,302469.0,,False,False,0.0096
1599,203.714927,46.54446,2686,3019,3019,PGC2283026,WISEA J133451.57+463240.2,2283026.0,61704.0,301999.0,,False,False,0.0101
1600,140.723579,46.53425,3007,3260,3260,PGC026555,KUG 0919+467,26555.0,,,,False,False,0.0109
1601,193.657418,46.53115,863,2084,1145,NGC4800,NGC 4800,43931.0,142508.0,629387.0,,False,False,0.007
1602,216.207948,46.52804,2307,2660,2660,PGC2282744,WISEA J142449.88+463141.1,2282744.0,,,,False,False,0.0089
1603,174.836448,46.51356,744,1074,936,NGC3782,NGC 3782,36136.0,139994.0,612325.0,,False,False,0.0036
1604,202.313823,46.5024,2561,2898,2898,PGC047323,CGCG 246-006,47323.0,,613133.0,,False,False,0.0097
1605,202.14019,46.49989,2560,2897,2897,PGC047274,MCG +08-25-006,47274.0,61692.0,301957.0,,True,False,0.0097
1606,175.014063,46.48032,736,923,923,PGC166114,PGC1 0036188 NED007,166114.0,160330.0,662471.0,,False,False,0.0031
1607,122.785749,46.46568,2259,2494,2511,UGC04260,UGC 04260,22955.0,,580023.0,,False,False,0.0083
1608,179.707092,46.46479,792,1012,1012,SDSSJ115849.68+462753.0,WISEA J115849.79+462753.8,3547071.0,60255.0,296677.0,,False,False,0.0034
1609,182.493648,46.45733,265,507,307,NGC4144,NGC 4144,38688.0,,,,False,False,0.0017
1610,233.237982,46.45243,653,1119,956,UGC09893,UGC 09893,55381.0,166259.0,685454.0,,False,False,0.0037
1611,207.520999,46.45042,1810,2190,2190,PGC2281417,WISEA J135005.03+462701.6,2281417.0,61838.0,302767.0,,False,False,0.0073
1612,149.77391,46.44736,608,779,779,SDSSJ095905.73+462650.5,SDSS J095905.73+462650.4,5064718.0,125332.0,577130.0,,False,False,0.0026
1613,175.34154,46.39316,747,939,939,PGC036272,CGCG 242-075,36272.0,160376.0,662691.0,,False,False,0.0031
1614,241.295996,46.39192,2853,3188,3188,PGC3087595,WISEA J160511.00+462330.9,3087595.0,29207.0,142114.0,,False,False,0.0106
1615,151.694541,46.38455,2401,2688,2688,PGC082584,KUG 1003+466,82584.0,31999.0,156089.0,,False,False,0.009
1616,220.861421,46.38245,3134,3459,3459,PGC2280240,WISEA J144326.73+462256.8,2280240.0,69190.0,340422.0,,False,False,0.0115
1617,123.321659,46.37224,2267,2519,2519,PGC023043,KUG 0809+465,23043.0,9870.0,48552.0,,False,False,0.0084
1618,183.66661,46.3533,583,688,688,[SLY2014]J121440.0+462112,WISEA J121439.93+462111.1,5067085.0,,,,False,False,0.0023
1619,208.695569,46.3346,1674,2063,2063,SDSSJ135446.92+462005.1,WISEA J135446.93+462004.2,4012216.0,51260.0,248871.0,,False,False,0.0069
1620,249.129399,46.32446,2467,2810,2810,SDSSJ163631.04+461928.0,WISEA J163631.04+461928.3,4123441.0,20843.0,99599.0,,False,False,0.0094
1621,214.822356,46.32005,2019,2386,2386,PGC051162,MCG +08-26-019,51162.0,51331.0,631556.0,,False,False,0.008
1622,210.490297,46.31188,1896,2270,2270,NGC5439,NGC 5439,49965.0,51302.0,249189.0,,False,False,0.0076
1623,243.385698,46.30365,659,988,988,SDSSJ161332.57+461813.1,WISEA J161332.58+461813.4,3387903.0,,,,False,False,0.0033
1624,208.51969,46.30053,2152,2512,2512,SDSSJ135404.74+461802.0,WISEA J135404.83+461802.0,4004014.0,144050.0,630791.0,,False,False,0.0084
1625,152.562428,46.29558,1099,1411,1411,PGC2278740,WISEA J101014.99+461744.4,2278740.0,36562.0,176966.0,,False,False,0.0047
1626,185.158929,46.29171,531,729,616,NGC4288,NGC 4288,39840.0,60701.0,298269.0,,False,False,0.0024
1627,210.013563,46.28683,2120,2481,2481,PGC2278603,SDSS J140003.25+461712.5,2278603.0,51248.0,248828.0,,False,False,0.0083
1628,202.207362,46.26239,2621,2955,2955,PGC047295,CGCG 246-005,47295.0,61674.0,301832.0,,True,False,0.0099
1629,229.668287,46.25915,1873,2243,2243,PGC2278109,SDSS J151840.40+461532.9,2278109.0,43412.0,210268.0,,False,False,0.0075
1630,215.305117,46.25504,2228,2584,2584,PGC2278047,WISEA J142113.26+461518.2,2278047.0,51336.0,249461.0,,False,False,0.0086
1631,158.800361,46.23675,505,614,614,PGC2277751,SDSS J103512.07+461412.2,2277751.0,37917.0,182632.0,,False,False,0.002
1632,202.990842,46.21869,2450,2792,2792,SDSSJ133157.79+461307.3,WISEA J133157.82+461307.2,4003667.0,61666.0,301793.0,,False,False,0.0093
1633,204.065198,46.20006,2434,2877,2777,UGC08597,UGC 08597,48012.0,143672.0,613130.0,,False,False,0.0096
1634,202.907064,46.1509,2582,2918,2918,PGC047559,CGCG 246-011,47559.0,61667.0,301798.0,,False,False,0.0097
1635,216.868203,46.14652,2326,2535,2677,NGC5633,NGC 5633,51620.0,51348.0,249505.0,,False,False,0.0085
1636,168.840878,46.13297,2944,3233,3233,PGC2275958,WISEA J111521.87+460758.9,2275958.0,59780.0,294026.0,,False,False,0.0108
1637,168.602815,46.13254,2226,2547,2547,PGC2275942,SDSS J111424.67+460757.1,2275942.0,59979.0,295223.0,,False,False,0.0085
1638,230.301848,46.13132,1909,2277,2277,SDSSJ152112.45+460752.7,WISEA J152112.50+460753.6,4016287.0,43421.0,210298.0,,False,False,0.0076
1639,168.919451,46.12794,2892,3183,3183,PGC034341,CGCG 242-015,34341.0,159530.0,658763.0,,False,False,0.0106
1640,175.148246,46.12428,843,1087,1087,SDSSJ114035.59+460727.4,WISEA J114035.56+460727.5,3545038.0,60193.0,296172.0,,False,False,0.0036
1641,172.351073,46.11387,1554,1924,1924,PGC166112,WISEA J112924.17+460650.1,166112.0,,,,False,False,0.0064
1642,168.960465,46.11071,2909,3200,3200,PGC2275567,WISEA J111550.50+460638.7,2275567.0,59778.0,294021.0,,False,False,0.0107
1643,206.602765,46.10716,1506,1581,1905,NGC5301,NGC 5301,48816.0,163975.0,677382.0,,False,False,0.0053
1644,167.493036,46.09472,1392,2030,1757,UGC06205,UGC 06205,33875.0,59794.0,658081.0,,False,False,0.0068
1645,184.175499,46.07885,706,1510,871,UGC07301,UGC 07301,39344.0,161367.0,666622.0,,False,False,0.005
1646,236.190247,46.0782,2587,2928,2928,UGC10010,UGC 10010,55927.0,146373.0,632831.0,,False,False,0.0098
1647,154.679245,46.04561,566,705,705,PGC030114,VV 834 NED02,30114.0,36615.0,177247.0,,False,False,0.0024
1648,126.825147,46.03264,2205,2462,2462,SDSSJ082718.00+460157.3,MCG +08-16-005,4580946.0,15877.0,77449.0,,True,False,0.0082
1649,163.365238,46.01967,722,909,909,UGC06005,UGC 06005,32695.0,59554.0,292806.0,,False,False,0.003
1650,204.870438,46.01545,2426,2407,2770,UGC08642,UGC 08642,48291.0,163827.0,676606.0,,False,False,0.008
1651,236.627972,45.9983,2669,3198,3007,PGC056006,MRK 0490,56006.0,146405.0,632862.0,,False,False,0.0107
1652,123.311287,45.99012,452,580,631,NGC2537,NGC 2537,23040.0,,,,False,False,0.0019
1653,209.241906,45.97324,2059,2424,2424,UGC08876,UGC 08876,49608.0,61846.0,302909.0,,False,False,0.0081
1654,126.518238,45.96762,2129,984,2388,UGC04393,UGC 04393,23660.0,15876.0,77443.0,,False,False,0.0033
1655,175.027811,45.94292,849,925,1095,UGC06628,UGC 06628,36188.0,140020.0,627118.0,,False,False,0.0031
1656,203.928039,45.92953,1446,1972,1849,UGC08588,UGC 08588,47951.0,61660.0,301767.0,,False,False,0.0066
1657,184.667208,45.90972,1038,1388,1388,PGC2272312,WISEA J121840.14+455435.7,2272312.0,55837.0,273595.0,,False,False,0.0046
1658,185.067656,45.90844,737,919,919,UGC07391,UGC 07391,39786.0,55878.0,273771.0,,False,False,0.0031
1659,178.38745,45.90607,803,1023,1023,PGC2272248,SDSS J115332.97+455421.8,2272248.0,55731.0,272899.0,,False,False,0.0034
1660,140.295021,45.88776,1875,2163,2163,PGC026465,KUG 0917+461,26465.0,,,,False,False,0.0072
1661,210.542949,45.86259,2111,2472,2472,PGC2800847,SBS 1400+461,2800847.0,51298.0,249177.0,,False,False,0.0082
1662,203.311357,45.83734,1330,2056,1735,UGC08538,UGC 08538,47718.0,143605.0,630395.0,,False,False,0.0069
1663,185.313471,45.81199,459,522,518,UGC07408,UGC 07408,39918.0,,,,False,False,0.0017
1664,177.695633,45.80723,793,1698,1004,UGC06818,UGC 06818,37038.0,55714.0,272839.0,,False,False,0.0057
1665,169.662286,45.78933,2266,2585,2585,SDSSJ111838.95+454721.8,WISEA J111838.97+454722.8,4000674.0,139136.0,626285.0,,False,False,0.0086
1666,203.74254,45.77998,2584,2920,2920,PGC047874,CGCG 246-015,47874.0,163726.0,676255.0,,False,False,0.0097
1667,130.724382,45.77555,2054,2320,2320,PGC3087634,WISEA J084253.85+454631.8,3087634.0,135445.0,622871.0,,False,False,0.0077
1668,169.588899,45.74821,2329,2760,2645,NGC3614,NGC 3614,34561.0,159593.0,659059.0,,False,False,0.0092
1669,245.896167,45.74544,1845,2207,2207,UGC10370,UGC 10370,57997.0,20626.0,98633.0,,False,False,0.0074
1670,123.495366,45.74182,558,938,760,IC2233,IC 2233,23071.0,134924.0,622384.0,,False,False,0.0031
1671,179.718659,45.73748,1170,1273,1546,SDSSJ115852.46+454414.6,SDSS J115852.46+454414.6,4548246.0,55778.0,273123.0,,False,False,0.0042
1672,130.841014,45.73599,1960,2243,2229,UGC04543,UGC 04543,24493.0,,,,False,False,0.0075
1673,202.203637,45.72989,2557,2893,2893,PGC047301,MCG +08-25-008,47301.0,61675.0,301833.0,,False,False,0.0097
1674,125.283234,45.69921,2176,2430,2430,PGC2269104,WISEA J082107.98+454157.6,2269104.0,9812.0,48471.0,,False,False,0.0081
1675,169.61109,45.68991,2261,2580,2580,PGC2268959,WISEA J111826.68+454123.6,2268959.0,59968.0,295191.0,,False,False,0.0086
1676,186.394408,45.68519,713,1026,879,NGC4389,NGC 4389,40537.0,141329.0,628285.0,,False,False,0.0034
1677,210.574587,45.68144,766,1034,1034,PGC2268822,SDSS J140217.90+454053.1,2268822.0,,,,False,False,0.0034
1678,255.876544,45.67985,2079,2429,2429,,B3 1702+457,,167204.0,,,False,False,0.0081
1679,180.379365,45.62516,2053,2401,2401,,III Zw 064 NOTES01,,160908.0,,,False,False,0.008
1680,184.37568,45.6192,516,415,587,NGC4242,NGC 4242,39423.0,141062.0,628043.0,,False,False,0.0014
1681,135.015015,45.57385,1916,2193,2193,SDSSJ090003.59+453425.8,SDSS J090003.58+453425.7,3997262.0,33786.0,164217.0,,False,False,0.0073
1682,140.479854,45.56783,2846,3099,3099,PGC2267057,WISEA J092155.19+453403.6,2267057.0,30185.0,146075.0,,False,False,0.0103
1683,154.978848,45.54972,662,982,833,NGC3198,NGC 3198,30197.0,36578.0,592297.0,,False,False,0.0033
1684,217.550738,45.54231,2345,2694,2694,PGC051821,SBS 1428+457,51821.0,51364.0,249631.0,,False,False,0.009
1685,201.442856,45.54002,2640,2972,2972,PGC2266581,WISEA J132546.27+453224.1,2266581.0,61681.0,301865.0,,False,False,0.0099
1686,239.2742,45.52148,2566,2906,2906,SDSSJ155705.81+453117.3,WISEA J155705.83+453117.9,4016349.0,45769.0,222143.0,,False,False,0.0097
1687,150.01956,45.51988,1734,2045,2045,PGC028916,KUG 0956+457,28916.0,36522.0,176732.0,,False,False,0.0068
1688,177.57832,45.48659,3250,3538,3538,SDSSJ115018.79+452911.8,SDSS J115018.78+452911.7,4001477.0,55716.0,272846.0,,False,False,0.0118
1689,177.5518,45.47869,3179,3470,3470,PGC036991,CGCG 243-014,36991.0,55715.0,272844.0,,False,False,0.0116
1690,201.852399,45.43865,1264,1668,1668,PGC047160,MCG +08-25-002,47160.0,61680.0,301861.0,,False,False,0.0056
1691,217.144456,45.43204,2446,2790,2790,PGC2264856,WISEA J142834.62+452555.0,2264856.0,,,,False,False,0.0093
1692,232.970504,45.43072,1866,2233,2233,PGC055327,CGCG 249-027,55327.0,53712.0,262006.0,,False,False,0.0074
1693,238.831352,45.42537,1871,2255,2235,UGC10095,UGC 10095,56386.0,146492.0,685977.0,,False,False,0.0075
1694,170.070849,45.38959,690,842,842,SDSSJ112017.00+452322.5,SDSS J112017.00+452322.5,4000726.0,59963.0,295171.0,,False,False,0.0028
1695,202.411353,45.38787,1293,1849,1699,UGC08489,UGC 08489,47371.0,61670.0,301807.0,,False,False,0.0062
1696,215.634569,45.3834,686,1104,932,UGC09211,UGC 09211,51358.0,,,,False,False,0.0037
1697,154.703273,45.36032,742,946,946,SDSSJ101848.78+452137.2,WISEA J101848.81+452137.2,3464554.0,137060.0,624326.0,,False,False,0.0032
1698,133.399401,45.33552,1887,2161,2161,UGC04648,UGC 04648,24963.0,33756.0,164130.0,,False,False,0.0072
1699,136.403954,45.32237,2012,2287,2287,UGC04762,UGC 04762,25521.0,135664.0,623061.0,,False,False,0.0076
1700,154.117545,45.32156,1656,2037,1979,PGC030005,UGCA 208,30005.0,36570.0,176997.0,,False,False,0.0068
1701,169.617659,45.31278,2791,3085,3085,PGC2262856,SDSS J111828.13+451846.4,2262856.0,55539.0,271830.0,,False,False,0.0103
1702,136.14084,45.29209,1839,2432,2119,UGC04753,UGC 04753,25472.0,135645.0,623047.0,,False,False,0.0081
1703,242.411782,45.27854,1822,2186,2186,SDSSJ160938.84+451642.6,SDSS J160938.83+451642.7,4018699.0,29304.0,142495.0,,False,False,0.0073
1704,168.112964,45.26591,2967,3252,3252,PGC034095,CGCG 242-008,34095.0,159445.0,658383.0,,False,False,0.0108
1705,162.066646,45.20573,3255,3524,3524,PGC032290,KUG 1045+454,32290.0,59542.0,292746.0,,False,False,0.0118
1706,180.682177,45.19107,709,861,861,UGC07022,UGC 07022,38035.0,55783.0,273169.0,,False,False,0.0029
1707,219.429986,45.18571,2985,3311,3311,PGC052276,UGCA 392,52276.0,,,,False,False,0.011
1708,236.298789,45.1782,2621,2959,2959,SDSSJ154511.81+451041.0,SDSS J154511.81+451041.0,4118820.0,53836.0,262462.0,,False,False,0.0099
1709,167.134906,45.17333,3028,3310,3310,SDSSJ110832.35+451024.2,WISEA J110832.42+451025.0,4000390.0,59609.0,293238.0,,False,False,0.011
1710,178.965818,45.16266,1048,1390,1390,PGC2260100,SDSS J115551.80+450945.5,2260100.0,55726.0,272884.0,,False,False,0.0046
1711,165.456561,45.14801,3164,3439,3439,SDSSJ110149.56+450852.8,WISEA J110149.52+450853.3,4010850.0,59640.0,293294.0,,False,False,0.0115
1712,276.502763,45.13556,2322,2654,2654,UGC11235,UGC 11235,61869.0,,,,False,False,0.0089
1713,110.685326,45.10846,437,611,633,UGC03817,UGC 03817,20852.0,,,,False,False,0.002
1714,150.952683,45.08267,2763,3032,3032,PGC2790903,WISEA J100348.63+450457.8,2790903.0,36531.0,176760.0,,False,False,0.0101
1715,245.708043,45.07142,3131,3456,3456,PGC3130829,SHOC 535,3130829.0,20811.0,99403.0,,False,False,0.0115
1716,235.962517,45.06684,2619,2957,2957,SDSSJ154351.01+450400.6,WISEA J154351.00+450400.2,4006164.0,53832.0,262452.0,,False,False,0.0099
1717,216.777332,45.04371,2596,2934,2934,PGC140323,WISEA J142706.57+450237.6,140323.0,,,,False,False,0.0098
1718,173.045847,45.01846,3062,3349,3349,PGC2257202,WISEA J113211.08+450107.1,2257202.0,55620.0,272177.0,,False,False,0.0112
1719,234.359235,45.01814,2625,2963,2963,PGC055630,CGCG 249-035,55630.0,53697.0,261909.0,,False,False,0.0099
1720,145.013629,44.99212,1369,1678,1678,PGC2256640,WISEA J094003.33+445931.5,2256640.0,47281.0,230074.0,,False,False,0.0056
1721,192.0,44.98333,1158,1549,1549,WSRT-CVN55,SDSS J124759.19+445904.3,5057085.0,,,,False,False,0.0052
1722,168.54786,44.96813,2208,2527,2527,SDSSJ111411.48+445805.2,SDSS J111411.45+445805.1,4000536.0,55517.0,271601.0,,False,False,0.0084
1723,138.060501,44.95487,2622,1538,2877,NGC2776,NGC 2776,25946.0,157091.0,648220.0,,False,False,0.0051
1724,218.863008,44.95018,3066,3389,3389,SDSSJ143527.13+445700.7,WISEA J143527.17+445701.1,4016206.0,51352.0,249541.0,,False,False,0.0113
1725,229.812556,44.91625,2581,2920,2920,UGC09815,UGC 09815,54683.0,43435.0,210517.0,,False,False,0.0097
1726,134.876929,44.91393,1818,2296,2096,NGC2712,NGC 2712,25248.0,135594.0,623002.0,,True,False,0.0077
1727,202.784976,44.90208,1303,1709,1709,SDSSJ133108.40+445407.3,SDSS J133108.40+445407.3,4003653.0,61665.0,301787.0,,False,False,0.0057
1728,204.20553,44.88148,2638,3068,2969,UGC08611,UGC 08611,48064.0,54559.0,265620.0,,False,False,0.0102
1729,187.189855,44.8642,487,572,542,NGC4460,NGC 4460,41069.0,,612235.0,,False,False,0.0019
1730,216.631281,44.86232,2358,2705,2705,UGC09251,UGC 09251,51561.0,51359.0,249598.0,,False,False,0.009
1731,166.437005,44.8321,772,967,967,,KUG 1102+451,,55484.0,271223.0,,False,False,0.0032
1732,189.911203,44.82112,554,632,632,UGC07827,UGC 07827,42380.0,141814.0,628729.0,,False,False,0.0021
1733,216.729698,44.81653,2597,2934,2934,PGC2252667,WISEA J142655.14+444859.2,2252667.0,51360.0,249599.0,,False,False,0.0098
1734,184.368944,44.81125,539,644,604,UGC07320,UGC 07320,39408.0,55876.0,273763.0,,False,False,0.0021
1735,184.812792,44.80054,923,1211,1211,SDSSJ121915.07+444801.8,WISEA J121915.10+444802.6,4002271.0,55835.0,273584.0,,False,False,0.004
1736,204.386364,44.7935,2720,3048,3048,SDSSJ133732.72+444736.3,WISEA J133732.67+444736.2,4003731.0,54560.0,265621.0,,False,False,0.0102
1737,203.817492,44.76138,2638,2969,2969,UGC08577,UGC 08577,47904.0,54547.0,265544.0,,False,False,0.0099
1738,187.775211,44.74696,956,1267,1267,PGC2251075,WISEA J123106.06+444449.1,2251075.0,55974.0,274091.0,,False,False,0.0042
1739,141.516198,44.73392,3137,3382,3382,SDSSJ092603.87+444401.9,SDSS J092603.87+444401.9,3997878.0,30172.0,146037.0,,False,False,0.0113
1740,179.993892,44.71859,1170,1547,1547,PGC166118,WISEA J115958.77+444305.9,166118.0,160874.0,664788.0,,False,False,0.0052
1741,239.802044,44.71646,1854,2217,2217,SDSSJ155912.48+444259.2,WISEA J155912.52+444259.5,4006440.0,45728.0,221968.0,,False,False,0.0074
1742,217.310274,44.69902,2410,2755,2755,PGC051753,CGCG 247-032,51753.0,51358.0,249582.0,,False,False,0.0092
1743,225.288824,44.69818,600,662,847,UGC09660,UGC 09660,53641.0,69203.0,340540.0,,False,False,0.0022
1744,150.960312,44.68602,1662,1977,1977,PGC2249769,WISEA J100350.44+444110.7,2249769.0,36524.0,176749.0,,False,False,0.0066
1745,224.909421,44.673,683,959,959,PGC2249481,WISEA J145938.30+444023.3,2249481.0,69210.0,340566.0,,False,False,0.0032
1746,204.140334,44.59916,2565,2899,2899,UGC08603,UGC 08603,48034.0,54553.0,265587.0,,False,False,0.0097
1747,204.307785,44.59096,2755,3081,3081,SDSSJ133713.96+443527.4,SDSS J133713.96+443527.4,4109461.0,54563.0,265628.0,,False,False,0.0103
1748,210.306834,44.58835,2127,2485,2485,SDSSJ140113.63+443518.1,SDSS J140113.63+443518.1,4009165.0,61873.0,303128.0,,False,False,0.0083
1749,204.374025,44.58484,2479,2817,2817,SDSSJ133729.74+443505.6,WISEA J133729.66+443506.2,4003728.0,61791.0,302395.0,,False,False,0.0094
1750,162.825216,44.57184,1800,2192,2134,UGC05953,UGC 05953,32536.0,138204.0,625416.0,,False,False,0.0073
1751,178.741548,44.55967,774,957,957,PGC2246960,WISEA J115457.99+443335.6,2246960.0,55727.0,272890.0,,False,False,0.0032
1752,220.297024,44.55931,3241,3559,3559,PGC2246952,WISEA J144111.28+443333.2,2246952.0,51388.0,249807.0,,False,False,0.0119
1753,140.762844,44.5549,2716,3183,2970,UGC04982,UGC 04982,26563.0,30183.0,146068.0,,False,False,0.0106
1754,180.790416,44.53121,704,1033,843,NGC4051,NGC 4051,38068.0,140667.0,627684.0,,True,False,0.0034
1755,220.383351,44.51275,3271,3556,3588,UGC09476,UGC 09476,52476.0,51386.0,249805.0,,False,False,0.0119
1756,141.978431,44.50612,2641,2899,2899,PGC026857,KUG 0924+447,26857.0,31972.0,155999.0,,False,False,0.0097
1757,163.600682,44.50053,2432,2731,2731,PGC2245659,SPRC 107,2245659.0,59485.0,292527.0,,False,False,0.0091
1758,220.321453,44.47881,3224,3542,3542,PGC052468,I Zw 093,52468.0,51389.0,249809.0,,False,False,0.0118
1759,107.556567,44.45731,436,618,634,NGC2337,NGC 2337,20298.0,,,,False,False,0.0021
1760,217.462338,44.44763,2759,3169,3090,UGC09324,UGC 09324,51798.0,,,,False,False,0.0106
1761,201.364965,44.43781,1232,1635,1635,SDSSJ132527.59+442616.0,WISEA J132527.60+442616.2,3555663.0,56380.0,275442.0,,False,False,0.0055
1762,177.37889,44.40926,802,1001,1001,PGC2243722,WISEA J114930.95+442433.6,2243722.0,55632.0,272277.0,,False,False,0.0033
1763,107.326082,44.38001,423,785,619,UGC03698,UGC 03698,20264.0,,,,False,False,0.0026
1764,192.379323,44.35928,514,577,577,SDSSJ124931.04+442133.3,SDSS J124931.04+442133.3,4002869.0,56023.0,274265.0,,False,False,0.0019
1765,151.915788,44.30444,2370,2653,2653,SDSSJ100739.81+441815.9,SDSS J100739.79+441815.8,3998875.0,36538.0,176856.0,,False,False,0.0088
1766,183.904596,44.28617,892,1155,1155,SDSSJ121537.11+441710.2,SDSS J121537.11+441710.2,4002162.0,55793.0,273318.0,,False,False,0.0039
1767,279.805899,44.25322,2227,2556,2556,UGC11321,UGC 11321,62227.0,,,,False,False,0.0085
1768,135.990935,44.25007,1873,2148,2148,SDSSJ090357.83+441500.1,SDSS J090357.83+441500.1,4015149.0,30100.0,145896.0,,False,False,0.0072
1769,234.187468,44.23676,2613,3054,2950,UGC09936,UGC 09936,55607.0,166315.0,685600.0,,False,False,0.0102
1770,178.804507,44.21904,618,706,706,PGC2239372,WISEA J115513.01+441308.6,2239372.0,140439.0,627470.0,,False,False,0.0024
1771,179.736832,44.1928,687,810,810,PGC037725,CGCG 215-013,37725.0,55673.0,272600.0,,False,False,0.0027
1772,172.777959,44.18411,3054,3339,3339,SDSSJ113106.69+441102.6,SDSS J113106.69+441102.6,4000972.0,55584.0,272049.0,,False,False,0.0111
1773,224.758254,44.17599,639,894,894,SDSSJ145901.96+441033.4,SDSS J145901.96+441033.4,4005251.0,69216.0,340583.0,,False,False,0.003
1774,178.809525,44.14991,731,880,880,PGC037401,GALEXASC J115514.27+440903.4,37401.0,,627472.0,,False,False,0.0029
1775,208.895361,44.13101,2248,2598,2598,SDSSJ135534.89+440751.5,WISEA J135534.90+440751.7,3557541.0,144096.0,630833.0,,False,False,0.0087
1776,178.205851,44.12077,808,1402,1008,NGC3938,NGC 3938,37229.0,140384.0,627423.0,,False,False,0.0047
1777,178.774924,44.10301,628,719,719,SDSSJ115506.04+440611.8,WISEA J115505.96+440610.3,4017816.0,55682.0,272661.0,,False,False,0.0024
1778,204.308359,44.09606,2634,2964,2964,PGC2236491,WISEA J133714.02+440545.9,2236491.0,54565.0,265636.0,,False,False,0.0099
1779,183.229893,44.09095,969,1276,1276,PGC2236392,WISEA J121255.18+440527.7,2236392.0,55802.0,273359.0,,False,False,0.0043
1780,218.439266,44.08218,3048,3083,3369,UGC09377,UGC 09377,52030.0,,,,False,False,0.0103
1781,168.37105,44.07478,685,821,821,PGC2236002,WISEA J111329.03+440429.0,2236002.0,55515.0,271594.0,,False,False,0.0027
1782,238.289266,44.04706,2591,2928,2928,PGC2235292,SDSS J155309.43+440249.3,2235292.0,53970.0,262761.0,,False,False,0.0098
1783,198.048858,44.0377,407,653,458,NGC5023,NGC 5023,45849.0,,,,False,False,0.0022
1784,237.233981,43.986,690,1003,1003,,WISEA J154856.07+435908.5,,146423.0,632878.0,,False,False,0.0033
1785,218.835984,43.97178,3042,3363,3363,PGC140339,WISEA J143520.63+435818.4,140339.0,,,,False,False,0.0112
1786,179.630676,43.94681,836,1361,1052,NGC4013,NGC 4013,37691.0,160829.0,664623.0,,False,False,0.0045
1787,244.612945,43.94253,1994,2347,2347,PGC2232836,WISEA J161827.11+435632.7,2232836.0,29360.0,142752.0,,False,False,0.0078
1788,156.461605,43.93282,655,805,805,PGC2232593,SDSS J102550.79+435558.1,2232593.0,55173.0,269541.0,,False,False,0.0027
1789,206.598645,43.87222,2406,2254,2747,NGC5297,NGC 5297,48815.0,143856.0,630620.0,,True,False,0.0075
1790,200.131929,43.8655,1229,1633,1633,SDSSJ132031.63+435155.6,WISEA J132031.66+435155.0,4011986.0,143343.0,,,False,False,0.0054
1791,216.433737,43.86355,2373,2718,2718,PGC140317,SDSS J142544.08+435148.7,140317.0,164971.0,681260.0,,False,False,0.0091
1792,206.577792,43.85135,2250,2600,2600,NGC5296,NGC 5296,48811.0,163972.0,677369.0,,False,False,0.0087
1793,208.200051,43.82798,2270,2837,2619,UGC08798,UGC 08798,49299.0,164153.0,678082.0,,False,False,0.0095
1794,243.680649,43.76078,2576,2911,2911,SDSSJ161443.34+434538.9,WISEA J161443.33+434538.6,3570263.0,29289.0,142422.0,,False,False,0.0097
1795,244.284435,43.74997,2579,2914,2914,SDSSJ161708.29+434500.0,SDSS J161708.29+434500.0,4013331.0,29283.0,142362.0,,False,False,0.0097
1796,112.437681,43.74585,3184,3392,3392,PGC2228154,WISEA J072945.06+434445.2,2228154.0,82442.0,399819.0,,False,False,0.0113
1797,180.845563,43.74423,1063,1410,1410,PGC2228110,2MASX J12032304+4344395,2228110.0,55746.0,272986.0,,False,False,0.0047
1798,166.704698,43.72302,749,894,919,UGC06161,UGC 06161,33625.0,55479.0,271192.0,,False,False,0.003
1799,177.14923,43.72173,732,2128,876,UGC06776,UGC 06776,36868.0,55700.0,272759.0,,False,False,0.0071
1800,222.99942,43.72061,2429,2772,2772,UGC09569,UGC 09569,53083.0,,,,False,False,0.0092
1801,155.756918,43.70984,2824,3092,3092,SDSSJ102301.64+434235.0,WISEA J102301.70+434234.8,4017546.0,55160.0,269497.0,,False,False,0.0103
1802,207.097178,43.7085,2285,2633,2633,PGC048971,CGCG 218-049,48971.0,54614.0,265851.0,,False,False,0.0088
1803,183.320361,43.6985,920,1279,1194,NGC4183,NGC 4183,38988.0,60664.0,298117.0,,False,False,0.0043
1804,182.374043,43.68527,876,1211,1118,NGC4138,NGC 4138,38643.0,161123.0,665798.0,,True,False,0.004
1805,202.332061,43.6819,2554,2886,2886,SDSSJ132919.72+434054.8,SDSS J132919.72+434054.8,4003616.0,54539.0,265510.0,,False,False,0.0096
1806,222.944586,43.64485,2535,2873,2873,UGC09567,UGC 09567,53073.0,145660.0,632262.0,,False,False,0.0096
1807,207.238716,43.60007,1156,1548,1548,PGC166182,WISEA J134857.31+433600.0,166182.0,,,,False,False,0.0052
1808,171.534275,43.58649,768,1364,938,NGC3675,NGC 3675,35164.0,139410.0,,,False,False,0.0045
1809,144.08563,43.57673,2476,2739,2739,SDSSJ093620.76+433436.9,SDSS J093620.76+433436.9,3998159.0,,,,False,False,0.0091
1810,204.763119,43.56625,2741,3066,3066,PGC048260,CGCG 218-031,48260.0,54502.0,265348.0,,False,False,0.0102
1811,207.799067,43.55556,2289,2637,2637,UGC08767,UGC 08767,49184.0,54617.0,265882.0,,False,False,0.0088
1812,214.258275,43.50545,613,953,801,PGC051017,SBS 1415+437,51017.0,,,,False,False,0.0032
1813,256.439125,43.48025,2081,2426,2426,PGC2790946,WISEA J170545.26+432850.3,2790946.0,147709.0,634043.0,,False,False,0.0081
1814,252.648509,43.47737,900,1259,1259,,B3 1649+435,,147390.0,633737.0,,False,False,0.0042
1815,205.876418,43.4626,1354,1760,1760,UGC08688,UGC 08688,48621.0,143810.0,630578.0,,False,False,0.0059
1816,261.0407,43.4527,2155,2495,2495,PGC060222,CGCG 226-010,60222.0,147974.0,634301.0,,False,False,0.0083
1817,183.889305,43.43414,552,932,602,UGC07271,UGC 07271,39211.0,161320.0,666472.0,,True,False,0.0031
1818,170.210142,43.42726,3008,3289,3289,SDSSJ112050.43+432538.2,WISEA J112050.47+432538.7,4000741.0,55489.0,271295.0,,False,False,0.011
1819,207.162374,43.41261,2336,2285,2681,UGC08733,UGC 08733,48989.0,54612.0,265830.0,,True,False,0.0076
1820,152.970458,43.40837,2216,2504,2504,PGC029699,KUG 1008+436,29699.0,48221.0,234692.0,,False,False,0.0084
1821,174.876141,43.40796,1153,1515,1515,SDSSJ113930.28+432428.5,WISEA J113930.32+432427.8,4001163.0,55650.0,272401.0,,False,False,0.0051
1822,184.886485,43.38678,561,613,613,PGC166128,PGC1 0166128 NED001,166128.0,,,,False,False,0.002
1823,247.781583,43.34852,2596,2929,2929,UGC10437,UGC 10437,58418.0,20802.0,99348.0,,False,False,0.0098
1824,166.519027,43.33111,3224,3494,3494,UGC06149,UGC 06149,33571.0,55420.0,271017.0,,False,False,0.0117
1825,137.461656,43.3063,1813,2090,2090,SDSSJ090950.81+431823.0,WISEA J090950.71+431822.4,4009994.0,,,,False,False,0.007
1826,111.647509,43.29635,3131,3338,3338,UGC03844,UGC 03844,21014.0,82428.0,399539.0,,False,False,0.0111
1827,205.330701,43.29049,1241,1643,1643,PGC048444,UGCA 371,48444.0,163877.0,676808.0,,False,False,0.0055
1828,171.235285,43.28278,2038,2370,2370,PGC2217104,WISEA J112456.47+431657.9,2217104.0,55529.0,271688.0,,False,False,0.0079
1829,201.307963,43.26726,1226,2814,1629,NGC5145,NGC 5145,46934.0,56330.0,275212.0,,False,False,0.0094
1830,208.04077,43.2429,2332,2676,2676,NGC5336,NGC 5336,49250.0,54619.0,265889.0,,True,False,0.0089
1831,168.638922,43.23595,2204,2215,2520,UGC06266,UGC 06266,34249.0,55493.0,271333.0,,False,False,0.0074
1832,182.454615,43.2347,1059,1406,1406,UGC07146,UGC 07146,38673.0,140851.0,627851.0,,False,False,0.0047
1833,187.185232,43.22429,537,596,581,UGC07608,UGC 07608,41063.0,141459.0,628398.0,,False,False,0.002
1834,199.155339,43.21953,3276,3578,3578,SDSSJ131637.29+431310.5,WISEA J131637.38+431310.6,4003351.0,56353.0,275296.0,,False,False,0.0119
1835,216.647096,43.20135,2496,2834,2834,SDSSJ142635.29+431204.8,SDSS J142635.29+431204.8,4004696.0,,,,False,False,0.0095
1836,150.024095,43.19294,1671,1979,1979,PGC2215068,WISEA J100005.77+431134.8,2215068.0,36499.0,176595.0,,False,False,0.0066
1837,139.099054,43.18862,2638,2887,2887,PGC2214975,SDSS J091623.78+431118.8,2214975.0,47248.0,229949.0,,False,False,0.0096
1838,205.862433,43.18853,2509,2844,2844,PGC2214957,SDSS J134326.98+431118.7,2214957.0,54607.0,265810.0,,False,False,0.0095
1839,144.650718,43.17677,1719,2014,2014,UGC05135,UGC 05135,27489.0,36426.0,176185.0,,False,False,0.0067
1840,174.714625,43.1656,1191,1560,1560,UGC06611,UGC 06611,36086.0,139975.0,627076.0,,False,False,0.0052
1841,144.885681,43.14691,2431,2696,2696,PGC2214038,WISEA J093932.56+430849.3,2214038.0,,176220.0,,False,False,0.009
1842,153.20238,43.14553,2245,2532,2532,IC0598,IC 0598,29745.0,48222.0,234702.0,,True,False,0.0084
1843,154.387458,43.14485,1132,1441,1441,PGC030055,KUG 1014+433,30055.0,55147.0,269394.0,,False,False,0.0048
1844,181.491,43.14379,773,874,934,UGC07089,UGC 07089,38356.0,161040.0,612218.0,,False,False,0.0029
1845,157.809312,43.13743,2804,2210,3075,UGC05707,UGC 05707,31040.0,59071.0,290532.0,,False,False,0.0074
1846,157.012017,43.13233,2183,2479,2479,PGC2213744,WISEA J102802.86+430756.4,2213744.0,59103.0,290628.0,,False,False,0.0083
1847,208.009761,43.12827,2334,2679,2679,SDSSJ135202.34+430741.7,SDSS J135202.34+430741.7,4012192.0,54618.0,265884.0,,False,False,0.0089
1848,181.942092,43.12633,947,1414,1231,NGC4117,NGC 4117,38503.0,60658.0,298087.0,,False,False,0.0047
1849,135.933959,43.1155,2423,2674,2674,,WISEA J090344.12+430657.6,,135635.0,623037.0,,False,False,0.0089
1850,181.970247,43.11106,638,716,716,NGC4118,NGC 4118,38507.0,60524.0,297555.0,,False,False,0.0024
1851,157.827437,43.09271,2847,3116,3116,SDSSJ103118.57+430533.7,WISEA J103118.56+430533.7,3999543.0,59067.0,290523.0,,False,False,0.0104
1852,200.125214,43.08394,1290,1699,1699,NGC5103,NGC 5103,46552.0,143342.0,630150.0,,False,False,0.0057
1853,181.762722,43.06565,783,1018,950,NGC4111,NGC 4111,38440.0,140783.0,612245.0,,True,False,0.0034
1854,200.185791,43.06041,1311,1721,1721,PGC3084928,WISEA J132044.59+430338.3,3084928.0,56347.0,275267.0,,False,False,0.0057
1855,240.625374,43.03335,3150,3470,3470,,WISEA J160230.06+430159.8,,146560.0,632999.0,,False,False,0.0116
1856,170.168303,43.02225,3004,3284,3284,PGC2211263,2MASS J11204044+4301201,2211263.0,,592255.0,,False,False,0.011
1857,215.050763,43.01977,635,832,832,PGC051225,WISEA J142007.32+430153.4,51225.0,57184.0,281261.0,,False,False,0.0028
1858,139.104509,43.00537,2562,2812,2812,PGC026163,UGC 04882 NED01,26163.0,47247.0,229948.0,,False,False,0.0094
1859,162.222393,43.00304,3285,3547,3547,SDSSJ104853.38+430009.8,SDSS J104853.38+430009.8,4010773.0,,,,False,False,0.0118
1860,256.688061,42.99914,2098,2440,2440,PGC059629,CGCG 225-043,59629.0,,,,False,False,0.0081
1861,205.129878,42.99382,2899,3216,3216,,2MASS J13403041+4259430,,,,,False,False,0.0107
1862,205.124178,42.99256,2866,3184,3184,UGC08656,UGC 08656,48379.0,143758.0,630533.0,,False,False,0.0106
1863,139.104816,42.99167,2613,2863,2863,UGC04882,UGC 04882,26162.0,135792.0,591744.0,,False,False,0.0095
1864,212.899277,42.96414,2752,3078,3078,,WISEA J141135.82+425750.9,,144658.0,631357.0,,False,False,0.0103
1865,181.544775,42.95577,772,750,930,UGC07094,UGC 07094,38375.0,60496.0,297498.0,,False,False,0.0025
1866,179.903982,42.95426,668,760,760,SDSSJ115936.94+425715.7,SDSS J115936.94+425715.7,4001690.0,60389.0,297223.0,,False,False,0.0025
1867,217.455323,42.93975,2482,2820,2820,PGC051797,WISEA J142949.29+425622.2,51797.0,57210.0,281653.0,,False,False,0.0094
1868,172.719335,42.93938,1566,1937,1937,SDSSJ113052.64+425621.6,WISEA J113052.65+425621.9,4000965.0,55599.0,272070.0,,False,False,0.0065
1869,243.828219,42.92313,3090,3411,3411,,WISEA J161518.77+425522.7,,146853.0,633261.0,,False,False,0.0114
1870,181.498121,42.90261,767,920,920,SDSSJ120559.53+425409.5,SDSS J120559.53+425409.5,4536809.0,140756.0,627765.0,,False,False,0.0031
1871,170.991095,42.88384,2530,2830,2830,PGC2208172,WISEA J112357.92+425301.7,2208172.0,55528.0,271684.0,,False,False,0.0094
1872,220.566771,42.83043,2445,2785,2785,PGC101521,WISEA J144215.97+424949.0,101521.0,57267.0,282127.0,,False,False,0.0093
1873,170.510829,42.81923,3180,4301,3454,UGC06383,UGC 06383,34864.0,159679.0,659480.0,,False,False,0.0143
1874,176.113556,42.79249,2983,3271,3271,PGC2206277,WISEA J114427.23+424732.9,2206277.0,60249.0,296589.0,,False,False,0.0109
1875,180.010104,42.78974,989,1294,1294,PGC2206215,WISEA J120002.44+424723.1,2206215.0,60395.0,297232.0,,False,False,0.0043
1876,201.760968,42.78007,1276,1684,1684,PGC047114,MCG +07-28-012,47114.0,56315.0,275162.0,,False,False,0.0056
1877,220.038375,42.77954,2515,2852,2852,NGC5731,NGC 5731,52409.0,57262.0,282113.0,,False,False,0.0095
1878,201.652357,42.76426,1230,1790,1634,UGC08449,UGC 08449,47053.0,163512.0,675445.0,,False,False,0.006
1879,219.967392,42.74233,2527,2571,2863,NGC5730,NGC 5730,52396.0,57264.0,282115.0,,False,False,0.0086
1880,252.520673,42.73973,926,1763,1285,NGC6239,NGC 6239,59083.0,167111.0,687165.0,,False,False,0.0059
1881,179.641851,42.73403,800,3126,973,IC0749,IC 0749,37692.0,60375.0,297199.0,,False,False,0.0104
1882,200.355013,42.73031,3195,3499,3499,UGC08398,UGC 08398,46642.0,56335.0,275227.0,,False,False,0.0117
1883,252.691667,42.72255,944,1304,1304,PGC2204813,SDSS J165045.93+424320.4,2204813.0,21177.0,100983.0,,False,False,0.0043
1884,179.71752,42.72244,703,1514,811,IC0750,IC 0750,37719.0,140546.0,627573.0,,False,False,0.0051
1885,188.112132,42.70408,531,673,567,UGC07690,UGC 07690,41576.0,161967.0,668401.0,,False,False,0.0022
1886,191.281522,42.70229,2369,2702,2702,PGC2204358,SDSS J124507.56+424208.1,2204358.0,61153.0,,,False,False,0.009
1887,157.352201,42.68356,3229,3484,3484,PGC030897,KUG 1026+429,30897.0,59095.0,290601.0,,False,False,0.0116
1888,157.137294,42.66885,547,637,637,SDSSJ102833.00+424007.8,SDSS J102832.98+424007.4,3536122.0,55249.0,270112.0,,False,False,0.0021
1889,159.053782,42.65825,3219,3477,3477,UGC05754,UGC 05754,31425.0,55283.0,270268.0,,False,False,0.0116
1890,137.785021,42.65626,1815,2090,2090,PGC2203407,2MASS J09110845+4239226,2203407.0,47245.0,229939.0,,False,False,0.007
1891,137.794167,42.63361,1842,2116,2116,SDSSJ091110.62+423801.4,SDSS J091110.62+423801.4,5065524.0,,,,False,False,0.0071
1892,221.053476,42.62886,634,859,859,UGC09497,UGC 09497,52622.0,,632151.0,,False,False,0.0029
1893,164.828952,42.58983,1558,1908,1908,PGC033085,KUG 1056+428,33085.0,55322.0,270639.0,,False,False,0.0064
1894,253.998357,42.56003,2549,2880,2880,PGC2201393,2MASX J16555976+4233370,2201393.0,21186.0,101088.0,,False,False,0.0096
1895,204.909659,42.54576,2645,2971,2971,SDSSJ133938.32+423244.8,WISEA J133938.33+423244.5,4003747.0,54592.0,265756.0,,False,False,0.0099
1896,113.329495,42.54538,3145,3350,3350,SDSSJ073319.04+423243.1,WISEA J073319.11+423243.4,3995612.0,73557.0,358348.0,,False,False,0.0112
1897,206.013459,42.54378,2449,2786,2786,SDSSJ134403.22+423237.3,SDSS J134403.18+423236.9,4012152.0,54586.0,265736.0,,False,False,0.0093
1898,207.64957,42.5414,1327,2506,1731,UGC08756,UGC 08756,49138.0,54577.0,265687.0,,False,False,0.0084
1899,182.400291,42.53418,957,1300,1244,NGC4143,NGC 4143,38654.0,161130.0,665808.0,,True,False,0.0043
1900,190.570683,42.52095,2388,2719,2719,UGC07867,UGC 07867,42663.0,61149.0,299882.0,,False,False,0.0091
1901,201.203867,42.49183,1099,1478,1478,PGC046898,UGCA 354,46898.0,143452.0,630253.0,,False,False,0.0049
1902,218.477279,42.45522,634,845,845,,WISEA J143354.72+422720.6,,,631917.0,,False,False,0.0028
1903,138.10833,42.43833,1737,2015,2015,SDSSJ091226.02+422618.3,SDSS J091226.02+422618.3,4088195.0,135741.0,,,False,False,0.0067
1904,181.605764,42.43457,970,1263,1263,SDSSJ120625.39+422604.8,SDSS J120625.35+422604.7,4017865.0,140766.0,627774.0,,False,False,0.0042
1905,111.350449,42.43312,3013,3218,3218,SDSSJ072524.12+422559.1,SDSS J072524.12+422559.1,4080879.0,82406.0,399222.0,,False,False,0.0107
1906,138.076681,42.42174,1795,2070,2070,PGC2198545,SDSS J091218.41+422518.1,2198545.0,47249.0,229954.0,,False,False,0.0069
1907,212.071718,42.39997,2400,2740,2740,SDSSJ140817.22+422359.9,WISEA J140817.20+422359.9,4004323.0,54663.0,266316.0,,False,False,0.0091
1908,131.84165,42.39883,2981,3208,3208,SDSSJ084721.98+422355.6,WISEA J084721.97+422355.6,3996969.0,33658.0,163672.0,,False,False,0.0107
1909,179.871456,42.34923,885,1117,1117,PGC037771,KUG 1156+426,37771.0,60347.0,296989.0,,False,False,0.0037
1910,204.644268,42.26262,2465,2799,2799,SDSSJ133834.63+421545.2,SDSS J133834.63+421545.2,4003740.0,54498.0,265321.0,,False,False,0.0093
1911,204.675666,42.22728,2588,2917,2917,SDSSJ133842.15+421338.2,SDSS J133842.15+421338.1,5075182.0,,612151.0,,False,False,0.0097
1912,209.45609,42.22481,1369,1771,1771,SDSSJ135749.50+421329.5,SDSS J135749.50+421329.5,3484228.0,54635.0,265965.0,,False,False,0.0059
1913,228.771387,42.20953,2494,3672,2831,NGC5900,NGC 5900,54431.0,69290.0,341054.0,,False,False,0.0122
1914,198.47364,42.20744,596,693,677,UGC08313,UGC 08313,45992.0,143154.0,629993.0,,False,False,0.0023
1915,111.80883,42.20386,3007,3212,3212,SDSSJ072714.03+421214.3,WISEA J072713.98+421214.1,4080996.0,,,,False,False,0.0107
1916,120.099267,42.19378,722,1230,940,UGC04148,UGC 04148,22446.0,9586.0,47338.0,,False,False,0.0041
1917,146.645113,42.19194,2306,2575,2575,UGC05227,UGC 05227,28054.0,36458.0,176388.0,,False,False,0.0086
1918,222.636771,42.182,2393,2734,2734,PGC2193866,WISEA J145032.82+421054.8,2193866.0,57296.0,282290.0,,False,False,0.0091
1919,187.217998,42.17793,410,628,419,PGC041093,MCG +07-26-011,41093.0,,,,False,False,0.0021
1920,138.204477,42.17764,1785,2060,2060,PGC2193776,WISEA J091249.04+421039.0,2193776.0,47236.0,229913.0,,False,False,0.0069
1921,206.144744,42.16953,2692,3016,3016,PGC2193635,WISEA J134434.71+421009.9,2193635.0,54583.0,265730.0,,False,False,0.0101
1922,197.477549,42.15194,2677,2997,2997,SDSSJ130954.58+420907.2,WISEA J130954.70+420908.5,4357614.0,143055.0,629908.0,,False,False,0.01
1923,139.431269,42.13453,1949,2220,2220,PGC2193027,WISEA J091743.52+420804.6,2193027.0,47221.0,229870.0,,False,False,0.0074
1924,113.829189,42.09393,3097,3301,3301,PGC166091,WISEA J073519.00+420539.3,166091.0,156234.0,646756.0,,False,False,0.011
1925,187.787865,42.09274,543,573,573,SDSSJ123109.09+420533.8,SDSS J123109.08+420533.8,4015941.0,60995.0,299295.0,,False,False,0.0019
1926,264.16439,42.0882,2167,2998,2501,IC1265,IC 1265,60568.0,,,,False,False,0.01
1927,177.551105,42.07463,1158,1526,1526,UGC06805,UGC 06805,36990.0,60236.0,296395.0,,False,False,0.0051
1928,228.76356,42.04989,2589,2971,2922,NGC5899,NGC 5899,54428.0,166035.0,684324.0,,False,False,0.0099
1929,230.731455,42.03284,608,863,863,SDSSJ152255.55+420158.2,WISEA J152255.56+420159.2,4118187.0,69280.0,340980.0,,False,False,0.0029
1930,198.955396,42.02928,508,641,558,NGC5055,MESSIER 063,46153.0,143199.0,,,False,False,0.0021
1931,207.566427,42.02703,2186,2537,2537,PGC2191098,WISEA J135015.94+420137.7,2191098.0,54575.0,265678.0,,False,False,0.0085
1932,223.663308,42.0238,2514,2971,2849,PGC053229,I Zw 097,53229.0,,,,False,False,0.0099
1933,139.345353,41.99981,1740,1734,2019,NGC2798,NGC 2798,26232.0,135808.0,623181.0,,True,False,0.0058
1934,139.379053,41.99417,1870,2055,2144,NGC2799,NGC 2799,26238.0,47220.0,229868.0,,True,False,0.0069
1935,138.507198,41.97539,1721,1999,1999,PGC2190150,WISEA J091401.76+415831.0,2190150.0,47187.0,229775.0,,False,False,0.0067
1936,113.898299,41.96361,3099,3303,3303,PGC021353,KUG 0732+420,21353.0,73544.0,358281.0,,False,False,0.011
1937,146.398565,41.95903,2317,2585,2585,PGC027973,KUG 0942+421,27973.0,36367.0,176024.0,,False,False,0.0086
1938,199.687596,41.94981,1250,1462,1658,UGC08365,UGC 08365,46386.0,61510.0,301162.0,,False,False,0.0049
1939,139.34034,41.91095,1674,1954,1954,UGC04904,UGC 04904,26231.0,135806.0,229871.0,,False,False,0.0065
1940,176.509888,41.88404,2997,3282,3282,PGC036690,KUG 1143+421,36690.0,60238.0,296426.0,,False,False,0.0109
1941,127.11866,41.85671,396,719,526,UGC04426,UGC 04426,23769.0,,,,False,False,0.0024
1942,209.270179,41.84629,2205,2667,2554,NGC5383,NGC 5383,49618.0,144151.0,612193.0,,True,False,0.0089
1943,148.710718,41.81657,2285,2557,2557,PGC028592,MRK 1427,28592.0,136203.0,591332.0,,False,False,0.0085
1944,209.279025,41.79312,2379,2719,2719,UGC08877,UGC 08877,49624.0,144153.0,630883.0,,False,False,0.0091
1945,198.245418,41.78558,536,587,587,,WISEA J131258.73+414713.7,,,300942.0,,False,False,0.002
1946,215.824602,41.77592,666,953,871,NGC5608,NGC 5608,51396.0,144978.0,631650.0,,False,False,0.0032
1947,149.874934,41.7671,1666,1971,1971,PGC028878,KUG 0956+420,28878.0,48190.0,234336.0,,False,False,0.0066
1948,224.689143,41.76564,2508,1574,2843,UGC09637,UGC 09637,53510.0,,,,False,False,0.0053
1949,206.45272,41.74546,2611,2938,2938,SDSSJ134548.55+414443.5,WISEA J134548.60+414443.7,4012164.0,143851.0,630615.0,,False,False,0.0098
1950,182.229486,41.74086,926,1482,1184,UGC07129,UGC 07129,38582.0,60652.0,298070.0,,False,False,0.0049
1951,231.63072,41.72524,2340,2785,2680,UGC09857,UGC 09857,55095.0,166197.0,685132.0,,False,False,0.0093
1952,131.062674,41.71671,1789,2049,2049,UGC04556,UGC 04556,24540.0,,,,False,False,0.0068
1953,206.329785,41.71247,2559,2636,2889,NGC5290,NGC 5290,48767.0,163956.0,677259.0,,True,False,0.0088
1954,207.188184,41.70977,2668,2993,2993,PGC049002,MRK 1484,49002.0,54578.0,265688.0,,True,False,0.01
1955,187.629981,41.7008,483,681,494,NGC4485,NGC 4485,41326.0,,,,False,False,0.0023
1956,159.789455,41.68676,738,966,893,NGC3319,NGC 3319,31671.0,55284.0,270271.0,,False,False,0.0032
1957,206.062017,41.67734,2607,2934,2934,PGC2184997,WISEA J134414.89+414037.6,2184997.0,56424.0,275647.0,,False,False,0.0098
1958,149.937513,41.67675,1664,1969,1969,PGC028894,KUG 0956+419,28894.0,48187.0,234331.0,,False,False,0.0066
1959,231.533082,41.67606,2588,2244,2920,NGC5930,NGC 5930,55080.0,69272.0,340917.0,,False,False,0.0075
1960,231.52562,41.67069,2550,2890,2883,NGC5929,NGC 5929,55076.0,69355.0,341310.0,,False,False,0.0096
1961,187.651425,41.64399,587,500,623,NGC4490,NGC 4490,41333.0,141527.0,628461.0,,False,False,0.0017
1962,206.373694,41.64202,2695,3018,3018,SDSSJ134529.67+413831.0,SDSS J134529.67+413831.0,4012161.0,143848.0,630612.0,,False,False,0.0101
1963,146.826417,41.63788,1396,1699,1699,PGC2184302,SDSS J094718.35+413816.4,2184302.0,48152.0,234134.0,,False,False,0.0057
1964,207.250182,41.63284,2488,2821,2821,PGC2184231,WISEA J134900.04+413758.6,2184231.0,54579.0,265691.0,,False,False,0.0094
1965,222.689909,41.6285,2522,2856,2856,SDSSJ145045.58+413742.5,WISEA J145045.57+413742.5,4012583.0,57297.0,282295.0,,False,False,0.0095
1966,164.072895,41.60088,1468,1819,1819,UGC06041,UGC 06041,32870.0,55331.0,270674.0,,False,False,0.0061
1967,174.853234,41.5994,1320,1704,1704,SDSSJ113924.78+413557.8,WISEA J113924.71+413557.6,3544886.0,60121.0,295805.0,,False,False,0.0057
1968,122.39988,41.59434,682,888,888,PGC022900,KUG 0806+417,22900.0,,,,False,False,0.003
1969,168.966675,41.59112,703,1135,813,NGC3600,NGC 3600,34353.0,159534.0,658791.0,,False,False,0.0038
1970,186.046796,41.58112,784,930,930,PGC2183352,WISEA J122411.26+413452.0,2183352.0,60819.0,298661.0,,False,False,0.0031
1971,186.762383,41.57317,2079,2427,2427,PGC2183225,SDSS J122702.97+413423.3,2183225.0,60806.0,298614.0,,False,False,0.0081
1972,145.929114,41.56916,1436,1736,1736,PGC2183147,SDSS J094342.97+413408.9,2183147.0,36363.0,176014.0,,False,False,0.0058
1973,181.964859,41.56302,1148,1525,1525,SDSSJ120751.57+413347.0,WISEA J120751.61+413347.4,4001907.0,60416.0,297283.0,,False,False,0.0051
1974,206.190701,41.55665,2682,3005,3005,PGC2182927,WISEA J134445.84+413323.8,2182927.0,56427.0,275668.0,,False,False,0.01
1975,131.480735,41.52167,2775,3004,3004,SDSSJ084555.38+413118.0,WISEA J084555.39+413118.1,3996921.0,30030.0,145563.0,,False,False,0.01
1976,159.803592,41.50565,666,783,783,PGC2182134,WISEA J103912.90+413019.8,2182134.0,55298.0,270435.0,,False,False,0.0026
1977,206.286207,41.50332,2519,2978,2850,NGC5289,NGC 5289,48749.0,143841.0,630605.0,,True,False,0.0099
1978,200.08866,41.47608,2833,3147,3147,UGC08384,UGC 08384,46539.0,61633.0,301665.0,,False,False,0.0105
1979,147.24225,41.44564,2240,2510,2510,UGC05252,UGC 05252,28209.0,48157.0,234152.0,,False,False,0.0084
1980,172.075859,41.44373,2983,3262,3262,PGC035313,MCG +07-24-010,35313.0,59889.0,294757.0,,False,False,0.0109
1981,114.131253,41.44051,3023,3226,3226,SDSSJ073631.69+412623.9,SDSS J073631.69+412623.9,4016950.0,,,,False,False,0.0108
1982,165.074804,41.43591,3245,3505,3505,SDSSJ110017.94+412609.1,WISEA J110017.95+412609.5,4000175.0,59756.0,293790.0,,False,False,0.0117
1983,226.510964,41.42633,2580,2911,2911,PGC2180927,WISEA J150602.64+412535.3,2180927.0,,,,False,False,0.0097
1984,154.57059,41.42434,592,881,695,NGC3184,NGC 3184,30087.0,55122.0,269261.0,,False,False,0.0029
1985,182.102176,41.40134,1038,1368,1368,PGC2180558,WISEA J120824.54+412405.2,2180558.0,60410.0,297266.0,,False,False,0.0046
1986,241.424505,41.38517,1933,2285,2285,PGC214460,SDSS J160541.89+412306.9,214460.0,54036.0,263010.0,,False,False,0.0076
1987,198.699072,41.36651,1230,1638,1638,PGC2179990,WISEA J131447.76+412158.8,2179990.0,61620.0,301602.0,,False,False,0.0055
1988,207.584901,41.36619,2611,2685,2938,NGC5320,NGC 5320,49112.0,56434.0,275744.0,,True,False,0.009
1989,241.441317,41.34472,1991,2404,2340,UGC10200,UGC 10200,57098.0,166689.0,686322.0,,False,False,0.008
1990,134.796967,41.34275,2662,2897,2897,PGC2179608,WISEA J085911.24+412034.6,2179608.0,30050.0,145646.0,,False,False,0.0097
1991,241.457868,41.33002,1667,2028,2028,SDSSJ160549.93+411948.2,WISEA J160549.90+411947.7,4488804.0,146667.0,633100.0,,False,False,0.0068
1992,241.445936,41.31845,1246,2483,1615,,UGC 10200 NOTES01,,54035.0,263008.0,,False,False,0.0083
1993,208.722259,41.31417,2094,2074,2449,NGC5362,NGC 5362,49464.0,164201.0,678326.0,,True,False,0.0069
1994,206.719359,41.30388,2453,2787,2787,PGC048847,UGCA 373,48847.0,56429.0,275705.0,,False,False,0.0093
1995,207.974716,41.30001,2596,2924,2924,PGC2178884,SDSS J135153.92+411800.0,2178884.0,56433.0,275740.0,,False,False,0.0098
1996,231.625218,41.29088,2478,2460,2813,UGC09856,UGC 09856,55097.0,69359.0,341322.0,,False,False,0.0082
1997,181.400207,41.28955,1018,1334,1334,SDSSJ120536.03+411721.9,SDSS J120536.02+411721.9,4102348.0,140741.0,627751.0,,False,False,0.0044
1998,188.659236,41.27669,614,656,656,PGC2178478,WISEA J123438.18+411636.0,2178478.0,60989.0,299269.0,,False,False,0.0022
1999,190.469647,41.27387,609,615,652,NGC4625,NGC 4625,42607.0,162259.0,669628.0,,False,False,0.0021
2000,216.902583,41.25776,2672,2243,2999,NGC5630,NGC 5630,51635.0,165028.0,681408.0,,False,False,0.0075
2001,208.418545,41.25215,2809,3128,3128,SDSSJ135340.46+411507.7,WISEA J135340.52+411507.9,3557361.0,56472.0,275949.0,,False,False,0.0104
2002,170.470481,41.22997,2049,2376,2376,UGC06377,UGC 06377,34838.0,59899.0,294812.0,,False,False,0.0079
2003,241.310831,41.1884,2032,2379,2379,PGC057041,SPRC 171,57041.0,166669.0,686291.0,,False,False,0.0079
2004,207.859098,41.18477,2406,2742,2742,SDSSJ135126.19+411105.2,SDSS J135126.19+411105.2,4012189.0,143965.0,630714.0,,False,False,0.0091
2005,254.058864,41.17126,2016,2357,2357,PGC2176812,WISEA J165614.12+411016.5,2176812.0,21146.0,100857.0,,False,False,0.0079
2006,195.289985,41.17019,3211,3506,3506,PGC2176799,WISEA J130109.60+411012.6,2176799.0,61300.0,300374.0,,False,False,0.0117
2007,112.745384,41.16658,891,1123,1123,PGC2176737,WISEA J073058.92+411000.1,2176737.0,73525.0,358099.0,,False,False,0.0037
2008,154.065167,41.1664,518,593,593,PGC029990,KUG 1013+414,29990.0,55118.0,269224.0,,False,False,0.002
2009,190.386985,41.15094,538,549,556,NGC4618,NGC 4618,42575.0,162248.0,669569.0,,False,False,0.0018
2010,202.49105,41.14119,3295,3594,3594,SDSSJ132957.87+410828.9,WISEA J132957.82+410828.6,4003630.0,61755.0,302162.0,,False,False,0.012
2011,208.864553,41.1389,2231,2578,2578,PGC2176295,WISEA J135527.51+410819.9,2176295.0,56484.0,275987.0,,False,False,0.0086
2012,230.493639,41.12531,2643,2972,2972,UGC09827,UGC 09827,54851.0,51516.0,250253.0,,False,False,0.0099
2013,207.596544,41.10564,2202,2551,2551,PGC2175798,WISEA J135023.13+410620.2,2175798.0,56437.0,275748.0,,False,False,0.0085
2014,145.776059,41.09296,1465,1763,1763,UGC05187,UGC 05187,27792.0,157399.0,648701.0,,False,False,0.0059
2015,127.921642,41.08164,581,753,753,PGC2175402,WISEA J083141.18+410454.2,2175402.0,33602.0,163454.0,,False,False,0.0025
2016,166.418963,41.07526,2945,3216,3216,PGC033537,KUG 1102+413,33537.0,59763.0,293849.0,,False,False,0.0107
2017,198.400418,41.07265,2433,2764,2764,PGC2175257,SDSS J131336.11+410421.3,2175257.0,61446.0,300908.0,,False,False,0.0092
2018,188.798808,41.06082,605,553,640,UGC07751,UGC 07751,41902.0,141678.0,628597.0,,False,False,0.0018
2019,170.821674,41.06043,3162,3432,3432,PGC2175057,WISEA J112317.26+410337.2,2175057.0,59896.0,294792.0,,False,False,0.0114
2020,157.826514,41.04071,2581,2854,2854,PGC031046,KUG 1028+412,31046.0,55178.0,269572.0,,False,False,0.0095
2021,199.00242,40.96942,1124,1510,1510,PGC046162,MCG +07-27-055,46162.0,61440.0,300863.0,,False,False,0.005
2022,188.742953,40.9645,2349,2678,2678,PGC2173650,WISEA J123458.33+405752.0,2173650.0,87164.0,420302.0,,False,False,0.0089
2023,275.85653,40.94502,1449,1866,1791,UGC11220,UGC 11220,61819.0,148410.0,634735.0,,False,False,0.0062
2024,217.392292,40.934,2640,2968,2968,PGC2173146,WISEA J142934.09+405601.6,2173146.0,54738.0,266905.0,,False,False,0.0099
2025,138.648197,40.92336,2687,2925,2925,PGC2172985,WISEA J091435.58+405523.8,2172985.0,36274.0,175583.0,,False,False,0.0098
2026,178.978767,40.92183,1109,1464,1464,SDSSJ115554.88+405518.5,SDSS J115554.88+405518.5,4101250.0,86441.0,416760.0,,False,False,0.0049
2027,138.812953,40.91793,2648,4671,2888,NGC2785,NGC 2785,26100.0,47117.0,229510.0,,False,False,0.0156
2028,209.684741,40.91403,2235,2581,2581,2MASXJ13584430+4054504,WISEA J135844.37+405450.7,3557846.0,56495.0,276035.0,,False,False,0.0086
2029,232.291396,40.90716,2640,2968,2968,SDSSJ152909.97+405424.9,SDSS J152909.97+405424.9,4009183.0,69345.0,341278.0,,False,False,0.0099
2030,197.962805,40.89505,3002,4435,3305,UGC08277,UGC 08277,45814.0,61452.0,300959.0,,False,False,0.0148
2031,217.392831,40.89151,2699,3024,3024,PGC2172518,2MASX J14293419+4053295,2172518.0,54741.0,266911.0,,False,False,0.0101
2032,116.156458,40.88336,3020,3223,3223,SDSSJ074437.59+405259.8,SDSS J074437.56+405259.0,4015221.0,9271.0,46179.0,,False,False,0.0108
2033,230.625421,40.88101,2622,2951,2951,SDSSJ152230.10+405251.8,SDSS J152230.10+405251.8,4074783.0,146111.0,632612.0,,False,False,0.0098
2034,138.679709,40.87953,2494,3689,2739,UGC04867,UGC 04867,26068.0,135779.0,591758.0,,False,False,0.0123
2035,155.110139,40.87808,1162,1469,1469,PGC2172303,WISEA J102026.40+405241.6,2172303.0,55123.0,269278.0,,False,False,0.0049
2036,266.036042,40.86726,1800,2139,2139,PGC060771,ARK 527,60771.0,,,,False,False,0.0071
2037,259.276867,40.84501,2108,2162,2444,NGC6339,NGC 6339,60003.0,147884.0,634211.0,,False,False,0.0072
2038,176.656571,40.84346,854,1042,1042,PGC2171777,WISEA J114637.59+405036.1,2171777.0,86438.0,416708.0,,False,False,0.0035
2039,208.531629,40.81704,2689,3011,3011,PGC2171375,WISEA J135407.50+404901.3,2171375.0,56476.0,275955.0,,False,False,0.01
2040,208.317787,40.79608,1965,2329,2329,PGC049341,UGC 08807,49341.0,56471.0,275947.0,,False,False,0.0078
2041,112.073514,40.77007,344,546,494,UGC03860,UGC 03860,21073.0,,,,False,False,0.0018
2042,150.988504,40.75743,604,911,717,NGC3104,NGC 3104,29186.0,,,,False,False,0.003
2043,188.35125,40.7475,1004,1321,1321,WSRT-CVN40,WISEA J123324.20+404454.6,5057084.0,,,,False,False,0.0044
2044,207.913587,40.73739,2026,2386,2386,SDSSJ135139.29+404414.3,WISEA J135139.29+404414.8,4003962.0,143970.0,630719.0,,False,False,0.008
2045,120.678771,40.67862,3087,3399,3292,UGC04176,UGC 04176,22575.0,134806.0,622279.0,,False,False,0.0113
2046,231.573172,40.66761,2686,3012,3012,SDSSJ152617.51+404004.0,WISEA J152617.43+404003.8,4005843.0,69353.0,341300.0,,False,False,0.01
2047,231.685422,40.58024,2648,2975,2975,PGC2167946,SDSS J152644.50+403448.7,2167946.0,,,,False,False,0.0099
2048,213.374424,40.5795,642,807,807,PGC2167923,WISEA J141329.84+403446.3,2167923.0,54655.0,266196.0,,False,False,0.0027
2049,208.770249,40.57158,2687,3009,3009,SDSSJ135504.83+403417.5,SDSS J135504.83+403417.5,4004036.0,144081.0,630819.0,,False,False,0.01
2050,231.672834,40.56459,2616,2971,2944,UGC09858,UGC 09858,55104.0,69351.0,341295.0,,False,False,0.0099
2051,207.061671,40.55247,2603,2928,2928,PGC166181,PGC1 0049356 NED054,166181.0,164023.0,,,False,False,0.0098
2052,198.216613,40.54284,555,593,593,PGC045889,CGCG 217-018,45889.0,143126.0,629971.0,,False,False,0.002
2053,179.276037,40.51406,745,842,842,SDSSJ115706.23+403050.6,SDSS J115706.23+403050.6,4101374.0,86696.0,418039.0,,False,False,0.0028
2054,206.952711,40.48856,2312,2076,2652,SDSSJ134748.65+402918.7,UGC 08726,4539333.0,143879.0,592415.0,,False,False,0.0069
2055,208.558933,40.47728,2670,2992,2992,PGC2166347,SDSS J135414.16+402838.5,2166347.0,56474.0,275952.0,,False,False,0.01
2056,140.806634,40.46562,1736,2013,2013,PGC2166187,WISEA J092313.64+402755.9,2166187.0,36320.0,175813.0,,False,False,0.0067
2057,208.91642,40.4617,2578,2103,2905,NGC5371,NGC 5371,49514.0,164224.0,,,True,False,0.007
2058,219.567787,40.45672,2714,2306,3037,NGC5708,NGC 5704,52315.0,165333.0,682430.0,,False,False,0.0077
2059,179.622287,40.44448,3255,3531,3531,PGC037688,KUG 1155+407,37688.0,,,,False,False,0.0118
2060,207.76567,40.43073,2577,2903,2903,PGC2165675,WISEA J135103.75+402550.8,2165675.0,56406.0,275523.0,,False,False,0.0097
2061,232.878324,40.43006,2615,2798,2943,NGC5950,NGC 5950,55305.0,69343.0,341273.0,,False,False,0.0093
2062,130.908207,40.42979,622,794,794,SDSSJ084337.97+402546.9,WISEA J084338.02+402547.8,3996864.0,,,,False,False,0.0026
2063,163.23935,40.37843,1631,1971,1971,UGC05996,UGC 05996,32662.0,59573.0,292995.0,,False,False,0.0066
2064,207.244973,40.3759,2587,2912,2912,PGC2164875,WISEA J134858.76+402233.1,2164875.0,56412.0,275541.0,,False,False,0.0097
2065,201.847032,40.36783,3147,3447,3447,SDSSJ132723.28+402204.1,WISEA J132723.31+402203.5,3555827.0,61746.0,302124.0,,False,False,0.0115
2066,208.340064,40.36394,2320,2143,2660,NGC5350,NGC 5350,49347.0,56482.0,275977.0,,True,False,0.0071
2067,206.890411,40.35111,2617,2940,2940,UGC08721,UGC 08721,48897.0,56416.0,275572.0,,False,False,0.0098
2068,208.43985,40.33869,2351,2634,2689,NGC5355,NGC 5355,49380.0,56480.0,275973.0,,True,False,0.0088
2069,207.295805,40.32684,2432,2765,2765,SDSSJ134910.99+401937.0,WISEA J134911.07+401936.5,4012181.0,143901.0,630657.0,,False,False,0.0092
2070,208.328319,40.31635,2690,3011,3011,PGC099754,WISEA J135318.84+401900.5,99754.0,,,,False,False,0.01
2071,215.167795,40.31532,1294,1688,1688,PGC051247,CGCG 219-069,51247.0,54686.0,266571.0,,False,False,0.0056
2072,209.041903,40.30326,2125,2477,2477,PGC166184,PGC1 0049356 NED036,166184.0,,,,False,False,0.0083
2073,208.36137,40.30275,2580,2935,2906,NGC5354,NGC 5354,49354.0,144021.0,630767.0,,False,False,0.0098
2074,208.361394,40.28314,2230,2502,2575,NGC5353,NGC 5353,49356.0,56483.0,275979.0,,True,False,0.0083
2075,207.672848,40.27934,2301,2642,2642,PGC049142,CGCG 218-060,49142.0,56413.0,275543.0,,False,False,0.0088
2076,208.501714,40.27733,2408,2743,2743,NGC5358,NGC 5358,49389.0,56488.0,275997.0,,True,False,0.0091
2077,172.996201,40.23363,1607,1976,1976,PGC035564,KUG 1129+405,35564.0,88031.0,423529.0,,False,False,0.0066
2078,173.035191,40.21536,3000,3275,3275,PGC2162482,SDSS J113208.43+401255.3,2162482.0,86510.0,417086.0,,False,False,0.0109
2079,207.855739,40.21325,2466,2837,2797,PGC049191,MRK 0462,49191.0,56478.0,275961.0,,True,False,0.0095
2080,140.822259,40.20008,1782,2113,2056,NGC2853,NGC 2853,26580.0,36290.0,175670.0,,True,False,0.007
2081,116.874965,40.18697,2958,3159,3159,PGC166093,SDSS J074730.21+401114.1,166093.0,134662.0,622155.0,,False,False,0.0105
2082,194.215557,40.18324,807,968,968,SDSSJ125651.74+401059.3,SDSS J125651.74+401059.3,4106946.0,89932.0,430739.0,,False,False,0.0032
2083,208.783125,40.16726,2428,2762,2762,UGC08841,UGC 08841,49480.0,56489.0,276011.0,,False,False,0.0092
2084,140.810728,40.16384,1782,2192,2055,NGC2852,NGC 2852,26571.0,135862.0,623229.0,,True,False,0.0073
2085,170.402558,40.15609,1933,2267,2267,PGC2161501,WISEA J112136.62+400922.5,2161501.0,86968.0,419419.0,,False,False,0.0076
2086,140.449767,40.15104,1479,3118,1761,NGC2844,NGC 2844,26501.0,135852.0,623220.0,,True,False,0.0104
2087,138.521169,40.11373,2623,1124,2860,NGC2782,NGC 2782,26034.0,,,,False,False,0.0037
2088,115.357902,40.1119,362,665,505,UGC03966,UGC 03966,21585.0,,,,False,False,0.0022
2089,208.051523,40.09263,2464,2795,2795,SDSSJ135212.37+400533.3,SDSS J135212.37+400533.3,4003977.0,56405.0,275520.0,,False,False,0.0093
2090,141.095,40.09104,1633,1912,1912,SDSSJ092422.84+400527.3,SDSS J092422.84+400527.3,4010126.0,135880.0,623243.0,,False,False,0.0064
2091,207.408378,40.06322,2544,2871,2871,PGC2159998,LCSB S1962P,2159998.0,56410.0,275537.0,,False,False,0.0096
2092,279.360393,40.05783,2493,2850,2805,NGC6675,NGC 6675,62149.0,124302.0,572123.0,,False,False,0.0095
2093,167.604696,40.05287,2925,3195,3195,PGC033908,KUG 1107+403,33908.0,59862.0,294512.0,,False,False,0.0107
2094,230.05653,40.05041,2694,3018,3018,SDSSJ152013.57+400301.3,WISEA J152013.55+400301.0,4005736.0,51539.0,250378.0,,False,False,0.0101
2095,207.677859,40.03565,2211,2557,2557,PGC2159569,WISEA J135042.70+400208.4,2159569.0,56411.0,275538.0,,False,False,0.0085
2096,171.841418,40.01307,2013,2343,2343,UGC06455,UGC 06455,35237.0,88028.0,423504.0,,True,False,0.0078
2097,189.094336,40.00531,531,1549,528,UGC07774,UGC 07774,42045.0,162100.0,420158.0,,False,False,0.0052
2098,170.457696,40.00176,1991,2320,2320,SDSSJ112149.84+400006.3,WISEA J112149.79+400005.8,4097888.0,88016.0,423437.0,,False,False,0.0077
2099,207.233618,39.98521,2654,2975,2975,NGC5311,NGC 5311,49011.0,56469.0,275937.0,,True,False,0.0099
2100,208.515567,39.98496,2627,2951,2951,PGC049393,KUG 1351+402,49393.0,56487.0,275995.0,,False,False,0.0098
2101,207.434802,39.98474,2540,3228,2867,NGC5313,NGC 5313,49069.0,56409.0,275536.0,,True,False,0.0108
2102,208.865577,39.97983,1922,2289,2289,SDSSJ135527.73+395847.3,WISEA J135527.72+395847.1,4004043.0,56491.0,276014.0,,False,False,0.0076
2103,208.729442,39.97759,2382,2718,2718,SDSSJ135455.03+395839.0,SDSS J135455.03+395839.0,4004034.0,56490.0,276013.0,,False,False,0.0091
2104,170.779032,39.95671,1947,2280,2280,PGC2158339,WISEA J112307.03+395724.3,2158339.0,88018.0,423457.0,,False,False,0.0076
2105,230.33629,39.94909,2622,2948,2948,SDSSJ152120.71+395656.8,WISEA J152120.70+395656.8,4005758.0,51537.0,250376.0,,False,False,0.0098
2106,248.634584,39.94621,3053,3366,3366,PGC2158182,WISEA J163432.21+395647.7,2158182.0,166995.0,686931.0,,False,False,0.0112
2107,209.211977,39.93779,2176,2524,2524,SDSSJ135650.87+395615.9,WISEA J135650.88+395615.9,3557664.0,56494.0,276028.0,,False,False,0.0084
2108,208.781668,39.93644,2194,2541,2541,UGC08840,UGC 08840,49479.0,144084.0,630822.0,,False,False,0.0085
2109,138.243361,39.92786,2520,2759,2759,SDSSJ091258.40+395540.5,WISEA J091258.41+395540.9,4010017.0,,,,False,False,0.0092
2110,215.228008,39.9142,1672,2053,2053,PGC2157708,SDSS J142054.71+395451.1,2157708.0,54691.0,266585.0,,False,False,0.0068
2111,202.699304,39.91272,1236,1644,1644,SDSSJ133047.81+395445.6,WISEA J133047.87+395445.4,4003650.0,61737.0,302114.0,,False,False,0.0055
2112,140.002347,39.89254,1440,1720,1720,SDSSJ092000.56+395333.2,WISEA J092000.59+395334.0,3997725.0,36264.0,175546.0,,False,False,0.0057
2113,182.506259,39.88392,1011,1439,1316,NGC4145,NGC 4145,38693.0,161141.0,665854.0,,False,False,0.0048
2114,170.631248,39.87691,1950,2282,2282,NGC3648,NGC 3648,34908.0,139281.0,626418.0,,True,False,0.0076
2115,136.347929,39.87324,3281,3497,3497,SDSSJ090523.51+395223.5,WISEA J090523.52+395223.5,3997383.0,47110.0,229483.0,,False,False,0.0117
2116,139.139413,39.87279,2666,2902,2902,UGC04889,UGC 04889,26170.0,,,,False,False,0.0097
2117,134.031474,39.86912,1875,2130,2130,PGC025096,KUG 0852+400A,25096.0,47072.0,229125.0,,False,False,0.0071
2118,207.601425,39.85804,2248,2592,2592,SDSSJ135024.33+395128.8,WISEA J135024.33+395128.3,3557103.0,143940.0,630693.0,,False,False,0.0086
2119,214.856976,39.85757,1618,2003,2003,PGC051175,MRK 0676,51175.0,164823.0,266610.0,,False,False,0.0067
2120,188.000973,39.83232,681,727,727,UGC07678,UGC 07678,41522.0,161954.0,668353.0,,False,False,0.0024
2121,214.780415,39.81435,1673,2054,2054,SDSSJ141907.30+394851.6,SDSS J141907.30+394851.6,4004554.0,54695.0,266602.0,,False,False,0.0069
2122,171.116105,39.81418,1876,2216,2216,PGC2156096,SDSS J112427.87+394851.1,2156096.0,88021.0,423488.0,,False,False,0.0074
2123,190.379025,39.81303,636,664,664,PGC166140,PGC1 0166140 NED001,166140.0,162247.0,669564.0,,False,False,0.0022
2124,153.49365,39.80043,2087,2372,2372,PGC029834,KUG 1010+400,29834.0,55087.0,269069.0,,False,False,0.0079
2125,215.107956,39.78886,1668,2049,2049,,WISEA J142025.94+394720.0,,144906.0,,,False,False,0.0068
2126,215.11148,39.78694,1667,2048,2048,SDSSJ142026.72+394712.4,SDSS J142026.71+394712.4,4012390.0,,,,False,False,0.0068
2127,177.347139,39.77153,850,1571,1017,UGC06792,UGC 06792,36930.0,86420.0,416612.0,,False,False,0.0052
2128,153.249552,39.77135,1336,1651,1651,SDSSJ101259.87+394616.9,WISEA J101259.96+394616.2,4015552.0,55098.0,269103.0,,False,False,0.0055
2129,179.356959,39.76149,1054,1380,1380,PGC037597,KUG 1154+400,37597.0,90292.0,592322.0,,False,False,0.0046
2130,123.144342,39.75976,2408,2628,2628,SDSSJ081234.64+394535.0,WISEA J081234.63+394535.0,3996248.0,26338.0,129607.0,,False,False,0.0088
2131,182.728239,39.75717,1147,1718,1526,UGC07175,NGC 4145A,38778.0,87935.0,423092.0,,False,False,0.0057
2132,185.527265,39.74634,1072,1422,1422,PGC166134,PGC1 4125733 NED002,166134.0,161592.0,667340.0,,False,False,0.0047
2133,117.38976,39.7401,2943,3144,3144,SDSSJ074933.51+394424.3,SDSS J074933.51+394424.3,3995805.0,9425.0,46790.0,,False,False,0.0105
2134,208.417842,39.7243,2236,2580,2580,PGC2154616,WISEA J135340.31+394327.2,2154616.0,,,,False,False,0.0086
2135,208.243313,39.71867,2641,2962,2962,PGC049311,KUG 1350+399,49311.0,56455.0,275856.0,,False,False,0.0099
2136,208.909078,39.71627,1693,2078,2078,UGC08851,UGC 08851,49519.0,164222.0,678411.0,,False,False,0.0069
2137,208.49805,39.71546,2601,2925,2925,PGC049386,CGCG 219-021,49386.0,144043.0,592427.0,,True,False,0.0098
2138,207.439639,39.71418,2707,3026,3026,PGC049070,KUG 1347+399,49070.0,56402.0,275510.0,,False,False,0.0101
2139,118.196312,39.71289,2870,3072,3072,PGC3129555,WISEA J075247.10+394247.1,3129555.0,9411.0,46733.0,,False,False,0.0102
2140,207.680737,39.70681,2542,2868,2868,IC4336,IC 4336,49146.0,56403.0,275515.0,,True,False,0.0096
2141,204.095265,39.70461,2457,2787,2787,PGC101496,WISEA J133622.79+394215.8,101496.0,61711.0,302040.0,,False,False,0.0093
2142,229.257065,39.69598,820,1129,1129,PGC054545,CGCG 221-048,54545.0,,,,False,False,0.0038
2143,215.179649,39.69359,1436,2081,1829,NGC5582,NGC 5582,51251.0,144911.0,631587.0,,False,False,0.0069
2144,208.095921,39.68725,2127,3655,2478,NGC5337,NGC 5337,49275.0,143986.0,592425.0,,True,False,0.0122
2145,206.615724,39.67836,3298,3595,3595,PGC048821,MRK 1483,48821.0,,,,False,False,0.012
2146,209.83415,39.66943,1790,2167,2167,SDSSJ135920.18+394010.0,WISEA J135920.22+394010.1,3557913.0,56444.0,275786.0,,False,False,0.0072
2147,205.635531,39.65851,663,694,777,UGC08683,UGC 08683,48557.0,56417.0,275603.0,,False,False,0.0023
2148,273.090714,39.63296,2831,2710,3139,NGC6585,NGC 6585,61553.0,,,,False,False,0.009
2149,188.469758,39.62593,648,674,674,PGC041749,MCG +07-26-024,41749.0,87651.0,422389.0,,False,False,0.0022
2150,145.876669,39.6216,1725,2011,2011,SDSSJ094330.40+393717.8,WISEA J094330.37+393717.8,3998343.0,48117.0,233960.0,,False,False,0.0067
2151,128.752257,39.61347,1948,2190,2190,SDSSJ083500.52+393648.3,SDSS J083500.52+393648.3,4017109.0,29964.0,145270.0,,False,False,0.0073
2152,210.988726,39.60114,1396,1796,1796,PGC2152660,SDSS J140357.28+393604.2,2152660.0,56539.0,276284.0,,False,False,0.006
2153,208.257831,39.58075,2504,2818,2832,NGC5346,NGC 5346,49322.0,56456.0,275857.0,,True,False,0.0094
2154,207.711276,39.57487,2519,1990,2846,NGC5326,NGC 5326,49157.0,143951.0,630701.0,,True,False,0.0066
2155,171.835193,39.56978,2000,2330,2330,PGC2152098,WISEA J112720.45+393410.9,2152098.0,87999.0,423335.0,,False,False,0.0078
2156,208.103664,39.55759,2750,3067,3067,PGC2151881,WISEA J135224.88+393327.3,2151881.0,56462.0,275878.0,,True,False,0.0102
2157,216.337639,39.53949,1467,1517,1857,UGC09242,UGC 09242,51503.0,54670.0,266481.0,,False,False,0.0051
2158,140.439875,39.52478,2410,3810,2655,UGC04970,UGC 04970,26495.0,,,,False,False,0.0127
2159,128.303039,39.51382,2027,2265,2265,SDSSJ083312.72+393049.8,WISEA J083312.70+393049.8,3996641.0,33578.0,163268.0,,False,False,0.0076
2160,207.268973,39.49762,2369,2704,2704,UGC08736,UGC 08736,49024.0,56408.0,275531.0,,True,False,0.009
2161,215.288145,39.49723,1298,1691,1691,UGC09194,UGC 09194,51279.0,56606.0,276633.0,,False,False,0.0056
2162,209.40535,39.48155,1378,1781,1781,SDSSJ135737.29+392853.5,WISEA J135737.30+392854.1,4012235.0,,275809.0,,False,False,0.0059
2163,181.057295,39.46147,648,668,668,SDSSJ120413.71+392741.3,WISEA J120413.79+392740.9,4102170.0,140707.0,627720.0,,False,False,0.0022
2164,197.089962,39.46113,3287,3639,3576,UGC08224,IC 4204,45534.0,91504.0,437810.0,,False,False,0.0121
2165,207.879508,39.4547,1813,2189,2189,PGC101501,SDSS J135131.08+392717.0,101501.0,56467.0,275903.0,,False,False,0.0073
2166,153.54462,39.45155,2062,2460,2348,UGC05518,UGC 05518,29851.0,136875.0,624153.0,,False,False,0.0082
2167,204.881483,39.43316,683,801,801,PGC169748,WISEA J133931.53+392559.5,169748.0,163828.0,676609.0,,False,False,0.0027
2168,172.647174,39.41669,1925,2263,2263,PGC035474,MCG +07-24-018,35474.0,87990.0,423306.0,,False,False,0.0075
2169,182.636002,39.40579,989,834,1274,NGC4151,NGC 4151,38739.0,,,,True,False,0.0028
2170,206.992938,39.38948,2775,3090,3090,PGC2148943,SDSS J134758.30+392322.0,2148943.0,56407.0,275529.0,,False,False,0.0103
2171,134.945849,39.38443,588,734,734,PGC2148839,SDSS J085946.91+392305.6,2148839.0,47081.0,229181.0,,False,False,0.0024
2172,186.151113,39.38277,1047,1618,1380,NGC4369,NGC 4369,40396.0,87251.0,420653.0,,False,False,0.0054
2173,181.922149,39.37938,1067,1405,1405,SDSSJ120741.28+392245.9,SDSS J120741.28+392245.9,4102605.0,93359.0,444741.0,,False,False,0.0047
2174,115.241297,39.37923,3252,3442,3442,PGC021567,KUG 0737+394,21567.0,9242.0,45957.0,,False,False,0.0115
2175,206.880087,39.37463,1276,1681,1681,PGC166177,WISEA J134731.36+392228.0,166177.0,164005.0,677491.0,,False,False,0.0056
2176,207.771784,39.36908,2618,2940,2940,PGC2148561,2MASX J13510523+3922097,2148561.0,56466.0,275899.0,,False,False,0.0098
2177,182.171172,39.32296,1048,1374,1374,SDSSJ120841.07+391922.6,WISEA J120841.12+391923.3,4102727.0,93366.0,444754.0,,False,False,0.0046
2178,165.500909,39.3185,3077,3336,3336,PGC033285,KUG 1059+395,33285.0,87401.0,421318.0,,False,False,0.0111
2179,165.540875,39.31258,3024,3286,3286,PGC2147507,WISEA J110209.91+391846.2,2147507.0,138609.0,625798.0,,False,False,0.011
2180,170.384023,39.2996,1923,2257,2257,UGC06372,UGC 06372,34801.0,86943.0,419087.0,,False,False,0.0075
2181,138.735288,39.26196,2506,2744,2744,UGC04871,UGC 04871,26083.0,135781.0,591756.0,,False,False,0.0092
2182,183.071169,39.2582,951,1202,1202,SDSSJ121217.08+391529.6,SDSS J121217.08+391529.6,4103168.0,88316.0,424566.0,,False,False,0.004
2183,171.795291,39.25433,2038,2364,2364,SDSSJ112710.87+391515.6,SDSS J112710.87+391515.6,6657009.0,,,,False,False,0.0079
2184,171.092085,39.2457,1936,2270,2270,UGC06416,UGC 06416,35039.0,88005.0,423355.0,,False,False,0.0076
2185,170.788859,39.22916,2084,2405,2405,SDSSJ112309.30+391344.9,SDSS J112309.30+391344.9,4098025.0,139309.0,626446.0,,False,False,0.008
2186,254.870472,39.22642,2059,2393,2393,PGC2145809,WISEA J165928.93+391335.7,2145809.0,21252.0,101555.0,,False,False,0.008
2187,210.65028,39.22033,1326,1728,1728,PGC050011,WISEA J140236.10+391313.0,50011.0,164422.0,275765.0,,False,False,0.0058
2188,205.691429,39.21761,2450,2779,2779,PGC2145652,WISEA J134245.95+391303.5,2145652.0,88593.0,425909.0,,False,False,0.0093
2189,182.587809,39.21448,923,1147,1147,PGC2145586,SDSS J121021.06+391252.1,2145586.0,87936.0,423093.0,,False,False,0.0038
2190,134.75133,39.20976,602,813,751,UGC04704,UGC 04704,25232.0,135590.0,591483.0,,False,False,0.0027
2191,212.503026,39.19858,1486,1881,1881,PGC050563,KUG 1407+394,50563.0,56571.0,276510.0,,False,False,0.0063
2192,207.197862,39.19686,2537,2862,2862,PGC2145217,WISEA J134847.47+391148.3,2145217.0,89353.0,428592.0,,False,False,0.0095
2193,182.499483,39.1966,1321,1732,1732,PGC2145202,WISEA J120959.89+391147.3,2145202.0,93363.0,444748.0,,False,False,0.0058
2194,272.788914,39.17033,2817,4753,3124,UGC11140,UGC 11140,61515.0,,,,False,False,0.0159
2195,115.272159,39.16476,2760,2960,2960,PGC3129299,SDSS J074105.29+390952.2,3129299.0,,45950.0,,False,False,0.0099
2196,198.54492,39.14871,1147,1541,1541,PGC200295,UGC 08315 NED02,200295.0,163213.0,674120.0,,False,False,0.0051
2197,146.95938,39.14216,1553,1846,1846,PGC2800953,SDSS J094749.93+390835.1,2800953.0,136096.0,623423.0,,False,False,0.0062
2198,204.93765,39.1359,674,783,783,PGC2807149,WISEA J133942.73+390810.5,2807149.0,,,,False,False,0.0026
2199,182.433966,39.12587,988,1268,1268,PGC038664,KUG 1207+394,38664.0,93364.0,444749.0,,False,False,0.0042
2200,103.916658,39.09519,404,726,575,UGC03600,UGC 03600,19871.0,,,,False,False,0.0024
2201,146.993534,39.08618,1501,1796,1796,SDSSJ094758.45+390510.1,SDSS J094758.45+390510.1,3531939.0,50778.0,246591.0,,False,False,0.006
2202,173.205038,39.08493,1563,2046,1938,UGC06531,UGC 06531,35634.0,90975.0,435259.0,,False,False,0.0068
2203,146.948516,39.08421,1585,1981,1877,PGC028153,MRK 0407,28153.0,50772.0,246579.0,,False,False,0.0066
2204,173.978888,39.04466,2987,3261,3261,PGC2142269,SDSS J113554.89+390240.3,2142269.0,86507.0,417062.0,,False,False,0.0109
2205,114.979641,39.04141,3190,3380,3380,UGC03954,UGC 03954,21517.0,134614.0,579795.0,,False,False,0.0113
2206,171.576733,39.0247,2182,2496,2496,SDSSJ112618.42+390128.6,WISEA J112618.45+390129.6,4098285.0,88006.0,423356.0,,False,False,0.0083
2207,188.502244,39.01926,679,668,708,UGC07719,UGC 07719,41766.0,87139.0,420166.0,,False,False,0.0022
2208,181.674047,39.00934,991,1271,1271,SDSSJ120641.73+390033.3,WISEA J120641.74+390034.8,4102480.0,93354.0,444727.0,,False,False,0.0042
2209,217.153728,38.99916,2887,2769,3200,UGC09291,UGC 09291,51713.0,145133.0,631789.0,,False,False,0.0092
2210,200.277661,38.98795,1030,1371,1371,PGC2141083,WISEA J132106.61+385916.0,2141083.0,86722.0,418201.0,,False,False,0.0046
2211,171.095452,38.97589,1127,1464,1464,SDSSJ112422.89+385833.3,WISEA J112422.97+385833.1,4098131.0,88013.0,423385.0,,False,False,0.0049
2212,151.844572,38.96965,597,1285,688,PGC029431,KUG 1004+392,29431.0,157856.0,650517.0,,False,False,0.0043
2213,136.81294,38.94842,2727,2954,2954,UGC04783,UGC 04783,25606.0,135681.0,623077.0,,False,False,0.0099
2214,171.756879,38.93041,1949,2283,2283,PGC2139858,WISEA J112701.69+385549.5,2139858.0,87997.0,423330.0,,False,False,0.0076
2215,207.406858,38.92062,2259,2405,2600,UGC08742,UGC 08742,49062.0,89357.0,428613.0,,False,False,0.008
2216,180.975015,38.90247,953,1199,1199,PGC2139249,WISEA J120353.98+385409.6,2139249.0,93340.0,444682.0,,False,False,0.004
2217,171.404028,38.88787,1930,2265,2265,SDSSJ112536.98+385316.6,WISEA J112536.99+385316.5,4098228.0,139401.0,626533.0,,False,False,0.0076
2218,229.913939,38.8819,3005,3316,3316,PGC2138700,SDSS J151939.33+385254.6,2138700.0,,282846.0,,False,False,0.0111
2219,222.11514,38.87576,1820,2183,2183,PGC2138588,WISEA J144827.65+385232.4,2138588.0,54806.0,267156.0,,False,False,0.0073
2220,229.637595,38.86957,2598,2922,2922,SDSSJ151833.00+385210.4,SDSS J151833.00+385210.4,4005708.0,57413.0,282836.0,,False,False,0.0097
2221,171.026952,38.8564,1980,2309,2309,PGC2138143,2MASX J11240641+3851226,2138143.0,88011.0,423383.0,,False,False,0.0077
2222,272.358938,38.79435,2837,3741,3143,UGC11132,UGC 11132,61469.0,,,,False,False,0.0125
2223,171.130788,38.78086,2039,2363,2363,PGC2136359,WISEA J112431.45+384650.9,2136359.0,,,,False,False,0.0079
2224,171.181899,38.76279,1991,1704,2320,NGC3665,NGC 3665,35064.0,159779.0,659863.0,,True,False,0.0057
2225,200.485088,38.73468,973,1327,1277,NGC5112,NGC 5112,46671.0,86723.0,418203.0,,False,False,0.0044
2226,170.891757,38.72623,2154,2469,2469,PGC2134922,SDSS J112334.02+384334.2,2134922.0,88010.0,423382.0,,False,False,0.0082
2227,196.821573,38.72239,2364,2694,2694,PGC2134801,WISEA J130717.16+384319.5,2134801.0,91507.0,437819.0,,False,False,0.009
2228,208.145635,38.70516,2435,2765,2765,UGC08793,UGC 08793,49294.0,89367.0,428698.0,,False,False,0.0092
2229,147.923655,38.70202,1439,1736,1736,SDSSJ095141.68+384207.1,WISEA J095141.75+384206.6,3998531.0,50844.0,246813.0,,False,False,0.0058
2230,254.375157,38.68982,2061,2394,2394,PGC3129120,SHOC 553,3129120.0,21273.0,101641.0,,False,False,0.008
2231,254.345315,38.67255,2053,1824,2387,UGC10625,UGC 10625,59310.0,21271.0,101634.0,,False,False,0.0061
2232,128.420139,38.64977,2060,2294,2294,PGC024014,KUG 0830+388,24014.0,29959.0,145252.0,,False,False,0.0077
2233,221.482363,38.63129,2720,3039,3039,PGC2793645,SDSS J144555.76+383752.6,2793645.0,54774.0,267047.0,,False,False,0.0101
2234,169.348353,38.62163,1893,2226,2226,SDSSJ111723.61+383717.9,SDSS J111723.61+383717.9,4097451.0,86946.0,419113.0,,False,False,0.0074
2235,155.015139,38.61553,2032,2321,2321,UGC05577,UGC 05577,30206.0,58969.0,289985.0,,True,False,0.0077
2236,203.38254,38.60542,1190,1590,1590,UGC08542,UGC 08542,47749.0,88561.0,425713.0,,False,False,0.0053
2237,171.182011,38.58999,2239,2547,2547,SDSSJ112443.65+383523.5,WISEA J112443.61+383522.8,4098154.0,139368.0,626501.0,,False,False,0.0085
2238,170.943382,38.5824,1573,1940,1940,PGC213828,WISEA J112346.44+383456.6,213828.0,91017.0,435580.0,,False,False,0.0065
2239,170.992719,38.56238,2043,2366,2366,NGC3658,NGC 3658,35003.0,159756.0,659772.0,,True,False,0.0079
2240,135.812769,38.55792,3039,3254,3254,SDSSJ090315.07+383328.2,WISEA J090315.04+383328.3,3997327.0,,,,False,False,0.0109
2241,182.840852,38.53985,1073,1413,1413,PGC2807146,WISEA J121121.68+383223.6,2807146.0,93390.0,444786.0,,False,False,0.0047
2242,200.35416,38.53697,945,1482,1225,NGC5107,NGC 5107,46636.0,,,,False,False,0.0049
2243,205.395048,38.52916,1352,1763,1763,SDSSJ134134.82+383144.9,WISEA J134134.81+383144.7,4109891.0,88550.0,425644.0,,False,False,0.0059
2244,218.036403,38.52292,1377,1766,1766,PGC3088226,WISEA J143208.75+383122.7,3088226.0,56677.0,276846.0,,False,False,0.0059
2245,210.105421,38.52074,2618,2939,2939,PGC049852,KUG 1358+387,49852.0,164358.0,678963.0,,True,False,0.0098
2246,170.756751,38.52,1863,2202,2202,PGC034951,MCG +07-24-001,34951.0,91012.0,435537.0,,False,False,0.0073
2247,141.438676,38.50992,1674,1948,1948,SDSSJ092545.26+383035.5,WISEA J092545.27+383035.4,3997872.0,47996.0,233452.0,,False,False,0.0065
2248,205.426575,38.49903,1375,1785,1785,UGC08667,UGC 08667,48465.0,88549.0,425641.0,,False,False,0.006
2249,185.228491,38.43001,599,582,582,PGC039873,KUG 1218+387,39873.0,141195.0,628163.0,,False,False,0.0019
2250,206.922069,38.42661,2716,3031,3031,PGC2126744,SDSS J134741.29+382535.8,2126744.0,89354.0,428605.0,,False,False,0.0101
2251,238.18829,38.40594,2591,2913,2913,PGC2126113,WISEA J155245.17+382422.1,2126113.0,69442.0,341917.0,,False,False,0.0097
2252,150.758311,38.37716,1339,1642,1642,PGC2125269,WISEA J100302.04+382237.6,2125269.0,55048.0,268799.0,,False,False,0.0055
2253,220.795365,38.3458,2758,3074,3074,PGC2124430,LCSB S2072P,2124430.0,54787.0,267083.0,,False,False,0.0103
2254,206.937391,38.30458,1412,1795,1819,NGC5303,NGC 5303,48917.0,143877.0,630638.0,,False,False,0.006
2255,206.842053,38.30279,1339,1748,1748,PGC2123347,WISEA J134722.11+381809.9,2123347.0,89339.0,428530.0,,False,False,0.0058
2256,206.939539,38.25927,1405,1812,1812,PGC048920,NGC 5303B,48920.0,89340.0,428532.0,,False,False,0.006
2257,172.638979,38.24068,1921,2259,2259,PGC035472,KUG 1127+385,35472.0,90972.0,435244.0,,True,False,0.0075
2258,171.011244,38.2198,2221,2530,2530,PGC2121110,SDSS J112402.69+381311.2,2121110.0,91018.0,435581.0,,False,False,0.0084
2259,209.987838,38.20089,2718,3033,3033,PGC049824,UGC 08919 NOTES01,49824.0,67595.0,331286.0,,True,False,0.0101
2260,209.96141,38.18229,2745,5022,3059,NGC5403,NGC 5403,49820.0,67593.0,331281.0,,True,False,0.0168
2261,207.784953,38.18218,2846,3155,3155,PGC2120073,WISEA J135108.38+381055.9,2120073.0,89331.0,428502.0,,False,False,0.0105
2262,139.268867,38.17934,2407,2645,2645,SDSSJ091704.52+381045.7,SDSS J091704.52+381045.7,4010049.0,47977.0,233288.0,,False,False,0.0088
2263,188.279289,38.11639,717,749,749,PGC2832115,PGC1 2832115 NED001,2832115.0,,,,False,False,0.0025
2264,189.737194,38.09025,2232,2566,2566,UGC07816,UGC 07816,42288.0,88260.0,424314.0,,False,False,0.0086
2265,208.154912,38.07929,2397,2728,2728,,WISEA J135237.17+380445.5,,89324.0,428488.0,,False,False,0.0091
2266,179.624212,38.07631,904,1303,1091,UGC06955,UGC 06955,37689.0,,,,False,False,0.0043
2267,208.156167,38.07518,2396,2726,2726,SDSSJ135237.48+380430.6,GALEXASC J135237.38+380427.9,5075701.0,,,,False,False,0.0091
2268,208.027817,38.06703,3230,4027,3525,UGC08778,UGC 08778,49237.0,89323.0,428487.0,,False,False,0.0134
2269,171.382599,38.06056,2110,2428,2428,UGC06433,UGC 06433,35124.0,91028.0,435601.0,,False,False,0.0081
2270,169.417713,38.05263,1941,2944,2269,UGC06307,UGC 06307,34497.0,159573.0,658977.0,,False,False,0.0098
2271,198.839296,38.05229,886,1104,1104,PGC2116640,SDSS J131521.44+380308.0,2116640.0,90738.0,434014.0,,False,False,0.0037
2272,277.196388,38.04774,2336,2647,2647,UGC11251,UGC 11251,61927.0,,,,False,False,0.0088
2273,177.941022,38.01495,921,1002,1123,NGC3930,NGC 3930,37132.0,90271.0,432459.0,,False,False,0.0033
2274,190.00905,38.0006,446,596,412,PGC2832118,PGC1 2832118 NED001,2832118.0,,,,False,False,0.002
2275,207.95907,38.00023,3193,3489,3489,SDSSJ135150.17+380000.8,WISEA J135150.15+380001.3,5064930.0,89330.0,428501.0,,False,False,0.0116
2276,186.03165,37.993,641,629,629,PGC2832113,BTS 133,2832113.0,87626.0,422295.0,,False,False,0.0021
2277,185.799898,37.99106,2254,2581,2581,SDSSJ122311.99+375927.8,WISEA J122312.00+375927.8,4104322.0,87627.0,422297.0,,False,False,0.0086
2278,185.429896,37.9867,568,531,536,PGC039958,SDSS J122143.14+375913.8,166132.0,141218.0,628183.0,,False,False,0.0018
2279,169.633674,37.94829,2104,2419,2419,UGC06326,UGC 06326,34573.0,91007.0,435502.0,,False,False,0.0081
2280,171.40059,37.94683,2062,2384,2384,PGC035127,KUG 1122+382,35127.0,91031.0,435604.0,,False,False,0.008
2281,207.300807,37.94554,2885,3191,3191,PGC169753,SDSS J134912.19+375644.0,169753.0,89333.0,428511.0,,False,False,0.0106
2282,198.187601,37.93604,1105,1482,1482,SDSSJ131245.02+375609.8,WISEA J131245.10+375610.2,4359794.0,90727.0,433990.0,,False,False,0.0049
2283,171.224886,37.92516,2016,2342,2342,UGC06428,UGC 06428,35080.0,91030.0,659877.0,,False,False,0.0078
2284,154.102161,37.91267,1163,1457,1457,PGC029998,KUG 1013+381,29998.0,58901.0,289827.0,,False,False,0.0049
2285,208.077664,37.84265,2339,2673,2673,SDSSJ135218.63+375033.3,WISEA J135218.63+375033.2,4110654.0,89322.0,428485.0,,False,False,0.0089
2286,182.820001,37.82139,884,1048,1048,SDSSJ121116.75+374917.0,SDSS J121116.75+374917.0,4103048.0,140876.0,627873.0,,False,False,0.0035
2287,209.212537,37.79722,2986,3289,3289,NGC5378,NGC 5378,49598.0,89308.0,428413.0,,False,False,0.011
2288,179.792493,37.79349,3222,2514,3491,NGC4025,NGC 4025,37738.0,90256.0,432422.0,,False,False,0.0084
2289,154.091536,37.77978,1166,1120,1459,UGC05540,UGC 05540,29997.0,58911.0,289849.0,,False,False,0.0037
2290,170.690414,37.77683,2228,2535,2535,PGC213826,SDSS J112245.72+374636.8,213826.0,139290.0,626427.0,,False,False,0.0085
2291,201.551224,37.76704,1178,1741,1579,SDSSJ132612.29+374601.3,UGCA 357,5077037.0,92825.0,442546.0,,False,False,0.0058
2292,225.814788,37.7661,2548,2871,2871,PGC2108986,WISEA J150315.55+374557.8,2108986.0,54872.0,267475.0,,False,False,0.0096
2293,170.662611,37.7651,1991,2148,2317,NGC3652,NGC 3652,34917.0,91016.0,435567.0,,False,False,0.0072
2294,153.949485,37.7496,1272,1578,1578,PGC2108569,WISEA J101547.90+374459.4,2108569.0,58920.0,289869.0,,False,False,0.0053
2295,268.153376,37.74803,2770,3076,3076,PGC061032,MRK 1119,61032.0,,,,False,False,0.0103
2296,170.44449,37.73921,1929,2260,2260,SDSSJ112146.67+374421.1,WISEA J112146.70+374421.4,4097881.0,91015.0,435556.0,,False,False,0.0075
2297,250.460005,37.73479,3002,3310,3310,,MCG +06-37-006,,167043.0,,,False,False,0.011
2298,207.459105,37.73073,2453,2779,2779,PGC2108063,2MASX J13495013+3743505,2108063.0,89337.0,,,False,False,0.0093
2299,120.566098,37.7196,2659,2860,2860,SDSSJ080215.86+374310.8,WISEA J080215.83+374311.2,3996050.0,26230.0,129213.0,,False,False,0.0095
2300,207.06341,37.70692,2366,2698,2698,PGC2107419,WISEA J134815.22+374225.6,2107419.0,89341.0,428537.0,,False,False,0.009
2301,158.844699,37.6716,1701,2019,2019,PGC031357,KUG 1032+379B,31357.0,88142.0,423887.0,,True,False,0.0067
2302,136.30635,37.65036,2428,2658,2658,SDSSJ090513.52+373901.2,WISEA J090513.52+373901.8,3997378.0,36195.0,175126.0,,False,False,0.0089
2303,188.200423,37.62223,496,1285,454,UGC07699,UGC 07699,41620.0,,,,False,False,0.0043
2304,209.236141,37.61038,3004,3243,3306,NGC5380,NGC 5380,49605.0,144147.0,630879.0,,False,False,0.0108
2305,175.168472,37.60839,3104,3370,3370,SDSSJ114040.43+373630.2,SDSS J114040.43+373630.2,4099775.0,90947.0,435090.0,,False,False,0.0112
2306,130.657982,37.59495,2028,2263,2263,SDSSJ084237.93+373542.0,WISEA J084237.92+373542.3,4086459.0,31878.0,155622.0,,False,False,0.0075
2307,136.390191,37.56332,1895,2145,2145,PGC087425,2MASX J09053367+3733490,87425.0,157033.0,648121.0,,False,False,0.0072
2308,187.440932,37.52583,2227,2558,2558,SDSSJ122945.85+373132.6,WISEA J122945.86+373132.8,4104876.0,87620.0,422243.0,,False,False,0.0085
2309,208.392727,37.52229,2344,2677,2677,IC4341,IC 4341,49366.0,164176.0,678217.0,,False,False,0.0089
2310,208.201875,37.49081,2301,2877,2637,UGC08795,UGC 08795,49301.0,144008.0,630755.0,,False,False,0.0096
2311,182.040564,37.45684,1068,1401,1401,SDSSJ120809.74+372724.6,SDSS J120809.74+372724.6,4102660.0,93280.0,444488.0,,False,False,0.0047
2312,216.449863,37.32675,2174,2516,2516,PGC2098072,SDSS J142547.96+371936.2,2098072.0,56650.0,276747.0,,False,False,0.0084
2313,159.067704,37.32465,1569,2106,1895,NGC3294,NGC 3294,31428.0,158541.0,653786.0,,True,False,0.007
2314,197.861706,37.31183,967,1246,1246,PGC2097739,WISEA J131126.88+371842.7,2097739.0,90697.0,433913.0,,False,False,0.0042
2315,210.000859,37.30686,3046,3346,3346,PGC049828,KUG 1357+375,49828.0,67606.0,331309.0,,False,False,0.0112
2316,149.526199,37.29279,1377,1893,1674,UGC05349,UGC 05349,28795.0,136292.0,591372.0,,False,False,0.0063
2317,249.395211,37.28607,872,1209,1209,UGC10477,UGC 10477,58633.0,167010.0,686965.0,,False,False,0.004
2318,216.121409,37.28113,3191,3489,3489,SDSSJ142429.12+371652.0,SDSS J142429.12+371652.0,4004659.0,56651.0,276752.0,,False,False,0.0116
2319,272.71689,37.24798,1510,1841,1841,PGC2801040,GALEXASC J181052.56+371450.8,2801040.0,,,,False,False,0.0061
2320,150.4215,37.24769,1569,1936,1866,UGC05391,UGC 05391,29034.0,,,,False,False,0.0065
2321,219.857874,37.24632,2855,3165,3165,,WISEA J143925.95+371446.2,,56738.0,,,False,False,0.0106
2322,219.866805,37.23979,2853,3163,3163,SDSSJ143928.08+371423.5,SDSS J143928.06+371424.0,4018386.0,,277036.0,,False,False,0.0106
2323,217.073198,37.19718,3166,3465,3465,PGC2094994,WISEA J142817.60+371150.4,2094994.0,56627.0,276706.0,,False,False,0.0116
2324,139.991752,37.19122,2259,3672,2500,IC2461,IC 2461,26390.0,47963.0,233150.0,,False,False,0.0122
2325,176.929305,37.13975,3094,3361,3361,PGC2093798,WISEA J114743.03+370822.8,2093798.0,90916.0,434953.0,,False,False,0.0112
2326,171.460083,37.1249,2127,2442,2442,PGC087029,KUG 1123+374,87029.0,90987.0,435357.0,,False,False,0.0081
2327,215.619686,37.12217,3177,3723,3475,NGC5596,NGC 5596,51355.0,56653.0,276759.0,,False,False,0.0124
2328,150.310064,37.07064,1467,1766,1766,PGC029004,SDSS J100114.37+370415.8,29004.0,136395.0,623701.0,,False,False,0.0059
2329,197.73447,37.05899,948,1396,1208,NGC5005,NGC 5005,45749.0,143082.0,629934.0,,False,False,0.0047
2330,187.312021,37.05213,3268,3541,3541,SDSSJ122914.89+370307.9,WISEA J122914.88+370307.8,4328701.0,141483.0,628419.0,,False,False,0.0118
2331,214.826623,37.02259,2837,3146,3146,PGC051163,KUG 1417+372,51163.0,67706.0,331669.0,,False,False,0.0105
2332,183.079157,37.01399,1051,1625,1371,UGC07207,UGC 07207,38905.0,140907.0,627903.0,,False,False,0.0054
2333,197.81567,36.98653,1061,1413,1413,SDSSJ131115.77+365911.4,WISEA J131115.78+365912.6,4574306.0,90699.0,433916.0,,False,False,0.0047
2334,178.230659,36.98635,914,872,1094,NGC3941,NGC 3941,37235.0,140390.0,591826.0,,False,False,0.0029
2335,175.700226,36.95429,758,802,802,SDSSJ114248.05+365715.4,WISEA J114248.12+365715.6,4099963.0,88067.0,423617.0,,False,False,0.0027
2336,151.122566,36.94797,1566,1864,1864,SDSSJ100429.42+365652.6,WISEA J100429.42+365653.0,3998814.0,58779.0,289503.0,,False,False,0.0062
2337,197.712743,36.93977,1025,1350,1350,PGC2089756,SDSS J131051.06+365623.4,2089756.0,143080.0,629932.0,,False,False,0.0045
2338,150.279173,36.92266,1458,1756,1756,PGC028991,KUG 0958+371,28991.0,65391.0,319493.0,,False,False,0.0059
2339,145.122335,36.91215,1644,1922,1922,SDSSJ094029.36+365443.5,WISEA J094029.36+365443.8,3531361.0,50658.0,246089.0,,False,False,0.0064
2340,174.569605,36.88955,3270,3528,3528,PGC2088820,WISEA J113816.70+365322.5,2088820.0,89222.0,427965.0,,False,False,0.0118
2341,217.493418,36.87294,775,1001,1001,UGC09320,UGC 09320,51803.0,145175.0,631826.0,,False,False,0.0033
2342,175.286632,36.83386,1563,1947,1947,SDSSJ114108.79+365001.8,WISEA J114108.72+365002.0,4099820.0,89247.0,428036.0,,False,False,0.0065
2343,250.765569,36.83232,852,1377,1186,NGC6207,NGC 6207,58827.0,147222.0,633580.0,,False,False,0.0046
2344,219.772728,36.80612,578,683,718,PGC052358,MRK 0475,52358.0,165359.0,682515.0,,False,False,0.0023
2345,182.175535,36.80266,1070,641,1401,UGC07125,UGC 07125,38567.0,140830.0,627832.0,,False,False,0.0021
2346,210.350104,36.80013,2693,3125,3006,PGC049927,MRK 0465,49927.0,67567.0,331191.0,,True,False,0.0104
2347,181.637622,36.79374,2587,2883,2883,PGC2087105,2MASS J12063299+3647377,2087105.0,92895.0,443036.0,,False,False,0.0096
2348,171.982081,36.77056,2043,2366,2366,SDSSJ112755.74+364614.5,SDSS J112755.74+364614.5,4098416.0,90985.0,435340.0,,False,False,0.0079
2349,215.005127,36.76968,2835,3144,3144,SDSSJ142001.24+364610.9,SDSS J142001.24+364610.9,4018320.0,67702.0,331651.0,,False,False,0.0105
2350,171.703633,36.76404,2058,2378,2378,SDSSJ112648.86+364550.6,WISEA J112648.85+364551.4,4098330.0,94023.0,446470.0,,False,False,0.0079
2351,165.233415,36.7589,1284,1632,1632,,WISEA J110056.02+364532.1,,159128.0,656952.0,,False,False,0.0054
2352,215.308053,36.74359,710,884,884,UGC09193,UGC 09193,51281.0,164870.0,631600.0,,False,False,0.0029
2353,172.615278,36.73731,1949,2448,2282,PGC035464,MRK 0424,35464.0,94048.0,446568.0,,False,False,0.0082
2354,224.507361,36.71625,800,1070,1070,SDSSJ145801.75+364258.4,SDSS J145801.75+364258.4,3995346.0,,,,False,False,0.0036
2355,173.010063,36.69802,2495,2784,2784,UGC06517,UGC 06517,35569.0,90956.0,435144.0,,True,False,0.0093
2356,159.501158,36.69656,1522,1851,1851,SDSSJ103800.29+364147.5,SDSS J103800.29+364147.5,4093829.0,86521.0,417165.0,,False,False,0.0062
2357,214.322926,36.69223,3012,3314,3314,SDSSJ141717.50+364131.7,SDSS J141717.50+364131.7,4004516.0,67693.0,331638.0,,False,False,0.0111
2358,200.163637,36.68439,2377,2704,2704,SDSSJ132039.30+364103.9,WISEA J132039.30+364103.3,4365959.0,,,,False,False,0.009
2359,197.796814,36.68019,1032,1361,1361,PGC2807148,PGC1 0045749 NED020,2807148.0,143087.0,629939.0,,False,False,0.0045
2360,269.942733,36.67563,1436,1769,1769,PGC061243,CGCG 199-031,61243.0,,,,False,False,0.0059
2361,170.288241,36.66344,3221,3473,3473,PGC2084689,WISEA J112109.21+363948.8,2084689.0,93775.0,445849.0,,False,False,0.0116
2362,197.659329,36.63446,1064,910,1416,NGC5002,NGC 5002,45728.0,143076.0,629928.0,,False,False,0.003
2363,100.798738,36.63432,2287,2472,2472,PGC166089,PGC1 0166089 NED001,166089.0,,,,False,False,0.0082
2364,163.129341,36.61915,618,984,641,NGC3432,NGC 3432,32643.0,91666.0,438511.0,,False,False,0.0033
2365,210.525151,36.61125,3144,3439,3439,SDSSJ140206.02+363640.3,WISEA J140206.02+363640.8,4004193.0,67564.0,331178.0,,False,False,0.0115
2366,172.789707,36.60074,1969,2300,2300,PGC035508,KUG 1128+368,35508.0,90957.0,435169.0,,True,False,0.0077
2367,163.069809,36.59454,699,758,758,UGC05983,UGC 05983,32617.0,91664.0,438509.0,,False,False,0.0025
2368,198.364629,36.59377,876,1315,1058,NGC5033,NGC 5033,45948.0,143141.0,,,False,False,0.0044
2369,214.271939,36.57526,3079,2786,3378,NGC5545,NGC 5545,51023.0,164759.0,680565.0,,False,False,0.0093
2370,214.260537,36.57157,3045,3345,3345,NGC5544,NGC 5544,51018.0,67694.0,331639.0,,False,False,0.0112
2371,198.585992,36.56885,1207,1622,1622,PGC166160,SDSS J131420.58+363407.9,166160.0,143162.0,630000.0,,False,False,0.0054
2372,175.327728,36.54677,1466,1799,1859,NGC3813,NGC 3813,36266.0,140065.0,627162.0,,False,False,0.006
2373,193.137726,36.54321,2020,2375,2375,SDSSJ125233.05+363235.5,WISEA J125233.07+363235.3,5065039.0,90643.0,433655.0,,False,False,0.0079
2374,214.190238,36.52023,2792,3101,3101,SDSSJ141645.66+363112.8,WISEA J141645.64+363112.8,4004507.0,67690.0,331629.0,,False,False,0.0103
2375,221.935661,36.50464,1226,1601,1601,PGC2081790,SDSS J144744.54+363016.7,2081790.0,56774.0,277317.0,,False,False,0.0053
2376,253.698988,36.50129,917,1459,1256,NGC6255,NGC 6255,59244.0,147492.0,633835.0,,False,False,0.0049
2377,176.933217,36.50018,3110,3375,3375,SDSSJ114743.95+363000.5,WISEA J114743.92+363001.4,4100455.0,90928.0,434977.0,,False,False,0.0113
2378,150.449551,36.49873,1431,2328,1729,UGC05394,UGC 05394,29043.0,65253.0,319261.0,,False,False,0.0078
2379,214.60718,36.49356,3213,2580,3508,NGC5557,NGC 5557,51104.0,144846.0,631528.0,,False,False,0.0086
2380,177.509051,36.46012,3109,3375,3375,SDSSJ115002.16+362736.4,WISEA J115002.14+362736.4,4100682.0,90935.0,435011.0,,False,False,0.0113
2381,213.765459,36.4573,1880,2242,2242,UGC09123,UGC 09123,50902.0,164719.0,680381.0,,False,False,0.0075
2382,131.643333,36.43914,3186,3383,3383,PGC024655,MRK 0627,24655.0,36120.0,174762.0,,False,False,0.0113
2383,123.649914,36.43435,2462,2666,2666,SDSSJ081435.97+362603.5,WISEA J081435.89+362603.4,3996295.0,33448.0,162596.0,,False,False,0.0089
2384,159.073336,36.42535,620,661,661,PGC086985,KUG 1033+366B,86985.0,86522.0,417179.0,,False,False,0.0022
2385,222.462975,36.41713,1864,2220,2220,PGC2080256,SDSS J144951.10+362501.5,2080256.0,56775.0,277327.0,,False,False,0.0074
2386,110.835687,36.41135,938,1148,1148,[MU2012]J0723+36C,SDSS J072320.57+362440.8,5064304.0,,,,False,False,0.0038
2387,174.139044,36.41031,1573,2434,1952,NGC3755,NGC 3755,35913.0,89218.0,427956.0,,False,False,0.0081
2388,222.453162,36.39648,1881,2236,2236,SDSSJ144948.75+362347.3,WISEA J144948.81+362347.5,4005092.0,165655.0,683455.0,,False,False,0.0075
2389,174.227639,36.38789,1599,1976,1976,PGC2079775,WISEA J113654.65+362316.4,2079775.0,89221.0,427963.0,,False,False,0.0066
2390,110.806083,36.37028,973,1185,1185,SDSSJ072313.46+362213.0,SDSS J072313.46+362213.0,5064078.0,,,,False,False,0.004
2391,214.809445,36.35937,3145,3441,3441,PGC051157,MRK 0675,51157.0,164817.0,680742.0,,False,False,0.0115
2392,110.75593,36.3547,886,1093,1093,SDSSJ072301.42+362117.1,SDSS J072301.42+362117.1,4138968.0,,,,False,False,0.0036
2393,148.711013,36.33389,525,1079,579,SDSSJ095450.64+362001.9,SDSS J095450.60+362001.9,3998594.0,65323.0,319347.0,,False,False,0.0036
2394,198.504107,36.31903,935,1175,1175,UGC08314,UGC 08314,46009.0,143157.0,629996.0,,False,False,0.0039
2395,132.907593,36.31244,1990,2225,2225,SDSSJ085137.81+361844.5,SDSS J085137.79+361844.7,4009865.0,,,,False,False,0.0074
2396,217.982082,36.30572,787,1017,1017,SDSSJ143155.74+361820.8,VV 262b,4004782.0,,,,False,False,0.0034
2397,175.138141,36.30148,1356,1753,1753,2MASXJ11403314+3618057,WISEA J114033.16+361805.4,3774969.0,89231.0,428005.0,,False,False,0.0058
2398,175.563957,36.29706,1412,1810,1810,SDSSJ114215.39+361748.1,WISEA J114215.39+361746.5,4099906.0,89238.0,428020.0,,False,False,0.006
2399,218.644134,36.28836,3026,3327,3327,UGC09381,UGC 09381,52088.0,56715.0,276968.0,,False,False,0.0111
2400,214.002653,36.28626,2625,2941,2941,PGC2078051,SDSS J141600.64+361710.4,2078051.0,67686.0,331624.0,,False,False,0.0098
2401,197.880446,36.28203,1133,1239,1524,NGC5014,NGC 5014,45787.0,163133.0,673839.0,8271.0,False,True,0.0041
2402,206.976923,36.2801,2370,2698,2698,SDSSJ134754.45+361648.4,SDSS J134754.45+361648.4,4110303.0,90778.0,434298.0,,False,False,0.009
2403,157.430707,36.27156,1169,1467,1467,PGC086973,KUG 1026+365,86973.0,86539.0,417297.0,,False,False,0.0049
2404,164.44588,36.26076,608,617,617,PGC032954,VV 747,32954.0,91707.0,438664.0,,False,False,0.0021
2405,123.241359,36.25462,2471,2449,2674,NGC2543,NGC 2543,23028.0,33446.0,162578.0,,False,False,0.0082
2406,140.107214,36.24596,2173,2414,2414,UGC04953,UGC 04953,26412.0,157193.0,648375.0,,False,False,0.0081
2407,153.137232,36.23284,1385,1691,1691,PGC2077164,WISEA J101232.90+361358.2,2077164.0,86101.0,414723.0,,False,False,0.0056
2408,213.89202,36.22667,2876,2985,3181,NGC5529,NGC 5529,50942.0,67650.0,331494.0,,False,False,0.01
2409,213.9311,36.22197,3067,3365,3365,SDSSJ141543.48+361319.1,WISEA J141543.49+361318.6,4012357.0,,,,False,False,0.0112
2410,237.775514,36.21897,2521,2839,2839,SDSSJ155106.11+361308.1,SDSS J155106.11+361308.1,4018642.0,58193.0,286955.0,,False,False,0.0095
2411,198.323391,36.21655,945,1524,1193,UGC08303,Holmberg VIII,45927.0,143136.0,629980.0,8303.0,False,True,0.0051
2412,233.207914,36.20377,1994,2334,2334,SDSSJ153249.89+361213.5,WISEA J153249.89+361213.9,4005959.0,57467.0,283275.0,,False,False,0.0078
2413,213.829702,36.20226,2968,3269,3269,PGC050925,MCG +06-31-085a,50925.0,67648.0,331490.0,,False,False,0.0109
2414,213.898264,36.19996,2961,3263,3263,,WISEA J141535.70+361202.6,,144759.0,631448.0,,False,False,0.0109
2415,123.243468,36.19833,2489,2692,2692,PGC080408,KUG 0809+363,80408.0,33445.0,162577.0,,False,False,0.009
2416,206.978794,36.18468,2349,2679,2679,SDSSJ134754.90+361104.8,WISEA J134754.93+361103.6,4110304.0,90779.0,434299.0,,False,False,0.0089
2417,238.850887,36.17382,2531,2849,2849,PGC2076215,SDSS J155524.23+361025.8,2076215.0,58199.0,287045.0,,False,False,0.0095
2418,267.360831,36.14535,1369,1576,1704,UGC11000,UGC 11000,60920.0,,,,False,False,0.0053
2419,164.168247,36.14095,572,570,570,SDSSJ105640.35+360827.9,SDSS J105640.34+360827.9,4095638.0,91615.0,438331.0,205685.0,False,True,0.0019
2420,207.02835,36.13086,2267,2601,2601,UGC08731,UGC 08731,48946.0,90780.0,434304.0,8731.0,False,True,0.0087
2421,196.328415,36.10286,1202,1620,1620,IC4171,IC 4171,45265.0,162959.0,673058.0,8182.0,False,True,0.0054
2422,166.095,36.10111,766,843,843,AGC219661,GALEXASC J110422.79+360606.3,5808774.0,,,219661.0,False,True,0.0028
2423,253.226547,36.0875,906,1243,1243,SDSSJ165254.34+360514.9,WISEA J165254.37+360515.0,4016425.0,29823.0,144203.0,,False,False,0.0041
2424,210.153984,36.05197,3238,3529,3529,PGC084097,KUG 1358+362,84097.0,67573.0,331206.0,245301.0,False,True,0.0118
2425,149.792917,36.03972,550,605,605,AGC198712,GALEXASC J095910.31+360221.9,5808769.0,,,198712.0,False,True,0.002
2426,196.423005,36.01741,1190,1604,1604,IC4178,IC 4178,45306.0,89504.0,429221.0,8187.0,False,True,0.0054
2427,172.537398,36.01553,2517,2803,2803,PGC035443,KUG 1127+362,35443.0,139553.0,626673.0,215890.0,False,True,0.0093
2428,187.902453,36.00748,1723,2112,2112,PGC041464,KUG 1229+362,41464.0,88991.0,427294.0,226684.0,False,True,0.007
2429,197.929188,35.96066,1133,1525,1525,PGC045802,KUG 1309+362,45802.0,89522.0,429275.0,728713.0,False,True,0.0051
2430,183.762248,35.95876,938,1189,1129,UGC07257,UGC 07257,39150.0,140987.0,627975.0,7257.0,False,True,0.004
2431,172.852166,35.94664,2504,2790,2790,PGC035526,KUG 1128+362,35526.0,94046.0,446563.0,215899.0,False,True,0.0093
2432,119.358064,35.93946,771,962,962,UGC04117,UGC 04117,22305.0,134739.0,580443.0,,False,False,0.0032
2433,167.2625,35.93861,1752,2090,2090,AGC219721,GALEXASC J110903.27+355620.7,5808775.0,,,219721.0,False,True,0.007
2434,171.991327,35.92688,1925,2258,2258,PGC2072161,AGC 219722,2072161.0,,,219722.0,False,True,0.0075
2435,143.833318,35.91367,1542,1817,1817,UGC05105,UGC 05105,27261.0,,623311.0,5105.0,False,True,0.0061
2436,236.274861,35.89067,1891,2233,2233,PGC055944,SDSS J154505.94+355326.9,55944.0,58149.0,286567.0,,False,False,0.0074
2437,142.3475,35.88222,1698,1963,1963,AGC198709,WISEA J092923.39+355256.3,5808767.0,,,198709.0,False,True,0.0065
2438,256.322296,35.87281,992,1333,1333,SDSSJ170517.35+355222.0,WISEA J170517.42+355222.3,4007524.0,38968.0,187331.0,,False,False,0.0044
2439,172.546758,35.86987,2215,2522,2522,UGC06499,UGC 06499,35450.0,94044.0,446549.0,6499.0,False,True,0.0084
2440,198.651218,35.8495,1138,1531,1531,SDSSJ131436.25+355058.1,GALEXASC J131436.20+355058.6,4361132.0,,,239140.0,False,True,0.0051
2441,135.122447,35.81131,3063,3265,3265,SDSSJ090029.37+354840.6,SDSS J090029.37+354840.6,4015362.0,,232756.0,,False,False,0.0109
2442,138.614658,35.80561,1909,2157,2157,PGC026046,MCG +06-20-049,26046.0,47909.0,232794.0,,False,False,0.0072
2443,135.257455,35.76236,3222,3420,3420,NGC2724,NGC 2724,25331.0,135610.0,591791.0,,False,False,0.0114
2444,130.687243,35.75761,2918,3784,3117,UGC04537,UGC 04537,24470.0,36116.0,174751.0,,False,False,0.0126
2445,207.284165,35.74278,1366,1776,1776,AGC239144,SDSS J134908.18+354433.6,5808791.0,,,239144.0,False,True,0.0059
2446,188.313183,35.73388,822,881,881,PGC041686,KUG 1230+360,41686.0,88985.0,427256.0,226688.0,False,True,0.0029
2447,213.040923,35.73279,3230,3521,3521,PGC2069162,LCSB S2028P,2069162.0,67662.0,331537.0,245434.0,False,True,0.0117
2448,135.065571,35.72753,3159,3539,3358,NGC2719,NGC 2719,25281.0,156983.0,648055.0,,False,False,0.0118
2449,135.038749,35.72722,3047,3249,3249,ARP202TDG,ARP 202:[SSD2014] TDG cand.,5067942.0,,,,False,False,0.0108
2450,135.06625,35.72014,3080,3539,3281,NGC2719A,NGC 2719A,25284.0,135605.0,623012.0,,False,False,0.0118
2451,209.550411,35.71695,2589,2904,2904,AGC239145,SDSS J135812.08+354301.2,5808793.0,,,239145.0,False,True,0.0097
2452,214.541376,35.67806,3051,3349,3349,PGC051086,KUG 1416+359,51086.0,144837.0,631519.0,245181.0,False,True,0.0112
2453,198.046569,35.6697,814,1430,916,IC4213,IC 4213,45848.0,,629958.0,8280.0,False,True,0.0048
2454,135.117658,35.66942,3267,3464,3464,SDSSJ090028.25+354010.2,SDSS J090028.22+354009.8,4015114.0,47903.0,232750.0,,False,False,0.0116
2455,205.535032,35.65437,1084,1115,1446,NGC5273,NGC 5273,48521.0,92695.0,442083.0,,False,False,0.0037
2456,158.701355,35.6319,914,1106,1106,PGC086980,KUG 1031+358,86980.0,92291.0,440601.0,205647.0,False,True,0.0037
2457,171.255155,35.62923,2555,2835,2835,PGC035086,KUG 1122+359,35086.0,94018.0,446447.0,210312.0,False,True,0.0095
2458,271.870995,35.62383,1530,1856,1856,PGC3088568,GALEXASC J180728.96+353726.4,3088568.0,,,,False,False,0.0062
2459,211.243138,35.60932,865,1100,1100,PGC050212,CGCG 191-051,50212.0,81508.0,393621.0,240066.0,False,True,0.0037
2460,182.256555,35.59464,721,695,695,SDSSJ120901.58+353540.7,SDSS J120901.58+353540.7,4102781.0,93096.0,443547.0,,False,False,0.0023
2461,126.523426,35.59028,742,920,920,SAO0822+3545,SAO 0822+3545,4581803.0,,622564.0,,False,False,0.0031
2462,172.780849,35.58969,1884,2223,2223,PGC035503,KUG 1128+358,35503.0,93963.0,446341.0,215897.0,True,True,0.0074
2463,203.979964,35.58825,2230,3306,2566,NGC5240,NGC 5240,47971.0,87805.0,422721.0,8587.0,False,True,0.011
2464,228.725004,35.57583,2380,2704,2704,AGC258696,SDSS J151454.10+353431.8,5808800.0,,,258696.0,False,True,0.009
2465,222.73563,35.57198,1190,1733,1559,UGC09560,UGC 09560,53014.0,56757.0,277150.0,9560.0,False,True,0.0058
2466,214.87124,35.567,3209,3501,3501,PGC2066503,2MASS J14192909+3534015,2066503.0,67623.0,331397.0,245187.0,False,True,0.0117
2467,271.864666,35.56378,1610,2018,1934,UGC11124,UGC 11124,61423.0,,,,False,False,0.0067
2468,222.809976,35.54227,1275,1782,1649,UGC09562,UGC 09562,53039.0,56758.0,277154.0,9562.0,False,True,0.0059
2469,126.481268,35.54221,747,926,926,PGC2790884,WISEA J082555.51+353233.0,2790884.0,29907.0,144882.0,,False,False,0.0031
2470,138.039734,35.53159,1879,2162,2126,UGC04837,UGC 04837,25940.0,135734.0,623123.0,,False,False,0.0072
2471,188.522489,35.5183,817,1074,867,NGC4534,NGC 4534,41779.0,88986.0,427270.0,7723.0,False,True,0.0036
2472,197.75376,35.50257,854,2227,989,UGC08261,UGC 08261,45755.0,143085.0,629937.0,8261.0,False,True,0.0074
2473,168.428551,35.48406,1752,2093,2093,SDSSJ111342.87+352902.6,WISEA J111342.77+352901.8,4097158.0,138984.0,626144.0,215796.0,False,True,0.007
2474,194.753844,35.47998,703,692,692,PGC166151,SDSS J125900.90+352847.9,166151.0,,672131.0,223250.0,False,True,0.0023
2475,133.410245,35.46982,2277,2499,2499,PGC2064997,WISEA J085338.42+352810.9,2064997.0,36156.0,174918.0,,False,False,0.0083
2476,124.403124,35.44676,2416,2285,2618,UGC04306,UGC 04306,23239.0,134965.0,622422.0,,False,False,0.0076
2477,170.279668,35.44412,2470,2754,2754,PGC2064608,WISEA J112107.19+352638.9,2064608.0,93773.0,445840.0,215835.0,False,True,0.0092
2478,190.835019,35.44243,1825,2202,2202,SDSSJ124320.39+352632.5,SDSS J124320.39+352632.5,4546774.0,89971.0,430935.0,747977.0,False,True,0.0073
2479,177.866886,35.43443,3096,2971,3359,UGC06827,UGC 06827,37093.0,90898.0,434883.0,,False,False,0.0099
2480,213.561544,35.42361,3183,3475,3475,UGC09113,UGC 09113,50853.0,67642.0,331467.0,,False,False,0.0116
2481,198.542905,35.42104,2341,2667,2667,PGC2064267,SDSS J131410.27+352515.6,2064267.0,89424.0,429021.0,,False,False,0.0089
2482,172.225504,35.41395,2251,2660,2553,NGC3694,NGC 3694,35352.0,93977.0,446367.0,,True,False,0.0089
2483,190.803598,35.4133,1821,2199,2199,PGC166141,SDSS J124312.79+352446.7,166141.0,142040.0,628940.0,,False,False,0.0073
2484,137.938789,35.40512,1820,2068,2068,PGC082344,KUG 0908+356,82344.0,50556.0,245716.0,,False,False,0.0069
2485,271.9375,35.39167,1490,1817,1817,PGC5065941,GALEXASC J180745.16+352331.0,5065941.0,,,,False,False,0.0061
2486,198.627469,35.38682,2326,2819,2653,UGC08318,UGC 08318,46041.0,90053.0,431283.0,8318.0,True,True,0.0094
2487,172.3027,35.3858,2328,2624,2624,2MASXJ11291265+3523089,WISEA J112912.66+352309.0,3771782.0,93973.0,446363.0,,False,False,0.0088
2488,113.999464,35.38383,1363,1578,1578,,ARP 250,,134586.0,622085.0,,False,False,0.0053
2489,217.46033,35.38203,3206,3499,3499,PGC2063655,WISEA J142950.49+352255.3,2063655.0,67868.0,332172.0,,False,False,0.0117
2490,173.958212,35.33525,1610,1986,1986,UGC06570,UGC 06570,35859.0,89208.0,427916.0,6570.0,False,True,0.0066
2491,173.164385,35.32836,1853,1342,2196,UGC06526,UGC 06526,35621.0,93951.0,446318.0,6526.0,True,True,0.0045
2492,217.606272,35.32097,3147,3899,3442,NGC5656,NGC 5656,51831.0,145188.0,631837.0,9332.0,False,True,0.013
2493,131.579786,35.31617,2328,2544,2544,PGC087424,WISEA J084619.16+351858.6,87424.0,36102.0,174695.0,,False,False,0.0085
2494,213.344904,35.27405,3281,3569,3569,SDSSJ141322.74+351626.8,WISEA J141322.80+351627.7,4016155.0,144701.0,631395.0,245448.0,False,True,0.0119
2495,214.683618,35.27047,3086,3381,3381,SDSSJ141844.08+351613.7,SDSS J141844.07+351613.7,4004546.0,67622.0,331394.0,245183.0,False,True,0.0113
2496,216.175586,35.26716,2996,3294,3294,UGC09235,UGC 09235,51470.0,67721.0,331756.0,,False,False,0.011
2497,172.943604,35.25958,2171,2481,2481,SDSSJ113146.49+351533.8,SDSS J113146.49+351533.8,4553475.0,,,219725.0,False,True,0.0083
2498,158.624236,35.25673,1524,2474,1846,UGC05738,UGC 05738,31285.0,92273.0,440457.0,5738.0,False,True,0.0083
2499,215.001165,35.2513,3248,3538,3538,PGC2061673,WISEA J142000.33+351504.8,2061673.0,67754.0,331827.0,,False,False,0.0118
2500,200.614966,35.20543,704,730,730,SDSSJ132227.57+351219.5,WISEA J132227.55+351219.0,4572040.0,90078.0,431380.0,728909.0,False,True,0.0024
2501,215.410037,35.2049,3209,3500,3500,NGC5590,NGC 5580,51312.0,144931.0,631607.0,,False,False,0.0117
2502,174.50889,35.20364,1624,1840,2000,UGC06603,UGC 06603,36029.0,89205.0,427896.0,6603.0,False,True,0.0061
2503,175.204334,35.20284,1540,1978,1929,PGC036232,MRK 0426,36232.0,160359.0,662605.0,210593.0,False,True,0.0066
2504,145.908891,35.20219,1536,1814,1814,SDSSJ094338.13+351207.8,WISEA J094338.19+351207.0,3531624.0,65068.0,318849.0,,False,False,0.0061
2505,191.106251,35.19667,883,1008,1008,WSRT-CVN19,WISEA J124425.59+351147.8,5057083.0,,,229092.0,False,True,0.0034
2506,132.41775,35.19422,2223,2443,2443,PGC2790886,WISEA J084940.10+351139.3,2790886.0,135511.0,622931.0,,False,False,0.0081
2507,206.118183,35.19265,2438,3169,2759,UGC08693,UGC 08693,48690.0,143827.0,630592.0,8693.0,True,True,0.0106
2508,215.343,35.16003,2948,3247,3247,SDSSJ142122.31+350936.1,WISEA J142122.33+350936.8,4004600.0,67738.0,331787.0,,False,False,0.0108
2509,200.717621,35.15492,741,791,791,UGC08412,UGC 08412,46739.0,,,8412.0,False,True,0.0026
2510,245.978308,35.11422,680,974,974,,SDSS J162354.78+350651.1,,146959.0,633350.0,,False,False,0.0032
2511,184.753507,35.09272,746,721,721,PGC086374,KUG 1216+353,86374.0,88239.0,424240.0,229091.0,False,True,0.0024
2512,197.897082,35.08444,2331,2657,2657,AGC239138,WISEA J131135.37+350502.1,5808784.0,,,239138.0,False,True,0.0089
2513,132.549203,35.07638,2297,2802,2515,UGC04621,UGC 04621,24829.0,36079.0,174630.0,,False,False,0.0093
2514,243.718373,35.0746,2602,2913,2913,SDSSJ161452.40+350428.4,WISEA J161452.40+350428.8,4121420.0,69628.0,342596.0,,False,False,0.0097
2515,138.117885,35.05378,2105,2340,2340,NGC2779,NGC 2779,25958.0,,,,False,False,0.0078
2516,185.478419,35.05004,719,677,677,UGC07427,UGC 07427,39999.0,161580.0,667308.0,7427.0,False,True,0.0023
2517,138.101577,35.0275,2030,2660,2269,NGC2778,NGC 2778,25955.0,135739.0,623128.0,,False,False,0.0089
2518,228.461526,35.01095,2292,2619,2619,SDSSJ151350.76+350039.3,WISEA J151350.72+350039.5,4012779.0,145952.0,632495.0,254092.0,False,True,0.0087
2519,161.497464,34.96491,1979,2278,2278,UGC05870,UGC 05870,32134.0,137993.0,431909.0,5870.0,True,True,0.0076
2520,137.962235,34.96335,2065,2301,2301,UGC04834,UGC 04834,25919.0,157086.0,648213.0,,False,False,0.0077
2521,244.091166,34.95178,2696,3003,3003,SDSSJ161621.83+345706.1,WISEA J161621.66+345706.4,4121597.0,,633273.0,,False,False,0.01
2522,170.49156,34.94861,2037,3303,2353,UGC06384,UGC 06384,34870.0,159678.0,659475.0,6384.0,False,True,0.011
2523,220.524707,34.93844,1594,1966,1966,PGC2056934,SDSS J144205.93+345618.3,2056934.0,67932.0,332490.0,245248.0,False,True,0.0066
2524,194.805461,34.93634,929,1124,1124,PGC101479,WISEA J125913.31+345610.7,101479.0,88638.0,426076.0,,False,False,0.0037
2525,183.932105,34.93394,718,673,673,SDSSJ121543.72+345602.5,SDSS J121543.72+345602.5,4103569.0,141001.0,627987.0,226634.0,False,True,0.0022
2526,138.184908,34.92554,1955,3888,2196,NGC2780,NGC 2780,25967.0,50569.0,245768.0,,True,False,0.013
2527,132.72047,34.90984,2376,2590,2590,PGC086862,KUG 0847+350,86862.0,36072.0,174593.0,,False,False,0.0086
2528,244.094484,34.9015,2678,2987,2987,SDSSJ161622.68+345405.1,WISEA J161622.68+345405.4,4121600.0,69599.0,342551.0,,False,False,0.01
2529,178.114071,34.89447,2204,2600,2519,PGC037189,MRK 0641,37189.0,160700.0,663949.0,210867.0,False,True,0.0087
2530,173.963144,34.89426,1452,1845,1845,SDSSJ113551.11+345339.0,SDSS J113551.11+345339.0,4576561.0,,,,False,False,0.0062
2531,198.702606,34.88131,858,1339,993,UGC08323,UGC 08323,46065.0,,630011.0,8323.0,False,True,0.0045
2532,135.799098,34.87938,3228,3423,3423,PGC2056001,WISEA J090311.80+345245.6,2056001.0,47879.0,232491.0,,False,False,0.0114
2533,214.780455,34.8712,3012,3309,3309,PGC2055872,WISEA J141907.28+345216.4,2055872.0,67748.0,331818.0,,False,False,0.011
2534,172.350267,34.87111,2529,2903,2810,UGC06491,UGC 06491,35396.0,159931.0,660528.0,6491.0,False,True,0.0097
2535,194.757687,34.86068,838,636,922,PGC044532,NGC 4861,44536.0,142688.0,629562.0,8098.0,False,True,0.0021
2536,194.885833,34.85417,791,829,829,NGC4861B,2XMM J125932.5+345120,4713551.0,,,,False,False,0.0028
2537,176.608379,34.85235,1412,1883,1820,PGC036716,MRK 0429,36716.0,92421.0,440963.0,210771.0,False,True,0.0063
2538,215.482071,34.80537,3133,3425,3425,PGC051322,MCG +06-32-008,51322.0,67741.0,331793.0,245196.0,False,True,0.0114
2539,173.464734,34.75116,1835,2181,2181,SDSSJ113351.53+344504.1,SDSS J113351.53+344504.1,4099054.0,93948.0,446311.0,215915.0,False,True,0.0073
2540,140.813341,34.73435,1574,1835,1835,UGC04988,UGC 04988,26575.0,50608.0,245873.0,4988.0,False,True,0.0061
2541,205.607393,34.73025,2462,2781,2781,PGC2053645,WISEA J134225.76+344348.6,2053645.0,90384.0,432797.0,,False,False,0.0093
2542,220.875234,34.72996,1682,2048,2048,PGC2053650,SDSS J144329.87+344348.6,2053650.0,165458.0,682920.0,245255.0,False,True,0.0068
2543,222.216753,34.71195,801,1048,1048,PGC200320,UGC 09540,200320.0,67946.0,332623.0,9540.0,False,True,0.0035
2544,162.103406,34.7114,1628,1957,1957,NGC3381,NGC 3381,32302.0,90176.0,431962.0,5909.0,True,True,0.0065
2545,174.947169,34.6929,1646,2021,2021,PGC2053079,WISEA J113947.32+344133.6,2053079.0,92505.0,441394.0,215930.0,False,True,0.0067
2546,198.047946,34.67609,2287,2615,2615,PGC2052844,WISEA J131211.57+344034.1,2052844.0,,,239139.0,False,True,0.0087
2547,135.075651,34.6707,3197,3391,3391,UGC04720,UGC 04720,25287.0,47886.0,232534.0,,False,False,0.0113
2548,141.141505,34.65933,1834,2086,2086,UGC05004,UGC 05004,26663.0,157238.0,648444.0,5004.0,False,True,0.007
2549,194.07548,34.65695,730,1172,712,PGC044121,UGCA 309,44121.0,142556.0,629433.0,221126.0,False,True,0.0039
2550,141.50613,34.65342,1620,2394,1881,UGC05020,UGC 05020,26752.0,64909.0,318401.0,5020.0,True,True,0.008
2551,141.021844,34.6466,1871,2121,2121,SDSSJ092405.24+343847.4,SDSS J092405.24+343847.4,3529815.0,157233.0,648435.0,,False,False,0.0071
2552,191.17541,34.63163,848,917,917,PGC2052159,WISEA J124442.08+343753.9,2052159.0,87308.0,421002.0,,False,False,0.0031
2553,136.668802,34.61905,2037,2352,2270,UGC04777,UGC 04777,25562.0,50476.0,245537.0,,False,False,0.0078
2554,167.768692,34.56974,1960,2276,2276,UGC06222,UGC 06222,33976.0,159406.0,658203.0,6222.0,False,True,0.0076
2555,171.258341,34.56182,2101,2412,2412,PGC087026,KUG 1122+348B,87026.0,92660.0,441952.0,747786.0,False,True,0.008
2556,133.600774,34.55572,2201,2422,2422,UGC04660,UGC 04660,25001.0,47876.0,232428.0,,False,False,0.0081
2557,215.331345,34.53189,3265,3552,3552,2MASXJ14211949+3431548,WISEA J142119.51+343154.7,3824715.0,81593.0,394020.0,,False,False,0.0118
2558,141.077223,34.51346,1671,1810,1929,NGC2859,NGC 2859,26649.0,135879.0,623242.0,5001.0,True,True,0.006
2559,157.795963,34.50294,1495,1901,1814,UGC05706,UGC 05706,31032.0,137561.0,624813.0,5706.0,False,True,0.0063
2560,163.159823,34.483,1572,2348,1910,UGC05990,UGC 05990,32652.0,87100.0,419999.0,5990.0,True,True,0.0078
2561,160.676274,34.44869,629,598,643,UGC05829,UGC 05829,31923.0,,,5829.0,False,True,0.002
2562,147.297012,34.44287,1495,1775,1775,SDSSJ094911.28+342634.2,WISEA J094911.29+342634.0,4090570.0,,,,False,False,0.0059
2563,147.40282,34.43683,1479,1760,1760,PGC028253,KUG 0946+346,28253.0,85440.0,412163.0,194094.0,False,True,0.0059
2564,139.197022,34.42986,1688,1972,1940,,NGC 2793,,135797.0,245621.0,,True,False,0.0066
2565,236.779602,34.42665,2075,2405,2405,PGC2049025,SPRC 164,2049025.0,57537.0,283884.0,,False,False,0.008
2566,191.104456,34.38608,607,588,528,UGC07916,UGC 07916,42901.0,,,7916.0,False,True,0.002
2567,191.110878,34.37962,607,529,529,,VV 127b,,142128.0,,,False,False,0.0018
2568,221.587932,34.37058,1640,2007,2007,UGC09519,UGC 09519,52741.0,67937.0,332561.0,9519.0,False,True,0.0067
2569,172.935801,34.33343,1870,2210,2210,UGC06512,UGC 06512,35549.0,92465.0,441268.0,6512.0,False,True,0.0074
2570,221.334378,34.33002,1665,2030,2030,PGC2047492,WISEA J144520.30+341948.0,2047492.0,67938.0,332563.0,245256.0,False,True,0.0068
2571,125.469634,34.32728,2310,2512,2512,SDSSJ082152.72+341938.1,WISEA J082152.64+341938.7,3996431.0,31804.0,155323.0,,False,False,0.0084
2572,178.36764,34.32251,2238,2550,2550,SDSSJ115328.19+341921.8,SDSS J115328.19+341921.8,4101020.0,92538.0,441592.0,,False,False,0.0085
2573,141.450031,34.27706,1644,1903,1903,UGC05015,UGC 05015,26741.0,157256.0,648465.0,5015.0,True,True,0.0063
2574,220.131667,34.26694,1489,1866,1866,AGC249590,WISEA J144031.70+341603.5,5808796.0,,,249590.0,False,True,0.0062
2575,239.055768,34.25194,2442,2757,2757,SDSSJ155613.34+341506.5,SDSS J155613.34+341506.5,4013141.0,58172.0,286809.0,,False,False,0.0092
2576,228.727503,34.24424,2788,3093,3093,SDSSJ151454.61+341439.0,WISEA J151454.64+341439.1,4005627.0,56858.0,278074.0,254094.0,False,True,0.0103
2577,197.623833,34.23747,850,953,953,SDSSJ131029.12+341411.5,WISEA J131029.20+341412.6,5065523.0,143073.0,629925.0,,False,False,0.0032
2578,228.455415,34.23056,2306,2629,2629,AGC258695,GALEXASC J151349.01+341351.5,6740771.0,,,258695.0,False,True,0.0088
2579,222.721248,34.1974,1208,1575,1575,SDSSJ145053.09+341150.4,SDSS J145053.09+341150.4,4117439.0,67942.0,332608.0,,False,False,0.0053
2580,197.518627,34.18099,808,1251,866,UGC08246,UGC 08246,45684.0,143061.0,629913.0,8246.0,False,True,0.0042
2581,221.401173,34.17876,1641,2007,2007,SDSSJ144536.28+341043.8,WISEA J144536.33+341043.7,4116820.0,67939.0,332566.0,,False,False,0.0067
2582,179.328381,34.15262,969,1163,1163,PGC037582,KUG 1154+344,37582.0,92544.0,441636.0,216022.0,False,True,0.0039
2583,228.31983,34.14744,2307,2630,2630,UGC09772,UGC 09772,54336.0,56869.0,278309.0,9772.0,False,True,0.0088
2584,220.014519,34.09991,1498,1875,1875,PGC2043836,SDSS J144003.47+340559.5,2043836.0,67816.0,331987.0,245246.0,False,True,0.0063
2585,193.482998,34.09983,667,604,604,SDSSJ125355.92+340559.5,SDSS J125355.92+340559.5,4106766.0,88632.0,426061.0,226718.0,False,True,0.002
2586,173.354785,34.07221,2510,2792,2792,PGC035680,KUG 1130+343,35680.0,92474.0,441310.0,215908.0,False,True,0.0093
2587,163.410069,34.03323,1863,2175,2175,PGC032706,KUG 1050+342,32706.0,87098.0,419992.0,200654.0,False,True,0.0073
2588,189.464046,34.0226,817,828,828,PGC042194,MCG +06-28-014,42194.0,89831.0,430348.0,,False,False,0.0028
2589,147.263112,33.99138,1499,1777,1777,PGC2042146,WISEA J094903.13+335928.9,2042146.0,85444.0,412175.0,194092.0,False,True,0.0059
2590,220.109001,33.98899,1498,2515,1874,NGC5727,NGC 5727,52424.0,67929.0,332481.0,9465.0,False,True,0.0084
2591,163.283771,33.91036,1730,2289,2054,NGC3442,NGC 3442,32679.0,87097.0,419990.0,6001.0,True,True,0.0076
2592,216.363348,33.88795,3224,3511,3511,PGC2040517,WISEA J142527.26+335316.5,2040517.0,81609.0,394073.0,,False,False,0.0117
2593,184.118635,33.88511,1112,1477,1477,PGC2832110,SDSS J121628.45+335306.2,2832110.0,141028.0,628010.0,,False,False,0.0049
2594,205.347949,33.85824,1527,1934,1934,PGC2040056,WISEA J134123.53+335130.4,2040056.0,90350.0,432726.0,,False,False,0.0065
2595,154.285421,33.85167,1369,1672,1672,AGC208772,WISEA J101708.58+335106.2,5808771.0,,,208772.0,False,True,0.0056
2596,173.364183,33.84018,2554,2833,2833,SDSSJ113327.39+335025.0,SDSS J113327.39+335025.0,4099014.0,92473.0,441307.0,215909.0,False,True,0.0094
2597,185.719474,33.82895,571,474,474,PGC166135,WISEA J122252.74+334943.9,166135.0,141250.0,628210.0,223231.0,False,True,0.0016
2598,164.060622,33.81275,1826,2144,2144,PGC2039259,WISEA J105614.61+334846.4,2039259.0,87093.0,419972.0,,False,False,0.0072
2599,174.683354,33.80476,1863,2483,2208,UGC06610,UGC 06610,36079.0,139967.0,627068.0,6610.0,True,True,0.0083
2600,133.199166,33.79253,463,538,538,PGC166095,PGC1 0024930 NED003,166095.0,,,,False,False,0.0018
2601,205.321929,33.77261,2026,2254,2377,UGC08662,UGC 08662,48441.0,163875.0,676806.0,8662.0,True,True,0.0075
2602,177.947082,33.76583,3092,3350,3350,AGC219840,GALEXASC J115147.40+334556.8,6741549.0,,,219840.0,False,True,0.0112
2603,162.045774,33.7445,1644,1970,1970,PGC032282,KUG 1045+340,32282.0,,,205668.0,False,True,0.0066
2604,161.959698,33.72866,1645,1971,1971,UGC05898,UGC 05898,32259.0,90152.0,625295.0,5898.0,False,True,0.0066
2605,141.542559,33.72057,533,1377,597,[PT2011]53,SDSS J0926+3343,4015419.0,64891.0,623258.0,194054.0,False,True,0.0046
2606,194.418952,33.69425,878,979,979,PGC2037165,SDSS J125740.55+334139.2,2037165.0,88635.0,426070.0,226725.0,False,True,0.0033
2607,184.113625,33.69352,917,1031,1031,SDSSJ121627.25+334136.3,SDSS J121627.25+334136.3,4126483.0,88216.0,424124.0,226639.0,False,True,0.0034
2608,173.429258,33.67725,802,823,823,PGC087045,KUG 1131+339,87045.0,92475.0,441313.0,215914.0,False,True,0.0027
2609,206.072429,33.65815,1619,2014,2014,PGC169750,SDSS J134417.39+333930.2,169750.0,143824.0,630589.0,,False,False,0.0067
2610,163.041194,33.63732,1613,1946,1946,PGC2036114,SDSS J105209.90+333814.7,2036114.0,87099.0,419997.0,205676.0,False,True,0.0065
2611,149.386883,33.61968,1460,1866,1745,IC2524,IC 2524,28758.0,157624.0,649463.0,190619.0,False,True,0.0062
2612,189.206772,33.61333,530,435,435,WSRT-CVN13,WISEA J123649.64+333647.8,5057082.0,,,229090.0,False,True,0.0015
2613,143.429379,33.60032,1566,1830,1830,PGC027157,KUG 0930+338,27157.0,64862.0,318288.0,190354.0,False,True,0.0061
2614,220.558222,33.58832,1502,1876,1876,SDSSJ144213.99+333517.4,SDSS J144213.99+333517.4,4116350.0,145450.0,632075.0,245249.0,False,True,0.0063
2615,147.587425,33.58399,1567,1844,1844,PGC082546,KUG 0947+338,82546.0,157476.0,648825.0,,False,False,0.0062
2616,205.788264,33.55674,3169,3451,3451,SDSSJ134309.19+333324.5,WISEA J134309.25+333324.7,4576589.0,90338.0,432694.0,239254.0,False,True,0.0115
2617,147.738122,33.55352,1538,1959,1816,NGC3021,NGC 3021,28357.0,157480.0,411904.0,5280.0,True,True,0.0065
2618,178.060415,33.52417,3014,3275,3275,AGC219728,WISEA J115214.50+333129.1,5808778.0,,,219728.0,False,True,0.0109
2619,173.375754,33.50759,2590,2866,2866,PGC035688,KUG 1130+337,35688.0,92459.0,441245.0,212270.0,True,True,0.0096
2620,208.324161,33.49082,2371,1531,2693,NGC5347,NGC 5347,49342.0,94340.0,448022.0,8805.0,True,True,0.0051
2621,245.468973,33.48426,2706,3009,3009,PGC2033026,WISEA J162152.53+332904.3,2033026.0,69676.0,342795.0,,False,False,0.01
2622,145.885,33.44944,514,552,552,AGC198691,SDSS J094332.37+332657.8,5807231.0,,,198691.0,False,True,0.0018
2623,138.301498,33.44442,1821,2062,2062,SDSSJ091312.36+332639.8,WISEA J091312.36+332639.2,3997554.0,50529.0,245629.0,,False,False,0.0069
2624,172.905991,33.42329,2564,2840,2840,SDSSJ113137.44+332523.2,SDSS J113137.44+332523.1,4283626.0,92564.0,441718.0,747790.0,False,True,0.0095
2625,133.172916,33.4225,421,693,482,NGC2683,NGC 2683,24930.0,,,,False,False,0.0023
2626,147.148519,33.42148,1480,1538,1757,NGC3003,NGC 3003,28186.0,136102.0,623428.0,5251.0,True,True,0.0051
2627,172.79074,33.40878,2561,2837,2837,SDSSJ113109.78+332431.5,WISEA J113109.71+332432.6,4551575.0,92562.0,441715.0,219724.0,False,True,0.0095
2628,164.94283,33.3918,1840,2159,2159,UGC06070,UGC 06070,33118.0,87086.0,419941.0,6070.0,True,True,0.0072
2629,163.443414,33.36812,1666,1996,1996,SDSSJ105346.42+332205.1,SDSS J105346.42+332205.1,4571971.0,90227.0,432274.0,,False,False,0.0067
2630,178.462479,33.36515,3209,2567,3462,IC2973,IC 2973,37308.0,140406.0,591542.0,6872.0,False,True,0.0086
2631,233.403176,33.35931,1999,2331,2331,SDSSJ153336.75+332133.6,SDSS J153336.75+332133.6,4005972.0,55018.0,,,False,False,0.0078
2632,188.353701,33.35084,837,482,846,PGC041701,KUG 1230+336,41701.0,,,223236.0,False,True,0.0016
2633,180.389196,33.34016,774,665,730,UGC07007,UGC 07007,37940.0,92217.0,440241.0,7007.0,False,True,0.0022
2634,207.304379,33.31675,2165,2502,2502,SDSSJ134913.01+331900.0,WISEA J134913.02+331900.3,4110417.0,90130.0,431670.0,234045.0,False,True,0.0083
2635,173.861314,33.30291,2420,2707,2707,UGC06561,UGC 06561,35826.0,139823.0,626933.0,6561.0,False,True,0.009
2636,136.894795,33.27786,546,1005,628,UGC04787,UGC 04787,25644.0,135686.0,623082.0,,False,False,0.0034
2637,145.744428,33.26556,554,582,603,UGC05186,UGC 05186,27785.0,,648695.0,5186.0,False,True,0.0019
2638,178.818815,33.26327,3243,3495,3495,SDSSJ115516.50+331547.7,WISEA J115516.48+331547.6,4101192.0,92527.0,441542.0,217383.0,False,True,0.0117
2639,148.852003,33.26263,1440,1722,1722,UGC05326,UGC 05326,28623.0,85631.0,412853.0,5326.0,True,True,0.0057
2640,185.107441,33.24215,1047,1342,1342,SDSSJ122025.79+331431.7,WISEA J122025.81+331431.2,4104055.0,88199.0,424041.0,226652.0,False,True,0.0045
2641,173.558603,33.22615,2516,2796,2796,PGC2026905,WISEA J113414.09+331334.1,2026905.0,92450.0,441225.0,215919.0,False,True,0.0093
2642,188.149896,33.22351,804,775,775,PGC041594,KUG 1230+334A,41594.0,89382.0,428753.0,229089.0,False,True,0.0026
2643,216.634757,33.20592,1729,2095,2095,SDSSJ142632.37+331220.9,WISEA J142632.35+331220.5,4113860.0,145062.0,631723.0,,False,False,0.007
2644,206.902918,33.20582,776,876,876,PGC166178,WISEA J134736.60+331225.3,166178.0,90126.0,431606.0,232003.0,False,True,0.0029
2645,178.225417,33.20028,2680,2957,2957,AGC219729,SDSS J115254.09+331201.1,5808779.0,,,219729.0,False,True,0.0099
2646,183.770944,33.19727,1071,1310,1391,NGC4203,NGC 4203,39158.0,,,7256.0,False,True,0.0044
2647,222.245817,33.19315,1700,2059,2059,PGC052903,CGCG 193-002,52903.0,67906.0,332306.0,245268.0,False,True,0.0069
2648,173.61471,33.17898,2524,2803,2803,PGC035754,CGCG 186-009,35754.0,92451.0,441227.0,,False,False,0.0093
2649,148.438393,33.16443,1516,1795,1795,PGC2025214,SDSS J095345.20+330952.0,2025214.0,85353.0,411879.0,194098.0,False,True,0.006
2650,183.912453,33.15975,1061,1371,1371,PGC2025056,WISEA J121539.01+330935.4,2025056.0,88219.0,424130.0,,False,False,0.0046
2651,202.143331,33.14722,750,779,779,AGC239114,WISEA J132834.43+330850.6,5808787.0,,,239114.0,False,True,0.0026
2652,178.829916,33.14595,3230,3482,3482,PGC037412,KUG 1152+334,37412.0,87601.0,422171.0,,False,False,0.0116
2653,137.444913,33.14297,1970,2202,2202,PGC5065934,GALEXASC J090946.88+330840.4,5065934.0,135710.0,623101.0,,False,False,0.0073
2654,150.425211,33.13637,1450,1916,1737,UGC05393,UGC 05393,29036.0,157746.0,649996.0,5393.0,False,True,0.0064
2655,147.791734,33.12999,1574,1650,1850,UGC05282,UGC 05282,28370.0,136130.0,602597.0,5282.0,False,True,0.0055
2656,178.852877,33.12615,3158,3412,3412,UGC06892,UGC 06892,37421.0,92529.0,441545.0,6892.0,False,True,0.0114
2657,137.39034,33.1235,1947,2104,2180,NGC2770,NGC 2770,25806.0,157073.0,648189.0,,False,False,0.007
2658,137.332932,33.12132,1840,2077,2077,PGC025769,NGC 2770B,25769.0,,623096.0,,False,False,0.0069
2659,204.603179,33.11779,2413,2565,2730,UGC08630,UGC 08630,48206.0,163803.0,676515.0,8630.0,True,True,0.0086
2660,137.632326,33.05835,2053,2281,2281,PGC082334,KUG 0907+332,82334.0,50420.0,245329.0,,False,False,0.0076
2661,216.019925,33.04747,1954,1848,2303,NGC5611,NGC 5611,51431.0,144998.0,631668.0,,False,False,0.0062
2662,178.970475,33.04656,3129,3384,3384,PGC2021655,WISEA J115552.95+330247.9,2021655.0,92525.0,441536.0,216010.0,False,True,0.0113
2663,151.798065,33.02739,1337,1986,1626,NGC3118,NGC 3118,29415.0,85977.0,414110.0,5452.0,True,True,0.0066
2664,138.703378,33.02094,1819,2060,2060,PGC2020885,WISEA J091448.80+330115.1,2020885.0,,318078.0,,False,False,0.0069
2665,162.479479,32.99082,1694,1814,2017,NGC3396,NGC 3396,32434.0,90215.0,432222.0,,False,False,0.0061
2666,193.862288,32.98475,897,1001,1001,PGC166149,WISEA J125526.89+325905.2,166149.0,142525.0,629403.0,223248.0,False,True,0.0033
2667,162.458791,32.98283,1619,1734,1948,NGC3395,NGC 3395,32424.0,138144.0,625359.0,5931.0,False,True,0.0058
2668,180.795177,32.95618,570,464,464,SDSSJ120310.85+325722.2,WISEA J120310.91+325722.0,4102045.0,92222.0,440253.0,,False,False,0.0015
2669,216.113652,32.95192,2045,2386,2386,UGC09232,UGC 09232,51455.0,81564.0,393899.0,9232.0,False,True,0.008
2670,163.04752,32.95042,1584,2137,1918,NGC3430,NGC 3430,32614.0,90222.0,432253.0,5982.0,True,True,0.0071
2671,137.5071,32.9499,2018,2247,2247,SDSSJ091001.73+325659.7,SDSS J091001.72+325659.8,3528482.0,50419.0,245328.0,,False,False,0.0075
2672,151.628891,32.9468,1365,2648,1655,UGC05446,UGC 05446,29365.0,85974.0,414100.0,5446.0,False,True,0.0088
2673,147.866837,32.94288,1459,2363,1737,UGC05287,UGC 05287,28390.0,136137.0,623459.0,5287.0,True,True,0.0079
2674,228.264282,32.91828,1898,2238,2238,SDSSJ151303.42+325505.7,SDSS J151303.42+325505.7,4016276.0,56866.0,278222.0,254091.0,False,True,0.0075
2675,208.771085,32.90308,2396,2715,2715,PGC049476,KUG 1352+331,49476.0,94386.0,448111.0,748298.0,False,True,0.0091
2676,147.011229,32.90045,1596,1868,1868,PGC2016633,WISEA J094802.73+325401.7,2016633.0,85366.0,411930.0,,False,False,0.0062
2677,162.943305,32.90031,1530,2075,1868,NGC3424,NGC 3424,32584.0,138221.0,625432.0,5972.0,True,True,0.0069
2678,196.352635,32.90008,895,1011,1011,UGC08181,UGC 08181,45274.0,90494.0,433078.0,8181.0,False,True,0.0034
2679,147.019506,32.88252,1532,1832,1806,PGC028169,MRK 0408,28169.0,85367.0,411932.0,190516.0,True,True,0.0061
2680,163.186917,32.87906,1335,1674,1674,PGC5065937,NGC 3430A,5065937.0,138256.0,625464.0,201948.0,False,True,0.0056
2681,217.130191,32.87633,1966,2312,2312,PGC2015703,WISEA J142831.23+325234.8,2015703.0,81546.0,393831.0,245217.0,False,True,0.0077
2682,178.573932,32.86108,3190,3442,3442,UGC06878,UGC 06878,37346.0,87592.0,422151.0,6878.0,False,True,0.0115
2683,204.227867,32.86044,2493,2804,2804,PGC2015034,SDSS J133654.64+325137.4,2015034.0,93513.0,445078.0,233990.0,False,True,0.0094
2684,190.446938,32.85736,692,597,597,PGC100707,SDSS J124146.99+325124.8,100707.0,141945.0,628848.0,728280.0,False,True,0.002
2685,224.894786,32.84139,2598,2905,2905,UGC09647,UGC 09647,53557.0,68010.0,333219.0,9647.0,False,True,0.0097
2686,174.117504,32.84083,2585,2860,2860,AGC219727,WISEA J113628.08+325026.2,5808776.0,,,219727.0,False,True,0.0095
2687,224.960128,32.80325,2700,3003,3003,PGC053574,MCG +06-33-015,53574.0,68009.0,333218.0,245286.0,False,True,0.01
2688,162.354456,32.77275,1630,1957,1957,IC2604,IC 2604,32390.0,90213.0,432210.0,5927.0,False,True,0.0065
2689,178.426527,32.7714,2334,2635,2635,PGC037293,KUG 1151+330,37293.0,92533.0,441556.0,215995.0,False,True,0.0088
2690,162.564683,32.76818,1675,1999,1999,IC2608,IC 2608,32464.0,90218.0,432240.0,201947.0,False,True,0.0067
2691,162.836406,32.76638,635,1135,618,NGC3413,NGC 3413,32543.0,90225.0,432261.0,5960.0,False,True,0.0038
2692,227.975349,32.75913,2276,2597,2597,PGC3098573,WISEA J151154.12+324533.8,3098573.0,145914.0,632466.0,251919.0,False,True,0.0087
2693,119.682242,32.73881,3018,3187,3187,SDSSJ075843.75+324419.7,WISEA J075843.72+324419.5,3995978.0,33375.0,162042.0,,False,False,0.0106
2694,162.332101,32.73064,1653,1979,1979,SDSSJ104919.70+324350.3,WISEA J104919.71+324350.3,4253072.0,,432207.0,,False,False,0.0066
2695,204.930411,32.72945,2595,2900,2900,AGC239142,WISEA J133943.29+324346.8,5808789.0,,,239142.0,False,True,0.0097
2696,149.687169,32.72027,1495,1778,1778,SDSSJ095844.92+324312.9,WISEA J095845.02+324312.5,6743175.0,,,,False,False,0.0059
2697,196.164211,32.6823,2348,2666,2666,PGC045211,KUG 1302+329,45211.0,88595.0,425920.0,233931.0,False,True,0.0089
2698,190.041715,32.65875,766,698,698,PGC042413,SDSS J124010.08+323930.4,42413.0,141838.0,628752.0,224207.0,False,True,0.0023
2699,191.752596,32.65163,520,1321,420,PGC091228,FGC 1497,91228.0,162404.0,670554.0,222683.0,False,True,0.0044
2700,227.921205,32.64298,2274,2722,2594,UGC09762,UGC 09762,54238.0,145910.0,592496.0,9762.0,False,True,0.0091
2701,163.09538,32.63733,1532,1870,1870,PGC032631,2MASXi J1052228+323813,32631.0,90229.0,432286.0,727732.0,False,True,0.0062
2702,173.433045,32.63389,2632,2902,2902,UGC06545,UGC 06545,35707.0,139741.0,611068.0,6545.0,True,True,0.0097
2703,132.604988,32.62188,2221,2431,2431,PGC2005238,SDSS J085025.18+323718.7,2005238.0,47854.0,232186.0,,False,False,0.0081
2704,150.791411,32.60624,1489,1775,1775,SDSSJ100309.92+323622.5,SDSS J100309.92+323622.4,4091429.0,85787.0,413322.0,205595.0,False,True,0.0059
2705,226.311665,32.60333,2536,2845,2845,AGC258694,SDSS J150514.76+323611.9,5808799.0,,,258694.0,False,True,0.0095
2706,227.98639,32.59806,2221,2544,2544,PGC2004197,WISEA J151156.73+323553.3,2004197.0,165983.0,333558.0,252647.0,False,True,0.0085
2707,173.314104,32.57735,2530,2806,2806,PGC035672,MCG +06-25-084,35672.0,139710.0,626825.0,212768.0,False,True,0.0094
2708,190.499555,32.57359,544,656,437,NGC4627,NGC 4627,42620.0,141958.0,628861.0,,False,False,0.0022
2709,190.532662,32.54252,616,397,504,NGC4631,NGC 4631,42637.0,,,7865.0,False,True,0.0013
2710,151.089165,32.53444,1448,1736,1736,AGC208773,WISEA J100421.35+323204.3,5808770.0,,,208773.0,False,True,0.0058
2711,143.67384,32.53436,1389,1650,1650,SDSSJ093441.75+323203.5,WISEA J093441.78+323203.8,4089571.0,85243.0,411442.0,,False,False,0.0055
2712,190.779666,32.49069,900,974,974,PGC042772,MCG +06-28-022,42772.0,,628933.0,226702.0,False,True,0.0032
2713,190.853003,32.48214,735,647,647,PGC2832120,PGC1 0042637 NED004,2832120.0,,,,False,False,0.0022
2714,145.190985,32.47247,1294,1555,1555,PGC027626,KUG 0937+327,27626.0,85257.0,411512.0,194071.0,False,True,0.0052
2715,175.279302,32.42746,1834,2185,2185,PGC036252,KUG 1138+327,36252.0,160368.0,662645.0,212954.0,False,True,0.0073
2716,178.100343,32.40384,3070,2523,3324,NGC3935,NGC 3935,37183.0,87589.0,422139.0,,False,False,0.0084
2717,179.475502,32.39945,3206,3457,3457,,SDSS J115754.24+322358.6,,,591437.0,,False,False,0.0115
2718,205.213054,32.39333,2669,2969,2969,AGC239143,SDSS J134051.07+322335.7,5808790.0,,,239143.0,False,True,0.0099
2719,174.010549,32.38566,2696,2963,2963,PGC035873,WAS 24,35873.0,160165.0,661810.0,,False,False,0.0099
2720,136.776085,32.37208,1941,2169,2169,SDSSJ090706.25+322219.5,WISEA J090706.29+322219.5,3528133.0,64671.0,317880.0,,False,False,0.0072
2721,149.587874,32.36989,1457,1449,1739,NGC3067,NGC 3067,28805.0,85746.0,413265.0,5351.0,True,True,0.0048
2722,175.374414,32.34986,1807,2161,2161,PGC036279,MRK 0746,36279.0,88814.0,426793.0,211117.0,False,True,0.0072
2723,179.376933,32.33425,3189,3440,3440,NGC3991,NGC 3991,37613.0,140494.0,627522.0,6933.0,False,True,0.0115
2724,179.433013,32.29391,3282,3118,3530,SDSSJ115742.61+321702.7,2MASXi J1157426+321702,4101433.0,,,6944.0,False,True,0.0104
2725,202.538649,32.28756,745,757,757,AGC239115,SDSS J133009.20+321715.9,5808788.0,,,239115.0,False,True,0.0025
2726,175.400007,32.28166,1811,2165,2165,SDSSJ114135.97+321653.9,SDSS J114135.97+321653.9,5098239.0,140076.0,627171.0,212955.0,False,True,0.0072
2727,179.403616,32.27767,3071,3327,3327,NGC3994,NGC 3994,37616.0,87608.0,422184.0,6936.0,False,True,0.0111
2728,152.568554,32.276,1467,1760,1760,,UGC 05482,,136678.0,623969.0,5482.0,False,True,0.0059
2729,178.83027,32.26853,3196,3446,3446,SDSSJ115519.26+321606.7,WISEA J115519.26+321606.8,4101196.0,87595.0,422159.0,,False,False,0.0115
2730,146.267398,32.2379,539,743,573,UGC05209,UGC 05209,27935.0,136065.0,623395.0,5209.0,False,True,0.0025
2731,165.643779,32.22751,1952,2259,2259,SDSSJ110234.52+321339.2,WISEA J110234.51+321339.2,4261994.0,93160.0,443877.0,747724.0,False,True,0.0075
2732,147.421666,32.2211,1534,1807,1807,NGC3011,NGC 3011,28259.0,157463.0,648804.0,5259.0,False,True,0.006
2733,176.664081,32.18677,2918,3176,3176,PGC1984626,SDSS J114639.38+321112.3,1984626.0,88828.0,426849.0,215964.0,False,True,0.0106
2734,192.914581,32.18056,846,852,852,AGC229439,WISEA J125139.80+321050.5,5808783.0,,,229439.0,False,True,0.0028
2735,190.990431,32.16964,646,379,529,NGC4656,NGC 4656,42863.0,162327.0,,7907.0,False,True,0.0013
2736,179.226015,32.15883,3069,4819,3324,IC2979,IC 2979,37559.0,87609.0,422186.0,,False,False,0.0161
2737,221.548181,32.145,2046,2381,2381,PGC1982466,WISEA J144611.45+320842.1,1982466.0,81687.0,394610.0,245262.0,False,True,0.0079
2738,204.023649,32.13958,2432,2745,2745,SDSSJ133605.53+320823.2,WISEA J133605.63+320821.6,5065527.0,,,239111.0,False,True,0.0092
2739,179.135547,32.13035,3085,3339,3339,PGC1981745,WISEA J115632.48+320749.5,1981745.0,87610.0,422187.0,216014.0,False,True,0.0111
2740,223.985421,32.12167,2120,2449,2449,AGC249563,WISEA J145556.46+320718.6,5808798.0,,,249563.0,False,True,0.0082
2741,166.194808,32.11461,1841,2161,2161,PGC1980945,WISEA J110446.75+320652.6,1980945.0,93154.0,443827.0,727818.0,False,True,0.0072
2742,185.510935,32.09592,1137,1532,1532,UGC07428,UGC 07428,40026.0,89277.0,428203.0,7428.0,False,True,0.0051
2743,204.225435,32.09532,3006,3289,3289,UGC08605,UGC 08605,48072.0,143686.0,611648.0,8605.0,False,True,0.011
2744,188.276993,32.09093,917,706,995,NGC4509,NGC 4509,41660.0,141620.0,628549.0,7704.0,False,True,0.0024
2745,204.189423,32.09061,3050,3331,3331,UGC08602,UGC 08602,48053.0,143682.0,611647.0,8602.0,False,True,0.0111
2746,148.625125,32.06168,1424,1701,1701,SDSSJ095430.02+320342.0,WISEA J095430.04+320343.5,4090878.0,85733.0,413178.0,194099.0,False,True,0.0057
2747,142.864215,32.06116,2430,2649,2649,PGC1978303,WISEA J093127.41+320340.1,1978303.0,85138.0,410890.0,,False,False,0.0088
2748,179.096409,32.0384,3227,3475,3475,IC2978,IC 2978,37515.0,87612.0,422192.0,6915.0,False,True,0.0116
2749,204.239573,32.03579,3067,3347,3347,PGC1977014,SDSS J133657.55+320208.4,1977014.0,93403.0,444845.0,,False,False,0.0112
2750,179.07855,32.03424,3157,3408,3408,SDSSJ115618.84+320203.2,WISEA J115618.80+320203.2,4101296.0,92204.0,440179.0,,False,False,0.0114
2751,119.881256,32.02417,3116,3280,3280,AGC175120,GALEXASC J075931.31+320128.9,6741497.0,,,175120.0,False,True,0.0109
2752,179.18421,32.02168,3251,4354,3498,NGC3986,NGC 3966,37544.0,87611.0,422191.0,6920.0,False,True,0.0145
2753,126.270576,32.01792,642,776,776,PGC086398,KUG 0821+321,86398.0,36013.0,174226.0,181562.0,False,True,0.0026
2754,152.241513,32.0105,1445,1736,1736,PGC029522,KUG 1006+322,29522.0,157888.0,650664.0,200110.0,False,True,0.0058
2755,175.510864,32.00109,1449,1860,1860,UGC06658,UGC 06658,36305.0,88816.0,426802.0,6658.0,False,True,0.0062
2756,135.0555,31.99841,1967,2189,2189,PGC025273,CGCG 150-056,25273.0,135602.0,623009.0,180575.0,True,True,0.0073
2757,135.230175,31.99313,1994,3072,2215,UGC04725,UGC 04725,25318.0,156994.0,648068.0,4725.0,False,True,0.0102
2758,145.879459,31.97694,1631,1999,1894,NGC2970,NGC 2970,27827.0,85510.0,412340.0,,True,False,0.0067
2759,145.885701,31.96756,1416,1682,1682,PGC1973445,WISEA J094332.56+315803.5,1973445.0,136050.0,623382.0,,False,False,0.0056
2760,174.935796,31.93124,2669,3926,2937,NGC3788,NGC 3788,36160.0,88792.0,426632.0,6623.0,True,True,0.0131
2761,145.800021,31.92871,1532,1017,1799,NGC2968,NGC 2968,27800.0,85513.0,412344.0,,True,False,0.0034
2762,221.390017,31.91566,1209,1573,1573,SDSSJ144533.59+315456.1,WISEA J144533.60+315456.7,4116814.0,145573.0,632187.0,245258.0,False,True,0.0052
2763,162.495575,31.90951,1609,1938,1938,UGC05934,UGC 05934,32437.0,138153.0,655702.0,5934.0,False,True,0.0065
2764,174.926754,31.90713,2701,3319,2967,NGC3786,NGC 3786,36158.0,140004.0,627102.0,,True,False,0.0111
2765,181.015985,31.89582,763,1109,672,NGC4062,NGC 4062,38150.0,92190.0,440111.0,7045.0,False,True,0.0037
2766,204.269552,31.8938,3019,3300,3300,SDSSJ133704.69+315337.9,WISEA J133704.60+315337.9,4109443.0,,,239112.0,False,True,0.011
2767,203.55444,31.89194,2509,2816,2816,PGC1969781,WISEA J133413.08+315331.3,1969781.0,93651.0,445498.0,233983.0,False,True,0.0094
2768,180.054794,31.86559,3120,3373,3373,PGC1968406,WISEA J120013.16+315156.0,1968406.0,92197.0,440162.0,,False,False,0.0113
2769,186.525125,31.85975,623,492,492,PGC1968108,WISEA J122606.04+315134.7,1968108.0,86473.0,416898.0,,False,False,0.0016
2770,162.67726,31.85812,3191,3416,3416,SDSSJ105042.56+315129.0,WISEA J105042.50+315128.5,4253978.0,90203.0,432123.0,747715.0,False,True,0.0114
2771,119.534994,31.85728,1185,1389,1389,SDSSJ075808.39+315126.1,SDSS J075808.38+315126.2,5077147.0,,,,False,False,0.0046
2772,145.726547,31.84711,1318,1513,1580,NGC2964,NGC 2964,27777.0,136042.0,623376.0,5183.0,True,True,0.005
2773,145.829541,31.82407,1469,1736,1736,PGC2832070,WISEA J094319.11+314926.6,2832070.0,85197.0,411247.0,,False,False,0.0058
2774,203.262487,31.81685,2758,3050,3050,PGC1965962,2MASS J13330291+3149013,1965962.0,93648.0,445479.0,,False,False,0.0102
2775,138.302596,31.80823,1898,2130,2130,IC2445,IC 2445,25985.0,157098.0,648235.0,4854.0,False,True,0.0071
2776,146.720964,31.79576,1427,1696,1696,PGC028086,KUG 0943+320,28086.0,85519.0,412386.0,194085.0,False,True,0.0057
2777,222.112739,31.79159,2867,3161,3161,IC4509,IC 4509,52874.0,165612.0,683356.0,9536.0,False,True,0.0105
2778,135.95125,31.78361,1980,2202,2202,AGC198686,SDSS J090348.56+314700.6,5808765.0,,,198686.0,False,True,0.0073
2779,204.25396,31.76658,3003,3236,3285,UGC08608,UGC 08608,48084.0,163783.0,676443.0,8608.0,False,True,0.0108
2780,234.76007,31.75991,2013,2202,2339,NGC5974,NGC 5974,55694.0,64025.0,314933.0,9952.0,False,True,0.0073
2781,192.108843,31.72179,846,831,831,PGC1961018,SDSS J124826.11+314318.5,1961018.0,86623.0,417721.0,,False,False,0.0028
2782,222.317679,31.68454,2065,2397,2397,SDSSJ144916.24+314104.3,WISEA J144916.19+314104.3,4117286.0,81713.0,394675.0,245270.0,False,True,0.008
2783,129.952656,31.68107,610,723,723,SDSSJ083948.68+314052.1,SDSS J083948.68+314052.1,4086236.0,47823.0,231927.0,181604.0,False,True,0.0024
2784,138.215562,31.68096,1904,2134,2134,PGC025970,WISEA J091251.72+314051.8,25970.0,64699.0,317959.0,190107.0,False,True,0.0071
2785,197.403722,31.6762,2159,2494,2494,PGC1958740,WISEA J130936.97+314034.1,1958740.0,90442.0,432941.0,,False,False,0.0083
2786,119.841254,31.67056,2338,2519,2519,AGC175096,GALEXASC J075922.08+314014.5,6740770.0,,,175096.0,False,True,0.0084
2787,216.83358,31.66537,1979,2321,2321,PGC1958193,SDSS J142720.07+313955.3,1958193.0,95476.0,453609.0,748499.0,False,True,0.0077
2788,217.255381,31.66127,1960,2304,2304,SDSSJ142901.30+313940.4,WISEA J142901.32+313940.0,4553490.0,95486.0,453685.0,748506.0,False,True,0.0077
2789,145.816877,31.6236,1333,1596,1596,SDSSJ094316.02+313725.1,SDSS J094316.01+313725.1,4090184.0,85195.0,411245.0,,False,False,0.0053
2790,137.997659,31.59331,757,893,893,PGC1954672,WISEA J091159.38+313535.0,1954672.0,64659.0,317809.0,194019.0,False,True,0.003
2791,184.103073,31.58615,1347,1811,1811,PGC1954347,WISEA J121624.75+313509.8,1954347.0,88452.0,425308.0,,False,False,0.006
2792,175.517496,31.57583,2799,3060,3060,AGC219659,WISEA J114204.21+313431.7,5808777.0,,,219659.0,False,True,0.0102
2793,181.958246,31.55213,562,435,435,SDSSJ120749.98+313307.7,WISEA J120749.97+313308.5,4560762.0,88478.0,425431.0,747826.0,False,True,0.0015
2794,159.181018,31.54647,582,516,556,UGC05764,UGC 05764,31477.0,137729.0,624968.0,5764.0,False,True,0.0017
2795,186.046402,31.52191,1251,1362,1715,NGC4359,NGC 4359,40330.0,89276.0,428159.0,7483.0,True,True,0.0045
2796,178.914471,31.51973,588,800,465,UGC06900,UGC 06900,37449.0,,627480.0,6900.0,False,True,0.0027
2797,147.593354,31.48779,520,486,535,UGC05272,UGC 05272,28317.0,85526.0,412422.0,5272.0,False,True,0.0016
2798,174.755214,31.48767,2721,2984,2984,PGC142884,2MASX J11390132+3129155,142884.0,88796.0,426647.0,212953.0,False,True,0.01
2799,230.560707,31.47511,2180,2500,2500,PGC054864,MRK 0850,54864.0,68068.0,334104.0,251558.0,False,True,0.0083
2800,175.886329,31.45787,1815,2170,2170,PGC036418,UGC 06684 NOTES01,36418.0,160449.0,662951.0,,False,False,0.0072
2801,147.581138,31.45614,536,556,556,PGC086265,UGC 05272b,86265.0,85521.0,412407.0,,False,False,0.0019
2802,175.836232,31.45582,1786,2145,2145,UGC06684,UGC 06684,36419.0,160440.0,662927.0,6684.0,False,True,0.0072
2803,221.366925,31.43383,1523,1891,1891,UGC09504,UGC 09504,1946946.0,,,9504.0,False,True,0.0063
2804,179.734124,31.41969,3028,3284,3284,SDSSJ115856.19+312510.8,WISEA J115856.20+312511.3,4101550.0,92202.0,440173.0,216030.0,False,True,0.011
2805,221.385414,31.41544,1502,1870,1870,UGC09506,UGC 09506,52702.0,81662.0,394407.0,,False,False,0.0062
2806,198.328329,31.41361,800,788,788,AGC239104,SDSS J131318.79+312449.4,5808785.0,,,239104.0,False,True,0.0026
2807,138.861795,31.40159,1882,2114,2114,UGC04878,UGC 04878,26108.0,,317787.0,4878.0,False,True,0.0071
2808,131.119229,31.35647,2201,2403,2403,SDSSJ084428.56+312123.5,SDSS J084428.56+312123.5,3996879.0,50367.0,244889.0,182582.0,False,True,0.008
2809,138.842023,31.35557,1936,2165,2165,,WISEA J091522.08+312120.1,,157131.0,,,False,False,0.0072
2810,181.643811,31.34294,547,818,420,PGC1942712,SDSS J120634.51+312034.6,1942712.0,88484.0,425443.0,,False,False,0.0027
2811,179.059013,31.304,652,525,525,PGC037523,SDSS J115614.12+311814.6,37523.0,140465.0,627495.0,212947.0,False,True,0.0018
2812,176.40395,31.29957,1790,1195,2150,PGC036653,IC 2957,36653.0,88778.0,426549.0,210752.0,False,True,0.004
2813,204.949222,31.29061,742,759,759,UGC08647,UGC 08647,48318.0,,,8647.0,False,True,0.0025
2814,180.321659,31.27724,2670,5058,2944,,2MASS J12011719+3116380,,,664924.0,,False,False,0.0169
2815,164.083662,31.27029,1281,1617,1617,PGC142873,WISEA J105620.06+311613.4,142873.0,87527.0,421792.0,205684.0,False,True,0.0054
2816,204.843071,31.24936,704,696,696,PGC214132,WISEA J133922.36+311457.4,214132.0,92114.0,439861.0,748168.0,False,True,0.0023
2817,169.337644,31.24682,2136,2432,2432,PGC034469,KUG 1114+315B,34469.0,91877.0,439205.0,215812.0,False,True,0.0081
2818,180.06733,31.22505,611,1625,479,PGC037838,KUG 1157+315,37838.0,92195.0,440148.0,210984.0,False,True,0.0054
2819,186.612942,31.22351,733,1303,600,NGC4414,NGC 4414,40692.0,141358.0,628313.0,7539.0,True,True,0.0043
2820,170.166027,31.22195,2188,2449,2481,UGC06355,UGC 06355,34733.0,86868.0,418864.0,6355.0,False,True,0.0082
2821,184.910184,31.21504,1351,1821,1821,SDSSJ121938.43+311253.9,WISEA J121938.44+311254.2,4572214.0,102900.0,480008.0,,False,False,0.0061
2822,133.888299,31.21166,2040,2253,2253,PGC025063,FBQS J085533.2+311242,25063.0,50379.0,245024.0,180545.0,True,True,0.0075
2823,127.606561,31.18974,2113,2311,2311,PGC023862,CGCG 149-040,23862.0,47797.0,231760.0,182570.0,False,True,0.0077
2824,170.191848,31.18308,2165,2460,2460,PGC213815,2MASX J11204605+3110598,213815.0,159645.0,659324.0,,False,False,0.0082
2825,173.909112,31.1746,878,911,911,SDSSJ113538.17+311028.6,WISEA J113538.15+311029.8,4099243.0,86574.0,417509.0,215923.0,False,True,0.003
2826,178.475718,31.16581,2794,3058,3058,PGC1934626,WISEA J115354.17+310956.7,1934626.0,87570.0,421994.0,215998.0,False,True,0.0102
2827,229.633785,31.16134,1656,2003,2003,SDSSJ151832.11+310940.2,WISEA J151832.12+310939.4,4018536.0,68048.0,333712.0,254097.0,False,True,0.0067
2828,223.686281,31.14559,1787,2134,2134,SDSSJ145444.70+310843.8,WISEA J145444.64+310843.6,4544702.0,81770.0,395020.0,748524.0,False,True,0.0071
2829,233.938965,31.13573,1692,2032,2032,SDSSJ153545.34+310808.5,SDSS J153545.34+310808.5,3566180.0,146258.0,632737.0,,False,False,0.0068
2830,164.199644,31.09036,1648,1980,1980,PGC032906,WISEA J105647.92+310525.2,32906.0,87528.0,656480.0,200698.0,False,True,0.0066
2831,278.925829,31.08088,2931,3206,3206,PGC1930809,PGC1 0062104 NED002,1930809.0,,,,False,False,0.0107
2832,127.41626,31.0772,2155,2351,2351,SDSSJ082939.90+310437.9,SDSS J082939.90+310437.9,3448849.0,47790.0,231740.0,,False,False,0.0078
2833,181.379228,31.0762,569,436,436,SDSSJ120531.04+310434.1,SDSS J120531.04+310434.1,4310323.0,140735.0,627746.0,,False,False,0.0015
2834,233.686915,31.05335,1865,2197,2197,UGC09910,UGC 09910,55493.0,166283.0,685552.0,9910.0,False,True,0.0073
2835,132.883389,30.96763,1995,2207,2207,PGC1925809,KUG 0848+311,1925809.0,50346.0,244766.0,721331.0,True,True,0.0074
2836,277.8125,30.96537,2945,3221,3221,UGC11263,UGC 11263,61984.0,,,,False,False,0.0107
2837,241.197306,30.96516,2427,2731,2731,PGC056989,UGC 10179 NED02,56989.0,,,10179.0,False,True,0.0091
2838,182.299171,30.9068,250,1094,182,UGC07131,UGC 07131,38598.0,,,,False,False,0.0036
2839,185.56971,30.88984,565,426,426,SDSSJ122216.72+305323.5,WISEA J122216.75+305323.6,4323538.0,102920.0,480059.0,,False,False,0.0014
2840,132.887272,30.86535,2034,2133,2244,NGC2679,NGC 2679,24884.0,135527.0,622944.0,,True,False,0.0071
2841,233.815986,30.86422,1776,2478,2111,NGC5961,NGC 5961,55515.0,146255.0,632734.0,9918.0,False,True,0.0083
2842,181.316013,30.85559,608,889,468,PGC038277,IC 2992,38277.0,102332.0,477742.0,220064.0,False,True,0.003
2843,180.265861,30.84453,3112,3362,3362,PGC037903,CGCG 157-085,37903.0,102313.0,477665.0,211360.0,False,True,0.0112
2844,179.956711,30.84443,3109,5432,3359,IC2986,IC 2986,37795.0,102251.0,477429.0,,False,False,0.0181
2845,279.0192,30.83945,2887,3162,3162,UGC11291,UGC 11291,62104.0,,,,False,False,0.0105
2846,223.750644,30.82476,1741,2090,2090,UGC09597,UGC 09597,53317.0,165790.0,683687.0,9597.0,False,True,0.007
2847,228.095253,30.81531,1618,1968,1968,SDSSJ151222.82+304855.5,SDSS J151222.82+304855.5,4005566.0,,,,False,False,0.0066
2848,185.148259,30.79731,1099,1452,1452,PGC039837,KUG 1218+310,39837.0,141186.0,628154.0,220408.0,False,True,0.0048
2849,182.86983,30.77809,642,494,494,SDSSJ121128.73+304641.1,WISEA J121128.74+304641.0,4315162.0,102598.0,478699.0,,False,False,0.0016
2850,147.088668,30.75933,1476,1743,1743,PGC1916762,SDSS J094821.28+304533.6,1916762.0,85476.0,412251.0,194090.0,False,True,0.0058
2851,133.110836,30.72695,2113,2320,2320,AGC189298,SDSS J085226.54+304334.9,5808764.0,,,189298.0,False,True,0.0077
2852,234.078813,30.72579,1750,2086,2086,PGC1915372,WISEA J153618.92+304333.0,1915372.0,56904.0,278951.0,,False,False,0.007
2853,241.157095,30.71479,803,1092,1092,UGC10175,UGC 10175,56959.0,57629.0,284364.0,10175.0,False,True,0.0036
2854,178.727024,30.70758,3254,3496,3496,PGC037376,WISEA J115454.50+304227.5,37376.0,160737.0,664184.0,210909.0,False,True,0.0117
2855,179.782455,30.69756,707,572,572,IC2984,IC 2984,37734.0,160851.0,664697.0,210960.0,False,True,0.0019
2856,234.081132,30.68233,1742,2133,2078,PGC055576,MRK 0689,55576.0,56903.0,278949.0,251077.0,False,True,0.0071
2857,146.621157,30.66461,1463,1728,1728,SDSSJ094629.08+303952.7,WISEA J094629.07+303953.2,4090391.0,85494.0,412291.0,194084.0,False,True,0.0058
2858,146.750835,30.66167,1396,1660,1660,AGC198425,SDSS J094700.22+303941.5,5808768.0,,,198425.0,False,True,0.0055
2859,242.511945,30.64578,2467,2768,2768,SDSSJ161002.86+303844.4,WISEA J161002.84+303844.6,4013281.0,146741.0,633166.0,262717.0,False,True,0.0092
2860,184.280658,30.64335,786,661,661,PGC039385,CGCG 158-058,39385.0,102740.0,479403.0,,False,False,0.0022
2861,278.778822,30.62606,2925,3199,3199,PGC062080,CGCG 173-013,62080.0,,,,False,False,0.0107
2862,165.4121,30.60819,1678,2012,2012,PGC126723,WISEA J110138.88+303630.3,126723.0,138594.0,625785.0,212946.0,False,True,0.0067
2863,165.384163,30.58844,1770,2094,2094,PGC2832078,SDSS J110132.20+303518.1,2832078.0,159151.0,657026.0,,False,False,0.007
2864,140.405415,30.58167,1744,1982,1982,AGC198687,WISEA J092137.39+303454.6,5808766.0,,,198687.0,False,True,0.0066
2865,185.840557,30.56208,674,517,517,PGC1908626,WISEA J122322.23+303341.2,1908626.0,,,724774.0,False,True,0.0017
2866,184.234352,30.55182,1146,1552,1552,SDSSJ121656.25+303306.1,SDSS J121656.25+303306.1,4319483.0,102911.0,480039.0,747848.0,False,True,0.0052
2867,131.251183,30.54093,2128,2329,2329,PGC024579,KUG 0841+307,24579.0,50365.0,244868.0,182584.0,False,True,0.0078
2868,146.455665,30.53411,1485,1749,1749,PGC027992,KUG 0942+307,27992.0,85498.0,412295.0,194082.0,False,True,0.0058
2869,205.485462,30.51936,958,1678,1184,PGC048501,UGCA 372,48501.0,92144.0,439939.0,230579.0,False,True,0.0056
2870,170.780466,30.47857,1611,1979,1979,PGC034952,KUG 1120+307,34952.0,159726.0,659659.0,210292.0,False,True,0.0066
2871,220.472217,30.42415,2436,2744,2744,SDSSJ144153.31+302527.0,WISEA J144153.31+302526.9,4428365.0,95873.0,455650.0,726778.0,False,True,0.0092
2872,188.320279,30.42186,869,817,817,SDSSJ123316.86+302518.4,WISEA J123316.90+302518.1,4331621.0,103104.0,480846.0,,False,False,0.0027
2873,179.736334,30.41235,757,953,630,NGC4020,NGC 4020,37723.0,160843.0,664675.0,6971.0,False,True,0.0032
2874,182.640252,30.40158,239,927,170,NGC4150,NGC 4150,38742.0,,,,False,False,0.0031
2875,199.843056,30.36787,2530,2830,2830,PGC1900987,WISEA J131922.29+302204.3,1900987.0,88389.0,424918.0,233950.0,False,True,0.0094
2876,185.064932,30.36035,709,550,550,PGC1900679,WISEA J122015.63+302137.2,1900679.0,102750.0,479435.0,,False,False,0.0018
2877,208.969585,30.34889,2249,2572,2572,AGC238914,GALEXASC J135552.82+302058.1,5808792.0,,,238914.0,False,True,0.0086
2878,106.614596,30.32224,982,1162,1162,UGC03672,UGC 03672,20154.0,134430.0,621930.0,,False,False,0.0039
2879,194.806064,30.31463,2459,2762,2762,PGC1898885,SDSS J125913.45+301856.4,1898885.0,,,229118.0,False,True,0.0092
2880,168.655051,30.31417,2001,2371,2308,UGC06271,UGC 06271,34260.0,91784.0,438857.0,6271.0,False,True,0.0079
2881,188.46306,30.27752,1175,963,1623,NGC4525,NGC 4525,41755.0,162019.0,668581.0,7714.0,True,True,0.0032
2882,109.173333,30.26444,3287,4908,3428,PGC090776,FGC 0614,90776.0,134457.0,621957.0,,False,False,0.0164
2883,199.913901,30.25651,2142,3594,2476,NGC5089,NGC 5089,46477.0,143305.0,611523.0,8371.0,False,True,0.012
2884,224.148887,30.23407,1804,2147,2147,NGC5789,NGC 5789,53414.0,165809.0,632301.0,9615.0,False,True,0.0072
2885,121.449281,30.23126,2312,2489,2489,PGC022726,CGCG 148-111,22726.0,31771.0,154979.0,180036.0,False,True,0.0083
2886,223.55055,30.2093,2837,3127,3127,PGC087676,UGC 09588,87676.0,145686.0,632282.0,9588.0,False,True,0.0104
2887,180.420165,30.1845,3086,3335,3335,PGC1893620,WISEA J120140.82+301104.8,1893620.0,102319.0,477695.0,724357.0,False,True,0.0111
2888,180.277468,30.17699,1077,1373,1373,PGC2832105,WISEA J120106.63+301037.1,2832105.0,140609.0,627633.0,,False,False,0.0046
2889,152.38189,30.15048,1377,1758,1661,UGC05478,UGC 05478,29549.0,157896.0,623945.0,5478.0,False,True,0.0059
2890,138.885195,30.14008,1895,2121,2121,PGC026113,CGCG 151-038,26113.0,84889.0,409974.0,190139.0,False,True,0.0071
2891,131.031654,30.11907,2076,3040,2277,UGC04559,UGC 04559,24530.0,135465.0,622890.0,4559.0,True,True,0.0101
2892,178.518473,30.10963,974,1093,1093,SDSSJ115404.43+300634.6,SDSS J115404.42+300634.6,4301309.0,102299.0,477612.0,724179.0,False,True,0.0036
2893,239.256593,30.09141,1716,2046,2046,SDSSJ155701.55+300528.9,SDSS J155701.55+300528.9,4119436.0,63937.0,314460.0,254134.0,False,True,0.0068
2894,234.299856,30.07717,1862,2191,2191,UGC09938,UGC 09938,55621.0,146282.0,632759.0,9938.0,False,True,0.0073
2895,185.486908,30.07433,636,726,473,NGC4308,NGC 4308,40011.0,102878.0,479909.0,,False,False,0.0024
2896,185.581123,30.06144,702,535,535,UGC07438,UGC 07438,40062.0,161603.0,667367.0,7438.0,False,True,0.0018
2897,184.631439,30.06109,626,465,465,SDSSJ121831.55+300339.9,SDSS J121831.55+300339.9,4555586.0,102883.0,479955.0,,False,False,0.0016
2898,202.078974,30.01925,2426,3758,2734,UGC08464,UGC 08464,47238.0,143510.0,630311.0,8464.0,False,True,0.0125
2899,224.40813,29.96825,1790,3605,2133,NGC5798,NGC 5798,53463.0,165827.0,683743.0,9628.0,False,True,0.012
2900,180.452273,29.95543,3105,3352,3352,PGC1884519,UGC 07017A,1884519.0,102255.0,477443.0,212371.0,False,True,0.0112
2901,202.061056,29.95264,2854,3135,3135,PGC1884420,SDSS J132814.66+295709.4,1884420.0,93582.0,445275.0,,False,False,0.0105
2902,190.933194,29.93508,1142,1564,1564,PGC2832121,SDSS J124343.93+295606.6,2832121.0,,,229062.0,False,True,0.0052
2903,182.323779,29.92766,593,726,438,NGC4136,NGC 4136,38618.0,140840.0,627842.0,7134.0,False,True,0.0024
2904,183.347369,29.92185,132,1210,82,PGC038998,KUG 1210+301B,38998.0,,,,False,False,0.004
2905,234.214583,29.91944,2039,2358,2358,AGC258641,SDSS J153651.43+295511.0,5808126.0,,,258641.0,False,True,0.0079
2906,133.154561,29.9113,1417,1640,1640,SDSSJ085237.09+295440.6,WISEA J085237.11+295440.1,5076132.0,,,,False,False,0.0055
2907,113.967071,29.90309,2492,2653,2653,SDSSJ073552.09+295410.9,WISEA J073552.15+295410.3,4015210.0,26081.0,128190.0,171556.0,False,True,0.0088
2908,180.06642,29.90136,3038,3288,3288,SDSSJ120015.94+295404.7,WISEA J120015.96+295404.7,4306138.0,102316.0,477680.0,,False,False,0.011
2909,185.63331,29.89544,982,726,1103,NGC4314,NGC 4314,40097.0,141243.0,611360.0,,True,False,0.0024
2910,184.911483,29.88315,220,1225,153,IC0779,IC 0779,39690.0,,,,False,False,0.0041
2911,243.943815,29.88142,2522,2818,2818,SDSSJ161546.52+295253.1,WISEA J161546.52+295253.1,3570309.0,57671.0,284613.0,262722.0,False,True,0.0094
2912,180.593754,29.86169,3126,3605,3373,UGC07017,UGC 07017,38009.0,102563.0,478566.0,7017.0,False,True,0.012
2913,109.178708,29.85488,3213,2871,3353,UGC03777,UGC 03777,20562.0,134458.0,621958.0,,False,False,0.0096
2914,165.309444,29.84806,692,641,641,PGC213770,WISEA J110114.26+295053.0,213770.0,87472.0,421650.0,215232.0,False,True,0.0021
2915,180.513092,29.84805,3074,3491,3322,UGC07012,UGC 07012,37976.0,102318.0,477688.0,7012.0,False,True,0.0116
2916,215.992825,29.826,3095,3372,3372,PGC1879598,2MASX J14235825+2949335,1879598.0,144995.0,631665.0,245201.0,False,True,0.0112
2917,211.18867,29.79434,2580,2879,2879,,SDSS J140445.32+294739.5,,144448.0,631157.0,,False,False,0.0096
2918,202.675835,29.7925,2944,3221,3221,AGC239039,WISEA J133042.14+294734.6,5808049.0,,,239039.0,False,True,0.0107
2919,193.496818,29.78864,2102,2439,2439,PGC043854,KUG 1251+300,43854.0,103504.0,482043.0,725161.0,False,True,0.0081
2920,164.995226,29.76959,2382,2644,2644,SDSSJ105958.87+294610.5,WISEA J105958.94+294610.0,4095912.0,87498.0,421708.0,205690.0,False,True,0.0088
2921,195.677984,29.74957,2507,2805,2805,PGC1876816,WISEA J130242.76+294459.2,1876816.0,89180.0,427785.0,233928.0,False,True,0.0094
2922,150.596566,29.72592,821,929,929,PGC3098502,KUG 0959+299,3098502.0,85807.0,413434.0,721856.0,False,True,0.0031
2923,180.957035,29.71558,3162,3499,3407,UGC07041,UGC 07041,38125.0,140689.0,627704.0,7041.0,False,True,0.0117
2924,185.333779,29.71547,908,1119,881,PGC1875560,SDSS J122120.10+294255.6,1875560.0,102874.0,479900.0,,False,False,0.0037
2925,187.993921,29.70976,644,726,474,UGC07673,UGC 07673,41512.0,141583.0,628513.0,7673.0,False,True,0.0024
2926,165.16663,29.70696,673,614,614,PGC2832077,PGC1 0033166 NED005,2832077.0,138556.0,625751.0,212945.0,False,True,0.002
2927,184.931555,29.65884,577,419,419,PGC213976,SDSS J121943.54+293931.7,213976.0,,,,False,False,0.0014
2928,246.825043,29.65831,797,1091,1091,,SDSS J162718.01+293929.9,,69692.0,342920.0,,False,False,0.0036
2929,194.45804,29.65421,2525,2821,2821,UGC08076,UGC 08076,44370.0,162674.0,671942.0,8076.0,True,True,0.0094
2930,241.117402,29.65102,2670,2962,2962,,WISEA J160428.17+293903.7,,146610.0,633043.0,,False,False,0.0099
2931,128.112036,29.64489,2043,2237,2237,SDSSJ083226.88+293841.6,SDSS J083226.88+293841.1,5077313.0,50258.0,589367.0,182572.0,False,True,0.0075
2932,189.308105,29.6308,790,638,638,PGC042115,KUG 1234+299,42115.0,103046.0,480572.0,220847.0,False,True,0.0021
2933,184.960745,29.61434,917,726,901,NGC4274,NGC 4274,39724.0,141155.0,628127.0,7377.0,False,True,0.0024
2934,109.150069,29.61011,3240,3379,3379,,CGCG 146-043 NED01,,156156.0,646572.0,,False,False,0.0113
2935,184.403213,29.60796,870,1109,784,NGC4245,NGC 4245,39437.0,102890.0,479971.0,,False,False,0.0037
2936,185.988949,29.59658,714,536,536,SDSSJ122357.33+293547.4,WISEA J122357.36+293548.3,4555424.0,102870.0,479877.0,,False,False,0.0018
2937,145.053261,29.59166,502,1383,510,PGC027591,KUG 0937+298,27591.0,157368.0,,194068.0,False,True,0.0046
2938,195.07875,29.55139,975,1127,1127,AGC239030,AGC 239030,5808033.0,,,239030.0,False,True,0.0038
2939,131.226252,29.54611,2184,2379,2379,AGC189165,WISEA J084454.31+293249.1,5807818.0,,,189165.0,False,True,0.0079
2940,131.177994,29.54533,2118,2315,2315,SDSSJ084442.71+293243.0,WISEA J084442.72+293243.0,4074615.0,50284.0,244424.0,,False,False,0.0077
2941,152.032107,29.54258,1019,1220,1220,UGC05464,UGC 05464,29468.0,86004.0,414323.0,5464.0,False,True,0.0041
2942,142.570529,29.54003,1701,2009,1943,NGC2893,NGC 2893,26979.0,135928.0,623283.0,5060.0,True,True,0.0067
2943,128.346309,29.53877,2083,2276,2276,NGC2604,NGC 2604,23998.0,156774.0,647626.0,4469.0,True,True,0.0076
2944,270.995403,29.52059,2880,3155,3155,UGC11103,UGC 11103,61343.0,,,,False,False,0.0105
2945,172.00245,29.51101,2503,1944,2769,NGC3687,NGC 3687,35285.0,101649.0,475081.0,6463.0,True,True,0.0065
2946,172.01714,29.51065,2219,2510,2510,PGC213835,WISEA J112804.13+293038.6,213835.0,139459.0,626585.0,,False,False,0.0084
2947,128.398413,29.49921,2111,2303,2303,NGC2604B,NGC 2604B,24004.0,50264.0,244339.0,,False,False,0.0077
2948,157.333632,29.49201,1367,2541,1671,NGC3254,NGC 3254,30895.0,137460.0,611236.0,5685.0,True,True,0.0085
2949,195.065265,29.48308,2468,2768,2768,SDSSJ130015.65+292858.9,WISEA J130015.64+292858.5,4107275.0,89168.0,427734.0,233925.0,False,True,0.0092
2950,188.408441,29.43698,1001,1161,1161,SDSSJ123338.00+292613.0,WISEA J123337.96+292613.5,4331869.0,,,229111.0,False,True,0.0039
2951,142.906962,29.42576,1606,1851,1851,SDSSJ093137.68+292532.5,GALEXASC J093137.93+292533.3,4203639.0,,,198567.0,False,True,0.0062
2952,154.868831,29.384,876,995,995,SDSSJ101928.52+292302.3,WISEA J101928.56+292301.9,4232621.0,107550.0,496964.0,722062.0,False,True,0.0033
2953,276.409287,29.37553,2898,4581,3170,UGC11231,UGC 11231,61861.0,,,,False,False,0.0153
2954,151.170519,29.36435,478,535,451,UGC05427,UGC 05427,29230.0,,,,False,False,0.0018
2955,148.174582,29.36139,1459,1725,1725,AGC190869,WISEA J095243.84+292053.9,5807864.0,,,190869.0,False,True,0.0058
2956,201.152915,29.35153,2375,2685,2685,SDSSJ132436.69+292105.4,2MASS J13243670+2921057,4108476.0,,,,False,False,0.009
2957,185.790546,29.34973,552,396,396,UGC07457,UGC 07457,40195.0,102866.0,479858.0,,False,False,0.0013
2958,148.182682,29.34795,1457,1723,1723,,,,,623477.0,,False,False,0.0057
2959,185.175327,29.34586,640,464,464,NGC4286,NGC 4286,39846.0,102682.0,479067.0,7398.0,False,True,0.0015
2960,148.185984,29.34181,1457,1723,1723,,WISEA J095244.63+292030.4,,136157.0,,,False,False,0.0057
2961,223.050419,29.31611,3107,3385,3385,AGC249497,SDSS J145212.08+291858.2,5808106.0,,,249497.0,False,True,0.0113
2962,148.239058,29.31083,1657,1918,1918,PGC028474,KUG 0950+295,28474.0,85587.0,412730.0,190561.0,False,True,0.0064
2963,185.086565,29.3108,988,1124,1103,NGC4283,NGC 4283,39800.0,141175.0,628144.0,,False,False,0.0037
2964,135.927181,29.29601,3010,3186,3186,IC2429,IC 2429,25446.0,135633.0,623036.0,190013.0,False,True,0.0106
2965,130.120525,29.28282,2189,2381,2381,SDSSJ084028.92+291657.9,WISEA J084028.93+291659.1,3996784.0,50281.0,244409.0,182578.0,False,True,0.0079
2966,185.028264,29.28064,621,1151,448,NGC4278,NGC 4278,39764.0,141166.0,611387.0,7386.0,False,True,0.0038
2967,146.244588,29.26556,1561,1818,1818,AGC198568,WISEA J094458.63+291554.6,5807858.0,,,198568.0,False,True,0.0061
2968,148.034132,29.23642,1540,1610,1804,NGC3032,NGC 3032,28424.0,157495.0,648865.0,5292.0,True,True,0.0054
2969,164.703747,29.22528,697,644,644,AGC208569,WISEA J105848.95+291332.8,5807914.0,,,208569.0,False,True,0.0021
2970,209.291433,29.21961,2246,2566,2566,SDSSJ135709.93+291310.4,WAS 81,4539577.0,94214.0,447487.0,,False,False,0.0086
2971,203.898505,29.21699,852,1327,911,UGC08578,UGC 08578,47938.0,86849.0,418763.0,8578.0,False,True,0.0044
2972,183.086748,29.20937,1126,631,1507,NGC4173,NGC 4173,38897.0,140909.0,627905.0,7204.0,False,True,0.0021
2973,185.60956,29.20884,914,726,876,NGC4310,NGC 4310,40086.0,,479871.0,7440.0,False,True,0.0024
2974,244.760601,29.17281,2536,2830,2830,PGC1857972,WISEA J161902.53+291022.4,1857972.0,57867.0,285166.0,262727.0,False,True,0.0094
2975,209.233341,29.16445,2376,3013,2686,NGC5375,NGC 5375,49604.0,94217.0,447514.0,8865.0,True,True,0.0101
2976,166.243004,29.13795,642,670,559,PGC033486,UGCA 225,33486.0,138698.0,625879.0,210027.0,False,True,0.0022
2977,165.184057,29.11277,2389,2648,2648,PGC033184,VV 515,33184.0,138558.0,625753.0,201094.0,False,True,0.0088
2978,144.031325,29.11207,1659,1905,1905,PGC027311,KUG 0933+293,27311.0,85153.0,411053.0,190380.0,True,True,0.0064
2979,185.072497,29.10244,720,532,532,SDSSJ122017.39+290609.1,WISEA J122017.45+290609.4,4546521.0,161515.0,667130.0,,False,False,0.0018
2980,197.051248,29.08824,827,758,758,[STE2000]B130549.35+292116.6,GALEXASC J130812.42+290517.4,4612654.0,,,239031.0,False,True,0.0025
2981,184.89783,29.08371,936,933,933,SDSSJ121935.46+290500.8,WISEA J121935.50+290500.3,4321544.0,141142.0,628115.0,,False,False,0.0031
2982,209.375006,29.05814,2258,2576,2576,PGC5065939,WISEA J135729.48+290332.7,5065939.0,144164.0,630893.0,238888.0,False,True,0.0086
2983,189.625522,29.05499,755,574,574,PGC083567,KUG 1236+293,83567.0,103330.0,481554.0,724993.0,False,True,0.0019
2984,184.214177,29.0547,1102,1451,1451,SDSSJ121651.41+290317.1,SDSS J121651.40+290317.0,4319418.0,102687.0,479082.0,,False,False,0.0048
2985,250.284622,29.044,2910,3191,3191,,WISEA J164108.28+290238.1,,147197.0,633556.0,,False,False,0.0106
2986,185.319195,29.0391,618,441,441,PGC1853813,WISEA J122116.63+290220.6,1853813.0,102873.0,479896.0,,False,False,0.0015
2987,188.730852,29.03749,2841,3109,3109,SDSSJ123455.41+290214.7,SDSS J123455.41+290214.7,4332845.0,,,229291.0,False,True,0.0104
2988,180.274587,28.99525,2964,3214,3214,PGC142889,2MASX J12010593+2859429,142889.0,102274.0,477525.0,226563.0,False,True,0.0107
2989,201.140775,28.99289,2395,2702,2702,SDSSJ132433.77+285934.3,SDSS J132433.77+285934.3,4108469.0,88351.0,424706.0,233958.0,False,True,0.009
2990,248.447894,28.98452,960,2262,1274,UGC10445,UGC 10445,58501.0,69721.0,343201.0,10445.0,False,True,0.0075
2991,181.019827,28.98089,913,879,879,PGC038153,KUG 1201+292,38153.0,,627713.0,220028.0,False,True,0.0029
2992,165.100187,28.97497,681,998,615,NGC3486,NGC 3486,33166.0,138542.0,625739.0,6079.0,False,True,0.0033
2993,192.278983,28.95776,2398,2701,2701,[RGK2003]J124907.00+285727.9,SDSS J124906.79+285730.0,4621400.0,,,,False,False,0.009
2994,151.575632,28.94496,1362,1774,1637,PGC029347,UGCA 201,29347.0,107148.0,495546.0,200055.0,True,True,0.0059
2995,193.669165,28.93874,2493,2094,2789,NGC4793,NGC 4793,43939.0,142509.0,629388.0,8033.0,True,True,0.007
2996,193.688936,28.92505,2360,2667,2667,PGC214037,PGC1 0043939 NED002,214037.0,142511.0,629389.0,,False,False,0.0089
2997,158.194287,28.92043,1805,2093,2093,SDSSJ103246.63+285513.4,WISEA J103246.69+285513.2,4546806.0,107761.0,497681.0,208562.0,False,True,0.007
2998,184.26416,28.91394,885,789,789,PGC1849931,SDSS J121703.43+285449.2,1849931.0,102795.0,479646.0,,False,False,0.0026
2999,185.808177,28.89382,576,1742,408,IC3247,IC 3247,40205.0,161637.0,667462.0,7459.0,False,True,0.0058
3000,165.930807,28.88713,708,1189,644,NGC3510,NGC 3510,33408.0,100677.0,472983.0,6126.0,False,True,0.004
3001,149.190405,28.82596,510,687,495,UGC05340,UGC 05340,28714.0,136251.0,623560.0,5340.0,False,True,0.0023
3002,194.776643,28.81178,998,1177,1177,PGC1846725,WISEA J125906.48+284842.6,1846725.0,89104.0,427578.0,,False,False,0.0039
3003,157.778262,28.79659,1425,1732,1732,NGC3265,NGC 3265,31029.0,107764.0,497691.0,5705.0,True,True,0.0058
3004,129.582068,28.78993,2669,2842,2842,PGC3095094,WISEA J083819.66+284723.7,3095094.0,135383.0,622813.0,,False,False,0.0095
3005,181.303258,28.78191,3153,3395,3395,UGC07072,UGC 07072,38268.0,102495.0,478264.0,7072.0,False,True,0.0113
3006,250.089288,28.76552,976,1291,1291,SDSSJ164021.43+284555.9,SDSS J164021.43+284555.9,4123676.0,69715.0,343115.0,262737.0,False,True,0.0043
3007,225.279839,28.76086,1821,2158,2158,SDSSJ150107.16+284539.2,WISEA J150107.08+284539.7,4443809.0,,,733373.0,False,True,0.0072
3008,142.24612,28.75796,1228,1459,1459,PGC1845056,SDSS J092859.06+284528.5,1845056.0,84921.0,410169.0,194058.0,False,True,0.0049
3009,128.807646,28.75335,2052,3525,2244,UGC04482,UGC 04482,24104.0,156791.0,647654.0,4482.0,False,True,0.0118
3010,184.180271,28.73101,1210,726,1687,UGC07300,UGC 07300,39343.0,161366.0,666621.0,7300.0,False,True,0.0024
3011,233.786606,28.69986,2031,2347,2347,PGC1843345,2MASS J15350887+2842003,1843345.0,68098.0,334763.0,,False,False,0.0078
3012,165.451278,28.68993,698,631,631,UGC06102,UGC 06102,33264.0,100638.0,472859.0,6102.0,False,True,0.0021
3013,165.964167,28.68778,667,586,586,AGC219369,GALEXASC J110351.59+284117.5,5807916.0,,,219369.0,False,True,0.002
3014,156.413499,28.68042,1473,1772,1772,SDSSJ102539.23+284049.4,WISEA J102539.27+284049.4,4545016.0,107507.0,624553.0,722198.0,False,True,0.0059
3015,200.470619,28.66881,2447,2749,2749,UGC08401,UGC 08401,46666.0,143388.0,630193.0,8401.0,False,True,0.0092
3016,158.712726,28.66404,1316,1620,1620,PGC1842340,SDSS J103451.08+283950.8,1842340.0,107942.0,498381.0,722308.0,False,True,0.0054
3017,233.70479,28.65531,2012,2329,2329,NGC5958,NGC 5958,55494.0,166286.0,685556.0,9909.0,False,True,0.0078
3018,245.367399,28.63985,892,596,1195,UGC10351,UGC 10351,57906.0,57836.0,285025.0,10351.0,False,True,0.002
3019,156.754755,28.63935,1324,1766,1619,NGC3245A,NGC 3245A,30714.0,107715.0,497538.0,5662.0,True,True,0.0059
3020,186.974961,28.63364,1053,1310,1310,,VV 279b,,141429.0,628374.0,,False,False,0.0044
3021,237.89667,28.62861,2252,2556,2556,AGC258645,GALEXASC J155135.17+283745.4,5808132.0,,,258645.0,False,True,0.0085
3022,187.064399,28.62032,682,1494,484,NGC4448,NGC 4448,40988.0,103040.0,480536.0,7591.0,True,True,0.005
3023,164.942284,28.61092,698,634,634,SDSSJ105946.15+283639.2,WISEA J105946.10+283640.3,4571906.0,138520.0,625720.0,722731.0,False,True,0.0021
3024,126.562337,28.60629,2699,2866,2866,SDSSJ082614.96+283622.6,WISEA J082614.97+283622.5,3996510.0,50201.0,,182559.0,False,True,0.0096
3025,184.3109,28.60403,1210,1690,1690,SDSSJ121714.62+283614.4,WISEA J121714.67+283614.1,4319726.0,102796.0,479649.0,229284.0,False,True,0.0056
3026,162.050704,28.60181,1596,561,1919,NGC3380,NGC 3380,32287.0,158784.0,655474.0,5906.0,False,True,0.0019
3027,156.083753,28.57556,1355,1649,1649,AGC208560,AGC 208560,5807890.0,,,208560.0,False,True,0.0055
3028,185.894997,28.57472,2368,2666,2666,AGC229288,WISEA J122334.72+283429.6,5808011.0,,,229288.0,False,True,0.0089
3029,172.788993,28.56647,1581,1967,1967,NGC3712,NGC 3712,35507.0,139604.0,474877.0,6506.0,False,True,0.0066
3030,184.985411,28.55536,2572,2851,2851,PGC039740,KUG 1217+288,39740.0,161510.0,667103.0,724701.0,False,True,0.0095
3031,158.351795,28.55287,1286,1583,1583,SDSSJ103324.43+283310.1,SDSS J103323.80+283314.7,4242702.0,,,,False,False,0.0053
3032,147.730625,28.55115,1481,1819,1742,NGC3026,NGC 3026,28351.0,85541.0,412489.0,5279.0,True,True,0.0061
3033,157.693953,28.54588,1804,2089,2089,SDSSJ103046.54+283245.1,WISEA J103046.56+283246.0,6749690.0,,,,False,False,0.007
3034,172.832685,28.52364,1564,1953,1953,PGC1838290,SDSS J113119.85+283125.0,1838290.0,101591.0,474853.0,,False,False,0.0065
3035,186.712503,28.51306,2501,2788,2788,AGC229290,WISEA J122650.98+283048.4,5808012.0,,,229290.0,False,True,0.0093
3036,158.231084,28.5117,1416,1875,1725,NGC3277,NGC 3277,31166.0,137625.0,624873.0,5731.0,True,True,0.0063
3037,156.826626,28.50741,1358,1583,1656,NGC3245,NGC 3245,30744.0,158347.0,652853.0,,True,False,0.0053
3038,271.908391,28.4873,2695,2969,2969,UGC11123,UGC 11123,61429.0,,,,False,False,0.0099
3039,168.016255,28.48636,1551,1913,1913,UGC06241,UGC 06241,34068.0,101372.0,474284.0,6241.0,False,True,0.0064
3040,158.043274,28.48308,1582,1885,1885,PGC031115,WISEA J103210.39+282859.1,31115.0,107759.0,497677.0,,False,False,0.0063
3041,128.821582,28.47347,2154,1722,2340,NGC2608,NGC 2608,24111.0,135296.0,622728.0,4484.0,True,True,0.0057
3042,191.158898,28.47249,950,710,976,PGC042931,UGCA 294,42931.0,162353.0,670159.0,220984.0,False,True,0.0024
3043,250.092298,28.47156,964,1276,1276,PGC1836768,SDSS J164022.15+282817.6,1836768.0,69713.0,343111.0,262738.0,False,True,0.0043
3044,162.689511,28.46907,1412,1748,1748,NGC3400,NGC 3400,32499.0,158857.0,655819.0,,False,False,0.0058
3045,186.539697,28.46582,1218,1714,1714,SDSSJ122609.52+282757.0,IC 3334,4326375.0,103023.0,480493.0,724831.0,False,True,0.0057
3046,219.036063,28.45034,1910,2532,2248,PGC052193,HARO 43,52193.0,145336.0,631970.0,240512.0,False,True,0.0084
3047,138.427497,28.42528,2017,2229,2229,AGC198562,GALEXASC J091342.60+282535.2,5807832.0,,,198562.0,False,True,0.0074
3048,183.329706,28.42257,1023,1192,1192,PGC166125,PGC1 0040692 NED044,166125.0,102666.0,479005.0,223218.0,False,True,0.004
3049,158.088882,28.42018,1622,1923,1923,PGC1835227,SDSS J103221.37+282513.3,1835227.0,107745.0,497620.0,,False,False,0.0064
3050,166.791357,28.37555,1004,1170,1170,PGC1833985,SDSS J110709.90+282231.9,1833985.0,100613.0,472761.0,731551.0,False,True,0.0039
3051,175.103616,28.3739,1834,3303,2183,UGC06637,UGC 06637,36211.0,101973.0,476344.0,6637.0,True,True,0.011
3052,185.371572,28.36901,2574,2853,2853,PGC039946,KUG 1218+286,39946.0,161564.0,480390.0,224216.0,False,True,0.0095
3053,181.347111,28.36575,558,393,393,PGC038286,KUG 1202+286,38286.0,102502.0,478289.0,220071.0,False,True,0.0013
3054,162.99645,28.3626,1350,1684,1684,PGC2807139,PGC1 0032533 NED006,2807139.0,,,,False,False,0.0056
3055,180.446485,28.36097,842,701,701,PGC126724,SDSS J120147.13+282141.0,126724.0,140630.0,627652.0,212835.0,False,True,0.0023
3056,192.613132,28.35285,515,1429,369,UGC07990,UGC 07990,43450.0,142433.0,611427.0,7990.0,False,True,0.0048
3057,140.011146,28.3493,1916,2136,2136,SDSSJ092002.66+282057.4,SDSS J092002.66+282057.4,4088752.0,,409763.0,,False,False,0.0071
3058,178.767557,28.34789,504,359,359,SDSSJ115504.20+282052.3,SDSS J115504.20+282052.3,4561602.0,102179.0,477157.0,,False,False,0.0012
3059,250.395985,28.34554,2676,2961,2961,SDSSJ164135.04+282043.9,WISEA J164135.02+282043.9,4123733.0,69709.0,343091.0,,False,False,0.0099
3060,178.843716,28.34154,558,400,400,PGC037416,KUG 1152+286,37416.0,102178.0,477156.0,731823.0,False,True,0.0013
3061,259.8815,28.33159,2999,3274,3274,UGC10808,UGC 10808,60080.0,167335.0,687901.0,,False,False,0.0109
3062,200.735277,28.31645,2390,2864,2696,NGC5117,NGC 5117,46746.0,88353.0,424718.0,8411.0,True,True,0.0096
3063,184.849101,28.30998,2534,4126,2816,IC0777,IC 0777,39663.0,102983.0,480363.0,7363.0,False,True,0.0138
3064,196.011319,28.30904,739,581,581,PGC1832164,WISEA J130402.68+281831.8,1832164.0,89052.0,427500.0,233930.0,False,True,0.0019
3065,170.200502,28.29748,2236,2517,2517,PGC1831799,WISEA J112048.17+281749.5,1831799.0,101280.0,474099.0,211185.0,False,True,0.0084
3066,181.392753,28.23222,510,358,358,SDSSJ120534.26+281356.4,SDSS J120534.25+281356.4,4562575.0,102503.0,478290.0,731921.0,False,True,0.0012
3067,184.428626,28.20185,2546,2826,2826,PGC039438,MCG +05-29-049a,39438.0,102809.0,479681.0,732042.0,False,True,0.0094
3068,184.584102,28.18831,703,495,495,PGC213969,WISEA J121820.22+281118.3,213969.0,,,,False,False,0.0017
3069,179.827395,28.17805,2930,3179,3179,SDSSJ115918.60+281040.6,WISEA J115918.61+281041.4,4305333.0,102486.0,478234.0,731858.0,False,True,0.0106
3070,184.534584,28.17528,1069,1038,1348,NGC4251,NGC 4251,39492.0,161428.0,666837.0,,False,False,0.0035
3071,236.681229,28.16221,2112,2421,2421,SDSSJ154643.48+280943.7,WISEA J154643.52+280941.1,4477460.0,,,,False,False,0.0081
3072,171.266715,28.1599,1594,1969,1969,SDSSJ112504.00+280935.6,SDSS J112504.00+280935.6,4546173.0,101616.0,474960.0,,False,False,0.0066
3073,160.983411,28.14717,1470,2074,1794,UGC05844,UGC 05844,31996.0,,498986.0,5844.0,False,True,0.0069
3074,207.003023,28.13027,1342,1765,1765,,WISEA J134800.73+280748.9,,143884.0,,,False,False,0.0059
3075,163.673969,28.12531,1606,1936,1936,SDSSJ105441.75+280731.0,WISEA J105441.75+280731.3,4572094.0,108138.0,499137.0,731524.0,False,True,0.0065
3076,126.448321,28.11818,2195,2824,2374,UGC04395,UGC 04395,23643.0,50209.0,244047.0,4395.0,True,True,0.0094
3077,162.849784,28.11202,1257,1574,1574,NGC3418,NGC 3418,32549.0,108155.0,499174.0,5963.0,False,True,0.0053
3078,194.994884,28.09775,2998,3261,3261,[RGK2003]J125958.80+280552.0,WISEA J125958.72+280551.6,4621471.0,142773.0,629645.0,,False,False,0.0109
3079,236.413776,28.08852,2145,3349,2452,IC4582,IC 4582,55967.0,146388.0,632846.0,10021.0,False,True,0.0112
3080,180.658335,28.0825,2029,2360,2360,AGC229276,SDSS J120238.04+280456.9,5807992.0,,,229276.0,False,True,0.0079
3081,180.857502,28.08111,3212,3449,3449,AGC749226,AGC 749226,5059175.0,,,749226.0,False,True,0.0115
3082,162.706098,28.05849,1530,1861,1861,SDSSJ105049.54+280329.7,WISEA J105049.49+280329.7,4576692.0,108120.0,499063.0,,False,False,0.0062
3083,166.782102,28.05656,1490,1851,1851,SDSSJ110707.70+280323.6,SDSS J110707.70+280323.6,4546216.0,100578.0,472702.0,731550.0,False,True,0.0062
3084,166.012269,28.03679,1372,1875,1729,NGC3512,NGC 3512,33432.0,159215.0,657348.0,6128.0,False,True,0.0063
3085,157.982423,28.02594,450,778,379,PGC1824266,SDSS J103155.79+280133.7,1824266.0,,,,False,False,0.0026
3086,185.078331,28.02528,2282,2587,2587,AGC749232,AGC 749232,5059190.0,,,749232.0,False,True,0.0086
3087,162.846466,28.02391,1716,2030,2030,SDSSJ105123.21+280125.6,WISEA J105123.12+280126.3,4559931.0,,,,False,False,0.0068
3088,152.966217,28.02151,1315,1589,1589,SDSSJ101151.90+280117.2,WISEA J101151.85+280118.1,4227879.0,,,208558.0,False,True,0.0053
3089,147.546096,28.01281,1443,1701,1701,PGC028305,KUG 0947+282,28305.0,85540.0,412487.0,191353.0,False,True,0.0057
3090,162.804246,28.00623,1195,1490,1490,PGC093597,WISEA J105113.01+280022.2,93597.0,108123.0,499068.0,,False,False,0.005
3091,162.782939,27.97962,1849,2148,2148,PGC1823017,WISEA J105107.87+275846.2,1823017.0,,,,False,False,0.0072
3092,162.817584,27.97504,1460,1866,1795,NGC3414,NGC 3414,32533.0,138201.0,625413.0,5959.0,False,True,0.0062
3093,165.796792,27.97231,1539,1469,1888,NGC3504,NGC 3504,33371.0,138642.0,625828.0,6118.0,True,True,0.0049
3094,162.152413,27.96982,2359,2610,2610,PGC032319,KUG 1045+282,32319.0,158797.0,655530.0,201105.0,False,True,0.0087
3095,188.990341,27.95968,814,578,614,NGC4559,NGC 4559,42002.0,,,7766.0,True,True,0.0019
3096,136.095105,27.95297,3000,3170,3170,IC2430,IC 2430,25467.0,84655.0,409113.0,4755.0,False,True,0.0106
3097,152.332452,27.94572,583,563,563,SDSSJ100919.79+275644.3,WISEA J100919.76+275644.4,4226344.0,,,208477.0,False,True,0.0019
3098,165.999369,27.93784,1422,1781,1781,SDSSJ110359.83+275616.1,WISEA J110359.82+275616.0,4571781.0,100609.0,472754.0,,False,False,0.0059
3099,162.3018,27.9258,1408,2479,1741,UGC05921,UGC 05921,32368.0,108114.0,499033.0,5921.0,False,True,0.0083
3100,183.524481,27.90147,2588,2862,2862,SDSSJ121405.91+275405.4,WISEA J121405.83+275404.6,4547352.0,102659.0,478986.0,,False,False,0.0095
3101,112.323022,27.90021,862,2275,1024,UGC03876,UGC 03876,21120.0,134528.0,622028.0,3876.0,False,True,0.0076
3102,132.800555,27.88001,402,630,423,SDSSJ085112.11+275248.1,SDSS J085112.11+275248.1,4087020.0,,,,False,False,0.0021
3103,126.435426,27.87455,2078,2260,2260,IC2361,IC 2361,23646.0,50207.0,244036.0,4394.0,True,True,0.0075
3104,147.197754,27.87373,1317,1567,1567,SDSSJ094847.46+275225.4,WISEA J094847.44+275225.6,4090549.0,85542.0,412504.0,194091.0,False,True,0.0052
3105,162.816057,27.84875,1184,1983,1474,UGC05958,UGC 05958,32532.0,108151.0,499168.0,5958.0,False,True,0.0066
3106,186.855093,27.84102,1046,1273,1273,SDSSJ122725.22+275027.2,SDSS J122725.22+275027.2,4327316.0,103030.0,480509.0,732129.0,False,True,0.0042
3107,194.922145,27.83739,3238,3489,3489,[MBC2001]039119,WISEA J125941.27+275014.0,4612806.0,142749.0,629622.0,,False,False,0.0116
3108,221.606534,27.83026,2553,2847,2847,SDSSJ144625.55+274949.0,WISEA J144625.41+274950.4,4431773.0,96173.0,457075.0,733094.0,False,True,0.0095
3109,225.8772,27.82494,2887,3167,3167,UGC09676,UGC 09676,53737.0,145776.0,632352.0,9676.0,False,True,0.0106
3110,162.904787,27.82216,1328,1658,1658,PGC2793673,SDSS J105137.14+274919.6,2793673.0,108060.0,498838.0,,False,False,0.0055
3111,184.284204,27.79531,971,990,990,PGC1818175,SDSS J121708.20+274742.9,1818175.0,102808.0,479678.0,,False,False,0.0033
3112,279.480426,27.79322,3145,2917,3405,UGC11307,UGC 11307,62162.0,,,,False,False,0.0097
3113,134.397198,27.76809,2295,2484,2484,PGC1817480,WISEA J085735.33+274605.5,1817480.0,84591.0,408811.0,,False,False,0.0083
3114,149.372565,27.75673,1182,1419,1419,SDSSJ095729.39+274524.3,WISEA J095729.36+274524.2,4571034.0,107126.0,495416.0,731430.0,False,True,0.0047
3115,186.598077,27.74561,370,815,255,IC3341,IC 3341,40682.0,,,,False,False,0.0027
3116,196.448308,27.73406,2532,2957,2823,NGC4961,NGC 4961,45311.0,104307.0,483463.0,8185.0,True,True,0.0099
3117,199.69167,27.73167,2455,2754,2754,,PGC1 0046387 GROUP,,,,8363.0,False,True,0.0092
3118,166.166477,27.72361,2574,2818,2818,UGC06138,UGC 06138,33463.0,159231.0,657420.0,6138.0,False,True,0.0094
3119,128.427398,27.7121,2231,2411,2411,PGC024012,KUG 0830+278,24012.0,64477.0,316628.0,180350.0,True,True,0.008
3120,196.456397,27.71102,2527,2818,2818,PGC2806873,LSBC D508-01,2806873.0,142963.0,629823.0,,False,False,0.0094
3121,247.525347,27.69936,2600,3012,2885,UGC10419,UGC 10419,58370.0,166958.0,686857.0,10419.0,False,True,0.01
3122,161.626896,27.69894,1542,1865,1865,SDSSJ104630.44+274156.2,WISEA J104630.46+274156.6,4251293.0,108074.0,498889.0,,False,False,0.0062
3123,140.571312,27.69067,1937,2155,2155,SDSSJ092217.12+274126.4,WISEA J092217.12+274126.4,4088897.0,84777.0,409538.0,194045.0,False,True,0.0072
3124,158.07183,27.66879,532,558,466,NGC3274,NGC 3274,31122.0,107945.0,498393.0,5721.0,False,True,0.0019
3125,189.583299,27.66007,1221,1739,1739,PGC2832117,SDSS J123819.99+273935.5,2832117.0,141770.0,628686.0,,False,False,0.0058
3126,161.756125,27.64044,1532,1857,1857,SDSSJ104701.47+273825.6,SDSS J104701.45+273825.5,6657022.0,,,,False,False,0.0062
3127,229.77875,27.64,1942,2263,2263,AGC749345,AGC 749345,5058799.0,,,749345.0,False,True,0.0075
3128,163.05885,27.62329,1583,1912,1912,PGC1813510,WISEA J105214.08+273724.3,1813510.0,108152.0,499169.0,,False,False,0.0064
3129,184.969126,27.62096,2312,2747,2612,NGC4275,NGC 4275,39728.0,102820.0,479740.0,7382.0,False,True,0.0092
3130,187.370418,27.61444,974,995,995,AGC749238,AGC 749238,5059714.0,,,749238.0,False,True,0.0033
3131,237.257325,27.61005,2186,4780,2489,PGC056110,CGCG 166-060,56110.0,146429.0,581010.0,251262.0,False,True,0.0159
3132,200.063716,27.60519,2423,2724,2724,PGC1813002,WISEA J132015.23+273618.4,1813002.0,,,238829.0,False,True,0.0091
3133,144.448362,27.56735,1602,1845,1845,PGC027427,KUG 0934+277,27427.0,,623330.0,191707.0,False,True,0.0062
3134,190.206927,27.56399,1118,1522,1522,PGC083572,KUG 1238+278B,83572.0,103289.0,481424.0,229001.0,False,True,0.0051
3135,188.837755,27.56213,1208,1721,1721,SDSSJ123521.05+273343.6,WISEA J123521.10+273342.9,4537574.0,103178.0,481144.0,732179.0,False,True,0.0057
3136,186.46342,27.56071,747,807,517,NGC4393,NGC 4393,40600.0,141337.0,628293.0,7521.0,False,True,0.0027
3137,159.068851,27.53843,1369,1678,1678,PGC166106,SDSS J103616.49+273220.6,166106.0,158542.0,653788.0,201989.0,False,True,0.0056
3138,193.067325,27.53309,558,392,392,,KUG 1249+278,,142454.0,629336.0,,False,False,0.0013
3139,184.426705,27.48426,1172,1636,1636,SDSSJ121742.41+272903.6,WISEA J121742.42+272904.1,4562751.0,141073.0,628054.0,732041.0,False,True,0.0055
3140,248.139822,27.45858,2604,2888,2888,PGC058475,MCG +05-39-004,58475.0,,,749369.0,False,True,0.0096
3141,171.107592,27.45643,1500,1891,1891,UGC06421,UGC 06421,35044.0,101570.0,474805.0,6421.0,False,True,0.0063
3142,166.626633,27.39457,2634,2874,2874,SDSSJ110630.38+272340.3,WISEA J110630.46+272340.5,4547308.0,100779.0,473249.0,731547.0,False,True,0.0096
3143,157.540185,27.38874,1322,1617,1617,AGC749316,AGC 749316,5059094.0,,,749316.0,False,True,0.0054
3144,163.076562,27.38711,1670,1989,1989,SDSSJ105218.32+272314.2,WISEA J105218.38+272314.0,4576229.0,108055.0,498816.0,749323.0,False,True,0.0066
3145,206.290229,27.33627,901,1014,1014,AGC238847,AGC 238847,5060335.0,,,238847.0,False,True,0.0034
3146,150.142521,27.31701,2615,2821,2821,SDSSJ100034.17+271901.4,PGC1 4221031 NED001,4221031.0,,,749307.0,False,True,0.0094
3147,147.570742,27.30486,1426,1681,1681,PGC028311,KUG 0947+275,28311.0,,,731420.0,False,True,0.0056
3148,162.558308,27.30112,1678,1994,1994,SDSSJ105013.89+271803.9,SDSS J105013.89+271803.9,4558491.0,138166.0,625380.0,,False,False,0.0067
3149,142.900591,27.29629,1512,1750,1750,SDSSJ093136.15+271746.6,WISEA J093136.16+271748.0,4089411.0,,410537.0,194060.0,False,True,0.0058
3150,185.105559,27.29253,1150,1592,1592,,SDSS J122025.32+271733.5,,141179.0,,,False,False,0.0053
3151,149.138334,27.28028,1073,1278,1278,AGC749303,PGC1 5059053 NED001,5059053.0,,,749303.0,False,True,0.0043
3152,165.440733,27.28005,2500,2745,2745,SDSSJ110145.79+271647.9,SDSS J110145.79+271647.9,4261413.0,,,731538.0,False,True,0.0092
3153,149.628804,27.2757,1560,1823,1823,PGC1803067,WISEA J095830.85+271632.5,1803067.0,106964.0,494706.0,,False,False,0.0061
3154,232.603755,27.27,2023,2336,2336,PGC2806883,LSBC D514-02,2806883.0,,,252652.0,False,True,0.0078
3155,239.376388,27.26382,2639,2924,2924,SDSSJ155730.31+271549.7,SDSS J155730.31+271549.7,4484165.0,,,,False,False,0.0098
3156,163.587195,27.2399,1333,2278,1668,UGC06023,NGC 3451,32754.0,138315.0,625522.0,6023.0,False,True,0.0076
3157,149.083804,27.22761,1243,1489,1489,IC2520,IC 2520,28682.0,157590.0,649269.0,5335.0,False,True,0.005
3158,192.030691,27.19255,1889,2258,2258,PGC214031,AGC 228094,214031.0,,,228094.0,False,True,0.0075
3159,126.069153,27.18241,963,1132,1132,2MASXJ08241658+2710571,WISEA J082416.60+271056.8,3729986.0,,,,False,False,0.0038
3160,176.708034,27.16055,1907,2247,2247,SDSSJ114649.92+270938.2,WISEA J114649.91+270938.3,4562234.0,140242.0,627308.0,,False,False,0.0075
3161,232.722458,27.14898,1984,2298,2298,PGC1799182,SDSS J153053.38+270856.2,1799182.0,81879.0,396842.0,733735.0,False,True,0.0077
3162,274.735458,27.1445,2985,3248,3248,PGC1798958,GALEXASC J181856.50+270836.6,1798958.0,,,,False,False,0.0108
3163,237.452632,27.13804,2151,2454,2454,PGC056142,CGCG 166-061,56142.0,68209.0,335733.0,252481.0,False,True,0.0082
3164,191.321594,27.12552,1086,826,1421,NGC4670,NGC 4670,42987.0,103196.0,481205.0,7930.0,False,True,0.0028
3165,155.937339,27.11101,523,463,463,PGC1798058,WISEA J102344.96+270639.8,1798058.0,107499.0,496789.0,731448.0,False,True,0.0015
3166,177.285754,27.08554,1794,2158,2158,PGC2832084,BTS 044,2832084.0,140300.0,627357.0,,False,False,0.0072
3167,213.37125,27.08083,2598,2887,2887,AGC749330,AGC 749330,5059278.0,,,749330.0,False,True,0.0096
3168,181.806141,27.06672,2724,2983,2983,SDSSJ120713.47+270360.0,AGC 731941,4546936.0,102466.0,478155.0,731941.0,False,True,0.01
3169,177.289378,27.02204,1798,2202,2161,NGC3900,NGC 3900,36914.0,140301.0,627358.0,6786.0,True,True,0.0073
3170,157.20837,27.00826,2011,2272,2272,SDSSJ102850.04+270029.7,SDSS J102850.04+270029.7,4239403.0,,,749314.0,False,True,0.0076
3171,218.334444,26.998,831,1004,1004,PGC087128,LSBC D512-02,87128.0,165197.0,,242165.0,False,True,0.0033
3172,181.21593,26.99256,558,1135,379,NGC4080,NGC 4080,38244.0,102354.0,477791.0,7068.0,False,True,0.0038
3173,200.731744,26.98077,2887,3228,3156,NGC5116,NGC 5116,46744.0,104439.0,483979.0,8410.0,True,True,0.0108
3174,170.132534,26.96335,1509,2506,1892,NGC3629,NGC 3629,34719.0,101276.0,474093.0,6352.0,True,True,0.0084
3175,157.27673,26.91063,645,603,603,AGC749315,PGC1 5059698 NED001,5059698.0,,,749315.0,False,True,0.002
3176,166.738335,26.90833,1159,1453,1453,AGC749189,AGC 749189,5059145.0,,,749189.0,False,True,0.0048
3177,127.283477,26.86761,2159,2335,2335,PGC087122,LSBC F495-02,87122.0,,,180687.0,False,True,0.0078
3178,164.198742,26.86531,2524,2764,2764,SDSSJ105647.67+265155.1,WISEA J105647.67+265154.9,4258041.0,108036.0,498727.0,731533.0,False,True,0.0092
3179,126.803322,26.85746,1856,2041,2041,SDSSJ082712.78+265126.5,WISEA J082712.74+265126.2,3996526.0,50184.0,243860.0,182564.0,False,True,0.0068
3180,140.796925,26.81741,2470,2661,2661,PGC026570,CGCG 151-073,26570.0,157217.0,648407.0,191176.0,False,True,0.0089
3181,196.14033,26.7739,1932,2291,2291,PGC087220,LSBC D508-02,87220.0,162946.0,672962.0,231989.0,False,True,0.0076
3182,181.267813,26.75341,3112,3349,3349,SDSSJ120504.26+264512.1,SDSS J120504.26+264512.1,4309976.0,102460.0,478143.0,749228.0,False,True,0.0112
3183,177.348386,26.74159,1844,2437,2198,UGC06791,UGC 06791,36932.0,160613.0,663624.0,6791.0,True,True,0.0081
3184,186.325584,26.71495,316,897,210,IC3308,IC 3308,40495.0,,,,False,False,0.003
3185,198.07359,26.6861,792,1358,638,PGC045858,KUG 1309+269,45858.0,143116.0,604084.0,230161.0,False,True,0.0045
3186,187.023027,26.67288,794,537,537,PGC3089432,IC 3380,3089432.0,103158.0,480993.0,,False,False,0.0018
3187,224.414267,26.66473,1276,1624,1624,PGC3089451,2MASX J14573938+2639535,3089451.0,96419.0,458215.0,733302.0,False,True,0.0054
3188,243.055818,26.65425,2521,2806,2806,PGC1784019,WISEA J161213.38+263915.5,1784019.0,57177.0,281231.0,,False,False,0.0094
3189,109.494208,26.64744,2590,3443,2728,UGC03784,UGC 03784,20608.0,,,,False,False,0.0115
3190,137.879773,26.61773,2825,2997,2997,PGC1782664,WISEA J091131.14+263703.8,1782664.0,84631.0,408978.0,,False,False,0.01
3191,137.394891,26.6092,2784,2956,2956,PGC1782383,WISEA J090934.78+263632.8,1782383.0,84638.0,409004.0,194013.0,False,True,0.0099
3192,137.284467,26.6031,2848,3018,3018,PGC025768,CGCG 151-016,25768.0,84639.0,409005.0,194012.0,False,True,0.0101
3193,180.821883,26.5781,3271,3499,3499,PGC091165,FGC 1353,91165.0,102352.0,477785.0,224124.0,False,True,0.0117
3194,153.768319,26.5672,1374,1651,1651,SDSSJ101504.34+263402.7,WISEA J101504.47+263400.2,4546694.0,107283.0,496024.0,,False,False,0.0055
3195,191.730849,26.56425,840,718,619,PGC043121,UGCA 298,43121.0,103390.0,481736.0,221013.0,False,True,0.0024
3196,109.546999,26.54992,2634,2770,2770,PGC020614,CGCG 116-051,20614.0,,,,False,False,0.0092
3197,208.907712,26.54937,2700,2981,2981,,SDSS J135538.01+263300.6,,164221.0,678410.0,,False,False,0.0099
3198,231.861834,26.54168,1992,2305,2305,SDSSJ152726.82+263230.0,SDSS J152726.82+263230.0,4574868.0,97415.0,463734.0,749347.0,False,True,0.0077
3199,187.733464,26.51124,927,782,782,SDSSJ123056.01+263040.2,WISEA J123055.94+263040.9,4330008.0,103154.0,480967.0,724906.0,False,True,0.0026
3200,177.518611,26.47919,1789,1734,2155,NGC3912,NGC 3899,36979.0,160627.0,663695.0,6801.0,True,True,0.0058
3201,163.247502,26.47278,1508,1842,1842,AGC749324,AGC 749324,5059128.0,,,749324.0,False,True,0.0061
3202,126.822329,26.43523,2034,2211,2211,SDSSJ082717.37+262606.9,WISEA J082717.38+262606.7,4009675.0,,622584.0,,False,False,0.0074
3203,279.358982,26.41707,3205,3459,3459,NGC6671,NGC 6671,62148.0,,,,False,False,0.0115
3204,169.547013,26.38599,2814,3046,3046,PGC1774264,SDSS J111811.27+262309.3,1774264.0,101509.0,474640.0,731615.0,False,True,0.0102
3205,194.784312,26.37769,1013,1162,1162,PGC1773926,SDSS J125908.23+262239.8,1773926.0,103894.0,482837.0,732418.0,False,True,0.0039
3206,113.335002,26.37389,2320,2467,2467,AGC174653,AGC 174653,5060045.0,,,174653.0,False,True,0.0082
3207,182.017915,26.35278,3273,3503,3503,AGC749229,AGC 749229,5059179.0,,,749229.0,False,True,0.0117
3208,171.362316,26.34743,2771,3008,3008,SDSSJ112526.96+262050.7,WISEA J112526.95+262050.5,4278930.0,101687.0,475295.0,731699.0,False,True,0.01
3209,216.090019,26.33645,2150,2465,2465,PGC1772328,WISEA J142421.58+262011.7,1772328.0,95334.0,452901.0,732931.0,False,True,0.0082
3210,193.621324,26.30363,628,1069,425,UGC08030,UGC 08030,43907.0,142502.0,629381.0,8030.0,False,True,0.0036
3211,239.007025,26.28399,2613,2895,2895,PGC1770244,SDSS J155601.68+261702.3,1770244.0,68258.0,336171.0,254132.0,False,True,0.0097
3212,182.520816,26.28045,2654,2917,2917,SDSSJ121004.99+261649.5,WISEA J121004.98+261649.5,4314070.0,102619.0,478841.0,731974.0,False,True,0.0097
3213,139.759266,26.27002,2738,2914,2914,NGC2824,NGC 2824,26330.0,135822.0,623193.0,,False,False,0.0097
3214,191.54476,26.25039,1890,2258,2258,PGC086431,KUG 1243+265,86431.0,103397.0,481764.0,732281.0,False,True,0.0075
3215,171.05497,26.24545,1484,1880,1880,PGC091112,FGC 1240,91112.0,101486.0,474578.0,212915.0,False,True,0.0063
3216,209.912588,26.22698,2352,2655,2655,UGC08915,UGC 08915,49814.0,144218.0,630943.0,8915.0,False,True,0.0089
3217,182.370048,26.2263,2168,2478,2478,UGC07138,UGC 07138,38637.0,102618.0,478838.0,7138.0,False,True,0.0083
3218,209.337963,26.20756,2389,2689,2689,PGC1767195,WISEA J135721.16+261227.9,1767195.0,94427.0,448221.0,,False,False,0.009
3219,267.17283,26.20263,2836,3102,3102,PGC087135,LSBC F520-03,87135.0,,634566.0,,False,False,0.0103
3220,200.05875,26.13806,1898,2260,2260,AGC238828,AGC 238828,5060305.0,,,238828.0,False,True,0.0075
3221,158.925222,26.12588,1396,1702,1702,PGC031387,CGCG 124-041,31387.0,107609.0,497257.0,201524.0,True,True,0.0057
3222,192.934789,26.11217,1226,644,1766,PGC043595,KUG 1249+263,43595.0,103680.0,482548.0,223245.0,False,True,0.0021
3223,199.933577,26.09163,1944,2298,2298,PGC1762254,WISEA J131944.02+260530.2,1762254.0,104422.0,483921.0,732599.0,False,True,0.0077
3224,204.301668,26.08889,3013,3275,3275,AGC238841,AGC 238841,5060324.0,,,238841.0,False,True,0.0109
3225,232.450887,26.08791,1999,2309,2309,SDSSJ152948.19+260516.3,WISEA J152948.24+260517.0,4544488.0,,,727130.0,False,True,0.0077
3226,189.083222,26.0838,1175,1690,1690,PGC2793674,IC 3571,2793674.0,119897.0,551108.0,,False,False,0.0056
3227,126.619989,26.07468,1968,2145,2145,PGC1761618,WISEA J082628.76+260428.4,1761618.0,64431.0,316264.0,,False,False,0.0072
3228,185.542413,26.05215,1018,1094,1094,IC3215,IC 3215,40040.0,141233.0,628196.0,7434.0,False,True,0.0036
3229,183.187594,26.04016,2575,2844,2844,PGC1760270,WISEA J121245.04+260224.6,1760270.0,119767.0,550392.0,732004.0,False,True,0.0095
3230,234.797497,26.02472,1811,2128,2128,AGC749349,AGC 749349,5059784.0,,,749349.0,False,True,0.0071
3231,232.371076,26.00734,1992,2302,2302,PGC055227,CGCG 135-061,55227.0,97419.0,463767.0,749348.0,False,True,0.0077
3232,178.68625,26.005,2968,3205,3205,AGC749223,AGC 749223,5059162.0,,,749223.0,False,True,0.0107
3233,232.352828,25.99664,2029,2338,2338,PGC1758486,SDSS J152924.69+255947.9,1758486.0,97588.0,464618.0,,False,False,0.0078
3234,189.086598,25.98752,1226,855,1787,NGC4565,NGC 4565,42038.0,141702.0,,7772.0,False,True,0.0029
3235,189.13106,25.98258,1089,1421,1421,,SDSS J123626.89+255738.3,,119902.0,,,False,False,0.0047
3236,126.783563,25.97031,2044,2410,2218,NGC2592,NGC 2592,23701.0,135129.0,622576.0,,True,False,0.008
3237,190.203537,25.9439,1317,1880,1880,SDSSJ124048.80+255638.0,SDSS J124048.80+255638.0,4336973.0,,,732226.0,False,True,0.0063
3238,149.383332,25.93917,1944,2180,2180,AGC749304,AGC 749304,5059054.0,,,749304.0,False,True,0.0073
3239,135.674286,25.93847,2585,2957,2758,NGC2735A,NGC 2735A,25402.0,84646.0,409059.0,,False,False,0.0099
3240,135.72081,25.93681,2500,2676,2676,PGC1755918,SDSS J090253.00+255612.5,1755918.0,84647.0,409061.0,,False,False,0.0089
3241,135.661102,25.93463,2450,3589,2627,NGC2735,NGC 2735,25399.0,135618.0,623022.0,4744.0,False,True,0.012
3242,237.600666,25.92259,2147,3720,2446,UGC10058,UGC 10058,56168.0,146444.0,632896.0,10058.0,False,True,0.0124
3243,181.879447,25.89331,3238,3467,3467,PGC1754020,WISEA J120731.21+255336.4,1754020.0,119653.0,550098.0,,False,False,0.0116
3244,127.340231,25.88574,2121,2294,2294,PGC3097424,SDSS J082921.64+255308.7,3097424.0,64407.0,316141.0,182568.0,False,True,0.0077
3245,126.821583,25.87892,2378,2541,2541,NGC2594,NGC 2594,23704.0,135136.0,622583.0,180283.0,True,True,0.0085
3246,188.894073,25.84958,1353,819,1910,NGC4562,NGC 4562,41955.0,141687.0,628606.0,7758.0,False,True,0.0027
3247,237.790706,25.82557,2173,2470,2470,SDSSJ155109.76+254931.9,WISEA J155109.81+254932.7,4480243.0,82047.0,397724.0,733791.0,False,True,0.0082
3248,254.56704,25.81717,709,985,985,PGC1751005,WISEA J165816.07+254901.7,1751005.0,70117.0,344714.0,,False,False,0.0033
3249,267.449958,25.79476,2938,3200,3200,UGC10999,UGC 10999,60934.0,148251.0,634576.0,,False,False,0.0107
3250,212.367178,25.79007,3135,3396,3396,PGC1749919,WISEA J140928.16+254724.5,1749919.0,94780.0,450521.0,,False,False,0.0113
3251,127.076913,25.78815,2266,2433,2433,PGC087215,LSBC D495-03,87215.0,,,180737.0,False,True,0.0081
3252,136.551689,25.78364,2623,2795,2795,SDSSJ090612.42+254701.1,SDSS J090612.42+254701.1,4087854.0,84642.0,409015.0,194010.0,False,True,0.0093
3253,192.940731,25.7762,1187,967,1706,NGC4747,NGC 4747,43586.0,142446.0,629328.0,8005.0,False,True,0.0032
3254,208.53125,25.775,2507,2797,2797,AGC749468,AGC 749468,5059719.0,,,749468.0,False,True,0.0093
3255,187.850125,25.77497,1320,1011,1890,NGC4494,NGC 4494,41441.0,161931.0,,,False,False,0.0034
3256,192.419166,25.7725,1292,1852,1852,PGC086434,KUG 1247+260,86434.0,142413.0,,,False,False,0.0062
3257,174.13359,25.76412,3253,3469,3469,SDSSJ113632.06+254550.7,SDSS J113632.05+254550.7,4572818.0,112913.0,521206.0,,False,False,0.0116
3258,127.32793,25.75097,2156,2327,2327,SDSSJ082918.70+254503.4,SDSS J082918.70+254503.3,4074613.0,,316143.0,,False,False,0.0078
3259,174.342138,25.74132,3296,3512,3512,UGC06593,UGC 06593,35977.0,139919.0,,6593.0,False,True,0.0117
3260,227.230416,25.73361,1366,1709,1709,UGC09739,UGC 09739,54084.0,145864.0,632425.0,9739.0,False,True,0.0057
3261,126.865324,25.72443,2246,3111,2413,UGC04418,UGC 04418,23707.0,64410.0,316154.0,4418.0,False,True,0.0104
3262,171.072082,25.71056,1523,1914,1914,AGC729579,AGC 729579,5059776.0,,,729579.0,False,True,0.0064
3263,132.475008,25.70257,2448,2618,2618,SDSSJ084953.98+254208.8,WISEA J084954.00+254208.5,4086934.0,135512.0,622932.0,,False,False,0.0087
3264,134.502585,25.69789,1897,2093,2093,PGC1746243,WISEA J085800.55+254151.9,1746243.0,84567.0,408690.0,182601.0,False,True,0.007
3265,221.333753,25.6975,1190,1532,1532,AGC749485,AGC 749485,5059312.0,,,749485.0,False,True,0.0051
3266,132.486099,25.68409,2415,2587,2587,PGC1745706,WISEA J084956.68+254101.8,1745706.0,84560.0,408617.0,182592.0,False,True,0.0086
3267,199.045202,25.67122,1013,1190,1190,AGC749463,WISEA J131610.61+254023.9,5058796.0,104338.0,483559.0,749463.0,False,True,0.004
3268,141.086249,25.66111,2750,2926,2926,AGC749401,AGC 749401,5059045.0,,,749401.0,False,True,0.0098
3269,172.046015,25.66108,2738,3082,2975,NGC3689,NGC 3689,35294.0,139467.0,626593.0,6467.0,True,True,0.0103
3270,231.971102,25.64377,1471,1803,1803,PGC1744110,WISEA J152753.10+253837.3,1744110.0,97585.0,464602.0,,False,False,0.006
3271,135.108792,25.63928,1812,2012,2012,UGC04722C,UGC 04722C,5072709.0,,,,False,False,0.0067
3272,228.169757,25.63382,1390,1730,1730,PGC1743738,PGC1 1743738 NED001,1743738.0,97150.0,462391.0,733593.0,False,True,0.0058
3273,177.357316,25.61688,1798,2162,2162,SDSSJ114925.75+253700.4,SDSS J114925.75+253700.3,4562941.0,113960.0,524341.0,731804.0,False,True,0.0072
3274,135.100024,25.61404,1808,1766,2008,UGC04722,UGC 04722,25292.0,135606.0,623013.0,4722.0,True,True,0.0059
3275,135.932086,25.60778,2954,3114,3114,AGC749395,AGC 749395,5059687.0,,,749395.0,False,True,0.0104
3276,126.663327,25.59823,2333,2496,2496,PGC1742356,WISEA J082639.18+253553.5,1742356.0,64413.0,316166.0,,False,False,0.0083
3277,136.573749,25.58351,2977,3138,3138,UGC04774,UGC 04774,25545.0,157037.0,648130.0,4774.0,False,True,0.0105
3278,171.2825,25.5825,2604,2849,2849,AGC749435,AGC 749435,5059153.0,,,749435.0,False,True,0.0095
3279,209.589389,25.56652,2593,2877,2877,SDSSJ135821.42+253359.6,SDSS J135821.42+253359.6,4571422.0,,,,False,False,0.0096
3280,136.359656,25.55075,2941,3102,3102,UGC04764,UGC 04764,25512.0,91406.0,437377.0,4764.0,False,True,0.0103
3281,209.59903,25.54992,2602,3384,2886,PGC049732,KUG 1356+257,49732.0,164301.0,678729.0,230880.0,False,True,0.0113
3282,136.422549,25.54056,2893,3056,3056,PGC213565,SDSS J090541.09+253224.2,213565.0,,,191733.0,False,True,0.0102
3283,177.666108,25.52639,1822,2182,2182,PGC1739846,KUG 1148+258A,1739846.0,160641.0,663748.0,212866.0,False,True,0.0073
3284,257.106493,25.5173,2919,3491,3185,UGC10721,UGC 10721,59676.0,147742.0,634074.0,,True,False,0.0116
3285,172.841967,25.50115,2872,3103,3103,PGC1738874,KUG 1128+257,1738874.0,112565.0,519787.0,212064.0,False,True,0.0104
3286,192.610875,25.50075,1208,910,1752,NGC4725,NGC 4725,43451.0,142432.0,,7989.0,False,True,0.003
3287,126.640711,25.49979,2151,2319,2319,PGC023686,KUG 0823+256,23686.0,64412.0,316163.0,182561.0,False,True,0.0077
3288,265.910792,25.49389,3231,3488,3488,NGC6427,NGC 6427,60758.0,148188.0,634513.0,,False,False,0.0116
3289,127.496952,25.48606,2197,2366,2366,PGC2806867,LSBC D495-02,2806867.0,135186.0,622627.0,181566.0,False,True,0.0079
3290,136.503795,25.46983,2771,2937,2937,PGC1737674,SDSS J090600.92+252811.2,1737674.0,91412.0,437400.0,194009.0,False,True,0.0098
3291,158.796048,25.45113,1298,1590,1590,SDSSJ103511.05+252704.0,WISEA J103511.05+252704.1,4243890.0,107615.0,497279.0,,False,False,0.0053
3292,136.44968,25.43749,2672,800,2841,NGC2750,NGC 2750,25525.0,135667.0,623064.0,4769.0,False,True,0.0027
3293,198.975001,25.43572,938,1627,941,UGC08333,UGC 08333,46159.0,143202.0,603968.0,8333.0,False,True,0.0054
3294,174.061532,25.43538,3160,3379,3379,PGC1736432,KUG 1133+257,1736432.0,112594.0,519914.0,731773.0,False,True,0.0113
3295,180.973767,25.4339,3244,3470,3470,UGC07040,UGC 07040,38132.0,140692.0,627707.0,7040.0,False,True,0.0116
3296,139.272066,25.42922,1656,1872,1872,UGC04902,IC 2450,26218.0,91427.0,437448.0,4902.0,True,True,0.0062
3297,138.857446,25.4195,502,1517,508,SDSSJ091525.83+252511.1,SDSS J091525.83+252511.1,4194405.0,,,198507.0,False,True,0.0051
3298,182.069988,25.38866,3173,3403,3403,AGC731960,SDSS J120816.79+252319.1,5059180.0,119672.0,550143.0,731960.0,False,True,0.0114
3299,136.50385,25.37601,2751,2917,2917,PGC213567,SDSS J090600.93+252233.6,213567.0,91411.0,437399.0,,False,False,0.0097
3300,155.238074,25.36492,1297,1815,1569,UGC05588,UGC 05588,30263.0,107442.0,496587.0,5588.0,True,True,0.0061
3301,161.457571,25.353,1419,1741,1741,,WISEA J104549.81+252110.0,,137987.0,,,False,False,0.0058
3302,136.485416,25.35111,2522,2696,2696,PGC2807197,ADBS J090552+2520,2807197.0,,,749396.0,False,True,0.009
3303,136.784302,25.34244,2781,2947,2947,NGC2753,NGC 2753,25603.0,157048.0,648148.0,721352.0,False,True,0.0098
3304,132.014825,25.33365,1951,2137,2137,PGC2807195,WISEA J084803.58+252002.0,2807195.0,156895.0,647896.0,181139.0,False,True,0.0071
3305,169.579974,25.32603,2489,2738,2738,SDSSJ111819.17+251934.1,SDSS J111819.17+251934.1,4273448.0,,,749431.0,False,True,0.0091
3306,213.718078,25.31745,1043,1507,1332,NGC5523,NGC 5523,50895.0,144740.0,604286.0,9119.0,False,True,0.005
3307,135.931847,25.31236,2525,2698,2698,SDSSJ090343.64+251844.3,WISEA J090343.64+251845.4,4087721.0,91401.0,437365.0,194002.0,False,True,0.009
3308,183.027787,25.30936,2609,2873,2873,PGC038878,KUG 1209+255,38878.0,161204.0,666060.0,221648.0,False,True,0.0096
3309,157.930283,25.30766,1275,1557,1557,UGC05716,UGC 05716,31081.0,107423.0,496539.0,5716.0,False,True,0.0052
3310,157.24427,25.28701,1249,1521,1521,SDSSJ102858.64+251713.1,WISEA J102858.69+251714.0,4239519.0,107420.0,496509.0,731454.0,False,True,0.0051
3311,174.171465,25.2843,3270,3484,3484,PGC1731297,WISEA J113641.15+251704.1,1731297.0,112928.0,521229.0,731776.0,False,True,0.0116
3312,193.292202,25.27833,1083,1402,1402,PGC043769,MRK 1338,43769.0,119963.0,551612.0,221089.0,False,True,0.0047
3313,183.133385,25.26482,2675,2934,2934,SDSSJ121232.02+251553.3,WISEA J121232.02+251553.5,4316010.0,,,,False,False,0.0098
3314,212.010524,25.25203,3111,3370,3370,PGC1730240,WISEA J140802.52+251507.4,1730240.0,94789.0,450575.0,732891.0,False,True,0.0112
3315,126.795916,25.24316,1952,2126,2126,PGC1729964,SDSS J082711.01+251435.2,1729964.0,84294.0,406944.0,182563.0,False,True,0.0071
3316,271.291638,25.23267,2708,2971,2971,NGC6547,NGC 6547,61378.0,,,,False,False,0.0099
3317,150.227865,25.23128,1436,1694,1694,PGC1729576,SDSS J100054.76+251352.8,1729576.0,107054.0,495018.0,191058.0,False,True,0.0057
3318,137.393336,25.22305,2324,2506,2506,PGC025799,CGCG 121-027,25799.0,91417.0,437426.0,191089.0,False,True,0.0084
3319,182.338199,25.20076,712,448,448,PGC1728559,WISEA J120921.19+251202.5,1728559.0,119766.0,550391.0,226606.0,False,True,0.0015
3320,158.846249,25.19028,1368,1669,1669,AGC749410,AGC 749410,5059106.0,,,749410.0,False,True,0.0056
3321,110.25894,25.17867,2388,3475,2524,UGC03808,UGC 03808,20744.0,,,,False,False,0.0116
3322,136.879999,25.17194,2380,2559,2559,AGC749397,AGC 749397,5059036.0,,,749397.0,False,True,0.0085
3323,128.398523,25.1464,2230,2397,2397,SDSSJ083335.64+250847.1,SDSS J083335.64+250847.1,4085865.0,84423.0,407579.0,182575.0,False,True,0.008
3324,116.18221,25.14047,756,888,888,SDSSJ074443.72+250826.2,SDSS J074443.71+250826.5,3995745.0,31610.0,154097.0,171459.0,False,True,0.003
3325,127.093055,25.12468,2173,2340,2340,IC0508,IC 0508,23762.0,64403.0,316117.0,180293.0,False,True,0.0078
3326,181.650638,25.1139,3164,3393,3393,PGC038405,KUG 1204+253,38405.0,119573.0,549865.0,226589.0,False,True,0.0113
3327,183.271248,25.1125,2192,2498,2498,AGC749454,AGC 749454,5059710.0,,,749454.0,False,True,0.0083
3328,187.053153,25.08956,1318,1904,1904,IC3384,IC 3384,89610.0,119808.0,550552.0,732134.0,False,True,0.0064
3329,172.000809,25.06986,1348,1769,1769,SDSSJ112800.19+250411.5,WISEA J112800.05+250410.0,5064956.0,112564.0,519778.0,,False,False,0.0059
3330,166.303149,25.06457,1469,1828,1828,PGC1724397,WISEA J110512.67+250352.7,1724397.0,100752.0,473155.0,,False,False,0.0061
3331,182.732342,25.05937,663,415,415,PGC1724251,WISEA J121055.75+250333.6,1724251.0,119701.0,550216.0,,False,False,0.0014
3332,142.250415,25.04917,1661,1884,1884,AGC749406,PGC1 5059048 NED001,5059048.0,,,749406.0,False,True,0.0063
3333,274.142934,25.04389,3045,3299,3299,NGC6602,NGC 6602,61674.0,,,,False,False,0.011
3334,182.444695,25.02623,2574,2838,2838,UGC07143,UGC 07143,38667.0,119759.0,550376.0,7143.0,False,True,0.0095
3335,182.495294,25.01839,2594,2857,2857,SDSSJ120958.86+250106.3,WISEA J120958.90+250106.5,4313980.0,119760.0,550377.0,,False,False,0.0095
3336,136.22517,25.00396,2990,3147,3147,NGC2743,NGC 2743,25496.0,157025.0,648113.0,4760.0,False,True,0.0105
3337,132.889827,24.97335,2582,2746,2746,SDSSJ085133.55+245824.1,WISEA J085133.53+245824.1,4179830.0,,,749392.0,False,True,0.0092
3338,124.337665,24.96267,2074,2239,2239,PGC023229,KUG 0814+251,23229.0,64367.0,315988.0,,False,False,0.0075
3339,248.602914,24.96157,1004,1304,1304,SDSSJ163424.67+245741.4,WISEA J163424.67+245741.4,4007009.0,57923.0,285659.0,262734.0,False,True,0.0043
3340,185.17132,24.95576,786,477,477,AGC229052,AGC 229052,5059191.0,,,229052.0,False,True,0.0016
3341,140.737351,24.94675,515,729,512,SDSSJ092256.97+245647.9,SDSS J092256.97+245647.9,4571720.0,106283.0,492125.0,198508.0,False,True,0.0024
3342,197.608964,24.92252,2564,2845,2845,UGC08249,UGC 08249,45705.0,120031.0,552192.0,8249.0,False,True,0.0095
3343,160.879791,24.92226,588,1032,489,NGC3344,NGC 3344,31968.0,137919.0,,5840.0,False,True,0.0034
3344,273.928981,24.91244,3042,3296,3296,NGC6599,NGC 6599,61655.0,,,,False,False,0.011
3345,191.103875,24.90381,1826,2210,2210,AGC732257,WISEA J124424.91+245413.6,5059221.0,119909.0,551173.0,732257.0,False,True,0.0074
3346,124.316405,24.89911,1899,2068,2068,PGC1719550,LCSB S1123P,1719550.0,64369.0,315992.0,,False,False,0.0069
3347,175.340095,24.89001,3240,3455,3455,PGC1719289,WISEA J114121.62+245324.1,1719289.0,112940.0,521253.0,,False,False,0.0115
3348,210.727149,24.85088,2311,2612,2612,PGC089642,KUG 1400+250,89642.0,94467.0,448633.0,732861.0,False,True,0.0087
3349,124.527338,24.79644,1987,2154,2154,IC2268,IC 2268,23273.0,64383.0,316023.0,,False,False,0.0072
3350,154.99944,24.79016,1258,1518,1518,SDSSJ101959.88+244724.6,WISEA J101959.91+244724.5,4233005.0,107235.0,495791.0,,False,False,0.0051
3351,234.271045,24.77895,1737,2053,2053,SDSSJ153705.06+244644.2,WISEA J153705.05+244644.3,4471002.0,97563.0,464459.0,,False,False,0.0068
3352,270.281958,24.74339,3072,3327,3327,PGC061274,CGCG 141-043,61274.0,148330.0,634655.0,,False,False,0.0111
3353,199.531669,24.74236,2792,3058,3058,PGC087126,LSBC F508-03,87126.0,120047.0,552275.0,732593.0,False,True,0.0102
3354,124.506342,24.73609,2077,2467,2241,IC2267,IC 2267,23266.0,134976.0,622433.0,4315.0,False,True,0.0082
3355,126.735001,24.72889,2289,2450,2450,AGC749387,AGC 749387,5059685.0,,,749387.0,False,True,0.0082
3356,184.180207,24.71843,1039,1128,1128,SDSSJ121643.25+244306.1,SDSS J121643.23+244306.4,5075648.0,119735.0,550322.0,,False,False,0.0038
3357,150.569541,24.71113,1305,1678,1552,NGC3098,NGC 3098,29067.0,136430.0,623736.0,,True,False,0.0056
3358,124.474749,24.68669,2066,2229,2229,SDSSJ081753.93+244112.0,SDSS J081753.93+244112.0,3996358.0,64385.0,316029.0,,False,False,0.0074
3359,219.846663,24.66972,1848,2179,2179,AGC749480,AGC 749480,5059298.0,,,749480.0,False,True,0.0073
3360,151.180833,24.59278,1393,1651,1651,AGC749408,AGC 749408,5059791.0,,,749408.0,False,True,0.0055
3361,268.31671,24.57232,3199,3452,3452,UGC11027,UGC 11027,61052.0,148285.0,634610.0,,False,False,0.0115
3362,124.28295,24.5628,2128,2289,2289,PGC2807192,PGC1 0023266 NED007,2807192.0,134955.0,622413.0,181493.0,False,True,0.0076
3363,124.582134,24.52688,2216,2374,2374,IC2271,IC 2271,23283.0,64389.0,316036.0,180181.0,False,True,0.0079
3364,195.903157,24.52573,835,595,595,PGC1709453,WISEA J130336.75+243132.0,1709453.0,119993.0,551941.0,732482.0,False,True,0.002
3365,190.850694,24.52499,1173,1719,1719,SDSSJ124324.17+243130.2,WISEA J124324.09+243129.8,4338913.0,119908.0,551171.0,732250.0,False,True,0.0057
3366,268.042209,24.52398,3176,3429,3429,PGC061025,UGC 11010 NOTES01,61025.0,148280.0,634605.0,,False,False,0.0114
3367,190.427322,24.51804,1020,1056,1056,SDSSJ124142.58+243105.0,SDSS J124142.58+243105.0,5076593.0,119911.0,551201.0,,False,False,0.0035
3368,268.048036,24.51714,3266,3518,3518,,UGC 11010 NOTES02,,167548.0,688189.0,,False,False,0.0117
3369,124.534655,24.50177,2106,2267,2267,SDSSJ081808.30+243006.3,SDSS J081808.30+243006.3,3996365.0,64390.0,316037.0,182545.0,False,True,0.0076
3370,267.945789,24.48324,3114,4049,3368,NGC6484,NGC 6484,61008.0,148275.0,634600.0,,False,False,0.0135
3371,268.465434,24.46687,3145,3398,3398,UGC11029,UGC 11029,61063.0,167552.0,688198.0,,False,False,0.0113
3372,190.774436,24.45109,1824,2208,2208,PGC042762,KUG 1240+247,42762.0,119910.0,551182.0,732245.0,False,True,0.0074
3373,182.331251,24.44833,2661,2917,2917,AGC749452,SDSS J120920.02+242649.5,5059181.0,,,749452.0,False,True,0.0097
3374,156.058707,24.43186,1224,1479,1479,SDSSJ102414.07+242554.5,WISEA J102414.06+242554.7,4236142.0,107362.0,496379.0,731449.0,False,True,0.0049
3375,188.721834,24.32955,1140,1627,1627,SDSSJ123453.22+241946.7,WISEA J123453.38+241943.1,4332811.0,119874.0,550900.0,,False,False,0.0054
3376,132.753488,24.3215,2732,2887,2887,UGC04626,UGC 04626,24865.0,135521.0,622938.0,4626.0,False,True,0.0096
3377,156.923086,24.27166,1233,1493,1493,PGC030770,ARK 244,30773.0,,,731452.0,False,True,0.005
3378,183.454166,24.26397,949,723,723,UGC07236,UGC 07236,39033.0,119751.0,550359.0,7236.0,False,True,0.0024
3379,182.742416,24.24409,1279,1864,1864,SDSSJ121058.17+241438.5,WISEA J121058.17+241438.7,4314762.0,,,,False,False,0.0062
3380,180.812085,24.23056,3120,3346,3346,AGC749450,AGC 749450,5059174.0,,,749450.0,False,True,0.0112
3381,124.226804,24.17688,2098,2615,2257,IC2256,IC 2256,23214.0,64353.0,315916.0,180156.0,True,True,0.0087
3382,156.806306,24.16191,1187,1431,1431,PGC1701087,WISEA J102713.48+240943.2,1701087.0,107353.0,496332.0,205090.0,False,True,0.0048
3383,209.687593,24.15142,971,1162,1162,PGC1700854,WISEA J135845.02+240904.9,1700854.0,94469.0,448649.0,732832.0,False,True,0.0039
3384,200.269799,24.1434,923,881,881,PGC1700671,SDSS J132104.76+240836.5,1700671.0,120057.0,552402.0,732602.0,False,True,0.0029
3385,174.426219,24.13256,1548,1965,1965,UGC06599,UGC 06599,36006.0,139934.0,627041.0,6599.0,False,True,0.0066
3386,182.968769,24.12353,2570,2735,2833,NGC4162,NGC 4162,38851.0,140895.0,627891.0,7193.0,False,True,0.0091
3387,181.228838,24.11355,3155,3380,3380,,WISEA J120454.96+240649.4,,119628.0,550036.0,,False,False,0.0113
3388,198.027848,24.09503,2609,2985,2884,NGC5016,NGC 5016,45836.0,120018.0,552084.0,8279.0,True,True,0.01
3389,172.370465,24.09344,2805,3198,3034,NGC3701,NGC 3701,35405.0,139528.0,610869.0,6493.0,False,True,0.0107
3390,185.648606,24.08542,1391,1962,1962,IC3227,IC 3227,40093.0,119822.0,550620.0,732098.0,False,True,0.0065
3391,168.090122,24.07747,761,625,625,AGC219368,AGC 219368,5060211.0,,,219368.0,False,True,0.0021
3392,152.817429,24.06568,1344,1603,1603,SDSSJ101116.21+240356.3,WISEA J101116.21+240355.6,4577470.0,107200.0,495689.0,721972.0,False,True,0.0053
3393,189.492394,24.04417,1403,1971,1971,SDSSJ123758.17+240238.6,WISEA J123758.08+240237.8,4334931.0,119920.0,551255.0,732194.0,False,True,0.0066
3394,207.025773,24.03911,1200,1601,1601,,WISEA J134806.21+240220.6,,143888.0,,,False,False,0.0053
3395,182.894926,24.02893,2505,2773,2773,PGC038835,KUG 1209+243,38835.0,119754.0,550368.0,221647.0,False,True,0.0092
3396,188.4234,23.9872,1326,1940,1940,AGC742455,AGC 742455,5060280.0,,550888.0,742455.0,False,True,0.0065
3397,188.417217,23.97889,1310,1932,1932,,WISEA J123340.13+235844.0,,119872.0,,,False,False,0.0064
3398,157.706951,23.96507,1324,1608,1608,PGC1697033,SDSS J103049.68+235754.2,1697033.0,107345.0,496297.0,739497.0,False,True,0.0054
3399,171.349582,23.91889,1024,1125,1125,AGC749436,AGC 749436,5059154.0,,,749436.0,False,True,0.0038
3400,182.693052,23.91527,2535,2800,2800,PGC1696046,WISEA J121046.33+235455.2,1696046.0,119026.0,546662.0,742008.0,False,True,0.0093
3401,117.733467,23.89606,2121,2454,2267,UGC04054,UGC 04054,21976.0,35800.0,173092.0,4054.0,False,True,0.0082
3402,152.783891,23.87523,1322,1578,1578,PGC1695322,2MASX J10110817+2352312,1695322.0,107201.0,495690.0,,False,False,0.0053
3403,115.475523,23.87176,2269,2408,2408,2MASXJ07415401+2352188,2MASX J07415401+2352188,3723606.0,,,171559.0,False,True,0.008
3404,151.494468,23.86405,1349,1602,1602,PGC2806869,LSBC D500-03,2806869.0,136545.0,623846.0,202138.0,False,True,0.0053
3405,119.817402,23.84951,2232,2378,2378,PGC1694834,WISEA J075916.21+235057.8,1694834.0,47460.0,230667.0,,False,False,0.0079
3406,177.231081,23.84206,524,339,339,,UGC 06782,,160598.0,,,False,False,0.0011
3407,177.23938,23.83761,524,670,339,UGC06782,UGC 06782,36896.0,140294.0,627351.0,6782.0,False,True,0.0022
3408,164.012485,23.81347,1278,1598,1598,SDSSJ105603.00+234848.5,WISEA J105603.01+234848.0,4257588.0,138377.0,625583.0,,False,False,0.0053
3409,119.506133,23.80674,2005,2158,2158,SDSSJ075801.43+234824.2,SDSS J075801.43+234824.2,4017004.0,134746.0,622227.0,,False,False,0.0072
3410,209.553332,23.80361,2762,3030,3030,AGC239147,WISEA J135812.74+234815.8,5808795.0,,,239147.0,False,True,0.0101
3411,119.293473,23.77978,2343,2485,2485,NGC2480,NGC 2480,22289.0,47384.0,230473.0,,False,False,0.0083
3412,119.307235,23.76772,2180,2327,2327,NGC2481,NGC 2481,22292.0,134737.0,622220.0,,False,False,0.0078
3413,140.163685,23.75334,1071,1244,1244,,WISEA J092039.29+234511.9,,,623210.0,,False,False,0.0041
3414,131.426473,23.69605,3264,3400,3400,PGC024619,MCG +04-21-019,24619.0,,,,False,False,0.0113
3415,158.338594,23.65169,1313,1598,1598,SDSSJ103321.24+233906.1,SDSS J103321.24+233906.0,4242663.0,108702.0,501360.0,,False,False,0.0053
3416,119.35844,23.60233,2339,2480,2480,PGC1690277,WISEA J075726.01+233608.7,1690277.0,47381.0,230466.0,,False,False,0.0083
3417,158.2857,23.56032,1289,1568,1568,PGC1689492,WISEA J103308.59+233336.5,1689492.0,108703.0,501367.0,739526.0,False,True,0.0052
3418,187.886668,23.48833,1060,1204,1204,AGC229380,SDSS J123132.87+232918.0,5808781.0,,,229380.0,False,True,0.004
3419,171.630747,23.44609,1012,1079,1079,SDSSJ112631.38+232646.0,WISEA J112631.38+232646.2,4279733.0,112217.0,518171.0,,False,False,0.0036
3420,159.369201,23.42495,3172,3357,3357,SDSSJ103728.60+232529.8,WISEA J103728.62+232530.5,5075623.0,,610913.0,,False,False,0.0112
3421,157.95713,23.41742,1222,1479,1479,PGC1687001,2MASX J10314966+2325030,1687001.0,108697.0,501341.0,739509.0,False,True,0.0049
3422,115.435244,23.41606,2180,2319,2319,SDSSJ074144.43+232457.8,SDSS J074144.43+232457.8,4009364.0,,,,False,False,0.0077
3423,260.870347,23.39368,1500,1792,1792,,UCM 1721+2326,,147965.0,634292.0,,False,False,0.006
3424,135.525777,23.38709,3138,3283,3283,UGC04740,UGC 04740,25374.0,105693.0,490389.0,,False,False,0.011
3425,257.018851,23.37012,2871,3130,3130,SDSSJ170804.54+232212.8,WISEA J170804.47+232212.6,4124915.0,69739.0,343401.0,,False,False,0.0104
3426,130.018164,23.36791,1997,2168,2168,SDSSJ084004.35+232204.2,WISEA J084004.43+232204.3,4086253.0,84474.0,407943.0,,False,False,0.0072
3427,109.420721,23.35669,2275,2360,2403,NGC2357,NGC 2357,20592.0,,,,False,False,0.0079
3428,200.753727,23.3064,2796,3178,3057,UGC08409,UGC 08409,46753.0,120053.0,552388.0,8409.0,True,True,0.0106
3429,156.85957,23.30361,1495,1781,1781,,WISEA J102725.92+231812.7,,,,,False,True,0.0059
3430,218.109096,23.2781,1149,1477,1477,PGC051947,CGCG 133-084,51947.0,145244.0,631884.0,245228.0,False,True,0.0049
3431,115.094765,23.275,2256,2391,2391,UGC03960,UGC 03960,21542.0,31597.0,153931.0,,False,False,0.008
3432,271.379103,23.27252,2336,2672,2598,UGC11113,UGC 11113,61390.0,148348.0,634673.0,,False,False,0.0089
3433,214.114047,23.25625,1376,1758,1758,,WISEA J141627.38+231522.5,,144783.0,,,False,False,0.0059
3434,197.497788,23.23801,2550,2826,2826,PGC091262,FGC 1570,91262.0,120023.0,552111.0,232081.0,False,True,0.0094
3435,173.230974,23.23021,3044,3258,3258,SDSSJ113255.44+231348.7,WISEA J113255.44+231348.6,4284662.0,112800.0,520863.0,,False,False,0.0109
3436,187.641664,23.20556,624,367,367,AGC229379,SDSS J123034.00+231219.9,5808780.0,,,229379.0,False,True,0.0012
3437,255.505129,23.1635,2998,3254,3254,PGC1682567,WISEA J170201.27+230948.0,1682567.0,69838.0,343648.0,,False,False,0.0109
3438,133.588528,23.15823,2881,3027,3027,PGC024995,CGCG 120-049,24995.0,91365.0,436999.0,,False,False,0.0101
3439,271.279998,23.14149,2473,2732,2732,PGC2801039,WISEA J180507.19+230827.5,2801039.0,148344.0,634669.0,,False,False,0.0091
3440,271.336021,23.12984,2550,2807,2807,PGC061385,CGCG 142-002,61385.0,148347.0,634672.0,,False,False,0.0094
3441,172.842535,23.11496,2893,3069,3113,UGC06509,UGC 06509,35521.0,112788.0,520835.0,6509.0,False,True,0.0102
3442,255.060666,23.10627,2964,3221,3221,UGC10650,UGC 10650,59408.0,167176.0,687367.0,,False,False,0.0107
3443,271.32476,23.10561,2394,2654,2654,UGC11111,UGC 11111,61386.0,,,,False,False,0.0089
3444,223.487216,23.09991,3228,3479,3479,,WISEA J145356.92+230559.8,,96354.0,457924.0,,False,False,0.0116
3445,158.666001,23.08999,1237,1502,1502,PGC2807202,WISEA J103439.78+230523.3,2807202.0,137663.0,624909.0,202048.0,False,True,0.005
3446,198.263362,23.08447,2538,2814,2814,SDSSJ131303.19+230504.0,WISEA J131303.16+230503.5,5064942.0,119303.0,548566.0,742826.0,False,True,0.0094
3447,108.474505,23.08016,2297,2735,2422,UGC03751,UGC 03751,20446.0,,,,False,False,0.0091
3448,255.579525,23.07647,2910,3168,3168,PGC1681024,2MASX J17021901+2304349,1681024.0,69757.0,343463.0,,False,False,0.0106
3449,162.480829,23.06833,609,485,485,AGC740112,SDSS J104955.40+230406.9,5808772.0,,,740112.0,False,True,0.0016
3450,232.69713,23.0661,1992,2291,2291,UGC09875,UGC 09875,55282.0,97456.0,464081.0,,False,False,0.0076
3451,255.187872,23.044,2736,2997,2997,NGC6276,NGC 6276,59419.0,69842.0,343657.0,,True,False,0.01
3452,190.492919,23.02528,1785,2182,2182,AGC229381,WISEA J124158.27+230132.2,5808782.0,,,229381.0,False,True,0.0073
3453,180.477918,23.02417,3265,3480,3480,AGC229510,WISEA J120154.83+230125.2,6741555.0,,,229510.0,False,True,0.0116
3454,255.209689,23.01104,2795,2740,3055,NGC6278,NGC 6278,59426.0,147606.0,633944.0,,True,False,0.0091
3455,222.187737,22.9908,2400,2684,2684,,WISEA J144845.10+225927.2,,145619.0,632229.0,,False,False,0.009
3456,254.536089,22.9851,2979,3926,3235,NGC6267,NGC 6267,59340.0,147543.0,633881.0,,True,False,0.0131
3457,116.770804,22.95546,1897,2043,2043,SDSSJ074705.00+225719.6,WISEA J074704.98+225718.8,3443285.0,,,,False,False,0.0068
3458,158.867494,22.94889,3168,3350,3350,AGC208862,WISEA J103528.19+225656.2,6741529.0,,,208862.0,False,True,0.0112
3459,163.148902,22.93414,1262,1714,1566,NGC3437,NGC 3437,32648.0,110991.0,512493.0,5995.0,False,True,0.0057
3460,211.124604,22.93382,2293,2590,2590,SDSSJ140429.93+225601.8,SDSS J140429.93+225601.8,4399923.0,,,249556.0,False,True,0.0086
3461,167.252478,22.92954,2642,2866,2866,UGC06194,UGC 06194,33794.0,138825.0,610952.0,6194.0,False,True,0.0096
3462,209.602518,22.92683,2807,3070,3070,PGC049718,KUG 1356+231B,49718.0,123606.0,568235.0,,False,False,0.0102
3463,197.90429,22.91546,2608,2735,2879,NGC5012,NGC 5012,45795.0,163136.0,673848.0,8270.0,True,True,0.0091
3464,209.595991,22.88799,2786,3050,3050,PGC049734,KUG 1356+231A,49734.0,164300.0,678728.0,231584.0,False,True,0.0102
3465,100.785455,22.87389,1295,1434,1434,UGC03516,UGC 03516,19483.0,,,,False,False,0.0048
3466,255.138148,22.866,2638,2901,2901,SDSSJ170033.18+225157.4,WISEA J170033.15+225158.0,4007472.0,147594.0,633932.0,,False,False,0.0097
3467,156.93929,22.84717,1523,1808,1808,NGC3248,NGC 3248,30776.0,137391.0,624647.0,,True,False,0.006
3468,260.402107,22.84078,3091,3342,3342,UGC10823,UGC 10823,60121.0,,,,False,False,0.0111
3469,162.418299,22.8384,632,509,509,PGC032413,MRK 1265,32413.0,,,200898.0,False,True,0.0017
3470,198.174094,22.82977,2538,3012,2814,UGC08290,NGC 5012A,45884.0,119289.0,548539.0,8290.0,True,True,0.01
3471,187.183753,22.8208,643,696,369,NGC4455,NGC 4455,41066.0,161845.0,668003.0,7603.0,False,True,0.0023
3472,209.754102,22.81495,2864,3124,3124,PGC1676551,SDSS J135900.98+224853.8,1676551.0,,568102.0,743776.0,False,True,0.0104
3473,154.415386,22.80939,1177,1400,1400,PGC030061,CGCG 123-035,30061.0,136983.0,500743.0,201337.0,False,True,0.0047
3474,126.02577,22.80536,2060,2217,2217,PGC2807127,WISEA J082406.19+224818.6,2807127.0,,406720.0,,False,False,0.0074
3475,157.295207,22.77574,1197,1438,1438,PGC166105,SDSS J102910.85+224632.5,166105.0,158388.0,653046.0,201987.0,False,True,0.0048
3476,210.20435,22.76369,3069,3320,3320,SDSSJ140049.06+224549.1,WISEA J140048.99+224548.3,4396787.0,123591.0,568066.0,,False,False,0.0111
3477,153.381566,22.73755,1301,2000,1552,NGC3162,NGC 3162,29800.0,157995.0,651193.0,5510.0,False,True,0.0067
3478,255.37345,22.73118,2820,3078,3078,SDSSJ170129.62+224352.4,WISEA J170129.63+224353.2,4124690.0,,,,False,False,0.0103
3479,210.574494,22.72645,3098,3347,3347,SDSSJ140217.88+224335.4,WISEA J140217.82+224334.9,4398037.0,123588.0,568058.0,743877.0,False,True,0.0112
3480,153.219953,22.72201,1282,1529,1529,PGC029756,CGCG 123-024,29756.0,108463.0,500663.0,200162.0,False,True,0.0051
3481,125.920806,22.71984,2084,2240,2240,SDSSJ082340.95+224311.1,WISEA J082340.95+224310.7,4084961.0,135068.0,622515.0,,False,False,0.0075
3482,182.800014,22.70504,2578,2835,2835,PGC1674681,WISEA J121112.11+224217.2,1674681.0,119034.0,546683.0,,False,False,0.0095
3483,124.814109,22.70394,2124,2276,2276,SDSSJ081915.38+224214.1,SDSS J081915.38+224214.1,4084511.0,84137.0,406175.0,,False,False,0.0076
3484,154.83017,22.70163,1574,1844,1844,PGC2806870,LSBC D500-04,2806870.0,137079.0,624345.0,201174.0,False,True,0.0062
3485,125.59637,22.69685,2077,2233,2233,PGC1674543,2MASX J08222312+2241484,1674543.0,84130.0,406133.0,,False,False,0.0074
3486,193.4186,22.69016,2952,3196,3196,,SDSS J125340.46+224124.5,,,604035.0,,False,False,0.0107
3487,124.441674,22.6781,2144,2295,2295,SDSSJ081746.00+224041.0,SDSS J081746.00+224040.9,4084359.0,84139.0,406190.0,,False,False,0.0077
3488,123.012198,22.67415,1963,2117,2117,SDSSJ081202.89+224026.6,SDSS J081202.89+224026.6,4083825.0,64301.0,315633.0,,False,False,0.0071
3489,125.796974,22.66461,2054,2985,2210,UGC04375,UGC 04375,23522.0,135051.0,589663.0,,True,False,0.01
3490,125.871489,22.65023,2059,2215,2215,PGC213481,SDSS J082329.13+223900.1,213481.0,84131.0,406134.0,,False,False,0.0074
3491,122.661384,22.64999,2484,2622,2622,SDSSJ081038.74+223860.0,SDSS J081038.74+223900.0,3996218.0,64306.0,315642.0,,False,False,0.0087
3492,198.421997,22.62566,3236,4580,3471,PGC086687,LSBC F576-01,86687.0,163197.0,674075.0,235520.0,False,True,0.0153
3493,125.570292,22.60893,2298,2446,2446,PGC2806866,LSBC D495-01,2806866.0,84225.0,406690.0,,False,False,0.0082
3494,154.945217,22.59484,1470,1742,1742,UGC05575,UGC 05575,30188.0,108496.0,500783.0,5575.0,False,True,0.0058
3495,183.093262,22.59144,2350,2630,2630,SDSSJ121222.40+223529.1,WISEA J121222.08+223524.9,4315872.0,119032.0,546677.0,,False,False,0.0088
3496,207.306608,22.58986,947,1052,1052,PGC1672707,WISEA J134913.60+223524.1,1672707.0,123545.0,567784.0,743445.0,False,True,0.0035
3497,187.011693,22.58786,606,692,354,UGC07584,UGC 07584,40943.0,119130.0,547351.0,7584.0,False,True,0.0023
3498,157.087225,22.57078,539,796,440,UGC05672,UGC 05672,30818.0,137416.0,624672.0,5672.0,False,True,0.0027
3499,214.559301,22.55711,2596,2870,2870,PGC1672146,WISEA J141814.28+223324.9,1672146.0,123653.0,568898.0,,False,False,0.0096
3500,125.681073,22.55305,2112,2636,2266,NGC2577,NGC 2577,23498.0,135038.0,622488.0,,True,False,0.0088
3501,256.296441,22.54035,2865,3121,3121,SDSSJ170511.15+223225.1,SDSS J170511.15+223225.1,4007523.0,69912.0,343874.0,,False,False,0.0104
3502,184.391807,22.54026,411,1250,251,UGC07321,UGC 07321,39432.0,,,,False,False,0.0042
3503,122.446547,22.46357,2120,2267,2267,,WISEA J080947.89+222730.3,,64305.0,,,False,False,0.0076
3504,122.449659,22.45834,2118,2265,2265,SDSSJ080947.91+222730.1,WISEA J080947.89+222730.3,4074941.0,,,,False,False,0.0076
3505,206.562398,22.45823,2648,2918,2918,PGC1670258,WISEA J134614.98+222729.1,1670258.0,120130.0,552938.0,239103.0,False,True,0.0097
3506,154.928793,22.45246,1465,1640,1736,UGC05574,UGC 05574,30182.0,108493.0,500772.0,5574.0,False,True,0.0055
3507,209.541246,22.44056,2830,3090,3090,AGC239146,GALEXASC J135809.84+222629.0,5808794.0,,,239146.0,False,True,0.0103
3508,124.486692,22.43605,2104,2189,2256,PGC023262,KUG 0815+225,23262.0,156595.0,647336.0,,False,False,0.0073
3509,193.246268,22.41552,749,420,420,SDSSJ125259.05+222455.8,SDSS J125259.08+222455.9,5064714.0,119221.0,547996.0,229124.0,False,True,0.0014
3510,200.192994,22.39498,1055,1277,1277,PGC046578,KUG 1318+226,46578.0,119343.0,548866.0,742919.0,False,True,0.0043
3511,165.462686,22.34454,1338,1684,1684,PGC033270,CGCG 125-022,33270.0,111633.0,515299.0,200841.0,False,True,0.0056
3512,252.089766,22.33765,2870,3127,3127,PGC2801030,WISEA J164821.46+222015.5,2801030.0,58585.0,288931.0,,False,False,0.0104
3513,276.410104,22.32736,3134,3374,3374,UGC11229,UGC 11229,61863.0,148423.0,634748.0,,False,False,0.0113
3514,172.296222,22.29481,3250,3449,3449,PGC1667257,WISEA J112911.11+221740.7,1667257.0,112794.0,520847.0,741003.0,False,True,0.0115
3515,187.021099,22.2911,603,350,350,PGC086635,LSBC F573-01,86635.0,161830.0,628379.0,223254.0,False,True,0.0012
3516,125.850321,22.26678,2055,2210,2210,PGC1666700,WISEA J082324.08+221600.5,1666700.0,84233.0,406715.0,,False,False,0.0074
3517,191.656677,22.24651,1780,2179,2179,SDSSJ124637.60+221446.8,IC 3762,4341159.0,119185.0,547675.0,742590.0,False,True,0.0073
3518,122.948356,22.19292,2008,2158,2158,PGC1665309,WISEA J081147.61+221134.4,1665309.0,84041.0,405710.0,,False,False,0.0072
3519,154.32321,22.16098,1422,1688,1688,SDSSJ101717.58+220939.3,WISEA J101717.57+220939.7,4572928.0,108483.0,500734.0,,False,False,0.0056
3520,154.765,22.15194,1370,1635,1635,,PGC1 0030083 NED019,,,,202044.0,False,True,0.0055
3521,173.027595,22.12537,1178,1531,1531,PGC1664006,WISEA J113206.62+220731.2,1664006.0,,519512.0,741070.0,False,True,0.0051
3522,153.590532,22.12484,1641,2371,1899,UGC05524,UGC 05524,29865.0,136886.0,500696.0,5524.0,False,True,0.0079
3523,157.986279,22.09696,1193,1433,1433,SDSSJ103156.68+220549.4,SDSS J103156.68+220549.4,4563662.0,108642.0,501228.0,739514.0,False,True,0.0048
3524,110.593904,22.0833,2276,2781,2399,NGC2365,NGC 2365,20838.0,,,,False,False,0.0093
3525,211.668867,22.0701,2320,1823,2612,UGC09024,UGC 09024,50334.0,123623.0,568491.0,9024.0,False,True,0.0061
3526,136.020195,22.06155,3111,3250,3250,PGC025458,CGCG 121-011,25458.0,105679.0,490281.0,,False,False,0.0108
3527,200.196543,22.03796,789,557,557,SDSSJ132047.16+220216.5,WISEA J132047.21+220217.4,4366069.0,119319.0,548664.0,,False,False,0.0019
3528,125.195915,22.02688,2220,2367,2367,SDSSJ082047.00+220136.8,SDSS J082047.00+220136.8,4084682.0,135012.0,622463.0,,False,False,0.0079
3529,152.636645,22.01108,1280,1520,1520,PGC139255,WAS 05,139255.0,108414.0,500540.0,,False,False,0.0051
3530,189.255974,22.0087,1298,1996,1996,SDSSJ123701.44+220031.0,WISEA J123701.41+220032.0,4334308.0,119139.0,547415.0,742507.0,False,True,0.0067
3531,209.730782,21.98848,2850,3672,3107,UGC08899,UGC 08899,49763.0,123593.0,568117.0,8899.0,False,True,0.0122
3532,125.75127,21.96856,2190,2338,2338,PGC142948,WISEA J082300.25+215807.6,142948.0,135046.0,622496.0,,False,False,0.0078
3533,136.001957,21.96764,3100,3169,3240,NGC2738,NGC 2738,25454.0,157014.0,648098.0,,False,False,0.0106
3534,171.49917,21.96422,1415,1838,1838,SDSSJ112559.79+215751.3,WISEA J112559.79+215751.7,4279332.0,112476.0,519434.0,740893.0,False,True,0.0061
3535,134.768896,21.92692,2924,3066,3066,PGC1660087,WISEA J085904.49+215537.7,1660087.0,105689.0,490341.0,,False,False,0.0102
3536,192.403571,21.91818,539,327,327,SDSSJ124936.90+215505.7,SDSS J124936.89+215505.6,4343356.0,119218.0,547948.0,742601.0,False,True,0.0011
3537,250.23453,21.91786,2819,3075,3075,PGC2801028,PGC1 2801028 NED001,2801028.0,,,,False,False,0.0103
3538,135.99882,21.90658,3144,3040,3282,NGC2737,NGC 2737,25453.0,105677.0,490279.0,,False,False,0.0101
3539,237.751815,21.8943,2124,2408,2408,SDSSJ155100.49+215339.0,WISEA J155100.44+215340.0,4480157.0,146449.0,632901.0,,False,False,0.008
3540,154.603681,21.894,1370,2133,1633,NGC3193,NGC 3193,30099.0,137045.0,624311.0,,True,False,0.0071
3541,169.253146,21.89325,3139,3336,3336,SDSSJ111700.75+215335.6,WISEA J111700.75+215334.7,4272457.0,111938.0,516757.0,740696.0,False,True,0.0111
3542,253.327595,21.8927,2730,2987,2987,SDSSJ165318.78+215334.1,SDSS J165318.78+215334.1,4007368.0,147469.0,633814.0,,False,False,0.01
3543,135.847119,21.89017,3176,3313,3313,SDSSJ090323.30+215324.6,WISEA J090323.32+215324.9,4187249.0,105681.0,490284.0,,False,False,0.0111
3544,252.893082,21.89001,2688,2946,2946,UGC10588,UGC 10588,59132.0,58108.0,286312.0,,False,False,0.0098
3545,159.233474,21.88211,1339,1838,1628,NGC3301,NGC 3301,31497.0,137733.0,624972.0,,False,False,0.0061
3546,154.449353,21.87333,1583,2493,1848,NGC3187,NGC 3187,30068.0,108488.0,500751.0,5556.0,False,True,0.0083
3547,237.172131,21.86952,2157,3507,2440,UGC10043,UGC 10043,56094.0,98406.0,467340.0,,False,False,0.0117
3548,135.942594,21.86094,2869,3014,3014,PGC213563,SDSS J090346.23+215139.4,213563.0,105683.0,490286.0,,False,False,0.0101
3549,237.217371,21.85485,2226,2506,2506,PGC056100,MCG +04-37-035,56100.0,98137.0,466498.0,,False,False,0.0084
3550,269.752949,21.84808,2043,2307,2307,PGC2801038,PGC1 2801038 NED001,2801038.0,,,,False,False,0.0077
3551,154.52605,21.83268,1317,1684,1572,NGC3190,NGC 3190:[WLQ2016] X0001,30083.0,137020.0,624287.0,5559.0,False,True,0.0056
3552,237.31938,21.83136,2089,2375,2375,PGC056121,UGC 10049 NED03,56121.0,146433.0,632886.0,,False,False,0.0079
3553,214.68064,21.81758,2576,2930,2848,UGC09164,UGC 09164,51120.0,144859.0,568731.0,9164.0,False,True,0.0098
3554,154.347127,21.7995,1942,2180,2180,PGC086788,SDSS J101723.29+214757.9,86788.0,108447.0,500606.0,201052.0,False,True,0.0073
3555,198.233153,21.78957,3149,3384,3384,UGC08291,UGC 08291,45894.0,119276.0,548462.0,8291.0,False,True,0.0113
3556,214.708396,21.76508,2658,2925,2925,PGC1656782,WISEA J141850.02+214553.1,1656782.0,123639.0,568730.0,,False,False,0.0098
3557,237.231062,21.75916,2006,2296,2296,PGC1656651,SDSS J154855.45+214533.1,1656651.0,98404.0,467338.0,,False,False,0.0077
3558,192.941493,21.73391,582,385,348,PGC086644,IC 3840,86644.0,119214.0,547921.0,229386.0,False,True,0.0013
3559,142.6665,21.72353,582,567,567,NGC2903:[IHS2009]HI1,NGC 2903-HI-1,5057223.0,,,,False,False,0.0019
3560,197.336811,21.71572,2704,2963,2963,SDSSJ130920.83+214256.0,WISEA J130920.83+214256.0,5064943.0,119286.0,548514.0,742781.0,False,True,0.0099
3561,154.410701,21.68832,1236,1731,1471,NGC3185,NGC 3185,30059.0,108448.0,500607.0,5554.0,False,True,0.0058
3562,161.151788,21.66625,1162,1397,1397,PGC032049,MCG +04-25-050,32049.0,110553.0,511065.0,739837.0,False,True,0.0047
3563,166.852828,21.65711,2692,2907,2907,UGC06176,UGC 06176,33682.0,111653.0,515420.0,6176.0,False,True,0.0097
3564,158.697075,21.64827,1286,1466,1559,NGC3287,NGC 3287,31311.0,109303.0,503972.0,5742.0,False,True,0.0049
3565,271.15005,21.6375,2223,2564,2481,UGC11105,UGC 11105,61361.0,,,,False,False,0.0086
3566,193.0881,21.6298,765,1610,408,UGC08011,UGC 08011,43654.0,142456.0,629338.0,8011.0,False,True,0.0054
3567,136.341444,21.62276,3070,3209,3209,PGC086667,LSBC F564-V02,86667.0,105675.0,490274.0,,False,False,0.0107
3568,160.102799,21.61866,1230,1494,1494,UGC05805,UGC 05805,31762.0,110583.0,511154.0,5805.0,False,True,0.005
3569,139.876473,21.60354,721,641,766,PGC086669,LSBC D565-06,86669.0,,,,False,False,0.0021
3570,158.341773,21.59474,1352,1635,1635,SDSSJ103321.99+213540.9,SDSS J103321.51+213540.5,4242671.0,108625.0,501195.0,739531.0,False,True,0.0055
3571,197.954954,21.58893,2626,2891,2891,SDSSJ131149.19+213519.9,WISEA J131149.16+213519.6,4359059.0,119284.0,548497.0,,False,False,0.0096
3572,197.601151,21.57581,2590,2857,2857,PGC086688,2MFGC 10495,86688.0,119229.0,548084.0,233937.0,False,True,0.0095
3573,252.008586,21.55848,2659,2918,2918,PGC1652518,SDSS J164802.08+213330.5,1652518.0,167095.0,687136.0,,False,False,0.0097
3574,248.606212,21.54089,2936,3189,3189,NGC6186,NGC 6186,58523.0,63326.0,311779.0,,True,False,0.0106
3575,215.904333,21.5245,2049,2359,2359,PGC2807205,PGC1 2807205 NED001,2807205.0,,,,False,False,0.0079
3576,168.457626,21.52104,1419,1954,1804,UGC06258,UGC 06258,34198.0,111868.0,516520.0,6258.0,False,True,0.0065
3577,215.886333,21.52003,2079,2386,2386,SDSSJ142332.69+213112.1,SDSS J142332.70+213112.1,5064306.0,,,249082.0,False,True,0.008
3578,143.042052,21.50157,555,671,529,NGC2903,NGC 2903,27077.0,135944.0,,5079.0,False,True,0.0022
3579,143.20335,21.46567,485,521,440,UGC05086,UGC 05086,27115.0,,,,False,False,0.0017
3580,179.955848,21.44882,1970,2301,2301,PGC037802,KUG 1157+217,37802.0,118903.0,546188.0,741675.0,False,True,0.0077
3581,137.072701,21.44329,2719,2798,2868,NGC2764,NGC 2764,25690.0,135692.0,623087.0,,False,False,0.0093
3582,181.232149,21.42599,3127,3342,3342,PGC038232,MCG +04-29-013,38232.0,118873.0,546073.0,226016.0,False,True,0.0111
3583,198.047084,21.40683,3070,3308,3308,UGC08278,UGC 08278,45839.0,143111.0,629959.0,8278.0,False,True,0.011
3584,154.594938,21.39202,1418,1682,1682,PGC1649060,WISEA J101822.76+212331.1,1649060.0,108439.0,500592.0,,False,False,0.0056
3585,209.356182,21.38941,2861,3116,3116,PGC1648997,2MASX J13572551+2123217,1648997.0,122608.0,563419.0,743733.0,False,True,0.0104
3586,154.670273,21.38052,1289,1538,1538,SDSSJ101840.87+212249.7,WISEA J101840.88+212249.5,4232085.0,108438.0,500590.0,,False,False,0.0051
3587,120.38436,21.38004,2104,2243,2243,PGC1648817,WISEA J080132.26+212247.9,1648817.0,64291.0,315603.0,,False,False,0.0075
3588,120.495267,21.37201,2088,2228,2228,SDSSJ080158.90+212219.1,SDSS J080158.89+212219.1,3996043.0,64293.0,315614.0,,False,False,0.0074
3589,161.152427,21.37151,2767,2964,2964,SDSSJ104436.57+212217.3,WISEA J104436.62+212217.6,4250145.0,110715.0,511641.0,739838.0,False,True,0.0099
3590,209.378401,21.36516,2858,3112,3112,SDSSJ135730.82+212154.5,WISEA J135730.81+212154.5,4394075.0,122605.0,563409.0,,False,False,0.0104
3591,160.289944,21.3619,932,970,970,PGC031819,MRK 0724,31819.0,158628.0,654442.0,,False,False,0.0032
3592,137.232507,21.36021,2703,2853,2853,PGC2806898,LSBC D564-04,2806898.0,,623092.0,,False,False,0.0095
3593,123.559245,21.35534,3233,3845,3348,SDSSJ081413.95+212135.3,2MASXi J0814139+212134,4084046.0,,,,False,False,0.0128
3594,217.17284,21.34012,1134,1448,1448,UGC09282,UGC 09282,51711.0,123744.0,569622.0,9282.0,False,True,0.0048
3595,247.362936,21.33663,2989,3396,3240,UGC10413,UGC 10413,58336.0,68462.0,337105.0,,True,False,0.0113
3596,217.009928,21.30334,1148,1194,1469,UGC09274,UGC 09274,51655.0,,,9274.0,False,True,0.004
3597,154.756232,21.28372,1080,1734,1249,PGC030133,LSBC F567-01,30133.0,108558.0,500964.0,200255.0,False,True,0.0058
3598,267.547973,21.26543,3222,3461,3461,PGC1646422,PGC1 1646422 NED001,1646422.0,,,,False,False,0.0115
3599,124.950783,21.23583,1958,2109,2109,PGC1645749,WISEA J081948.27+211409.7,1645749.0,134996.0,622450.0,,False,False,0.007
3600,196.734219,21.2284,2664,2924,2924,PGC1645574,WISEA J130656.23+211342.5,1645574.0,119230.0,548096.0,742747.0,False,True,0.0098
3601,167.717326,21.20397,1233,1563,1563,SDSSJ111052.19+211214.0,WISEA J111052.13+211215.5,4268034.0,,,219653.0,False,True,0.0052
3602,134.923204,21.19915,3096,3230,3230,SDSSJ085941.54+211156.9,WISEA J085941.52+211156.5,4560303.0,105688.0,490325.0,,False,False,0.0108
3603,154.868999,21.19014,1389,1652,1652,SDSSJ101928.56+211124.6,SDSS J101928.56+211124.6,4577702.0,108557.0,500962.0,,False,False,0.0055
3604,162.481668,21.18833,1203,1466,1466,AGC208737,GALEXASC J104955.70+211119.7,5807909.0,,,208737.0,False,True,0.0049
3605,124.36692,21.1811,2126,2270,2270,PGC023236,CGCG 119-030,23236.0,134964.0,622421.0,,False,False,0.0076
3606,206.617097,21.16607,919,946,946,PGC048822,KUG 1344+214,48822.0,122492.0,562939.0,743360.0,False,True,0.0032
3607,124.355802,21.16347,2166,2309,2309,PGC023231,CGCG 119-028,23231.0,84116.0,647325.0,,False,False,0.0077
3608,186.092358,21.15999,950,438,438,UGC07485,UGC 07485,40356.0,118520.0,542941.0,7485.0,False,True,0.0015
3609,134.974774,21.15146,3095,3229,3229,PGC1643906,2MASX J08595397+2109055,1643906.0,156978.0,489762.0,,False,False,0.0108
3610,278.513577,21.13167,3061,3296,3296,PGC166546,2MFGC 14475,166546.0,148437.0,634762.0,,False,False,0.011
3611,251.860613,21.1257,2586,2845,2845,UGC10549,UGC 10549,58989.0,167089.0,687128.0,,False,False,0.0095
3612,154.14224,21.12302,1288,1758,1532,NGC3177,NGC 3177,30010.0,108436.0,500585.0,5544.0,False,True,0.0059
3613,243.817234,21.0934,1478,1776,1776,,WISEA J161516.13+210536.1,,146852.0,,,False,False,0.0059
3614,163.105568,21.09145,1256,1550,1550,PGC1642581,SDSS J105225.33+210529.1,1642581.0,111328.0,513813.0,740216.0,False,True,0.0052
3615,273.410296,21.09024,3139,2773,3376,NGC6586,NGC 6586,61600.0,,,,False,False,0.0092
3616,149.567575,21.08895,651,613,613,SDSSJ095816.17+210520.4,SDSS J095816.17+210520.4,4563582.0,,,718245.0,False,True,0.002
3617,251.794483,21.08737,2728,2982,2982,PGC1642468,WISEA J164710.62+210515.1,1642468.0,63276.0,311513.0,,False,False,0.0099
3618,197.142888,21.04989,2622,3303,2885,IC0851,IC 0851,45552.0,118647.0,544647.0,8219.0,True,True,0.011
3619,156.054525,21.04971,1237,1477,1477,UGC05629,UGC 05629,30493.0,108523.0,500877.0,5629.0,False,True,0.0049
3620,118.438689,21.0494,2137,2270,2270,PGC022100,CGCG 118-019,22100.0,64280.0,315523.0,,True,False,0.0076
3621,214.713072,21.04435,2562,2832,2832,SDSSJ141851.12+210239.7,WISEA J141851.13+210239.4,4410978.0,123635.0,568698.0,,False,False,0.0094
3622,214.728789,21.00481,2598,2866,2866,PGC1640681,SDSS J141854.90+210017.2,1640681.0,123636.0,568703.0,744322.0,False,True,0.0096
3623,136.960595,20.97969,2855,2998,2998,SDSSJ090750.54+205846.8,WISEA J090750.56+205846.9,4190080.0,105825.0,491037.0,,False,False,0.01
3624,276.315474,20.913,3203,3437,3437,PGC061855,CGCG 114-006,61855.0,148422.0,634747.0,,False,False,0.0115
3625,200.174962,20.91004,2796,3048,3048,PGC1638595,WISEA J132042.04+205436.1,1638595.0,119335.0,548780.0,742917.0,False,True,0.0102
3626,181.512918,20.90333,2996,3216,3216,AGC229376,WISEA J120603.15+205414.2,5807998.0,,,229376.0,False,True,0.0107
3627,207.698656,20.89833,869,850,850,PGC1638331,SDSS J135047.68+205354.0,1638331.0,122479.0,562879.0,743503.0,False,True,0.0028
3628,183.736224,20.89733,939,445,445,PGC089681,KUG 1212+211,89681.0,118456.0,542517.0,742125.0,False,True,0.0015
3629,161.231667,20.86778,1219,1481,1481,PGC2806914,LSBC D568-02,2806914.0,137957.0,625182.0,202149.0,False,True,0.0049
3630,170.567216,20.86593,811,607,607,PGC2806917,LSBC D570-07,2806917.0,139270.0,626407.0,212960.0,False,True,0.002
3631,245.348389,20.86583,3103,3350,3350,PGC086663,LSBC D584-05,86663.0,166879.0,686724.0,,False,False,0.0112
3632,250.65567,20.8527,2821,3073,3073,SDSSJ164237.33+205110.1,WISEA J164237.33+205110.9,4007178.0,147216.0,633574.0,,False,False,0.0103
3633,233.829516,20.84239,3028,3002,3277,UGC09917,UGC 09917,55518.0,97459.0,464094.0,,False,False,0.01
3634,191.377582,20.81598,2592,2852,2852,IC3740,IC 3740,42995.0,118608.0,543678.0,220995.0,False,True,0.0095
3635,267.295917,20.80436,3200,3438,3438,NGC6458,NGC 6458,60911.0,,,,False,False,0.0115
3636,157.473796,20.80153,2906,3086,3086,PGC086623,LSBC F568-07,86623.0,109239.0,503748.0,739491.0,False,True,0.0103
3637,234.252195,20.79574,1718,2020,2020,PGC086658,PGC1 0086658 NED001,86658.0,146278.0,632756.0,,False,False,0.0067
3638,148.521696,20.77961,2060,2265,2265,SDSSJ095405.21+204646.5,WISEA J095405.22+204646.6,4217123.0,108365.0,500284.0,739108.0,False,True,0.0076
3639,263.399544,20.76758,3225,3465,3465,UGC10899,UGC 10899,60498.0,,,,False,False,0.0116
3640,232.443084,20.75171,1990,2280,2280,PGC1635103,SDSS J152946.32+204505.6,1635103.0,97497.0,464204.0,,False,False,0.0076
3641,137.334513,20.69734,3028,3228,3166,UGC04809,UGC 04809,25780.0,157067.0,648183.0,,False,False,0.0108
3642,125.920693,20.69677,1931,2082,2082,SDSSJ082341.01+204148.5,WISEA J082340.99+204148.5,4084962.0,135069.0,622516.0,,False,False,0.0069
3643,169.916253,20.69222,1216,1560,1560,AGC219658,GALEXASC J111939.92+204135.5,5807928.0,,,219658.0,False,True,0.0052
3644,197.57662,20.68826,3020,3256,3256,SDSSJ131018.31+204117.8,WISEA J131018.45+204117.3,5064950.0,118653.0,544717.0,742792.0,False,True,0.0109
3645,239.364603,20.66635,2268,2540,2540,PGC086657,LSBC D584-04,86657.0,166532.0,686032.0,,False,False,0.0085
3646,123.003828,20.66071,3158,3270,3270,PGC1633037,WISEA J081200.88+203938.2,1633037.0,84033.0,405606.0,,False,False,0.0109
3647,246.48916,20.65952,1986,2265,2265,,LSBC F585-V01,,146977.0,633366.0,,False,False,0.0076
3648,183.810376,20.65871,855,791,376,NGC4204,NGC 4204,39179.0,118460.0,542544.0,7261.0,False,True,0.0026
3649,209.137379,20.64621,2868,3119,3119,SDSSJ135633.00+203846.3,SDSS J135633.00+203846.3,4393252.0,122462.0,562780.0,743703.0,False,True,0.0104
3650,163.523859,20.64444,1300,1612,1612,UGC06018,UGC 06018,32732.0,158956.0,656204.0,6018.0,False,True,0.0054
3651,252.712652,20.63719,2689,2942,2942,SDSSJ165050.89+203812.8,2MASS J16505097+2038138,3572641.0,63200.0,311215.0,,False,False,0.0098
3652,166.354035,20.60076,2585,2801,2801,PGC1631631,WISEA J110524.97+203602.5,1631631.0,111616.0,515131.0,740533.0,False,True,0.0093
3653,182.689815,20.59293,2528,2782,2782,SDSSJ121045.55+203534.5,WISEA J121045.64+203532.3,6753535.0,,,,False,False,0.0093
3654,172.31372,20.58319,1409,1850,1850,IC0700,IC 0700,35382.0,139515.0,626639.0,6487.0,False,True,0.0062
3655,137.268111,20.58105,2989,3127,3127,PGC025750,MCG +04-22-018,25750.0,135701.0,602407.0,,False,False,0.0104
3656,187.367442,20.56357,1126,1635,1635,SDSSJ122928.18+203348.8,SDSS J122928.17+203348.7,5065020.0,118557.0,543159.0,,False,False,0.0055
3657,236.435445,20.56044,2090,2506,2371,UGC10020,UGC 10020,55973.0,98104.0,466356.0,,False,False,0.0084
3658,244.556624,20.52897,2840,3092,3092,SDSSJ161813.55+203144.4,SDSS J161813.54+203144.4,4558940.0,82250.0,398332.0,,False,False,0.0103
3659,143.307076,20.51536,717,737,737,PGC2806909,WISEA J093313.66+203054.2,2806909.0,,,,False,False,0.0025
3660,126.074774,20.51372,2166,2309,2309,PGC1629432,WISEA J082417.95+203050.0,1629432.0,91294.0,436658.0,,False,False,0.0077
3661,210.500048,20.50168,3121,3361,3361,PGC086453,KUG 1359+207,86453.0,122640.0,563682.0,743864.0,False,True,0.0112
3662,271.759258,20.48822,2242,2735,2495,UGC11120,UGC 11120,61420.0,,,,False,False,0.0091
3663,187.926581,20.48166,1879,2248,2248,PGC041463,KUG 1229+207,41463.0,118559.0,543177.0,222741.0,False,True,0.0075
3664,160.77498,20.42226,1323,1733,1615,UGC05833,UGC 05833,31945.0,110683.0,511542.0,5833.0,False,True,0.0058
3665,147.922162,20.37447,2697,2865,2865,SDSSJ095141.30+202227.8,SDSS J095141.30+202227.8,4547610.0,108335.0,500038.0,198558.0,False,True,0.0096
3666,181.827427,20.37145,3247,3453,3453,PGC038472,KUG 1204+206,38472.0,118405.0,542250.0,227836.0,False,True,0.0115
3667,138.278577,20.36795,2555,2708,2708,PGC1625187,WISEA J091306.87+202204.7,1625187.0,106010.0,491530.0,,False,False,0.009
3668,138.255323,20.36531,2630,2780,2780,UGC04853,UGC 04853,25973.0,105852.0,491140.0,4853.0,False,True,0.0093
3669,212.473516,20.31002,2296,3459,2583,PGC091337,FGC 1717,91337.0,164603.0,679888.0,241950.0,False,True,0.0115
3670,188.95611,20.29866,727,355,355,SDSSJ123549.46+201755.0,SDSS J123549.47+201755.0,5076857.0,118586.0,543422.0,,False,False,0.0012
3671,156.628962,20.28324,1244,1485,1485,SDSSJ102630.97+201659.5,WISEA J102630.95+201659.5,4577915.0,137328.0,624584.0,,False,False,0.005
3672,156.618053,20.22806,1176,2393,1391,IC0610,IC 0610,30670.0,109227.0,503708.0,5653.0,False,True,0.008
3673,173.976799,20.2222,1134,1403,1403,PGC1620526,KUG 1133+204,1620526.0,112660.0,520184.0,219108.0,False,True,0.0047
3674,247.825864,20.21091,2464,2724,2724,PGC214509,SDSS J163118.20+201239.0,214509.0,147082.0,633453.0,,False,False,0.0091
3675,247.839619,20.18439,2523,2360,2781,NGC6168,NGC 6168,58423.0,68560.0,337507.0,,False,False,0.0079
3676,188.21519,20.18357,2533,3613,2793,UGC07697,NGC 4529,41639.0,118560.0,543198.0,7697.0,False,True,0.0121
3677,155.814157,20.17792,1144,1339,1339,PGC1619003,WISEA J102315.39+201040.6,1619003.0,109114.0,503382.0,,False,False,0.0045
3678,182.792338,20.17567,2451,4623,2711,NGC4158,NGC 4158,38802.0,161174.0,665972.0,7182.0,False,True,0.0154
3679,155.233746,20.15574,1557,1821,1821,PGC030270,LSBC D568-04,30270.0,109212.0,503630.0,202045.0,False,True,0.0061
3680,234.284172,20.14591,3078,3323,3323,SDSSJ153708.20+200845.2,SDSS J153708.19+200845.2,5065038.0,97813.0,465544.0,,False,False,0.0111
3681,174.688618,20.14,3103,3304,3304,PGC2807204,KUG 1136+204,2807204.0,160278.0,662261.0,212865.0,False,True,0.011
3682,167.289681,20.12491,1128,1343,1343,SDSSJ110909.52+200729.6,WISEA J110909.75+200729.3,5064998.0,111794.0,516053.0,740584.0,False,True,0.0045
3683,247.877351,20.09364,2477,2736,2736,PGC2807207,PGC1 0058470 NED004,2807207.0,,,,False,False,0.0091
3684,166.668594,20.0856,1207,1829,1500,NGC3522,NGC 3522,33615.0,111607.0,515073.0,6159.0,False,True,0.0061
3685,156.906338,20.07874,1268,1517,1517,PGC1615610,WISEA J102737.48+200443.0,1615610.0,109180.0,503528.0,,False,False,0.0051
3686,135.72387,20.07516,484,615,464,PGC086668,LSBC D564-08,86668.0,,,,False,False,0.0021
3687,180.136989,20.07403,1270,1924,1924,NGC4032,NGC 4032,37860.0,118201.0,541764.0,6995.0,False,True,0.0064
3688,182.848208,20.06322,2333,2607,2607,SDSSJ121123.56+200347.6,SDSS J121123.57+200347.6,6753518.0,,,,False,False,0.0087
3689,165.777174,20.06002,1282,1611,1611,SDSSJ110306.42+200335.7,WISEA J110306.64+200336.6,5064992.0,111618.0,515143.0,740489.0,False,True,0.0054
3690,178.687046,20.05645,609,1145,355,UGC06881,UGC 06881,37367.0,160735.0,664161.0,6881.0,False,True,0.0038
3691,182.42793,20.04705,2496,2750,2750,PGC086636,LSBC F573-03,86636.0,,,220156.0,False,True,0.0092
3692,197.118259,20.034,1484,2001,2001,PGC1614069,WISEA J130828.38+200202.4,1614069.0,118651.0,544698.0,742775.0,False,True,0.0067
3693,212.211834,20.03328,2207,2501,2501,PGC1614066,WISEA J140850.82+200159.6,1614066.0,122620.0,563552.0,744015.0,False,True,0.0083
3694,156.144632,20.03276,1018,1134,1134,PGC1614037,WISEA J102434.70+200157.9,1614037.0,109135.0,503439.0,,False,False,0.0038
3695,182.99059,20.02784,2399,2665,2665,PGC038859,KUG 1209+203,38859.0,118414.0,542307.0,221590.0,False,True,0.0089
3696,155.84004,20.02728,1170,1378,1378,2MASXJ10232162+2001380,WISEA J102321.61+200138.1,3754953.0,109117.0,503409.0,,False,False,0.0046
3697,247.542244,20.02485,2485,2744,2744,SDSSJ163010.13+200129.4,WISEA J163010.23+200129.8,6743859.0,,,,False,False,0.0092
3698,202.969004,20.00107,1017,1624,1127,UGC08516,UGC 08516,47577.0,118802.0,545604.0,8516.0,False,True,0.0054
3699,142.553469,19.98981,561,528,528,PGC026972,LSBC D565-10,26972.0,135927.0,623282.0,191706.0,False,True,0.0018
3700,172.320704,19.98722,1051,1110,1110,PGC1612446,WISEA J112916.97+195914.2,1612446.0,112358.0,518836.0,741006.0,False,True,0.0037
3701,248.393186,19.94611,2413,2673,2673,PGC1611051,2MASX J16333438+1956465,1611051.0,68553.0,337485.0,,False,False,0.0089
3702,190.663477,19.94547,952,1198,366,NGC4635,NGC 4635,42704.0,118605.0,543669.0,7876.0,False,True,0.004
3703,166.097263,19.91711,1246,1560,1560,,WISEA J110423.34+195501.6,,111613.0,515101.0,,False,False,0.0052
3704,155.84353,19.91433,1338,1595,1595,PGC1609953,WISEA J102322.44+195451.7,1609953.0,109122.0,503416.0,,False,False,0.0053
3705,155.862505,19.89847,1313,1752,1565,NGC3226,NGC 3226,30440.0,137219.0,624479.0,,False,False,0.0058
3706,166.300413,19.86889,1199,1481,1481,AGC219617,WISEA J110512.35+195215.4,5807918.0,,,219617.0,False,True,0.0049
3707,248.195369,19.86701,2470,2728,2728,SDSSJ163246.88+195201.2,WISEA J163246.91+195200.7,6743720.0,,,,False,False,0.0091
3708,155.877539,19.86498,1129,1510,1314,NGC3227,NGC 3227,30445.0,137223.0,624483.0,5620.0,False,True,0.005
3709,247.306049,19.83868,2429,2689,2689,PGC1607343,WISEA J162913.52+195019.2,1607343.0,82298.0,398563.0,,False,False,0.009
3710,166.484439,19.82534,1332,1823,1684,UGC06151,UGC 06151,33562.0,138726.0,602973.0,6151.0,False,True,0.0061
3711,248.087955,19.82401,2370,2423,2631,NGC6181,NGC 6181,58470.0,147100.0,581858.0,,True,False,0.0081
3712,248.15208,19.81026,2287,2550,2550,SDSSJ163236.49+194836.9,WISEA J163236.64+194834.1,6750604.0,,,,False,False,0.0085
3713,163.132668,19.79229,1137,1124,1346,UGC05989,UGC 05989,32645.0,158918.0,656026.0,5989.0,False,True,0.0037
3714,248.163427,19.79221,2240,2505,2505,SDSSJ163239.22+194731.9,GALEXASC J163239.29+194733.3,6750590.0,,,,False,False,0.0084
3715,166.984824,19.77283,2817,3017,3017,SDSSJ110756.36+194622.2,WISEA J110756.43+194623.0,4265918.0,111789.0,516007.0,740571.0,False,True,0.0101
3716,162.952685,19.76823,1374,1693,1693,SDSSJ105148.64+194605.4,SDSS J105148.64+194605.4,4254710.0,111291.0,513669.0,,False,False,0.0056
3717,243.040863,19.73292,2892,3140,3140,SDSSJ161209.76+194358.0,SDSS J161209.76+194358.0,4574583.0,,,,False,False,0.0105
3718,192.887521,19.72305,1152,1783,1783,SDSSJ125133.00+194322.9,IC 3837,4344711.0,118596.0,543531.0,,False,False,0.0059
3719,248.580639,19.7208,2452,2710,2710,SDSSJ163419.35+194314.8,GALEXASC J163419.44+194311.5,6750765.0,,,,False,False,0.009
3720,220.269054,19.71348,1816,2133,2133,PGC1602771,WISEA J144104.43+194249.5,1602771.0,122896.0,565167.0,249541.0,False,True,0.0071
3721,248.051354,19.69573,2500,2757,2757,PGC1602186,WISEA J163212.23+194143.6,1602186.0,,,,False,False,0.0092
3722,187.624715,19.67306,865,300,300,IC3436,IC 3436,41323.0,118535.0,543015.0,,False,False,0.001
3723,155.322196,19.65172,1343,2317,1597,NGC3213,NGC 3213,30283.0,158201.0,652146.0,5590.0,False,True,0.0077
3724,162.626336,19.64412,1252,1219,1533,UGC05947,UGC 05947,32486.0,138175.0,625388.0,5947.0,False,True,0.0041
3725,212.646725,19.61225,2261,3411,2548,NGC5492,NGC 5492,50613.0,164621.0,679975.0,9065.0,False,True,0.0114
3726,170.417982,19.61201,1149,1408,1408,SDSSJ112140.32+193643.3,SDSS J112140.32+193643.3,4275959.0,112119.0,517735.0,,False,False,0.0047
3727,181.843331,19.60611,2688,2923,2923,AGC229346,WISEA J120722.43+193620.0,5807999.0,,,229346.0,False,True,0.0098
3728,173.329506,19.59758,1407,1870,1870,PGC1598409,WISEA J113319.11+193551.5,1598409.0,112312.0,518534.0,741114.0,False,True,0.0062
3729,246.850915,19.59718,2436,2694,2694,NGC6149,NGC 6149,58183.0,82299.0,398567.0,,False,False,0.009
3730,184.847299,19.5873,946,315,315,[TH2002]230,SDSS J121923.35+193514.4,5067293.0,,,,False,False,0.0011
3731,174.786876,19.58328,1733,2103,2103,PGC1597887,WISEA J113908.86+193500.5,1597887.0,112599.0,519935.0,,False,False,0.007
3732,157.12491,19.56256,1107,1686,1279,UGC05675,UGC 05675,30831.0,,624678.0,5675.0,False,True,0.0056
3733,166.944309,19.54916,1170,1427,1427,UGC06181,UGC 06181,33699.0,,,6181.0,False,True,0.0048
3734,189.587421,19.54144,1365,2083,2083,IC3605,IC 3605,86642.0,162155.0,543300.0,220865.0,False,True,0.0069
3735,161.511562,19.53772,1297,1584,1584,PGC3090074,WISEA J104602.78+193215.8,3090074.0,110670.0,511465.0,,False,False,0.0053
3736,244.385864,19.52841,2575,2830,2830,PGC2806949,LSBC D584-03,2806949.0,166844.0,686642.0,,False,False,0.0094
3737,233.449275,19.51803,2000,2284,2284,SDSSJ153347.81+193104.7,WISEA J153347.82+193105.1,4545797.0,97684.0,464987.0,,False,False,0.0076
3738,164.506803,19.50512,652,818,486,PGC032971,CGCG 095-078,32971.0,111187.0,513151.0,740381.0,False,True,0.0027
3739,176.6104,19.5034,2180,2460,2460,EVCC2007,SDSS J114626.45+193011.9,5098423.0,,,219163.0,False,True,0.0082
3740,172.495418,19.48361,763,503,503,AGC219622,WISEA J112958.90+192902.4,5807939.0,,,219622.0,False,True,0.0017
3741,176.151594,19.4778,2766,2985,2985,SDSSJ114436.38+192839.5,WISEA J114436.37+192839.6,5064993.0,113388.0,522522.0,219162.0,False,True,0.01
3742,137.66046,19.47293,3126,3255,3255,UGC04822,UGC 04822,25874.0,105800.0,648203.0,4822.0,False,True,0.0109
3743,153.695475,19.45494,1258,1484,1484,,WISEA J101446.87+192717.7,,136908.0,,,False,False,0.005
3744,274.384405,19.44465,2951,3184,3184,PGC061689,CGCG 113-034,61689.0,,,,False,False,0.0106
3745,168.56565,19.44046,948,872,872,SDSSJ111415.75+192625.6,SDSS J111415.75+192625.6,5076524.0,112108.0,517640.0,,False,False,0.0029
3746,202.7445,19.4365,998,1710,1043,UGC08507,UGC 08507,47506.0,,,8507.0,False,True,0.0057
3747,185.874263,19.42689,1036,570,570,NGC4336,NGC 4336,40231.0,161645.0,667482.0,,False,False,0.0019
3748,125.581148,19.41593,2084,2084,2224,IC2329,IC 2329,23483.0,,,,False,False,0.007
3749,175.109449,19.41333,3081,3281,3281,,KUG 1137+196,,160348.0,662549.0,,False,False,0.0109
3750,141.505052,19.38351,2524,2697,2680,UGC05023,UGC 05023,26750.0,135896.0,623256.0,5023.0,False,True,0.009
3751,125.692772,19.37482,2034,2175,2175,PGC1590056,WISEA J082246.26+192230.2,1590056.0,91272.0,436458.0,,False,False,0.0073
3752,169.600238,19.37043,1163,1433,1433,SDSSJ111824.05+192213.4,WISEA J111824.09+192213.5,4273509.0,112113.0,517670.0,,False,False,0.0048
3753,138.342335,19.36936,3047,3179,3179,UGC04858,UGC 04858,25996.0,106007.0,491511.0,4858.0,False,True,0.0106
3754,183.24009,19.36185,2445,2704,2704,PGC1589647,WISEA J121257.63+192142.5,1589647.0,118313.0,542024.0,,False,False,0.009
3755,136.664628,19.33675,3292,3415,3415,UGC04780,UGC 04780,25561.0,105763.0,490833.0,4780.0,False,True,0.0114
3756,136.6629,19.32396,3246,3370,3370,PGC213569,WISEA J090639.15+191926.5,213569.0,,,,False,False,0.0112
3757,189.033922,19.32267,1400,927,2081,NGC4561,NGC 4561,42020.0,,,7768.0,False,True,0.0031
3758,136.643057,19.31053,3300,3422,3422,PGC213570,SDSS J090634.33+191837.9,213570.0,,,,False,False,0.0114
3759,103.478541,19.29964,1267,1742,1390,UGC03587,UGC 03587,19813.0,,,,False,False,0.0058
3760,199.035786,19.27774,2674,2927,2927,PGC1586615,WISEA J131608.49+191639.5,1586615.0,,,239083.0,False,True,0.0098
3761,170.914933,19.27534,1895,2204,2204,,WISEA J112339.59+191631.2,,139328.0,626465.0,,False,False,0.0074
3762,170.9218,19.2717,1894,2203,2203,PGC166111,LSBC D570-06,166111.0,,,,False,False,0.0073
3763,186.8542,19.2635,648,338,338,EVCC0658,WISEA J122725.03+191549.3,5098431.0,,,,False,False,0.0011
3764,193.480184,19.25931,919,391,391,SDSSJ125355.24+191533.5,WISEA J125355.25+191533.7,4346258.0,118626.0,544244.0,742637.0,False,True,0.0013
3765,168.839145,19.24224,676,467,467,AGC740666,SDSS J111521.37+191432.3,5807925.0,,,740666.0,False,True,0.0016
3766,164.421777,19.22252,1006,1057,1057,SDSSJ105741.23+191321.1,WISEA J105741.24+191320.8,5075419.0,111414.0,514150.0,,False,False,0.0035
3767,193.702545,19.17748,918,1782,395,IC3881,IC 3881,43961.0,142513.0,629391.0,8036.0,False,True,0.0059
3768,150.6481,19.17691,2093,3243,2296,UGC05403,UGC 05403,29085.0,108986.0,502671.0,5403.0,False,True,0.0108
3769,272.36073,19.11762,2348,2592,2592,PGC061468,CGCG 113-024,61468.0,,,,False,False,0.0086
3770,182.050214,19.11044,2238,2520,2520,PGC1580851,WISEA J120812.02+190637.1,1580851.0,118339.0,542116.0,741946.0,False,True,0.0084
3771,165.268386,19.10012,1114,2056,1297,UGC06095,UGC 06095,33208.0,111419.0,514186.0,6095.0,False,True,0.0069
3772,138.476495,19.05079,2910,3044,3044,SDSSJ091354.37+190302.7,WISEA J091354.37+190302.9,4193586.0,105783.0,490889.0,,False,False,0.0102
3773,150.630579,19.03295,2004,2799,2212,UGC05401,UGC 05401,29082.0,108959.0,502439.0,5401.0,False,True,0.0093
3774,182.332245,18.99735,2575,2819,2819,UGC07133,UGC 07133,38622.0,118331.0,542085.0,7133.0,False,True,0.0094
3775,197.50349,18.92498,2404,2679,2679,PGC1574705,WISEA J131000.81+185530.1,1574705.0,118662.0,544930.0,742788.0,False,True,0.0089
3776,268.897134,18.9249,2904,3138,3138,PGC061116,UGC 11044,61116.0,,,,False,False,0.0105
3777,243.870171,18.90479,2305,2786,2567,UGC10297,UGC 10297,57627.0,166816.0,633264.0,,True,False,0.0093
3778,167.946035,18.85717,994,983,983,SDSSJ111147.04+185125.8,WISEA J111147.02+185126.3,5064722.0,111760.0,515870.0,740622.0,False,True,0.0033
3779,169.571857,18.84708,1122,1694,1320,UGC06320,UGC 06320,34556.0,159587.0,659052.0,6320.0,False,True,0.0057
3780,175.651143,18.8454,3138,3333,3333,NGC3827,NGC 3827,36361.0,112991.0,521382.0,6673.0,False,True,0.0111
3781,182.654154,18.82836,2445,2046,2701,UGC07170,UGC 07170,38748.0,118315.0,542032.0,7170.0,False,True,0.0068
3782,273.46241,18.82509,3072,3627,3301,NGC6587,NGC 6587,61607.0,,,,False,False,0.0121
3783,240.509098,18.81744,2536,2903,2791,PGC056762,UGCA 411,56762.0,,,,False,False,0.0097
3784,169.52497,18.79805,1141,1371,1371,,MCG +03-29-027,,139112.0,,,False,False,0.0046
3785,107.085572,18.78016,2255,2280,2357,NGC2339,NGC 2339,20222.0,,,,False,False,0.0076
3786,138.099303,18.77267,3031,3160,3160,SDSSJ091223.85+184621.6,WISEA J091223.83+184622.6,4573413.0,105787.0,490900.0,,False,False,0.0105
3787,136.501524,18.76481,3298,3863,3417,LAMOSTJ090559.16+184546.3,[EKL2017] ECO 2461,6723874.0,,,,False,False,0.0129
3788,168.238722,18.76157,850,675,675,PGC086628,LSBC F570-04,86628.0,111755.0,515848.0,,False,False,0.0023
3789,107.204202,18.75744,2256,2359,2359,PGC143096,WISEA J070848.88+184529.2,143096.0,,,,False,False,0.0079
3790,180.726898,18.7523,840,380,380,NGC4049,NGC 4049,38050.0,140660.0,537725.0,7027.0,False,True,0.0013
3791,196.166885,18.74413,920,495,495,SDSSJ130440.05+184438.7,WISEA J130440.14+184440.0,4353799.0,118644.0,544583.0,,False,False,0.0017
3792,169.592114,18.73845,1084,1210,1210,UGC06324,UGC 06324,34558.0,139119.0,603109.0,6324.0,False,True,0.004
3793,240.456744,18.72111,2625,2877,2877,UGC10140,UGC 10140,56745.0,146548.0,632987.0,,False,False,0.0096
3794,152.05398,18.70708,2890,3051,3051,UGC05467,UGC 05467,29478.0,157870.0,650588.0,5467.0,False,True,0.0102
3795,186.058597,18.6893,1571,2087,2087,SDSSJ122414.10+184120.7,SDSS J122414.09+184120.7,4324978.0,,,,False,False,0.007
3796,181.877301,18.68396,791,360,360,PGC2806927,LSBC D572-04,2806927.0,118336.0,542105.0,224312.0,False,True,0.0012
3797,176.808337,18.67444,1844,2192,2192,AGC219628,WISEA J114713.91+184030.2,5807964.0,,,219628.0,False,True,0.0073
3798,268.027611,18.67216,3155,3385,3385,PGC061021,CGCG 112-065,61021.0,,,,False,False,0.0113
3799,151.76125,18.66556,1892,2111,2111,AGC208689,WISEA J100702.64+183955.5,5807870.0,,,208689.0,False,True,0.007
3800,185.9289,18.6619,902,240,240,PGC040262,VCC 0663,40262.0,,,,False,False,0.0008
3801,177.068196,18.64248,974,664,664,PGC2806928,LSBC D572-05,2806928.0,113340.0,522448.0,211030.0,False,True,0.0022
3802,182.82625,18.63477,1292,2094,2094,PGC1565426,SDSS J121118.06+183802.4,1565426.0,,,,False,False,0.007
3803,245.317725,18.61833,2436,2692,2692,PGC1564922,WISEA J162116.30+183705.8,1564922.0,125575.0,578022.0,,False,False,0.009
3804,122.62776,18.61783,1486,1631,1631,SDSSJ081030.65+183704.2,SDSS J081030.65+183704.1,4083704.0,84021.0,405558.0,,False,False,0.0054
3805,273.134602,18.59915,2731,3026,2965,UGC11152,UGC 11152,61558.0,,,,False,False,0.0101
3806,162.693747,18.59389,1482,1798,1798,AGC208706,WISEA J105046.62+183539.0,5807911.0,,,208706.0,False,True,0.006
3807,271.496791,18.58719,2193,3213,2439,NGC6548,NGC 6548,61404.0,,,,False,False,0.0107
3808,166.792717,18.57055,1204,1895,1486,UGC06171,UGC 06171,33660.0,138771.0,625947.0,6171.0,False,True,0.0063
3809,116.188401,18.56904,2252,2366,2366,SDSSJ074445.21+183408.2,SDSS J074445.21+183408.2,4016964.0,,,,False,False,0.0079
3810,267.375666,18.56547,3296,3524,3524,PGC060924,ARK 531,60924.0,,,,False,False,0.0118
3811,232.872063,18.55427,2050,2329,2329,PGC1562928,SDSS J153129.29+183315.5,1562928.0,97667.0,464848.0,,False,False,0.0078
3812,239.96664,18.52995,2572,2825,2825,PGC1562327,PGC1 1562327 NED001,1562327.0,,469795.0,,False,False,0.0094
3813,166.969471,18.5124,2924,3112,3112,SDSSJ110752.67+183044.6,SDSS J110752.66+183044.6,5064987.0,111765.0,515895.0,219619.0,False,True,0.0104
3814,213.140298,18.50035,2223,2509,2509,SDSSJ141233.68+183001.3,SDSS J141233.68+183001.2,4406089.0,121415.0,559082.0,744158.0,False,True,0.0084
3815,143.764431,18.49327,2452,2612,2612,PGC1561163,2MASX J09350349+1829359,1561163.0,135959.0,499645.0,717889.0,False,True,0.0087
3816,181.921751,18.48039,2129,2427,2427,PGC1560780,WISEA J120741.23+182850.1,1560780.0,118337.0,542109.0,741926.0,False,True,0.0081
3817,185.956804,18.45572,2077,2392,2392,SDSSJ122349.62+182720.7,SDSS J122349.62+182720.6,4324697.0,117787.0,538353.0,,False,False,0.008
3818,166.910565,18.45345,2883,3073,3073,PGC033698,MCG +03-29-001,33698.0,111767.0,515908.0,740565.0,False,True,0.0103
3819,141.893303,18.44579,2429,2586,2586,SDSSJ092734.39+182644.8,WISEA J092734.40+182644.9,4201363.0,108197.0,499379.0,,False,False,0.0086
3820,181.046763,18.44382,931,681,384,NGC4064,NGC 4064,38167.0,140705.0,665268.0,7054.0,False,True,0.0023
3821,186.911521,18.43458,1031,297,297,PGC040889,LSBC F573-06,40889.0,117840.0,538595.0,,False,False,0.001
3822,187.113807,18.41508,1708,2192,2142,IC3391,IC 3391,41013.0,161836.0,602740.0,7595.0,False,True,0.0073
3823,174.369417,18.41006,954,712,712,HIPASSJ1137+18,LSBC D571-07,5065605.0,,,215224.0,False,True,0.0024
3824,186.7267,18.3937,1408,2105,2105,EVCC0629,SDSS J122654.42+182337.4,5098430.0,,,,False,False,0.007
3825,166.613669,18.38999,1248,2123,1562,PGC1558217,WISEA J110627.37+182325.3,1558217.0,111779.0,515961.0,740549.0,False,True,0.0071
3826,185.303964,18.383,899,952,242,NGC4293,NGC 4293,39907.0,117777.0,538308.0,7405.0,False,True,0.0032
3827,268.626916,18.37592,3244,3471,3471,NGC6490,NGC 6490,61079.0,,,,False,False,0.0116
3828,269.015486,18.37315,2877,3767,3110,NGC6501,NGC 6501,61128.0,,,,False,False,0.0126
3829,189.87603,18.36837,946,188,188,EVCC1002,LSBC F574-07,5098434.0,,,,False,False,0.0006
3830,170.01583,18.35681,1464,1378,1866,NGC3626,NGC 3626,34684.0,159630.0,659235.0,6343.0,False,True,0.0046
3831,187.996099,18.3478,1837,2218,2218,EVCC0819,WISEA J123159.11+182051.8,5098427.0,,,,False,False,0.0074
3832,184.210901,18.3392,1006,297,297,EVCC0259,SDSS J121650.61+182021.1,5098422.0,,,,False,False,0.001
3833,268.999106,18.3383,3001,4687,3231,NGC6500,NGC 6500,61123.0,,,,False,False,0.0156
3834,236.513794,18.33804,2067,2340,2340,PGC1556790,WISEA J154603.30+182016.9,1556790.0,98046.0,466105.0,,False,False,0.0078
3835,175.622388,18.33306,925,1279,601,UGC06670,UGC 06670,36355.0,113295.0,522270.0,6670.0,False,True,0.0043
3836,268.711366,18.32672,3135,2931,3363,NGC6495,NGC 6495,61091.0,,,,False,False,0.0098
3837,189.121799,18.30038,893,224,224,2MASXJ12362919+1818022,IC 3580,3792323.0,117884.0,538988.0,,False,False,0.0007
3838,204.106403,18.29815,954,915,915,SDSSJ133625.55+181753.5,SDSS J133625.55+181753.4,4377525.0,118849.0,545879.0,,False,False,0.0031
3839,189.44129,18.2973,2553,2805,2805,SDSSJ123745.89+181750.2,WISEA J123745.93+181750.2,5064984.0,117896.0,539284.0,742516.0,False,True,0.0094
3840,172.213272,18.28267,1303,1656,1746,PGC086634,LSBC D571-06,86634.0,159907.0,660424.0,,False,False,0.0055
3841,246.634146,18.27275,2364,2619,2619,PGC1554913,2MASX J16263216+1816212,1554913.0,125571.0,577966.0,,False,False,0.0087
3842,189.432115,18.26553,2545,2798,2798,SDSSJ123743.70+181556.0,WISEA J123743.70+181555.1,4334769.0,117886.0,539026.0,,False,False,0.0093
3843,170.002752,18.26046,1638,1640,1999,UGC06341,UGC 06341,34683.0,159629.0,659232.0,6341.0,False,True,0.0055
3844,268.771965,18.2572,3127,3355,3355,UGC11037,UGC 11037,61102.0,,,,False,False,0.0112
3845,188.079577,18.2447,834,280,280,IC3473,IC 3473,41558.0,117873.0,538924.0,7684.0,False,True,0.0009
3846,178.51388,18.2366,2845,3059,3059,PGC1553888,WISEA J115403.32+181411.8,1553888.0,113784.0,523680.0,,False,False,0.0102
3847,168.592029,18.2261,902,752,752,SDSSJ111422.10+181333.8,WISEA J111422.14+181334.5,4270636.0,111753.0,515825.0,,False,False,0.0025
3848,187.788232,18.21994,1520,2086,2086,SDSSJ123109.18+181311.8,SDSS J123109.18+181311.7,4330152.0,,,,False,False,0.007
3849,158.317645,18.2196,1282,1534,1534,SDSSJ103316.23+181310.5,WISEA J103316.25+181310.4,5064996.0,117516.0,537141.0,,False,False,0.0051
3850,170.187341,18.21952,1478,1880,1880,PGC1553459,WISEA J112044.99+181310.8,1553459.0,112088.0,517501.0,211814.0,False,True,0.0063
3851,186.48182,18.21411,915,1262,194,NGC4394,NGC 4394,40614.0,141339.0,628295.0,7523.0,False,True,0.0042
3852,169.025014,18.21145,873,690,690,PGC1553230,WISEA J111605.98+181240.2,1553230.0,112100.0,517577.0,740681.0,False,True,0.0023
3853,188.644746,18.20266,1395,1832,2116,NGC4539,NGC 4539,41839.0,117881.0,538967.0,,False,False,0.0061
3854,151.021599,18.19762,2119,2317,2317,SDSSJ100405.21+181150.8,WISEA J100405.28+181150.7,4564327.0,,,739182.0,False,True,0.0077
3855,186.201524,18.1951,692,1104,335,IC3292,IC 3292,40425.0,117792.0,538377.0,,False,False,0.0037
3856,175.833228,18.19063,3193,3383,3383,UGC06687,UGC 06687,36433.0,113303.0,522292.0,6687.0,False,True,0.0113
3857,186.350004,18.19018,719,1161,333,NGC4382,MESSIER 085,40515.0,141323.0,,,False,False,0.0039
3858,229.444974,18.18142,1546,1853,1853,SDSSJ151746.79+181053.2,WISEA J151746.80+181053.3,4457045.0,124113.0,571218.0,,False,False,0.0062
3859,169.245643,18.14861,1211,1731,1528,NGC3608,NGC 3608,34433.0,159561.0,658901.0,,False,False,0.0058
3860,186.350218,18.13988,773,319,319,PGC040512,VCC 0797,40512.0,,,,False,False,0.0011
3861,266.309556,18.13888,3061,3290,3290,UGC10966,NGC 6430,60805.0,,,,False,False,0.011
3862,186.673801,18.13709,708,333,333,SDSSJ122641.71+180813.4,WISEA J122641.74+180814.1,5075520.0,117844.0,538611.0,,False,False,0.0011
3863,165.855792,18.13533,976,1154,958,NGC3507,NGC 3507,33390.0,138648.0,625833.0,6123.0,False,True,0.0038
3864,193.689131,18.13483,1137,1701,1701,EVCC1234,WISEA J125445.39+180805.8,5098429.0,,,,False,False,0.0057
3865,240.890287,18.12599,2107,2375,2375,,SDSS J160333.60+180730.8,,99824.0,470270.0,,False,False,0.0079
3866,169.146963,18.11838,1136,1349,1349,PGC034407,MCG +03-29-018,34407.0,112061.0,517296.0,,False,False,0.0045
3867,168.862291,18.11038,837,1422,636,NGC3599,NGC 3599,34326.0,139050.0,626209.0,,False,False,0.0047
3868,169.801442,18.0594,992,931,931,PGC034626,MCG +03-29-030,34626.0,112069.0,517326.0,,False,False,0.0031
3869,169.227667,18.05186,930,1489,793,NGC3607,NGC 3607,34426.0,139082.0,626239.0,,False,False,0.005
3870,188.15065,18.0231,839,270,270,PGC041598,LSBC F574-08,41598.0,117880.0,538951.0,,False,False,0.0009
3871,169.194176,18.01715,675,1491,454,NGC3605,NGC 3605,34415.0,112063.0,517302.0,,False,False,0.005
3872,182.8434,18.0166,2327,2594,2594,UGC07186,UGC 07186,38823.0,140880.0,627877.0,7186.0,False,True,0.0087
3873,187.759715,18.00344,2084,2398,2398,SDSSJ123102.35+180012.4,WISEA J123102.29+180011.4,5064983.0,117877.0,538932.0,742408.0,False,True,0.008
3874,196.677144,18.00212,1573,2054,2054,PGC166153,LSBC D575-09,166153.0,,,,False,False,0.0069
3875,196.680061,17.99372,1574,2055,2055,,WISEA J130643.10+175938.0,,162999.0,673224.0,,False,False,0.0069
3876,165.697001,17.98943,1126,1714,1311,NGC3501,NGC 3501,33343.0,111355.0,513962.0,6116.0,False,True,0.0057
3877,172.02594,17.98692,1067,1124,1124,SDSSJ112806.22+175912.9,WISEA J112806.20+175913.7,5065005.0,112395.0,519085.0,,False,False,0.0037
3878,195.834863,17.98602,964,530,530,SDSSJ130320.36+175909.7,WISEA J130320.32+175909.8,4352778.0,117981.0,540263.0,,False,False,0.0018
3879,175.8831,17.97528,3229,3417,3417,PGC139672,KUG 1140+182,139672.0,140128.0,627217.0,210658.0,False,True,0.0114
3880,163.089103,17.93527,1304,1601,1601,PGC032630,CGCG 095-052,32630.0,111141.0,512924.0,,False,False,0.0053
3881,240.466011,17.92801,2190,2454,2454,PGC1545514,WISEA J160151.78+175540.8,1545514.0,99635.0,469885.0,,False,False,0.0082
3882,125.856667,17.91583,1475,1622,1622,AGC189201,SDSS J082325.60+175458.4,5807805.0,,,189201.0,False,True,0.0054
3883,183.505485,17.89986,2318,2587,2587,UGC07237,UGC 07237,39050.0,161258.0,666270.0,7237.0,False,True,0.0086
3884,236.745345,17.88422,3291,2944,3521,NGC5996,NGC 5996,56023.0,166440.0,685823.0,10033.0,False,True,0.0098
3885,174.975714,17.88208,3106,3297,3297,PGC036178,CGCG 097-046,36178.0,112741.0,520634.0,,False,False,0.011
3886,169.909602,17.86935,1246,1606,1606,,WISEA J111938.30+175209.3,,112072.0,517337.0,,False,False,0.0054
3887,240.057598,17.8483,2053,2323,2323,PGC1543427,SPRC 169,1543427.0,99571.0,469762.0,,False,False,0.0077
3888,163.310507,17.84116,1158,1369,1369,SDSSJ105314.53+175028.2,SDSS J105314.52+175028.2,4255651.0,111129.0,512864.0,208596.0,False,True,0.0046
3889,177.3125,17.82861,3068,3265,3265,AGC219540,GALEXASC J114915.29+174944.1,5807971.0,,,219540.0,False,True,0.0109
3890,186.803134,17.82089,935,136,136,PGC040814,VCC 0982,40814.0,117842.0,538604.0,,False,False,0.0005
3891,170.93973,17.81866,1288,1845,1696,NGC3659,NGC 3659,34995.0,139332.0,517423.0,6405.0,False,True,0.0062
3892,169.409166,17.81809,1287,1664,1664,PGC034493,LSBC F570-06,34493.0,112067.0,517315.0,,False,False,0.0056
3893,188.705581,17.81426,1198,2350,2350,IC3530,IC 3530,41853.0,117882.0,538972.0,,False,False,0.0078
3894,194.649903,17.81304,1016,632,632,PGC166150,LSBC D575-07,166150.0,162719.0,672057.0,223249.0,False,True,0.0021
3895,163.564035,17.8102,973,2223,977,UGC06022,UGC 06022,32747.0,111131.0,512872.0,6022.0,False,True,0.0074
3896,141.069751,17.80711,2556,2702,2702,PGC026647,MRK 0397,26647.0,108209.0,499432.0,,False,False,0.009
3897,169.213362,17.79779,972,1742,886,UGC06296,UGC 06296,34419.0,,,6296.0,False,True,0.0058
3898,208.854431,17.79487,955,1663,1022,UGC08839,UGC 08839,49497.0,164213.0,678377.0,8839.0,False,True,0.0055
3899,185.8824,17.7946,889,220,220,PGC040235,VCC 0646,40235.0,,,,False,False,0.0007
3900,196.846418,17.79115,2956,3183,3183,PGC045452,MCG +03-33-032,45452.0,117993.0,540353.0,742758.0,False,True,0.0106
3901,175.079519,17.76563,3242,2877,3427,NGC3802,NGC 3802,36203.0,,,6636.0,False,True,0.0096
3902,248.836287,17.76529,2740,2982,2982,PGC058551,MRK 0886,58551.0,100398.0,472118.0,,False,False,0.0099
3903,188.99625,17.76056,1351,2165,2165,AGC229321,WISEA J123559.09+174537.0,5808020.0,,,229321.0,False,True,0.0072
3904,198.98454,17.76053,974,750,750,PGC046161,CGCG 101-017,46161.0,118034.0,540683.0,230206.0,False,True,0.0025
3905,196.125727,17.75934,687,372,372,PGC086645,LSBC D575-08,86645.0,,,,False,False,0.0012
3906,139.582734,17.75334,3012,3140,3140,UGC04925,UGC 04925,26287.0,110435.0,510572.0,4925.0,False,True,0.0105
3907,232.96503,17.75215,2063,2338,2338,SDSSJ153151.60+174507.7,WISEA J153151.62+174507.7,5076672.0,,580967.0,,False,False,0.0078
3908,169.441688,17.73803,1466,1859,1859,PGC1540371,AGC 740707,1540371.0,112065.0,517309.0,740707.0,False,True,0.0062
3909,183.707415,17.71897,2375,2637,2637,PGC089680,KUG 1212+179,89680.0,117719.0,538075.0,742122.0,False,True,0.0088
3910,184.674133,17.7187,675,335,335,UGC07346,UGC 07346,39567.0,117770.0,538289.0,,False,False,0.0011
3911,242.139994,17.70667,1875,2149,2149,AGC268354,WISEA J160833.67+174224.0,5808149.0,,,268354.0,False,True,0.0072
3912,236.39461,17.70009,3086,3321,3321,IC1135,IC 1135,55964.0,146385.0,632843.0,251645.0,False,True,0.0111
3913,169.588427,17.69719,1052,1750,1099,PGC086629,LSBC D570-04,86629.0,139117.0,626267.0,212959.0,False,True,0.0058
3914,150.437454,17.68723,2225,2412,2412,PGC2806966,LSBC D637-03,2806966.0,136416.0,623722.0,202140.0,False,True,0.008
3915,185.482761,17.68128,2024,2348,2348,SDSSJ122155.85+174052.5,WISEA J122155.82+174053.9,5064791.0,117785.0,538332.0,,False,False,0.0078
3916,182.957901,17.67667,2409,2666,2666,PGC1538667,WISEA J121149.86+174036.1,1538667.0,117713.0,538047.0,742034.0,False,True,0.0089
3917,184.363595,17.65051,947,181,181,PGC039413,CGCG 098-132,39413.0,117726.0,538108.0,,False,False,0.0006
3918,169.521414,17.64946,967,864,864,IC2703,IC 2703,34536.0,112066.0,517314.0,,False,False,0.0029
3919,166.236756,17.64178,908,800,800,SDSSJ110456.82+173830.5,SDSS J110456.81+173830.4,4263693.0,111595.0,515028.0,,False,False,0.0027
3920,166.38552,17.63961,1040,1098,1098,PGC033523,ARK 276,33523.0,159258.0,657542.0,212014.0,False,True,0.0037
3921,185.297146,17.63862,2096,1188,2404,PGC039904,KUG 1218+179,39904.0,117784.0,538328.0,220427.0,False,True,0.004
3922,182.785968,17.63144,2357,2619,2619,PGC1537492,WISEA J121108.68+173753.4,1537492.0,117706.0,538025.0,,False,False,0.0087
3923,163.702525,17.62117,1159,1487,1370,NGC3457,NGC 3457,32787.0,138332.0,625539.0,,False,False,0.005
3924,271.954914,17.60469,2225,2540,2466,NGC6555,NGC 6555,61432.0,,,,False,False,0.0085
3925,127.768551,17.59534,2100,2235,2235,PGC1536571,WISEA J083104.45+173543.4,1536571.0,105171.0,487353.0,,False,False,0.0075
3926,106.166674,17.58257,1183,1887,1300,UGC03658,UGC 03658,20112.0,,,,False,False,0.0063
3927,163.250361,17.57442,1110,1823,1271,NGC3443,NGC 3443,32671.0,138272.0,625480.0,6000.0,False,True,0.0061
3928,162.60641,17.56424,1136,1596,1322,UGC05945,UGC 05945,32474.0,158846.0,655770.0,5945.0,False,True,0.0053
3929,185.906208,17.54095,1149,2055,2055,NGC4344,NGC 4344,40249.0,161648.0,667489.0,7468.0,False,True,0.0069
3930,267.667375,17.53786,3040,3241,3267,NGC6467,NGC 6467,60972.0,,,,False,False,0.0108
3931,208.790832,17.53667,2827,3068,3068,AGC239063,WISEA J135509.83+173212.0,5808067.0,,,239063.0,False,True,0.0102
3932,174.112918,17.53139,3250,3432,3432,AGC219530,WISEA J113627.04+173153.1,5807950.0,,,219530.0,False,True,0.0114
3933,120.099747,17.52415,2049,2169,2169,PGC1534834,SPRC 083,1534834.0,134776.0,622254.0,182525.0,False,True,0.0072
3934,187.4308,17.5155,680,329,329,PGC041206,VCC 1221,41206.0,,,,False,False,0.0011
3935,190.585681,17.50979,1168,2196,2196,PGC086641,LSBC F574-09,86641.0,117899.0,539412.0,,False,False,0.0073
3936,170.355214,17.50971,1042,1054,1054,PGC1534499,WISEA J112125.37+173035.5,1534499.0,139234.0,603123.0,,False,False,0.0035
3937,166.605023,17.50799,2952,3228,3134,UGC06157,UGC 06157,33584.0,111601.0,515053.0,6157.0,False,True,0.0108
3938,166.712745,17.5009,949,875,875,SDSSJ110651.09+173002.8,WISEA J110651.11+173002.2,4578261.0,138760.0,625937.0,,False,False,0.0029
3939,185.203422,17.48716,1412,1202,2116,UGC07399A,UGC 07399A,39857.0,161534.0,667177.0,,False,False,0.004
3940,170.747481,17.47383,1384,2084,1807,PGC086673,LSBC D570-03,86673.0,139297.0,626434.0,212961.0,False,True,0.007
3941,192.630327,17.47132,852,298,298,PGC043457,LSBC F574-10,43457.0,117908.0,539524.0,226014.0,False,True,0.001
3942,163.777798,17.46265,1167,1384,1384,PGC1533359,SDSS J105506.66+172745.4,1533359.0,111111.0,512813.0,740301.0,False,True,0.0046
3943,188.326985,17.45934,1162,2302,2302,UGC07707,UGC 07707,41694.0,117854.0,538694.0,,False,False,0.0077
3944,175.067005,17.45726,3137,3325,3325,PGC036194,CGCG 097-050,36194.0,113290.0,522264.0,210585.0,False,True,0.0111
3945,239.63476,17.44147,2173,2540,2436,IC1151,IC 1151,56537.0,166548.0,686073.0,10113.0,True,True,0.0085
3946,169.491825,17.44135,767,531,531,PGC034522,CGCG 096-024,34522.0,112068.0,517322.0,,False,False,0.0018
3947,187.521199,17.3979,2486,2739,2739,PGC041263,LSBC F573-09,41263.0,141508.0,628442.0,220680.0,False,True,0.0091
3948,167.057988,17.38943,2941,3124,3124,PGC1531600,SDSS J110813.92+172322.0,1531600.0,,516345.0,740572.0,False,True,0.0104
3949,164.16104,17.38372,948,910,910,SDSSJ105638.66+172301.2,WISEA J105638.62+172300.9,4573180.0,111256.0,513517.0,740342.0,False,True,0.003
3950,163.623019,17.34398,1104,1910,1254,NGC3454,NGC 3454,32763.0,138320.0,625527.0,,False,False,0.0064
3951,181.72536,17.34027,2128,2422,2422,PGC166122,MAPS-NGP O_435_0517236,166122.0,,,223215.0,False,True,0.0081
3952,172.609169,17.33244,1178,1493,1493,PGC3090344,WISEA J113026.21+171956.6,3090344.0,112406.0,519181.0,,False,False,0.005
3953,236.433439,17.31342,3260,3488,3488,PGC086661,LSBC F583-05,86661.0,,,251214.0,False,True,0.0116
3954,177.340418,17.29,1370,1955,1955,AGC219541,SDSS J114921.74+171725.2,5807972.0,,,219541.0,False,True,0.0065
3955,187.4373,17.2874,1319,2242,2242,PGC041214,VCC 1224,41214.0,,,,False,False,0.0075
3956,110.583481,17.28684,2530,3605,2623,UGC03820,UGC 03820,20835.0,,,,False,False,0.012
3957,163.629504,17.28473,1104,2264,1255,NGC3455,NGC 3455,32767.0,158969.0,656255.0,6028.0,False,True,0.0076
3958,161.766827,17.27366,1281,1918,1553,NGC3370,NGC 3370,32207.0,138038.0,625259.0,5887.0,False,True,0.0064
3959,161.698856,17.27316,1304,1584,1584,,SDSS J104647.81+171624.8,,110760.0,511775.0,,False,False,0.0053
3960,141.215587,17.26149,2617,2759,2759,PGC1528515,SDSS J092451.70+171541.6,1528515.0,108761.0,501599.0,739022.0,False,True,0.0092
3961,168.613887,17.26007,1300,1680,1667,NGC3592,NGC 3592,34248.0,111854.0,516427.0,6267.0,False,True,0.0056
3962,127.507015,17.25986,2086,1648,2218,UGC04444,UGC 04444,23852.0,105170.0,487349.0,4444.0,False,True,0.0055
3963,177.273145,17.25568,618,350,350,PGC1528400,WISEA J114905.53+171520.2,1528400.0,113772.0,523633.0,,False,False,0.0012
3964,195.935649,17.24741,2731,2970,2970,SDSSJ130344.56+171450.6,WISEA J130344.56+171450.3,4353106.0,117972.0,540177.0,,False,False,0.0099
3965,184.869514,17.23044,919,176,176,UGC07366,UGC 07366,39681.0,117752.0,538221.0,,False,False,0.0006
3966,171.933141,17.22412,1156,1154,1417,NGC3686,NGC 3686,35268.0,139448.0,626574.0,6460.0,False,True,0.0038
3967,187.846117,17.20652,1352,2194,2194,IC3448,IC 3448,41439.0,117871.0,538915.0,,False,False,0.0073
3968,243.33531,17.19265,1085,1357,1357,UGC10281,UGC 10281,57522.0,146825.0,633240.0,10281.0,False,True,0.0045
3969,197.519171,17.18361,3198,3412,3412,AGC239059,SDSS J131004.49+171101.1,5808035.0,,,239059.0,False,True,0.0114
3970,154.769034,17.18336,1965,2184,2184,SDSSJ101904.56+171100.0,WISEA J101904.50+171059.7,5064995.0,117085.0,535788.0,739284.0,False,True,0.0073
3971,177.179528,17.18143,1068,993,993,SDSSJ114843.14+171053.1,SDSS J114843.13+171053.1,4297036.0,113767.0,,741428.0,False,True,0.0033
3972,173.567533,17.16307,1054,1026,1026,PGC166113,LSBC D571-08,166113.0,112412.0,519204.0,212829.0,False,True,0.0034
3973,156.27583,17.16055,752,713,670,,NGC 3239:[HK83] 21,,,,,False,True,0.0024
3974,163.145517,17.14494,1118,1282,1282,SDSSJ105234.93+170841.8,WISEA J105234.92+170842.0,4578258.0,111232.0,513403.0,719161.0,False,True,0.0043
3975,163.8708,17.14185,1072,1524,1184,UGC06035,UGC 06035,32826.0,,,6035.0,False,True,0.0051
3976,171.257388,17.08582,1205,1540,1540,PGC035087,LSBC D570-02,35087.0,112392.0,519054.0,,False,False,0.0051
3977,164.083081,17.08501,961,934,934,SDSSJ105619.93+170505.9,WISEA J105619.84+170506.4,4257755.0,111248.0,513500.0,,False,False,0.0031
3978,100.719375,17.08492,2521,2602,2602,PGC2816547,WISEA J064252.64+170505.9,2816547.0,,,,False,False,0.0087
3979,187.122983,17.0849,1954,1156,2297,NGC4450,NGC 4450,41024.0,161837.0,667977.0,7594.0,False,True,0.0039
3980,171.796602,17.03021,1159,1749,1421,NGC3684,NGC 3684,35224.0,139431.0,603120.0,6453.0,False,True,0.0058
3981,185.343781,17.02478,3235,3433,3433,,2MASX J12212254+1701287,,161558.0,,,False,False,0.0115
3982,186.265602,17.01594,2434,2985,2690,IC3298,IC 3298,40458.0,141306.0,628263.0,220539.0,False,True,0.01
3983,163.935207,17.00501,1138,1322,1322,PGC032843,CGCG 095-070,32843.0,111247.0,513499.0,201686.0,False,True,0.0044
3984,174.984596,16.95501,3190,3374,3374,PGC036181,MRK 0745,36181.0,113273.0,522173.0,210580.0,False,True,0.0113
3985,172.039209,16.92044,1065,2113,1091,NGC3691,NGC 3691,35292.0,139465.0,626591.0,6464.0,False,True,0.007
3986,124.014713,16.901,2850,2952,2952,PGC1519789,WISEA J081603.52+165403.5,1519789.0,105115.0,486914.0,716680.0,False,True,0.0098
3987,176.16966,16.89963,920,536,536,PGC1519757,WISEA J114440.72+165358.2,1519757.0,113259.0,522130.0,741338.0,False,True,0.0018
3988,113.185338,16.89729,2409,2505,2505,PGC021245,CGCG 087-006,21245.0,134554.0,622053.0,170772.0,False,True,0.0084
3989,171.295231,16.88287,1023,964,964,PGC035096,LSBC D570-01,35096.0,,626511.0,210317.0,False,True,0.0032
3990,165.196543,16.88213,1136,1321,1321,SDSSJ110047.14+165255.5,WISEA J110047.20+165256.7,4260762.0,111585.0,514953.0,,False,False,0.0044
3991,170.450116,16.8798,1471,1878,1878,PGC1519262,SDSS J112148.01+165247.3,1519262.0,112052.0,517239.0,740795.0,False,True,0.0063
3992,233.786823,16.87085,1991,2265,2265,PGC055511,MCG +03-40-008,55511.0,124222.0,571923.0,746846.0,False,True,0.0076
3993,171.624196,16.86329,1233,1871,1610,NGC3681,NGC 3681,35193.0,159834.0,660054.0,6445.0,False,True,0.0062
3994,187.91476,16.85279,1506,1104,2101,NGC4498,NGC 4498,41472.0,161939.0,668307.0,7669.0,False,True,0.0037
3995,186.0081,16.8393,1638,2115,2115,EVCC0504,SDSS J122401.94+165021.6,5098425.0,,,,False,False,0.0071
3996,169.461666,16.82112,3184,3358,3358,PGC1517786,WISEA J111750.80+164915.7,1517786.0,,,219463.0,False,True,0.0112
3997,186.228592,16.81087,2385,2646,2646,SDSSJ122454.85+164839.1,WISEA J122454.87+164839.0,4325446.0,117736.0,538145.0,,False,False,0.0088
3998,187.338221,16.80636,870,206,206,PGC041149,VCC 1180,41149.0,117808.0,538467.0,,False,False,0.0007
3999,115.480833,16.8025,272,561,259,UGC03974,UGC 03974,21600.0,,,,False,False,0.0019
4000,163.373685,16.78601,1094,1475,1229,NGC3447A,NGC 3447a,32700.0,,,,False,False,0.0049
4001,163.349904,16.77242,1086,1210,1210,NGC3447,NGC 3447,32694.0,111236.0,513432.0,6006.0,False,True,0.004
4002,187.717693,16.75882,940,1047,48,NGC4489,NGC 4489,41365.0,117799.0,538433.0,,False,False,0.0035
4003,168.065549,16.75397,1205,1489,1489,PGC087172,LSBC D640-05,87172.0,159439.0,658359.0,,False,False,0.005
4004,176.360796,16.74549,3206,3391,3391,SDSSJ114526.60+164443.7,SDSS J114526.60+164443.7,4294489.0,113248.0,522101.0,,False,False,0.0113
4005,177.1875,16.73972,1616,2052,2052,AGC219539,WISEA J114845.07+164425.0,5807970.0,,,219539.0,False,True,0.0068
4006,141.668703,16.73518,2470,2616,2616,PGC1515746,WISEA J092640.52+164406.5,1515746.0,,,739028.0,False,True,0.0087
4007,165.646714,16.73486,1034,1668,1076,UGC06112,UGC 06112,33333.0,111593.0,515013.0,6112.0,False,True,0.0056
4008,163.373245,16.73324,1074,1183,1183,SDSSJ105329.58+164359.6,SDSS J105329.58+164359.6,4578229.0,111238.0,513435.0,,False,False,0.0039
4009,178.506839,16.72304,983,527,527,PGC166116,GALEXASC J115401.86+164317.7,166116.0,113751.0,523510.0,212830.0,False,True,0.0018
4010,185.897181,16.72238,950,1205,53,NGC4340,NGC 4340,40245.0,141270.0,628228.0,,False,False,0.004
4011,186.661839,16.71769,1614,2110,2110,SDSSJ122638.81+164303.8,WISEA J122638.85+164303.3,4326737.0,117825.0,538525.0,,False,False,0.007
4012,158.224167,16.71389,1747,2001,2001,AGC208592,WISEA J103253.84+164250.4,5807896.0,,,208592.0,False,True,0.0067
4013,237.261609,16.71361,2054,2321,2321,HIPASSJ1548+16,HIPASS J1548+16,4668285.0,,,258664.0,False,True,0.0077
4014,185.990895,16.69328,1246,1190,2446,NGC4350,NGC 4350,40295.0,141278.0,628236.0,,False,False,0.004
4015,165.099092,16.69221,941,2382,873,UGC06083,UGC 06083,33163.0,111586.0,514958.0,6083.0,False,True,0.0079
4016,188.013627,16.6877,1627,2275,2115,NGC4502,NGC 4502,41531.0,117867.0,538908.0,7677.0,False,True,0.0076
4017,148.279769,16.67767,1403,1859,1610,NGC3041,NGC 3041,28485.0,116557.0,533763.0,5303.0,False,True,0.0062
4018,122.264226,16.67614,2839,4797,2937,UGC04247,UGC 04247,22873.0,134877.0,485877.0,4247.0,False,True,0.016
4019,175.50717,16.67568,3062,3251,3251,SDSSJ114201.70+164032.4,WISEA J114201.67+164032.4,4291648.0,113263.0,522144.0,741264.0,False,True,0.0108
4020,234.187813,16.6524,1924,2200,2200,,WISEA J153645.09+163908.4,,146274.0,632753.0,,False,False,0.0073
4021,169.451639,16.64005,1041,1048,1048,PGC1513499,WISEA J111748.37+163825.2,1513499.0,112060.0,517290.0,740710.0,False,True,0.0035
4022,238.671828,16.61721,2286,2685,2542,UGC10086,UGC 10086,56352.0,146488.0,632936.0,10086.0,True,True,0.009
4023,188.883403,16.6121,2116,2421,2421,PGC041945,VCC 1623,41945.0,117858.0,538849.0,,False,False,0.0081
4024,238.660035,16.61045,2391,2642,2642,PGC214434,WISEA J155438.35+163637.9,214434.0,98241.0,466865.0,258665.0,False,True,0.0088
4025,185.330007,16.60929,1364,2187,2187,PGC039928,VCC 0469,39928.0,117739.0,538170.0,,False,False,0.0073
4026,234.132,16.6078,1964,2344,2238,NGC5962,NGC 5962,55588.0,166313.0,685596.0,9926.0,False,True,0.0078
4027,165.462336,16.60696,2945,3511,3122,UGC06104,UGC 06104,33276.0,159161.0,657073.0,6104.0,False,True,0.0117
4028,176.99001,16.59528,3299,3480,3480,,WISEA J114757.63+163543.1,,,,741416.0,False,True,0.0116
4029,170.727558,16.5902,1501,2129,1904,NGC3655,NGC 3655,34935.0,112047.0,517211.0,6396.0,False,True,0.0071
4030,195.373647,16.57257,2667,2908,2908,2MASXJ13012967+1634220,2MASX J13012967+1634220,3800752.0,117923.0,539773.0,742685.0,False,True,0.0097
4031,115.632345,16.56104,282,561,270,PGC021614,CGCG 087-033,21614.0,,,,False,False,0.0019
4032,174.40426,16.55628,1039,1521,927,UGC06594,UGC 06594,35991.0,112704.0,520308.0,6594.0,False,True,0.0051
4033,180.960634,16.55454,2069,2907,2371,UGC07039,UGC 07039,38128.0,117583.0,537584.0,7039.0,False,True,0.0097
4034,233.792974,16.54961,1031,1475,1288,UGC09912,UGC 09912,55506.0,146253.0,632732.0,9912.0,False,True,0.0049
4035,213.918838,16.54903,2271,2697,2545,UGC09126,UGC 09126,50948.0,144762.0,631451.0,9126.0,False,True,0.009
4036,190.9754,16.54739,1288,2277,2277,SDSSJ124354.11+163250.5,SDSS J124354.17+163250.8,5075348.0,117911.0,539606.0,742572.0,False,True,0.0076
4037,215.539875,16.54548,2343,2610,2610,PGC1511334,2MASS J14220957+1632443,1511334.0,121444.0,559213.0,744416.0,False,True,0.0087
4038,184.312274,16.53132,908,1297,185,NGC4239,NGC 4239,39398.0,161389.0,666711.0,,False,False,0.0043
4039,174.390836,16.52667,1242,1706,1706,AGC219532,AGC 219532,5807952.0,,,219532.0,False,True,0.0057
4040,169.551667,16.52611,1127,1303,1303,AGC219464,WISEA J111812.37+163135.3,5807927.0,,,219464.0,False,True,0.0043
4041,186.6089,16.5231,2033,2353,2353,PGC040687,VCC 0901,40687.0,,,,False,False,0.0078
4042,194.214556,16.50672,1227,2102,2102,SDSSJ125651.47+163024.2,WISEA J125651.33+163025.1,5075196.0,117932.0,539839.0,,False,False,0.007
4043,242.076097,16.49086,1139,1412,1412,PGC1510033,SDSS J160818.29+162927.3,1510033.0,,469165.0,720924.0,False,True,0.0047
4044,125.672694,16.4809,1999,2126,2126,SDSSJ082241.42+162851.2,SDSS J082241.42+162851.2,4163150.0,105102.0,486843.0,738876.0,False,True,0.0071
4045,182.909307,16.47858,2341,2850,2602,PGC038837,ARK 350,38837.0,117682.0,537937.0,220184.0,False,True,0.0095
4046,186.356189,16.46997,1708,1358,2144,NGC4383,NGC 4383,40516.0,117729.0,538119.0,7507.0,False,True,0.0045
4047,170.807927,16.45297,1103,1227,1227,PGC1509123,WISEA J112313.90+162710.3,1509123.0,112048.0,517212.0,,False,False,0.0041
4048,233.634668,16.44239,1890,2167,2167,,WISEA J153432.33+162632.6,,146246.0,632725.0,,False,False,0.0072
4049,234.132951,16.44029,1906,3334,2182,UGC09925,UGC 09925,55587.0,166312.0,685595.0,9925.0,False,True,0.0111
4050,172.476851,16.42984,1063,1067,1067,PGC035426,WISEA J112954.43+162546.5,35426.0,159945.0,660614.0,210381.0,False,True,0.0036
4051,186.340058,16.42976,1672,2129,2129,UGC07504,UGC 07504,40506.0,117727.0,538113.0,,False,False,0.0071
4052,186.835122,16.42831,783,295,295,PGC040835,IC 3368,40835.0,117819.0,538518.0,,False,False,0.001
4053,191.215823,16.41823,963,67,67,SDSSJ124451.77+162505.5,SDSS J124451.77+162505.5,4339877.0,117889.0,539119.0,229323.0,False,True,0.0002
4054,148.951023,16.41363,805,1161,800,UGC05332,UGC 05332,28641.0,136225.0,623537.0,5332.0,False,True,0.0039
4055,187.359707,16.40477,1557,2103,2103,IC0796,IC 0796,41160.0,161876.0,668084.0,7623.0,False,True,0.007
4056,263.165769,16.4017,3118,4435,3341,NGC6389,NGC 6389,60466.0,,,,False,False,0.0148
4057,190.927751,16.39351,800,1774,293,NGC4651,NGC 4651,42833.0,162318.0,669967.0,7901.0,False,True,0.0059
4058,233.58352,16.38474,3076,3306,3306,SDSSJ153420.04+162305.0,SDSS J153420.04+162305.0,6755702.0,,,,False,False,0.011
4059,215.485758,16.3806,2311,2580,2580,SDSSJ142156.58+162250.1,WISEA J142156.59+162250.3,4413250.0,120581.0,554849.0,,False,False,0.0086
4060,176.039325,16.37103,3292,3470,3470,PGC036501,CGCG 097-098,36501.0,160467.0,663027.0,,False,False,0.0116
4061,102.651405,16.35576,2548,2627,2627,UGC03564,UGC 03564,19701.0,,,,False,False,0.0088
4062,176.823101,16.33465,809,423,423,SDSSJ114717.56+162004.5,WISEA J114717.51+162004.7,4295939.0,113242.0,522075.0,,False,False,0.0014
4063,233.851521,16.32911,1087,1354,1354,SDSSJ153524.36+161944.8,SDSS J153524.36+161944.7,6745066.0,,,,False,False,0.0045
4064,237.811448,16.32795,2082,2494,2345,UGC10061,UGC 10061,56210.0,,,10061.0,False,True,0.0083
4065,169.3209,16.32714,1050,1071,1071,UGC06300,UGC 06300,34461.0,112059.0,517286.0,6300.0,False,True,0.0036
4066,229.47708,16.31227,720,842,842,PGC054607,CGCG 106-029,54607.0,146028.0,632550.0,252478.0,False,True,0.0028
4067,177.488016,16.29548,1218,1779,1779,SDSSJ114957.11+161743.6,SDSS J114957.10+161743.6,4297993.0,113765.0,523597.0,719556.0,False,True,0.0059
4068,102.991458,16.29464,2675,2751,2751,PGC019750,CGCG 085-009,19750.0,134381.0,621881.0,,False,False,0.0092
4069,168.132082,16.28963,1250,1574,1574,PGC087259,LSBC F640-V04,87259.0,138946.0,626110.0,,False,False,0.0053
4070,236.913852,16.28285,2102,2365,2365,PGC1505120,WISEA J154739.20+161656.1,1505120.0,114332.0,525751.0,257943.0,False,True,0.0079
4071,188.27069,16.26551,955,1184,-30,NGC4515,NGC 4515,41652.0,117864.0,538904.0,,False,False,0.0039
4072,236.290725,16.25042,2831,3066,3066,PGC1504359,WISEA J154509.78+161501.3,1504359.0,114318.0,525718.0,747060.0,False,True,0.0102
4073,173.735453,16.24788,1137,1349,1349,SDSSJ113456.50+161452.5,SDSS J113456.50+161452.5,4548254.0,112711.0,520352.0,,False,False,0.0045
4074,187.192937,16.22387,1979,2313,2313,,VCC 1132,,141463.0,628401.0,,False,False,0.0077
4075,236.361666,16.22167,2849,3084,3084,AGC257937,AGC 257937,5059735.0,,,257937.0,False,True,0.0103
4076,175.759164,16.21667,3021,3211,3211,AGC219536,SDSS J114302.18+161259.5,5807961.0,,,219536.0,False,True,0.0107
4077,176.67625,16.19444,3226,3407,3407,AGC219537,WISEA J114642.28+161140.1,5807963.0,,,219537.0,False,True,0.0114
4078,212.600013,16.18302,2389,2653,2653,PGC050597,CGCG 103-102,50597.0,120526.0,554593.0,241261.0,False,True,0.0088
4079,186.529729,16.18096,1730,1548,2155,NGC4405,NGC 4405,40643.0,161746.0,667744.0,7529.0,False,True,0.0052
4080,157.455323,16.1809,3266,3411,3411,PGC030932,MRK 0631,30932.0,117474.0,536931.0,200434.0,False,True,0.0114
4081,233.568417,16.17817,1772,2054,2054,SDSSJ153416.42+161041.3,WISEA J153416.01+161036.5,6745243.0,,,,False,False,0.0069
4082,156.423833,16.1743,3283,3426,3426,PGC1502532,SDSS J102541.71+161027.3,1502532.0,117459.0,536894.0,205151.0,False,True,0.0114
4083,233.575008,16.17244,1771,2053,2053,SDSSJ153418.00+161020.6,WISEA J153417.98+161020.8,4469023.0,123491.0,567497.0,746826.0,False,True,0.0068
4084,171.370684,16.17202,865,597,597,PGC1502483,SDSS J112528.95+161019.2,1502483.0,112387.0,519009.0,,False,False,0.002
4085,176.127576,16.16333,3298,3475,3475,PGC1502260,2MASX J11443063+1609477,1502260.0,,,,False,False,0.0116
4086,175.228639,16.12815,3297,3472,3472,,SDSS J114054.82+160741.4,,113275.0,522186.0,,False,False,0.0116
4087,212.601987,16.11254,2302,2572,2572,PGC050599,KUG 1408+163,50599.0,164613.0,679944.0,241411.0,False,True,0.0086
4088,176.428724,16.10502,3171,3354,3354,PGC1500815,SDSS J114542.89+160617.9,1500815.0,113246.0,522097.0,,False,False,0.0112
4089,190.751464,16.08715,776,304,304,SDSSJ124300.35+160513.8,VCC 1950,4106306.0,,369254.0,,False,False,0.001
4090,244.18591,16.0858,2250,2502,2502,PGC2801027,PGC1 2801027 NED001,2801027.0,146868.0,633276.0,261941.0,False,True,0.0083
4091,176.010832,16.06278,3130,3314,3314,AGC215196,AGC 215196,5060243.0,,,215196.0,False,True,0.0111
4092,180.899907,16.0555,909,304,304,PGC038113,KUG 1201+163,38113.0,75385.0,367541.0,222046.0,False,True,0.001
4093,178.251099,16.04155,931,436,436,SDSSJ115300.30+160229.4,SDSS J115300.30+160229.4,4100965.0,,,,False,False,0.0015
4094,182.656311,16.03296,2164,2191,2449,NGC4152,NGC 4152,38749.0,117685.0,537961.0,7169.0,True,True,0.0073
4095,188.63404,16.03264,1002,957,957,PGC041831,VCC 1570,41831.0,162042.0,668643.0,,False,False,0.0032
4096,186.820533,16.02457,1704,2144,2144,IC3369,IC 3369,40828.0,75614.0,368681.0,,False,False,0.0072
4097,188.688216,16.0243,885,161,161,PGC041863,VCC 1584,41863.0,,,,False,False,0.0005
4098,165.85975,16.01622,1230,2624,1507,PGC087171,LSBC F640-02,87171.0,159200.0,657256.0,215256.0,False,True,0.0088
4099,175.585659,16.0108,3076,3262,3262,UGC06666,UGC 06666,36342.0,75221.0,366490.0,6666.0,False,True,0.0109
4100,210.810384,16.00547,2486,2742,2742,PGC050061,MCG +03-36-031,50061.0,120453.0,554289.0,240021.0,False,True,0.0091
4101,151.779927,15.98408,845,838,838,UGC05453,UGC 05453,29408.0,157850.0,650498.0,5453.0,False,True,0.0028
4102,175.460887,15.97368,740,1339,413,UGC06655,UGC 06655,36295.0,75219.0,366486.0,6655.0,False,True,0.0045
4103,175.415523,15.96572,3224,4497,3403,UGC06653,UGC 06653,36294.0,160386.0,662737.0,6653.0,False,True,0.015
4104,182.727315,15.94627,2129,2421,2421,PGC038779,VCC 0030,38779.0,75442.0,367946.0,,False,False,0.0081
4105,186.919749,15.94496,868,195,195,PGC040899,VCC 1033,40899.0,141416.0,628362.0,,False,False,0.0007
4106,190.081986,15.93524,1705,1267,2144,PGC042442,VCC 1833,42442.0,75728.0,369185.0,,False,False,0.0042
4107,103.861866,15.93442,2074,2162,2162,UGC03602,UGC 03602,19863.0,,621900.0,,False,False,0.0072
4108,184.844657,15.92414,805,288,288,,WISEA J121922.59+155526.8,,161480.0,667022.0,,False,False,0.001
4109,188.177737,15.90989,1191,957,957,PGC041607,VCC 1451,41607.0,75661.0,368881.0,,False,False,0.0032
4110,185.757182,15.90553,1821,2203,2203,NGC4322,NGC 4322,40171.0,161630.0,667438.0,,False,False,0.0073
4111,153.619032,15.90291,3043,3188,3188,UGC05526,UGC 05526,29866.0,116905.0,534938.0,5526.0,False,True,0.0106
4112,186.797631,15.89709,2358,1358,2620,IC3365,IC 3365,40811.0,169901.0,693105.0,7563.0,False,True,0.0045
4113,183.269339,15.8929,778,1188,318,PGC038970,VCC 0074,38970.0,140936.0,627928.0,,False,False,0.004
4114,153.55443,15.86172,2968,3116,3116,PGC1495046,WISEA J101413.06+155142.2,1495046.0,117024.0,535593.0,734320.0,False,True,0.0104
4115,193.184333,15.84777,1242,1014,2233,NGC4758,NGC 4758,43707.0,142462.0,600623.0,8014.0,False,True,0.0034
4116,186.400002,15.84763,1073,957,957,PGC040547,LSBC F644-04,40547.0,75613.0,368672.0,,False,False,0.0032
4117,208.272606,15.84453,3062,3284,3284,PGC049318,CGCG 102-075,49318.0,120300.0,553338.0,,False,False,0.011
4118,186.401803,15.82994,1073,957,957,IC3313,IC 3313,40551.0,141330.0,628286.0,,False,False,0.0032
4119,185.728667,15.82225,1574,1122,2105,NGC4321,MESSIER 100,40153.0,141252.0,,7450.0,False,True,0.0037
4120,185.833441,15.82042,484,1411,264,NGC4328,NGC 4328,40209.0,,,,False,False,0.0047
4121,214.83121,15.81069,2208,2483,2483,PGC1493835,WISEA J141919.49+154838.1,1493835.0,120582.0,554853.0,,False,False,0.0083
4122,147.312253,15.8075,1449,1650,1650,AGC193921,SDSS J094914.86+154825.0,5060167.0,,,193921.0,False,True,0.0055
4123,137.131356,15.79913,956,1051,1051,SDSSJ090831.52+154756.8,WISEA J090831.51+154756.8,5075111.0,,599363.0,,False,False,0.0035
4124,185.531886,15.79904,1298,624,2365,PGC040045,VCC 0530,40045.0,141228.0,600427.0,220450.0,False,True,0.0021
4125,158.522503,15.78059,1228,1444,1444,AGC205161,WISEA J103405.70+154649.4,5059102.0,117557.0,537415.0,205161.0,False,True,0.0048
4126,150.358014,15.76999,2405,2697,2572,NGC3094,NGC 3094,29009.0,136403.0,623709.0,5390.0,False,True,0.009
4127,150.009813,15.76867,2326,2496,2496,AGC205097,AGC 205097,5059057.0,,,205097.0,False,True,0.0083
4128,162.658948,15.76334,1120,1840,1271,UGC05948,UGC 05948,32496.0,,625391.0,5948.0,False,True,0.0061
4129,150.480064,15.7603,2249,2425,2425,AGC205104,AGC 205104,5059771.0,,,205104.0,False,True,0.0081
4130,185.411566,15.74513,1269,1279,2459,IC0783,IC 0783,39965.0,75580.0,368564.0,,False,False,0.0043
4131,186.894922,15.73953,1368,2227,2227,PGC040881,VCC 1024,40881.0,75651.0,368838.0,,False,False,0.0074
4132,185.581675,15.73362,1202,1693,957,IC0783A,IC 0783A,40068.0,141237.0,628200.0,,False,False,0.0056
4133,187.751092,15.73072,1876,2241,2241,PGC041387,VCC 1334,41387.0,75657.0,368869.0,,False,False,0.0075
4134,186.26775,15.71129,1390,2191,2191,PGC040462,VCC 0769,40462.0,75600.0,368638.0,,False,False,0.0073
4135,186.496237,15.67082,-115,1109,-182,NGC4396,NGC 4396,40622.0,,,,False,False,0.0037
4136,185.473658,15.64596,841,245,245,UGC07425,UGC 07425,40002.0,75593.0,368614.0,,False,False,0.0008
4137,158.070195,15.62165,3189,3336,3336,AGC205158,SDSS J103216.86+153718.2,5059098.0,117436.0,536812.0,205158.0,False,True,0.0111
4138,187.661013,15.60811,826,249,249,PGC041336,VCC 1302,41336.0,,,,False,False,0.0008
4139,186.311393,15.60742,1050,1114,957,NGC4379,NGC 4379,40484.0,141314.0,628270.0,,False,False,0.0037
4140,179.668244,15.59277,565,309,309,PGC1488625,SDSS J115840.37+153533.7,1488625.0,75332.0,367278.0,,False,False,0.001
4141,193.693006,15.59169,2638,2876,2876,PGC3090638,WISEA J125446.32+153530.3,3090638.0,75803.0,369658.0,224902.0,False,True,0.0096
4142,232.912758,15.59161,1767,2048,2048,PGC055308,CGCG 107-001,55308.0,146218.0,632702.0,252085.0,False,True,0.0068
4143,188.711775,15.55133,1285,1073,2450,NGC4540,NGC 4540,41876.0,162057.0,668686.0,7742.0,False,True,0.0036
4144,185.630608,15.53781,150,785,37,NGC4312,NGC 4312,40095.0,,,,False,False,0.0026
4145,168.604869,15.53386,857,641,641,PGC1487160,WISEA J111425.15+153201.9,1487160.0,74906.0,363864.0,215282.0,False,True,0.0021
4146,233.251687,15.51909,2009,2276,2276,SDSSJ153300.41+153108.8,WISEA J153300.35+153108.4,4468120.0,123493.0,567507.0,,False,False,0.0076
4147,236.452362,15.51615,2245,2499,2499,AGC257938,PGC1 5059736 NED001,5059736.0,,,257938.0,False,True,0.0083
4148,273.577041,15.50461,2953,3169,3169,PGC061621,CGCG 113-032,61621.0,,,,False,False,0.0106
4149,121.551906,15.50421,1985,2100,2100,PGC2807125,SDSS J080613.06+153014.1,2807125.0,156470.0,,181474.0,False,True,0.007
4150,169.937916,15.50222,1334,2837,1733,AGC215287,SDSS J111945.26+153008.0,5060003.0,,,215287.0,False,True,0.0095
4151,183.079082,15.4831,1213,2356,2356,PGC038893,VCC 0050,38893.0,75449.0,367972.0,,False,False,0.0079
4152,185.601332,15.47105,921,89,89,PGC040083,VCC 0554,40083.0,141241.0,628204.0,,False,False,0.0003
4153,186.760618,15.46146,1551,1114,2108,NGC4421,NGC 4421,40785.0,75653.0,368849.0,,False,False,0.0037
4154,178.084098,15.46011,787,386,386,SDSSJ115220.20+152736.2,SDSS J115220.20+152736.2,4574337.0,140365.0,627407.0,215213.0,False,True,0.0013
4155,161.290899,15.44991,1223,1451,1451,PGC3090611,WISEA J104509.83+152659.4,3090611.0,110896.0,512178.0,205270.0,False,True,0.0048
4156,187.008432,15.44453,2397,2652,2652,PGC040948,VCC 1061,40948.0,141433.0,628378.0,,False,False,0.0088
4157,188.139215,15.4154,429,1377,233,IC0798,IC 0798,41589.0,,,,False,False,0.0046
4158,168.317917,15.40778,1479,1851,1851,AGC215280,AGC 215280,5059972.0,,,215280.0,False,True,0.0062
4159,175.113978,15.4012,3291,3463,3463,PGC1483652,NGC 3800A,1483652.0,75044.0,364998.0,211697.0,False,True,0.0116
4160,184.8183,15.3962,1986,2313,2313,PGC039648,VCC 0335,39648.0,,,,False,False,0.0077
4161,235.16724,15.38905,2020,2285,2285,PGC1483329,WISEA J154040.11+152319.9,1483329.0,123516.0,567596.0,,False,False,0.0076
4162,234.833485,15.38436,2005,2271,2271,UGC09951,UGC 09951,55710.0,166349.0,685659.0,9951.0,False,True,0.0076
4163,209.421034,15.37317,1257,1637,1637,AGC233571,PGC1 4720565 NED001,4720565.0,144170.0,630899.0,233571.0,False,True,0.0055
4164,188.486163,15.35472,2334,1055,2599,IC0800,IC 0800,41763.0,169920.0,693124.0,7716.0,False,True,0.0035
4165,175.056265,15.34233,3299,2992,3471,NGC3800,NGC 3800,36197.0,,,6634.0,False,True,0.01
4166,159.269998,15.33751,724,590,590,PGC1481912,SDSS J103704.94+152017.0,1481912.0,,,205165.0,False,True,0.002
4167,131.355942,15.32947,1611,1757,1757,SDSSJ084525.40+151946.0,SDSS J084525.40+151946.0,4176159.0,109891.0,507162.0,,False,False,0.0059
4168,184.297597,15.3239,864,1452,230,NGC4237,NGC 4237,39393.0,75463.0,368054.0,7315.0,False,True,0.0048
4169,188.039939,15.30097,1577,2111,2111,PGC041544,IC 3462,41544.0,75664.0,368893.0,,False,False,0.007
4170,189.966162,15.29773,631,1071,317,NGC4595,NGC 4595,42396.0,169934.0,693138.0,7826.0,False,True,0.0036
4171,156.059166,15.28556,3119,3263,3263,AGC205148,AGC 205148,5059088.0,,,205148.0,False,True,0.0109
4172,186.495463,15.27717,943,-13,-13,PGC040617,VCC 0861,40617.0,141343.0,628299.0,,False,False,
4173,171.185394,15.27545,1120,2735,1262,PGC1480186,WISEA J112444.54+151632.1,1480186.0,74962.0,364207.0,215142.0,False,True,0.0091
4174,177.3793,15.26103,860,418,418,SDSSJ114931.03+151539.7,WISEA J114931.02+151540.1,4100636.0,75241.0,366647.0,,False,False,0.0014
4175,188.6905,15.22067,664,1505,319,IC3522,IC 3522,41865.0,169922.0,693126.0,7737.0,False,True,0.005
4176,157.168674,15.22049,3187,3331,3331,SDSSJ102840.48+151313.7,WISEA J102840.52+151314.2,5064970.0,117139.0,536016.0,,False,False,0.0111
4177,233.646378,15.19922,1925,2404,2195,NGC5954,NGC 5954,55482.0,166280.0,685546.0,9904.0,True,True,0.008
4178,186.39515,15.19439,1496,2119,2119,PGC040540,VCC 0812,40540.0,141328.0,628284.0,,False,False,0.0071
4179,233.634975,15.19379,1970,1710,2238,NGC5953,NGC 5953,55480.0,166278.0,685542.0,,True,False,0.0057
4180,188.633745,15.18009,639,316,316,,VCC 1574,,141661.0,,,False,False,0.0011
4181,107.005233,15.17832,2202,2393,2287,UGC03691,UGC 03691,20214.0,,,,False,False,0.008
4182,188.45047,15.16844,259,922,120,NGC4523,NGC 4523,41746.0,,,,False,False,0.0031
4183,192.411541,15.16497,1104,1262,1111,NGC4710,NGC 4710,43375.0,142410.0,629295.0,7980.0,False,True,0.0042
4184,184.904295,15.16217,1194,957,957,PGC039692,VCC 0361,39692.0,75535.0,368362.0,,False,False,0.0032
4185,125.880212,15.15132,2545,2649,2649,AGC188762,AGC 188762,5058994.0,,,188762.0,False,True,0.0088
4186,120.85249,15.14125,1986,2747,2098,PGC166094,SDSS J080324.66+150819.5,166094.0,134816.0,622289.0,181471.0,False,True,0.0092
4187,233.638041,15.13316,1695,1976,1976,UGC09902,UGC 09902,55478.0,123468.0,567401.0,9902.0,False,True,0.0066
4188,187.978236,15.12392,2096,1080,2400,IC0797,IC 0797,41504.0,169914.0,693118.0,7676.0,False,True,0.0036
4189,184.041933,15.12365,614,314,314,PGC1475898,VCCA 011,1475898.0,75464.0,368055.0,,False,False,0.001
4190,182.130518,15.0948,588,310,310,,VCC 0004,,140826.0,627829.0,220133.0,False,True,0.001
4191,215.614161,15.08569,2286,1194,2551,UGC09206,UGC 09206,51351.0,144956.0,631631.0,9206.0,False,True,0.004
4192,164.822156,15.08515,2105,2341,2341,PGC4689199,WISEA J105917.30+150505.5,4689199.0,,,,False,False,0.0078
4193,185.423418,15.07557,1223,957,957,PGC039971,VCC 0494,39971.0,,,,False,False,0.0032
4194,186.735207,15.04737,-228,1135,-284,NGC4419,NGC 4419,40772.0,,,,False,False,0.0038
4195,175.885416,15.0425,2970,3158,3158,AGC215226,AGC 215226,5060240.0,,,215226.0,False,True,0.0105
4196,188.178524,15.03615,1299,2446,2446,PGC169515,VPC 0882,169515.0,75665.0,368895.0,,False,False,0.0082
4197,163.019864,15.03043,828,688,688,SDSSJ105204.79+150149.6,WISEA J105204.83+150150.3,4095241.0,138233.0,625443.0,,False,False,0.0023
4198,187.435773,15.02477,1320,2374,2374,PGC041211,IC 3419,41211.0,75656.0,368864.0,,False,False,0.0079
4199,177.511353,15.02328,752,855,385,PGC036976,MRK 0750,36976.0,170283.0,693490.0,210822.0,False,True,0.0029
4200,185.363316,15.02128,1862,659,2227,PGC039942,VCC 0477,39942.0,170486.0,693696.0,220435.0,False,True,0.0022
4201,233.429436,15.00722,1778,1986,2055,NGC5951,NGC 5951,55435.0,146236.0,632715.0,9895.0,True,True,0.0066
4202,183.917148,15.00566,1084,195,195,UGC07269,UGC 07269,39227.0,75530.0,368338.0,,False,False,0.0007
4203,187.180263,14.99944,1668,956,2131,IC3392,IC 3392,41061.0,169908.0,693112.0,7602.0,False,True,0.0032
4204,175.57817,14.9959,1028,1409,785,UGC06669,UGC 06669,36344.0,75226.0,366510.0,6669.0,False,True,0.0047
4205,150.415416,14.99207,2428,2590,2590,AGC205102,WISEA J100139.74+145931.4,5059062.0,116698.0,534208.0,205102.0,False,True,0.0086
4206,272.963395,14.98156,2286,2654,2513,NGC6574,NGC 6574,61536.0,,,,False,False,0.0089
4207,183.785634,14.97192,1153,2074,2074,PGC039164,VCC 0137,39164.0,75462.0,368044.0,,False,False,0.0069
4208,185.013708,14.96152,1354,2256,2256,IC0781,IC 0781,39754.0,75590.0,368594.0,,False,False,0.0075
4209,186.447993,14.95207,494,1188,266,PGC040588,VCC 0841,40588.0,,,,False,False,0.004
4210,165.345,14.92556,3142,3301,3301,AGC215253,AGC 215253,5060192.0,,,215253.0,False,True,0.011
4211,192.230712,14.90791,1404,2138,2138,IC3806,IC 3806,43303.0,75764.0,369468.0,,False,False,0.0071
4212,183.451428,14.89997,-118,973,-192,NGC4192,MESSIER 098,39028.0,,,,False,False,0.0032
4213,184.877508,14.87756,1367,1531,2231,NGC4262,NGC 4262,39676.0,161490.0,667036.0,7365.0,False,True,0.0051
4214,160.912096,14.87191,1256,1678,1495,NGC3346,NGC 3346,31982.0,158668.0,654902.0,5842.0,False,True,0.0056
4215,189.566242,14.86993,740,309,309,PGC042219,VCC 1753,42219.0,,,220863.0,False,True,0.001
4216,164.08125,14.86639,3139,3296,3296,AGC205216,AGC 205216,5059133.0,,,205216.0,False,True,0.011
4217,187.90756,14.85887,2560,1262,2796,IC3453,IC 3453,41466.0,169912.0,693116.0,7666.0,False,True,0.0042
4218,194.537467,14.85885,853,307,307,UGC08081,UGC 08081,44414.0,75809.0,369683.0,,False,False,0.001
4219,162.035608,14.85459,2841,3008,3008,PGC1468846,WISEA J104808.55+145117.0,1468846.0,74711.0,362901.0,205192.0,False,True,0.01
4220,165.009958,14.84153,1433,1762,1762,NGC3485,NGC 3485,33140.0,138530.0,,6077.0,False,True,0.0059
4221,171.729711,14.83426,913,645,645,AGC215296,WISEA J112655.08+145002.2,5057581.0,,,215296.0,False,True,0.0022
4222,173.458677,14.82463,1119,2027,1244,PGC1468083,2MASX J11335011+1449313,1468083.0,74996.0,364597.0,215306.0,False,True,0.0068
4223,235.065999,14.80836,3064,3286,3286,PGC1467697,WISEA J154015.80+144830.6,1467697.0,123450.0,567322.0,257930.0,False,True,0.011
4224,196.733393,14.80736,971,467,467,PGC045416,CGCG 101-001,45416.0,75868.0,370005.0,230084.0,False,True,0.0016
4225,186.346538,14.80344,1401,2200,2200,PGC040511,VCC 0795,40511.0,141321.0,628277.0,,False,False,0.0073
4226,168.775889,14.78706,1192,1139,1451,NGC3596,NGC 3596,34298.0,159510.0,658667.0,6277.0,False,True,0.0038
4227,269.664424,14.78284,2958,3172,3172,PGC1467048,WISEA J175839.34+144657.9,1467048.0,,,,False,False,0.0106
4228,186.746517,14.78239,1873,2236,2236,PGC040779,VCC 0963,40779.0,170510.0,693720.0,220597.0,False,True,0.0075
4229,215.925196,14.77597,2453,2705,2705,,WISEA J142342.14+144632.9,,120564.0,554742.0,,False,False,0.009
4230,184.085905,14.77399,528,282,282,PGC1466850,VCCA 012,1466850.0,,,,False,False,0.0009
4231,187.732202,14.77393,2537,2775,2775,PGC041370,VCC 1323,41370.0,141546.0,628479.0,,False,False,0.0093
4232,183.359588,14.77204,2074,2437,2375,UGC07223,NGC 4192A,39002.0,169843.0,693048.0,7223.0,False,True,0.0081
4233,141.981541,14.7665,2126,2280,2280,PGC1466669,WISEA J092755.54+144559.8,1466669.0,116244.0,532611.0,,False,False,0.0076
4234,186.301349,14.76222,1359,1262,2273,NGC4377,NGC 4377,40477.0,,,,False,False,0.0042
4235,185.58138,14.76079,977,1149,-150,UGC07436,UGC 07436,40066.0,161601.0,667365.0,,False,False,0.0038
4236,156.167139,14.75666,1386,2139,1625,UGC05633,UGC 05633,30531.0,117145.0,536037.0,5633.0,False,True,0.0071
4237,184.517814,14.75301,1766,2169,2169,SDSSJ121804.26+144510.4,WISEA J121804.26+144511.3,4103810.0,141084.0,628063.0,224316.0,False,True,0.0072
4238,125.966748,14.75222,1958,2079,2079,UGC04385,UGC 04385,23559.0,156653.0,647444.0,4385.0,False,True,0.0069
4239,267.018471,14.74138,1802,1509,2044,UGC10985,UGC 10985,60879.0,,,,False,False,0.005
4240,189.196372,14.73978,546,290,290,PGC042084,VCC 1688,42084.0,,,,False,False,0.001
4241,164.89851,14.73553,3113,3272,3272,SDSSJ105935.63+144407.7,SDSS J105935.63+144407.7,4095871.0,74781.0,363254.0,205223.0,False,True,0.0109
4242,189.769527,14.73086,1160,1058,957,IC3612,IC 3612,42309.0,75703.0,369049.0,,False,False,0.0035
4243,103.37375,14.72894,2398,2473,2473,UGC03586,UGC 03586,19804.0,,,,False,False,0.0082
4244,190.081473,14.71495,2002,2328,2328,IC3637,IC 3637,42443.0,75702.0,369038.0,,False,False,0.0078
4245,168.817389,14.69864,1093,1177,1177,SDSSJ111516.15+144154.9,WISEA J111516.16+144155.5,4097281.0,74911.0,363898.0,,False,False,0.0039
4246,216.061665,14.65361,2459,2710,2710,AGC248933,AGC 248933,5060362.0,,,248933.0,False,True,0.009
4247,158.129122,14.65048,3160,3303,3303,PGC087169,LSBC F638-03,87169.0,117433.0,536781.0,202221.0,False,True,0.011
4248,182.670342,14.64613,2468,2706,2706,PGC038754,VCC 0026,38754.0,140868.0,627865.0,220172.0,False,True,0.009
4249,176.51321,14.64377,3110,3290,3290,PGC1463327,WISEA J114603.24+143837.2,1463327.0,75267.0,,,False,False,0.011
4250,215.956374,14.63875,2313,2574,2574,NGC5600,NGC 5600,51422.0,164921.0,681097.0,9220.0,False,True,0.0086
4251,185.183016,14.63114,595,306,306,PGC039849,VCC 0429,39849.0,75568.0,368499.0,223449.0,False,True,0.001
4252,173.008041,14.61081,1124,2773,1259,PGC035565,KUG 1129+148,35565.0,75020.0,364836.0,215304.0,False,True,0.0092
4253,185.386732,14.60605,1128,1064,1544,NGC4298,NGC 4298,39950.0,75470.0,368079.0,,False,False,0.0035
4254,238.557943,14.60117,1854,1432,2119,NGC6012,NGC 6012,56334.0,114557.0,632932.0,10083.0,True,True,0.0048
4255,185.426474,14.59844,1130,1262,1621,NGC4302,NGC 4302,39974.0,75570.0,368505.0,7418.0,False,True,0.0042
4256,177.733171,14.59488,1009,789,570,PGC037048,CGCG 097-163,37048.0,,693492.0,210835.0,False,True,0.0026
4257,238.68784,14.58397,1974,2234,2234,SDSSJ155445.07+143502.4,WISEA J155445.06+143503.1,4482623.0,114554.0,526568.0,,False,False,0.0075
4258,137.223606,14.58283,335,667,248,PGC2806961,LSBC D634-03,2806961.0,,,,False,False,0.0022
4259,168.884957,14.57736,1133,1292,1292,SDSSJ111532.38+143438.4,WISEA J111532.33+143437.0,4271433.0,,,215284.0,False,True,0.0043
4260,186.19817,14.57636,1201,957,957,PGC040422,VCC 0748,40422.0,,,,False,False,0.0032
4261,188.281402,14.57493,942,-49,-49,NGC4516,NGC 4516,41661.0,161997.0,668486.0,,False,False,
4262,176.664121,14.56038,3163,3340,3340,SDSSJ114639.39+143337.4,WISEA J114639.40+143337.3,4100337.0,75266.0,366815.0,,False,False,0.0111
4263,194.572231,14.55694,2037,2144,2354,UGC08085,UGC 08085,44432.0,169964.0,693168.0,8085.0,False,True,0.0072
4264,150.712548,14.55335,2792,2935,2935,AGC205105,WISEA J100251.00+143310.9,5059691.0,116700.0,534216.0,205105.0,False,True,0.0098
4265,180.960591,14.55027,896,286,286,UGC07038,UGC 07038,38129.0,169826.0,693031.0,7038.0,False,True,0.001
4266,176.692518,14.53306,3154,2298,3331,UGC06753,UGC 06753,36739.0,169810.0,693015.0,6753.0,False,True,0.0077
4267,190.784169,14.51997,1218,957,957,PGC042771,VCC 1957,42771.0,,,,False,False,0.0032
4268,184.218341,14.51476,1264,2508,2508,IC3096,IC 3096,39358.0,170461.0,666648.0,220282.0,False,True,0.0084
4269,188.860364,14.49607,481,1104,259,NGC4548,MESSIER 091,41934.0,,,,False,False,0.0037
4270,181.38625,14.49005,1512,2078,2078,PGC038299,KUG 1202+147,38299.0,140738.0,627749.0,220074.0,False,True,0.0069
4271,182.633508,14.48975,2204,2477,2477,SDSSJ121032.03+142923.1,WISEA J121032.04+142923.8,4102942.0,75430.0,367815.0,,False,False,0.0083
4272,182.3882,14.4823,2441,2682,2682,IC3049,IC 3049,39009.0,,,7227.0,False,True,0.0089
4273,183.392187,14.47846,2443,2684,2684,,IC 3049 NED02,,140942.0,,,False,False,0.009
4274,186.906505,14.45555,1301,2481,2481,PGC040893,VCC 1028,40893.0,75546.0,368422.0,,False,False,0.0083
4275,180.339678,14.44993,1287,2122,2122,UGC07003,UGC 07003,37927.0,169824.0,693029.0,7003.0,False,True,0.0071
4276,235.84976,14.43574,1936,2944,2199,UGC09991,UGC 09991,55867.0,146356.0,594499.0,9991.0,True,True,0.0098
4277,183.984722,14.43293,1399,638,2178,IC3077,IC 3077,39256.0,75411.0,367713.0,7285.0,False,True,0.0021
4278,183.802374,14.43285,996,1211,-81,IC3065,IC 3065,39173.0,75408.0,367709.0,,False,False,0.004
4279,194.776104,14.42972,2680,2910,2910,SDSSJ125906.25+142547.0,WISEA J125906.22+142547.0,4107150.0,75796.0,369611.0,226110.0,False,True,0.0097
4280,130.611909,14.42592,2053,2179,2179,SDSSJ084226.86+142533.3,SDSS J084226.85+142533.2,4547399.0,109888.0,507114.0,,False,False,0.0073
4281,215.910832,14.42472,2284,2547,2547,AGC248932,AGC 248932,5060361.0,,,248932.0,False,True,0.0085
4282,187.997064,14.42004,2282,1279,2550,NGC4501,MESSIER 088,41517.0,141585.0,628515.0,7675.0,False,True,0.0043
4283,184.706731,14.41679,2407,1099,2654,NGC4254,MESSIER 099,39578.0,141115.0,628091.0,7345.0,False,True,0.0037
4284,150.296666,14.41583,2461,2618,2618,AGC205101,AGC 205101,5059060.0,,,205101.0,False,True,0.0087
4285,181.248332,14.40576,1102,873,873,SDSSJ120459.57+142420.4,WISEA J120459.53+142421.6,4102270.0,,,,False,False,0.0029
4286,193.24586,14.40021,1046,247,247,PGC043739,LSBC D646-05,43739.0,170566.0,693776.0,221085.0,False,True,0.0008
4287,259.962564,14.40016,1554,1927,1807,UGC10805,UGC 10805,60084.0,,,,False,False,0.0064
4288,182.507382,14.36663,818,538,300,IC3023,IC 3023,38692.0,169830.0,693035.0,7150.0,False,True,0.0018
4289,156.47116,14.36329,1372,1927,1609,UGC05646,UGC 05646,30630.0,158314.0,652696.0,5646.0,False,True,0.0064
4290,203.904856,14.36101,1033,1086,1086,PGC1456087,WISEA J133537.22+142139.7,1456087.0,76064.0,371006.0,,False,False,0.0036
4291,190.655604,14.35724,296,1482,146,NGC4633,NGC 4633,42699.0,,,,False,False,0.0049
4292,169.802946,14.32776,998,818,880,AGC215286,AGC 215286,5060221.0,,,215286.0,False,True,0.0027
4293,187.974408,14.30647,457,245,245,PGC041515,VCC 1400,41515.0,,,,False,False,0.0008
4294,262.256876,14.2975,2973,3189,3189,PGC060375,CGCG 082-035,60375.0,,,,False,False,0.0106
4295,104.7684,14.295,2336,2411,2411,UGC03621,UGC 03621,19963.0,,,,False,False,0.008
4296,169.816149,14.29023,790,525,525,SDSSJ111915.87+141724.8,SDSS J111915.87+141724.7,4097623.0,,,,False,False,0.0018
4297,130.635912,14.28817,2096,2220,2220,SDSSJ084232.62+141717.7,WISEA J084232.62+141718.1,4174606.0,,,,False,False,0.0074
4298,130.665883,14.28556,2062,2393,2187,NGC2648,NGC 2648,24464.0,135440.0,622866.0,4541.0,False,True,0.008
4299,215.87079,14.28346,2208,2477,2477,PGC051401,KUG 1421+145,51401.0,164913.0,681077.0,240313.0,False,True,0.0083
4300,182.782297,14.27483,1179,1054,2241,IC3032,IC 3032,38800.0,75425.0,367793.0,,False,False,0.0035
4301,130.700826,14.26525,2112,2235,2235,PGC024469,CGCG 060-036,24469.0,156854.0,647793.0,180447.0,False,True,0.0075
4302,209.680854,14.26137,1287,1668,1668,PGC1453627,SDSS J135843.41+141540.8,1453627.0,171111.0,694342.0,233718.0,False,True,0.0056
4303,235.722419,14.2303,1093,1506,1350,NGC5984,NGC 5984,55853.0,,,9987.0,False,True,0.005
4304,175.7935,14.2236,1016,1309,709,PGC036412,WISEA J114310.51+141327.9,36412.0,140119.0,627210.0,212839.0,False,True,0.0044
4305,162.235051,14.21952,2965,3123,3123,NGC3391,NGC 3391,32347.0,158802.0,655567.0,5920.0,False,True,0.0104
4306,189.234897,14.21735,336,1112,172,NGC4571,NGC 4571,42100.0,,,,False,False,0.0037
4307,221.60125,14.21262,1790,2085,2085,PGC087175,LSBC F651-02,87175.0,145582.0,632195.0,242016.0,False,True,0.007
4308,188.184185,14.19618,1880,2240,2240,IC3478,IC 3478,41614.0,161982.0,668436.0,,False,False,0.0075
4309,186.323116,14.17259,642,314,314,PGC040491,IC 3301,40491.0,161696.0,667644.0,,False,False,0.001
4310,159.160114,14.17124,3018,2612,3167,NGC3300,NGC 3300,31472.0,74567.0,362481.0,,False,False,0.0087
4311,194.862711,14.17099,1985,2144,2312,NGC4866,NGC 4866,44600.0,142722.0,629595.0,8102.0,False,True,0.0072
4312,262.080874,14.16892,2930,3146,3146,UGC10864,UGC 10864,60349.0,,,,False,False,0.0105
4313,172.722546,14.14608,878,596,558,PGC2807141,SDSS J113053.17+140843.0,2807141.0,139589.0,626707.0,212837.0,False,True,0.002
4314,185.561625,14.14219,1222,957,957,PGC040058,VCC 0539,40058.0,141235.0,628198.0,,False,False,0.0032
4315,187.58499,14.14016,697,315,315,PGC041308,VCC 1285,41308.0,,,,False,False,0.0011
4316,164.716994,14.12973,686,826,483,PGC087170,LSBC F640-01,87170.0,138494.0,625695.0,205278.0,False,True,0.0028
4317,272.7426,14.1269,2252,2476,2476,PGC095737,PGC1 0061512 NED002,95737.0,,,,False,False,0.0083
4318,162.223904,14.12451,542,364,364,PGC032348,CGCG 066-026,32348.0,74716.0,362907.0,,False,False,0.0012
4319,187.834136,14.11519,1245,1403,957,IC3442,IC 3442,41435.0,,600519.0,,False,False,0.0047
4320,162.880599,14.11477,832,688,688,SDSSJ105131.34+140653.1,WISEA J105131.42+140653.9,4095197.0,138211.0,625423.0,,False,False,0.0023
4321,180.293633,14.10403,1531,2051,2065,IC0755,NGC 4019,37912.0,140612.0,627636.0,7001.0,False,True,0.0068
4322,163.764943,14.09324,2094,2323,2323,PGC2806989,LSBC D640-16,2806989.0,,,,False,False,0.0077
4323,272.780599,14.09296,2285,1839,2508,NGC6570,NGC 6570,61512.0,,,,False,False,0.0061
4324,139.844316,14.08243,1484,1648,1648,,2MASX J09192266+1404578,,135825.0,,,False,False,0.0055
4325,175.236394,14.07425,903,2471,506,PGC1448560,WISEA J114056.75+140427.4,1448560.0,75005.0,364666.0,215137.0,False,True,0.0082
4326,161.842991,14.06938,573,541,394,NGC3377A,NGC 3377A,32226.0,138049.0,625270.0,5889.0,False,True,0.0018
4327,187.473165,14.0686,1610,1079,2118,NGC4474,NGC 4474,41241.0,141500.0,628434.0,,False,False,0.0036
4328,173.462081,14.0542,937,619,619,SDSSJ113350.91+140315.0,SDSS J113350.91+140315.0,4099053.0,74963.0,364286.0,215248.0,False,True,0.0021
4329,177.183295,14.05291,3198,3372,3372,PGC036884,CGCG 068-074,36884.0,170280.0,693486.0,210807.0,False,True,0.0112
4330,188.174391,14.05052,-171,989,-236,IC3476,IC 3476,41608.0,,,,False,False,0.0033
4331,187.378721,14.04909,889,1042,131,NGC4468,NGC 4468,41171.0,161879.0,668097.0,,False,False,0.0035
4332,147.918874,14.03815,2884,3014,3014,PGC028400,CGCG 063-087,28400.0,116423.0,533254.0,190551.0,False,True,0.0101
4333,180.364629,14.03444,1482,2066,2066,PGC037931,MRK 0756,37931.0,75371.0,693509.0,211006.0,False,True,0.0069
4334,183.768617,14.02889,2317,3036,2573,IC3061,IC 3061,39152.0,169850.0,693055.0,7255.0,False,True,0.0101
4335,183.973937,14.025,684,323,323,PGC039250,VCC 0168,39250.0,170454.0,693664.0,220257.0,False,True,0.0011
4336,162.833043,14.02343,3078,3609,3231,NGC3419A,NGC 3419A,32540.0,74756.0,363119.0,5965.0,False,True,0.012
4337,182.342742,13.99243,1674,1199,2118,IC3019,IC 3019,38624.0,75433.0,367823.0,,False,False,0.004
4338,161.926566,13.98564,682,760,505,NGC3377,NGC 3377,32249.0,138063.0,625284.0,,False,False,0.0025
4339,187.601877,13.98035,1069,957,957,PGC041311,VCC 1287,41311.0,,,,False,False,0.0032
4340,164.408968,13.97902,1242,2018,1496,PGC087257,LSBC F640-V02,87257.0,159035.0,656568.0,202260.0,False,True,0.0067
4341,187.250178,13.97852,1186,1181,957,NGC4459,NGC 4459,41104.0,141473.0,628409.0,,False,False,0.0039
4342,162.944468,13.97658,2970,3128,3128,SDSSJ105146.67+135835.5,WISEA J105146.71+135836.3,4095219.0,74752.0,363099.0,,False,False,0.0104
4343,183.201867,13.97608,-184,1239,-254,IC3044,IC 3044,38945.0,,,,False,False,0.0041
4344,235.014381,13.97607,3283,2815,3497,UGC09962,UGC 09962,55744.0,146331.0,632795.0,9962.0,False,True,0.0094
4345,160.61046,13.95716,1278,1227,1518,SDSSJ104226.51+135725.7,SDSS J104226.50+135725.7,4010732.0,137890.0,625119.0,203082.0,False,True,0.0041
4346,106.228917,13.95042,2368,2442,2442,HIPASSJ0704+13,HIPASS J0704+13,5065597.0,,,,False,False,0.0081
4347,162.823848,13.94599,3071,3258,3223,NGC3419,NGC 3419,32535.0,158874.0,655878.0,5964.0,False,True,0.0109
4348,161.14692,13.93965,649,476,476,SDSSJ104435.27+135622.7,WISEA J104435.27+135622.8,4094467.0,74687.0,362842.0,,False,False,0.0016
4349,159.236688,13.93425,2984,3133,3133,SDSSJ103656.76+135603.1,SDSS J103656.75+135603.1,3999726.0,74580.0,362537.0,202250.0,False,True,0.0105
4350,215.544674,13.91801,2294,2554,2554,NGC5587,NGC 5587,51332.0,164893.0,680987.0,9202.0,False,True,0.0085
4351,159.981523,13.90933,1008,1039,1039,PGC031727,SDSS J103955.87+135435.7,31727.0,137825.0,625058.0,200512.0,False,True,0.0035
4352,258.175338,13.90773,1502,1755,1755,PGC2801034,PGC1 2801034 NED001,2801034.0,,,,False,False,0.0059
4353,183.913876,13.90158,-86,1222,-168,NGC4212,NGC 4208,39224.0,,,,False,False,0.0041
4354,165.077357,13.90123,694,724,488,NGC3489,NGC 3489,33160.0,159100.0,656867.0,6082.0,False,True,0.0024
4355,159.983974,13.90109,1011,1044,1044,,WISEA J103956.15+135403.7,,158604.0,,,False,False,0.0035
4356,161.864464,13.88958,3004,3158,3158,PGC083341,SDSS J104727.43+135323.1,83341.0,,,201959.0,False,True,0.0105
4357,185.167795,13.88925,799,1188,282,PGC039845,VCC 0428,39845.0,161528.0,667160.0,220409.0,False,True,0.004
4358,179.890897,13.88741,1449,792,2061,PGC037779,KUG 1156+141,37779.0,170294.0,693501.0,210968.0,False,True,0.0026
4359,185.969224,13.8825,646,315,315,PGC040279,VCC 0674,40279.0,75551.0,368448.0,,False,False,0.0011
4360,184.809185,13.88233,-250,1225,-311,PGC039641,KUG 1216+141,39641.0,,,,False,False,0.0041
4361,178.007871,13.87876,965,1279,442,PGC037162,CGCG 068-079,37162.0,170287.0,693494.0,210861.0,False,True,0.0043
4362,176.748727,13.87345,3163,3337,3337,PGC036749,CGCG 068-064,36749.0,170276.0,693482.0,210779.0,False,True,0.0111
4363,176.317517,13.87267,2985,3167,3167,SDSSJ114516.17+135221.1,WISEA J114516.21+135221.7,4100196.0,75210.0,366372.0,,False,False,0.0106
4364,133.170535,13.86581,1565,1708,1708,SDSSJ085240.94+135157.0,WISEA J085240.94+135156.8,4180536.0,,,,False,False,0.0057
4365,188.966148,13.85848,756,299,299,PGC041994,VCC 1644,41994.0,170531.0,693741.0,220828.0,False,True,0.001
4366,133.140774,13.84121,1521,2382,1664,SDSSJ085233.75+135028.3,WISEA J085233.68+135028.2,4547721.0,109919.0,507456.0,182462.0,False,True,0.0079
4367,176.483772,13.83923,3262,3431,3431,PGC213879,WISEA J114556.12+135021.2,213879.0,75208.0,366353.0,215149.0,False,True,0.0114
4368,157.920054,13.83493,1284,2404,1506,PGC1441868,2MASXi J1031407+135004,1441868.0,74500.0,362234.0,202244.0,False,True,0.008
4369,162.428175,13.82794,1332,1608,1608,AGC205197,AGC 205197,5058708.0,,,205197.0,False,True,0.0054
4370,176.599993,13.82724,2696,1849,2897,UGC06747,UGC 06747,36713.0,169809.0,693014.0,6747.0,False,True,0.0062
4371,160.42076,13.82493,1271,1506,1506,PGC1441580,WISEA J104140.97+134929.9,1441580.0,74607.0,362606.0,,False,False,0.005
4372,182.974416,13.80838,1992,2308,2308,PGC1441122,VCCA 003,1441122.0,75416.0,367748.0,,False,False,0.0077
4373,199.970667,13.80671,937,594,594,SDSSJ131952.91+134825.5,SDSS J131952.91+134825.5,4365303.0,,,233627.0,False,True,0.002
4374,235.821057,13.80312,1858,2122,2122,,SDSS J154317.91+134750.6,,114234.0,,,False,False,0.0071
4375,187.685978,13.79946,1240,957,957,PGC041345,VCC 1307,41345.0,141531.0,628465.0,,False,False,0.0032
4376,235.824126,13.79706,1857,2121,2121,SDSSJ154317.63+134748.4,PGC1 5064973 GROUP,5064973.0,,525270.0,,False,False,0.0071
4377,273.992918,13.78523,2989,966,3196,PGC061658,CGCG 084-030,61658.0,148368.0,634693.0,,False,False,0.0032
4378,162.507513,13.78477,1317,1339,1589,SDSSJ105001.79+134705.1,WISEA J105001.79+134705.1,4095057.0,74723.0,362944.0,205198.0,False,True,0.0045
4379,189.993745,13.78153,1006,574,957,PGC042406,VCC 1816,42406.0,,,220901.0,False,True,0.0019
4380,217.076702,13.78025,1288,1815,1610,IC1014,IC 1014,51685.0,71294.0,350119.0,9275.0,False,True,0.0061
4381,176.454436,13.76672,3210,3396,3381,NGC3872,NGC 3872,36678.0,140224.0,627293.0,,False,False,0.0113
4382,191.93992,13.76263,1609,1181,2108,NGC4689,NGC 4689,43186.0,169951.0,693155.0,7965.0,False,True,0.0039
4383,158.582439,13.7544,2969,2360,3117,UGC05739,UGC 05739,31275.0,158499.0,624904.0,5739.0,False,True,0.0079
4384,186.856066,13.75085,2422,2668,2668,PGC040848,VCC 1005,40848.0,,,,False,False,0.0089
4385,161.645737,13.7508,3039,3273,3190,NGC3367,NGC 3367,32178.0,74640.0,362708.0,5880.0,False,True,0.0109
4386,189.134868,13.74837,871,173,173,PGC042062,IC 3575,42062.0,75723.0,369108.0,,False,False,0.0006
4387,160.531418,13.74699,1297,1738,1543,NGC3338,NGC 3338,31883.0,158643.0,,5826.0,False,True,0.0058
4388,185.780818,13.7445,1888,2242,2242,PGC040186,VCC 0618,40186.0,141257.0,628216.0,220478.0,False,True,0.0075
4389,160.71843,13.7411,1161,1328,1328,PGC1439163,WISEA J104252.48+134428.5,1439163.0,74657.0,362773.0,,False,False,0.0044
4390,184.360623,13.73707,1389,2211,2211,PGC039415,VCC 0235,39415.0,66581.0,325394.0,,False,False,0.0074
4391,159.469285,13.72104,3028,3175,3175,UGC05781,UGC 05781,31594.0,137774.0,653982.0,5781.0,False,True,0.0106
4392,161.33935,13.71418,3074,3223,3223,PGC083327,SDSS J104521.45+134251.1,83327.0,158708.0,362725.0,201960.0,False,True,0.0108
4393,159.088822,13.71143,3000,3228,3148,UGC05760,UGC 05760,31435.0,137708.0,624950.0,5760.0,False,True,0.0108
4394,161.129145,13.71116,2866,3024,3024,SDSSJ104431.01+134240.3,WISEA J104431.02+134239.9,4094463.0,74653.0,362755.0,,False,False,0.0101
4395,175.942146,13.70757,2934,3118,3118,PGC1438242,WISEA J114346.09+134227.1,1438242.0,75215.0,366419.0,215598.0,False,True,0.0104
4396,131.697046,13.70681,2141,2263,2263,PGC024666,CGCG 061-011,24666.0,156888.0,647883.0,180485.0,False,True,0.0075
4397,176.776411,13.70675,3104,3280,3280,UGC06758,UGC 06758,36759.0,169811.0,693016.0,6758.0,False,True,0.0109
4398,191.335048,13.69274,1820,1151,2201,IC3735,IC 3735,42991.0,142198.0,600586.0,,False,False,0.0038
4399,234.839697,13.69226,3228,3442,3442,PGC1437841,SDSS J153921.54+134131.8,1437841.0,122460.0,562776.0,,False,False,0.0115
4400,182.084468,13.68399,2260,2244,2520,PGC038539,VCC 0001,38539.0,66478.0,324944.0,,False,False,0.0075
4401,195.104332,13.67034,1997,2320,2320,UGC08114,UGC 08114,44753.0,75784.0,369556.0,8114.0,False,True,0.0077
4402,234.89764,13.66658,932,1149,1149,SDSSJ153935.42+133959.6,WISEA J153935.47+133959.3,4472680.0,114250.0,525347.0,,False,False,0.0038
4403,189.127587,13.63832,758,299,299,PGC042059,VCC 1669,42059.0,66842.0,326505.0,,False,False,0.001
4404,187.509169,13.63642,1358,1498,2317,NGC4477,NGC 4477,41260.0,161899.0,668158.0,,False,False,0.005
4405,170.829462,13.62974,842,558,558,IC2787,IC 2787,34969.0,74925.0,364004.0,,False,False,0.0019
4406,177.268477,13.62958,2981,3164,3164,AGC215154,AGC 215154,4720540.0,,,215154.0,False,True,0.0106
4407,151.093452,13.62202,2804,2917,2942,NGC3107,NGC 3107,29209.0,136491.0,534688.0,5425.0,False,True,0.0097
4408,183.898689,13.61971,2187,2462,2462,IC3073,IC 3073,39215.0,,600382.0,,False,False,0.0082
4409,187.020558,13.61199,865,185,185,PGC200170,VCC 1064,200170.0,141436.0,628380.0,,False,False,0.0006
4410,170.254917,13.60814,815,539,539,NGC3628UCD1,WISEA J112101.13+133630.0,5098398.0,,,,False,False,0.0018
4411,189.928333,13.60748,1035,957,957,PGC042381,VCC 1806,42381.0,66852.0,326567.0,,False,False,0.0032
4412,159.190155,13.59593,2939,3088,3088,SDSSJ103645.63+133545.2,WISEA J103645.70+133545.7,3999716.0,74576.0,362527.0,202249.0,False,True,0.0103
4413,185.711868,13.59286,1104,957,957,PGC040141,VCC 0592,40141.0,66661.0,325779.0,,False,False,0.0032
4414,170.070755,13.58963,845,743,577,NGC3628,NGC 3628,34697.0,159638.0,,6350.0,False,True,0.0025
4415,182.79145,13.58758,264,1279,114,IC3033,IC 3033,38803.0,,,,False,False,0.0043
4416,183.289341,13.58447,2092,2385,2385,SDSSJ121309.41+133503.9,WISEA J121309.46+133504.2,4002077.0,66502.0,325088.0,224807.0,False,True,0.008
4417,189.540254,13.58079,690,316,316,PGC042211,VCC 1747,42211.0,141766.0,628683.0,,False,False,0.0011
4418,186.634953,13.57875,1245,957,957,IC3344,IC 3344,40706.0,66724.0,326102.0,,False,False,0.0032
4419,240.417951,13.57774,3160,3375,3375,PGC1434718,WISEA J160140.31+133439.8,1434718.0,114851.0,527506.0,,False,False,0.0113
4420,187.576569,13.5776,848,1262,213,NGC4479,NGC 4479,41302.0,66752.0,326201.0,,False,False,0.0042
4421,182.353939,13.57457,1964,2244,2286,IC3017,IC 3017,38627.0,170430.0,693640.0,220150.0,False,True,0.0075
4422,172.786923,13.57043,1020,910,842,SDSSJ113108.88+133413.4,WISEA J113108.86+133413.6,4098734.0,74969.0,364339.0,215303.0,False,True,0.003
4423,161.761485,13.56707,3204,3347,3347,PGC1434424,WISEA J104702.75+133401.7,1434424.0,74636.0,362700.0,205186.0,False,True,0.0112
4424,188.782377,13.56441,805,265,265,PGC041907,VCC 1603,41907.0,,,,False,False,0.0009
4425,189.7371,13.55183,982,-254,-254,AGC225847,AGC 225847,4720570.0,141786.0,628702.0,225847.0,False,True,
4426,217.045275,13.55159,1295,834,1618,UGC09273,UGC 09273,51664.0,165041.0,681449.0,9273.0,False,True,0.0028
4427,183.560136,13.54291,1306,2367,2367,PGC039080,IC 3054,39080.0,140966.0,627957.0,,False,False,0.0079
4428,189.125447,13.54256,1414,2199,2199,PGC042057,VCC 1668,42057.0,141705.0,628624.0,,False,False,0.0073
4429,183.307023,13.52277,2163,2442,2442,PGC1433167,WISEA J121313.67+133122.1,1433167.0,66510.0,325120.0,,False,False,0.0081
4430,185.127935,13.51921,2099,2393,2393,PGC039825,VCC 0421,39825.0,141183.0,628151.0,223445.0,False,True,0.008
4431,234.653022,13.51756,2404,2644,2644,PGC1433033,PGC1 1433033 NED001,1433033.0,,,257927.0,False,True,0.0088
4432,160.772785,13.51045,1258,1267,1487,PGC031937,CGCG 065-090,31937.0,74656.0,362772.0,200543.0,False,True,0.0042
4433,188.632542,13.50371,805,265,265,IC3520,IC 3520,41830.0,170528.0,693738.0,220799.0,False,True,0.0009
4434,186.371107,13.49836,-204,1188,-269,PGC040521,VCC 0802,40521.0,,,,False,False,0.004
4435,188.784022,13.48534,1773,2176,2176,PGC041906,VCC 1602,41906.0,141677.0,628596.0,,False,False,0.0073
4436,160.70197,13.45986,1224,1303,1433,UGC05832,UGC 05832,31930.0,158652.0,654735.0,5832.0,False,True,0.0043
4437,180.859634,13.45947,1304,2173,2173,AGC225882,AGC 225882,4720564.0,140682.0,627698.0,225882.0,False,True,0.0072
4438,142.585721,13.45827,2404,2539,2539,SDSSJ093020.57+132729.7,WISEA J093020.55+132729.9,5065009.0,,532453.0,,False,False,0.0085
4439,183.582785,13.45179,2442,2679,2679,SDSSJ121419.86+132706.4,WISEA J121419.88+132705.4,4011431.0,66557.0,325316.0,,False,False,0.0089
4440,159.053319,13.44954,2943,3092,3092,UGC05758,UGC 05758,31427.0,158539.0,653777.0,5758.0,False,True,0.0103
4441,161.358039,13.44398,3162,3306,3306,PGC032107,SDSS J104525.95+132638.2,32107.0,137971.0,625196.0,200564.0,False,True,0.011
4442,170.730642,13.44133,853,572,572,IC2782,IC 2782,34934.0,74927.0,364021.0,,False,False,0.0019
4443,131.740368,13.43136,2214,2332,2332,PGC1430862,SDSS J084657.67+132552.7,1430862.0,109879.0,506957.0,182461.0,False,True,0.0078
4444,187.453607,13.42947,2353,1115,2607,NGC4473,NGC 4473,41228.0,141498.0,628432.0,,False,False,0.0037
4445,183.447064,13.42496,2108,2086,2397,NGC4189,NGC 4189,39025.0,169846.0,693051.0,7235.0,False,True,0.007
4446,189.620727,13.42389,974,-205,-205,SDSSJ123828.98+132525.7,SDSS J123828.98+132525.7,4105809.0,,,,False,False,
4447,188.043786,13.41962,572,295,295,NGC4506,NGC 4506,41546.0,66757.0,,,False,False,0.001
4448,131.923645,13.41914,2061,2185,2185,UGC04599,UGC 04599,24699.0,109881.0,506970.0,4599.0,False,True,0.0073
4449,162.722098,13.41216,843,792,702,NGC3412,NGC 3412,32508.0,158863.0,655836.0,,False,False,0.0026
4450,180.348663,13.40102,929,1291,286,NGC4037,NGC 4037,37928.0,66430.0,324614.0,7002.0,False,True,0.0043
4451,194.578362,13.39147,2655,2883,2883,PGC044433,CGCG 071-082,44433.0,70406.0,345630.0,,False,False,0.0096
4452,176.239722,13.38746,3146,3318,3318,SDSSJ114457.53+132314.9,WISEA J114457.53+132315.0,4001330.0,66297.0,323642.0,,False,False,0.0111
4453,189.767199,13.36339,2738,2954,2954,IC3611,IC 3611,42307.0,169932.0,693136.0,7817.0,False,True,0.0099
4454,183.204699,13.34714,2350,2598,2598,PGC038947,VCC 0068,38947.0,66503.0,325091.0,,False,False,0.0087
4455,176.015835,13.34667,3152,3323,3323,AGC215227,AGC 215227,5060242.0,,,215227.0,False,True,0.0111
4456,185.312709,13.3464,1397,2223,2223,PGC039910,VCC 0461,39910.0,141208.0,628173.0,,False,False,0.0074
4457,176.02906,13.34084,3079,3254,3254,SDSSJ114406.98+132027.1,WISEA J114406.98+132026.9,4001305.0,66294.0,323614.0,,False,False,0.0109
4458,162.75626,13.33347,702,516,516,,LSBC D640-11,,74614.0,362625.0,,False,False,0.0017
4459,274.70295,13.3329,3063,3267,3267,PGC095741,CGMW 5-02614,95741.0,,,,False,False,0.0109
4460,191.382897,13.3321,963,1625,-43,IC3742,IC 3742,43001.0,169947.0,693151.0,7932.0,False,True,0.0054
4461,188.465059,13.32249,1615,1130,2119,IC3501,IC 3501,41754.0,66824.0,326448.0,,False,False,0.0038
4462,173.581765,13.3217,1198,778,1531,IC2934,IC 2934,35739.0,66244.0,323138.0,210459.0,False,True,0.0026
4463,194.584014,13.31321,2078,2382,2382,PGC1427916,WISEA J125820.16+131848.5,1427916.0,70408.0,345635.0,,False,False,0.0079
4464,184.094459,13.30728,230,1498,88,NGC4222,NGC 4222,39308.0,,,,False,False,0.005
4465,223.226172,13.30025,1842,2126,2126,PGC1427585,SDSS J145254.27+131800.9,1427585.0,120848.0,556122.0,,False,False,0.0071
4466,182.941408,13.28554,2469,2702,2702,SDSSJ121145.94+131707.9,VCCA 002,3548755.0,66497.0,325058.0,,False,False,0.009
4467,273.498408,13.27585,2311,2529,2529,UGC11168,UGC 11168,61611.0,,,,False,False,0.0084
4468,162.57906,13.27198,925,774,843,UGC05944,UGC 05944,32471.0,74621.0,362639.0,,False,False,0.0026
4469,190.669899,13.26674,1192,957,957,PGC042710,VCC 1931,42710.0,70340.0,345305.0,220941.0,False,True,0.0032
4470,274.639342,13.26496,2684,2894,2894,NGC6615,NGC 6615,61713.0,148382.0,634707.0,,False,False,0.0097
4471,187.991622,13.25948,1261,957,957,[KHL2017]M87UCD-15,WISEA J123157.99+131533.9,6727739.0,,,,False,False,0.0032
4472,189.181863,13.25887,1120,759,957,IC3583,IC 3583,42081.0,,,7784.0,False,True,0.0025
4473,190.718337,13.25724,983,1531,-190,NGC4639,NGC 4639,42741.0,162294.0,669834.0,7884.0,False,True,0.0051
4474,174.286542,13.25122,978,1035,658,SDSSJ113708.79+131504.9,WISEA J113708.74+131505.2,4001104.0,66249.0,323203.0,213155.0,False,True,0.0035
4475,191.018472,13.2508,534,284,284,PGC042870,VCC 1989,42870.0,,,,False,False,0.0009
4476,183.049138,13.24647,1872,2432,2224,NGC4165,NGC 4165,38885.0,169837.0,693042.0,7201.0,False,True,0.0081
4477,186.26455,13.24466,957,-102,-102,PGC040457,VCC 0765,40457.0,66684.0,325849.0,,False,False,
4478,187.239837,13.2419,676,1205,315,NGC4458,NGC 4458,41095.0,141470.0,628406.0,,False,False,0.004
4479,193.684101,13.23719,1119,1302,1302,UGC08032,UGC 08032,43944.0,169958.0,693162.0,8032.0,False,True,0.0043
4480,151.987964,13.22735,2761,3761,2901,PGC029466,CGCG 064-071,29466.0,74198.0,361177.0,200099.0,False,True,0.0125
4481,186.389741,13.22722,-354,1093,-405,PGC040534,MESSIER 087 DW27,40534.0,,,,False,False,0.0036
4482,187.484655,13.22004,786,281,281,PGC041245,VCC 1244,41245.0,,,,False,False,0.0009
4483,233.92395,13.21771,3037,3254,3254,AGC257923,AGC 257923,5059371.0,122409.0,562532.0,257923.0,False,True,0.0109
4484,131.666533,13.21367,1980,2105,2105,UGC04590,UGC 04590,24661.0,109913.0,507331.0,,False,False,0.007
4485,187.398333,13.21111,1215,957,957,PGC041182,VCC 1202,41182.0,,,,False,False,0.0032
4486,177.053203,13.20912,3153,3415,3325,UGC06775,IC 0735,36849.0,169812.0,323672.0,6775.0,False,True,0.0114
4487,183.071931,13.20519,2273,2308,2531,NGC4168,NGC 4168,38890.0,66490.0,325023.0,,False,False,0.0077
4488,186.460533,13.19767,-532,1273,-568,PGC040598,VCC 0846,40598.0,,,,False,False,0.0042
4489,182.924514,13.19637,1843,2205,2205,SDSSJ121141.87+131146.7,SDSS J121141.86+131146.7,4002031.0,66489.0,325011.0,,False,False,0.0074
4490,187.390047,13.19605,1215,957,957,SDSSJ122933.64+131145.6,SDSS J122933.64+131145.6,4328947.0,141492.0,628426.0,223724.0,False,True,0.0032
4491,187.098558,13.19578,1774,2176,2176,PGC041007,IC 3386,41007.0,141443.0,628386.0,,False,False,0.0073
4492,184.632744,13.19115,953,-4,-4,PGC039542,VCC 0293,39542.0,,,,False,False,
4493,187.262502,13.18384,1925,1292,2267,NGC4461,NGC 4461,41111.0,141475.0,628411.0,,False,False,0.0043
4494,206.816715,13.17727,1101,1324,1324,SDSSJ134715.99+131037.8,WISEA J134715.99+131037.7,4574632.0,76136.0,371456.0,233681.0,False,True,0.0044
4495,184.469514,13.17665,1634,2116,2116,PGC039467,VCC 0261,39467.0,66592.0,325420.0,,False,False,0.0071
4496,183.47331,13.17283,2467,2612,2700,NGC4193,NGC 4193,39040.0,161255.0,666258.0,7234.0,False,True,0.0087
4497,182.601438,13.17059,1700,2244,2129,PGC038728,KUG 1207+134,38728.0,170435.0,693645.0,220168.0,False,True,0.0075
4498,218.916425,13.17,1776,2071,2075,UGC09394,UGC 09394,52167.0,71448.0,350763.0,9394.0,False,True,0.0069
4499,189.20808,13.16339,-220,883,-282,NGC4569,MESSIER 090,42089.0,,,,False,False,0.0029
4500,162.46755,13.16174,755,580,580,,WISEA J104952.21+130942.3,,158829.0,655692.0,,False,False,0.0019
4501,183.32406,13.15946,1922,2258,2258,PGC038993,II Zw 058,38993.0,,,,False,False,0.0075
4502,195.718658,13.15641,3074,3274,3274,AGC233575,AGC 233575,4720573.0,,,233575.0,False,True,0.0109
4503,194.720101,13.1526,1909,2254,2254,PGC044517,CGCG 071-090,44517.0,170572.0,693782.0,221245.0,False,True,0.0075
4504,183.976284,13.14935,134,1084,13,NGC4216,NGC 4216,39246.0,,,,False,False,0.0036
4505,218.783724,13.1491,1921,2206,2206,SDSSJ143508.09+130856.9,WISEA J143508.12+130856.2,4115292.0,71450.0,350768.0,244562.0,False,True,0.0074
4506,186.404959,13.14373,-750,1383,-772,PGC040548,VCC 0815,40548.0,,,,False,False,0.0046
4507,190.985884,13.12652,1043,1117,957,NGC4654,NGC 4654,42857.0,169944.0,693148.0,7902.0,False,True,0.0037
4508,187.8029,13.1243,1900,2251,2251,PGC041416,VCC 1343,41416.0,,,,False,False,0.0075
4509,216.486666,13.12389,2022,2301,2301,AGC248938,AGC 248938,5060364.0,,,248938.0,False,True,0.0077
4510,186.531622,13.11313,234,1064,93,NGC4402,NGC 4402,40644.0,,,,False,False,0.0035
4511,194.722434,13.11297,1934,2272,2272,PGC1423207,SDSS J125853.39+130646.5,1423207.0,70413.0,345659.0,,False,False,0.0076
4512,186.215029,13.11112,955,-85,-85,PGC040434,VCC 0753,40434.0,141300.0,628258.0,,False,False,
4513,189.574476,13.1099,1729,2154,2154,NGC4584,NGC 4584,42223.0,162154.0,669126.0,7803.0,False,True,0.0072
4514,151.888369,13.10663,2739,2879,2879,PGC2806981,LSBC D637-18,2806981.0,74245.0,650536.0,202043.0,False,True,0.0096
4515,210.575396,13.10353,3000,3214,3214,,WISEA J140218.10+130612.8,,144343.0,,,False,False,0.0107
4516,169.254204,13.09952,591,362,362,IC2684,IC 2684,34438.0,66150.0,322590.0,210220.0,False,True,0.0012
4517,187.793472,13.09741,1540,2121,2121,PGC041411,VCC 1340,41411.0,141557.0,628489.0,,False,False,0.0071
4518,192.923079,13.09501,1487,2099,2099,PGC043580,CGCG 071-059,43580.0,70390.0,345541.0,,False,False,0.007
4519,169.73296,13.09231,802,921,532,NGC3623,MESSIER 065,34612.0,139146.0,,6328.0,False,True,0.0031
4520,130.816465,13.08577,2068,2798,2187,UGC04550,UGC 04550,24490.0,109872.0,506919.0,4550.0,False,True,0.0093
4521,186.918655,13.07884,803,1177,270,NGC4435,NGC 4435,40898.0,141415.0,628361.0,,False,False,0.0039
4522,170.596626,13.07784,1080,1090,1090,SDSSJ112223.18+130440.1,IC 2767,4000777.0,66171.0,322708.0,211370.0,False,True,0.0036
4523,188.566191,13.07539,107,1092,-4,NGC4531,NGC 4531,41806.0,,,,False,False,0.0036
4524,186.339818,13.0707,1906,2253,2253,PGC040505,VCC 0793,40505.0,141320.0,628276.0,220542.0,False,True,0.0075
4525,186.48529,13.06729,1134,957,957,[KHL2017]UCD14,SSTSL2 J122555.97+130358.9,6727648.0,,,,False,False,0.0032
4526,170.577085,13.0651,1572,1633,1946,IC2763,IC 2763,34887.0,159691.0,659521.0,6387.0,False,True,0.0054
4527,186.190231,13.04995,952,-70,-70,[KHL2017]UCD03,WISEA J122445.62+130259.3,6727637.0,,,,False,False,
4528,182.477323,13.04986,2532,2756,2756,IC3021,IC 3021,38684.0,169829.0,693034.0,7149.0,False,True,0.0092
4529,186.42208,13.0476,570,293,293,PGC169266,VPC 0430,169266.0,66726.0,326105.0,,False,False,0.001
4530,187.237045,13.03902,1645,2125,2125,[KHL2017]UCD34,SDSS J122856.89+130220.5,6727666.0,,,,False,False,0.0071
4531,187.209198,13.03615,823,249,249,[KHL2017]UCD32,WISEA J122850.24+130209.9,6727664.0,,,,False,False,0.0008
4532,183.399025,13.03471,1932,2264,2264,PGC039012,VCC 0085,39012.0,140943.0,627935.0,,False,False,0.0076
4533,183.766261,13.03196,2086,2379,2379,PGC039159,VCC 0132,39159.0,,,220242.0,False,True,0.0079
4534,184.140426,13.03146,22,1503,-79,PGC039331,VCC 0200,39331.0,,,,False,False,0.005
4535,216.618333,13.02778,3104,3315,3315,AGC248942,AGC 248942,5060366.0,,,248942.0,False,True,0.0111
4536,186.379897,13.02688,1135,957,957,[KHL2017]UCD09,SDSS J122531.18+130136.7,6727643.0,,,,False,False,0.0032
4537,182.940562,13.02425,2308,2559,2559,PGC038844,VCC 0037,38844.0,140893.0,627890.0,,False,False,0.0085
4538,183.820107,13.02392,702,1465,322,NGC4206,NGC 4206,39183.0,66504.0,325098.0,7260.0,False,True,0.0049
4539,186.435965,13.02212,723,311,311,PGC040574,VCC 0833,40574.0,66727.0,326107.0,,False,False,0.001
4540,182.658524,13.02206,2394,2634,2634,AGC224696,VCCA 044,4001997.0,66486.0,324994.0,224696.0,False,True,0.0088
4541,157.444952,13.01813,2939,3082,3082,UGC05695,UGC 05695,30928.0,74431.0,362010.0,5695.0,False,True,0.0103
4542,182.4466,13.015,2197,2466,2466,EVCC0116,WISEA J120947.23+130054.8,5098420.0,,,,False,False,0.0082
4543,186.939788,13.00925,99,860,-13,NGC4438,NGC 4438,40914.0,,,,False,False,0.0029
4544,158.22164,13.00881,2980,3123,3123,SDSSJ103253.18+130031.7,SDSS J103253.17+130031.6,4015616.0,,,,False,False,0.0104
4545,186.069351,13.00806,719,313,313,[KHL2017]UCD02,SDSS J122416.65+130029.0,6727636.0,,,,False,False,0.001
4546,143.642133,13.00569,3050,3161,3161,2MASXJ09343407+1300201,WISEA J093434.08+130020.5,3743904.0,116297.0,532859.0,193889.0,False,True,0.0105
4547,161.739167,12.99869,832,696,696,PGC083339,PGC1 0032256 NED028,83339.0,,,,False,False,0.0023
4548,170.062534,12.9916,719,676,452,NGC3627,MESSIER 066,34695.0,139183.0,,6346.0,False,True,0.0023
4549,170.60005,12.97957,564,335,335,PGC1420152,WISEA J112224.03+125846.5,1420152.0,,,,False,False,0.0011
4550,187.311957,12.97818,2413,2657,2657,PGC041136,VCC 1173,41136.0,161869.0,668062.0,,False,False,0.0089
4551,189.950043,12.97394,2804,2999,3015,IC3631,IC 3631,42389.0,162197.0,669279.0,,False,False,0.01
4552,182.918082,12.97357,2222,2487,2487,SDSSJ121140.31+125824.5,VCCA 001,4011409.0,140888.0,627885.0,,False,False,0.0083
4553,186.563266,12.96379,1101,957,957,PGC040659,NGC 4406B,40659.0,,,,False,False,0.0032
4554,186.288849,12.96307,1320,2460,2460,[KHL2017]UCD06,SDSS J122509.32+125747.1,6727640.0,,,,False,False,0.0082
4555,186.73514,12.96148,2151,2435,2435,PGC040769,VCC 0956,40769.0,141381.0,628332.0,222857.0,False,True,0.0081
4556,151.463245,12.96127,2811,2946,2946,PGC029321,CGCG 064-055,29321.0,74186.0,361157.0,,False,False,0.0098
4557,234.591338,12.96065,1860,2275,2123,UGC09941,UGC 09941,55660.0,146292.0,632768.0,9941.0,False,True,0.0076
4558,161.559167,12.96056,886,785,785,PGC083329,PGC1 0032256 NED024,83329.0,138001.0,625223.0,,False,False,0.0026
4559,161.75418,12.96031,843,712,712,PGC4689200,PGC1 0032256 NED034,4689200.0,,,,False,False,0.0024
4560,189.21306,12.95882,537,282,282,PGC042091,VCC 1691,42091.0,,,,False,False,0.0009
4561,111.941237,12.94668,2193,2274,2274,PGC097214,WISEA J072746.11+125644.6,97214.0,,,,False,False,0.0076
4562,274.329166,12.94631,2881,3086,3086,PGC061685,CGCG 084-032,61685.0,148377.0,634702.0,,False,False,0.0103
4563,186.549081,12.94581,-292,1199,-350,NGC4406,MESSIER 086,40653.0,,,,False,False,0.004
4564,190.497268,12.94284,1125,1540,1267,NGC4620,NGC 4620,42619.0,70347.0,345327.0,,False,False,0.0051
4565,191.05008,12.94188,894,1161,152,PGC042884,VCC 1993,42884.0,70360.0,345359.0,220977.0,False,True,0.0039
4566,184.366911,12.93234,2059,2359,2359,PGC1419134,WISEA J121728.08+125556.1,1419134.0,66586.0,325406.0,224489.0,False,True,0.0079
4567,157.975617,12.92733,2827,2976,2976,PGC4689207,PGC1 4689207 NED001,4689207.0,,,202015.0,False,True,0.0099
4568,195.092154,12.92367,1920,2261,2261,AGC233574,AGC 233574,4720571.0,,,233574.0,False,True,0.0075
4569,274.810944,12.91813,2871,3076,3076,PGC2809279,CGMW 5-02651,2809279.0,167642.0,688325.0,,False,False,0.0103
4570,187.173802,12.91587,465,1307,245,IC3393,IC 3393,41054.0,,,,False,False,0.0044
4571,218.888606,12.90821,1832,2471,2125,UGC09389,UGC 09389,52159.0,165263.0,350786.0,9389.0,False,True,0.0082
4572,193.016667,12.90731,2101,2399,2399,PGC2806992,LSBC D646-08,2806992.0,142450.0,629332.0,,False,False,0.008
4573,162.340508,12.9056,3036,3184,3184,PGC1418571,2MASS J10492165+1254198,1418571.0,74616.0,362627.0,,False,False,0.0106
4574,182.460779,12.90315,2429,2664,2664,SDSSJ120950.58+125411.4,SDSS J120950.58+125411.4,4313871.0,66483.0,324977.0,,False,False,0.0089
4575,187.027203,12.89812,2325,2580,2580,PGC040958,VCC 1069,40958.0,66689.0,325864.0,,False,False,0.0086
4576,151.777169,12.89757,2725,2865,2865,PGC1418410,WISEA J100706.50+125351.0,1418410.0,74248.0,361367.0,202723.0,False,True,0.0096
4577,170.906611,12.89588,666,404,404,SDSSJ112337.61+125344.8,IC 2791,3542933.0,66208.0,322863.0,213440.0,False,True,0.0013
4578,183.046035,12.89331,1437,2140,2140,PGC038883,VCC 0046,38883.0,140904.0,627900.0,,False,False,0.0071
4579,186.26544,12.88711,999,1222,-391,NGC4374,MESSIER 084,40455.0,141305.0,,,False,False,0.0041
4580,185.990448,12.8871,550,285,285,PGC040298,VCC 0684,40298.0,66666.0,325801.0,,False,False,0.001
4581,185.151502,12.88479,1182,957,957,PGC039838,VCC 0426,39838.0,141187.0,628155.0,,False,False,0.0032
4582,184.796537,12.88379,2187,2461,2461,PGC039632,VCC 0328,39632.0,170472.0,693682.0,220351.0,False,True,0.0082
4583,176.537442,12.87957,3294,3672,3457,PGC091142,FGC 1303,91142.0,160532.0,323626.0,211216.0,False,True,0.0122
4584,231.129671,12.8762,1951,2212,2212,SDSSJ152431.10+125234.4,WISEA J152431.05+125233.6,4462323.0,121108.0,557373.0,,False,False,0.0074
4585,190.055712,12.87481,1560,1183,2113,IC3635,IC 3635,42430.0,66859.0,326607.0,,False,False,0.0039
4586,186.75986,12.86862,1136,957,957,,VCC 0967,,141385.0,,,False,False,0.0032
4587,186.765767,12.86663,1135,957,957,PGC040787,VCC 0967,40787.0,,,,False,False,0.0032
4588,187.63099,12.86574,1501,2135,2135,[KHL2017]UCD54,WISEA J123031.43+125155.9,6727682.0,,,,False,False,0.0071
4589,186.527886,12.86104,1316,2486,2486,PGC040641,VCC 0872,40641.0,66734.0,326129.0,,False,False,0.0083
4590,188.308391,12.85779,1986,1594,2309,IC3486,IC 3486,41682.0,66834.0,326480.0,,False,False,0.0053
4591,188.332467,12.85352,-489,1574,-528,IC3492,IC 3492,41698.0,,,,False,False,0.0053
4592,184.80194,12.85187,816,273,273,PGC039638,VCC 0330,39638.0,66601.0,325440.0,,False,False,0.0009
4593,187.438566,12.85025,1154,957,957,[KHL2017]UCD40,WISEA J122945.16+125100.1,6727672.0,,,,False,False,0.0032
4594,187.665161,12.83963,1685,2137,2137,[KHL2017]UCD55,SDSS J123039.63+125022.6,6727683.0,,,,False,False,0.0071
4595,186.406174,12.83185,759,300,300,[KHL2017]UCD10,SDSS J122537.23+125003.7,6727644.0,,,,False,False,0.001
4596,187.990002,12.82488,1086,957,957,[KHL2017]M87UCD-19,WISEA J123157.61+124929.3,6727738.0,,,,False,False,0.0032
4597,187.116919,12.82366,1708,1133,2145,IC3388,IC 3388,41018.0,66695.0,325880.0,,False,False,0.0038
4598,168.654025,12.81783,630,666,395,NGC3593,NGC 3593,34257.0,159497.0,658618.0,6272.0,False,True,0.0022
4599,155.861328,12.81554,2885,3026,3026,SDSSJ102326.72+124855.9,MCG +02-27-005 NED02,3577228.0,,,,False,False,0.0101
4600,147.527579,12.81364,1442,1702,1628,NGC3020,NGC 3020,28296.0,116426.0,533266.0,5271.0,False,True,0.0057
4601,183.654996,12.81234,605,1834,307,UGC07249,IC 3056,39113.0,169848.0,693053.0,7249.0,False,True,0.0061
4602,186.423702,12.81043,538,1257,280,NGC4387,NGC 4387,40562.0,66680.0,325842.0,,False,False,0.0042
4603,147.65104,12.80907,1423,1608,1608,PGC1416616,WISEA J095036.26+124832.6,1416616.0,74052.0,360657.0,,False,False,0.0054
4604,184.93869,12.79828,983,1190,-160,NGC4267,NGC 4267,39710.0,141148.0,628120.0,,False,False,0.004
4605,183.685719,12.78965,2272,2530,2530,SDSSJ121444.59+124722.7,VCCA 008,4002128.0,66500.0,325080.0,224705.0,False,True,0.0084
4606,185.517102,12.7875,1523,2121,2121,NGC4306,NGC 4306,40032.0,161588.0,667329.0,,False,False,0.0071
4607,186.593876,12.78545,2115,2406,2406,,VCC 0896,,141356.0,628311.0,,False,False,0.008
4608,183.550352,12.78296,609,308,308,PGC1416088,SDSS J121412.08+124658.4,1416088.0,66574.0,693864.0,224487.0,False,True,0.001
4609,188.452848,12.78005,1109,957,957,PGC041744,VCC 1523,41744.0,66840.0,326498.0,,False,False,0.0032
4610,188.17012,12.77101,2583,2809,2809,IC3475,IC 3475,41606.0,141611.0,628540.0,,False,False,0.0094
4611,186.482132,12.76971,701,315,315,PGC040611,VCC 0854,40611.0,141340.0,628296.0,,False,False,0.0011
4612,183.181216,12.76584,1749,2153,2153,,WISEA J121243.48+124557.0,,66566.0,,,False,False,0.0072
4613,147.614151,12.76551,1427,2473,1612,NGC3024,NGC 3024,28324.0,157477.0,648828.0,5275.0,False,True,0.0082
4614,221.868513,12.76502,1802,2089,2089,PGC052819,CGCG 076-047,52819.0,72036.0,352188.0,240700.0,False,True,0.007
4615,183.177852,12.76287,1746,2151,2151,PGC1415716,IC 3041,1415716.0,,325341.0,224507.0,False,True,0.0072
4616,188.863424,12.75026,739,306,306,IC3540,IC 3540,41936.0,66763.0,326245.0,,False,False,0.001
4617,161.72166,12.74444,636,452,452,,Leo dw A,,,,201970.0,False,True,0.0015
4618,124.212048,12.74436,869,940,940,SDSSJ081650.89+124439.6,SDSS J081650.89+124439.7,5077002.0,109686.0,505309.0,,False,False,0.0031
4619,186.63836,12.74301,1298,2590,2590,PGC040707,VCC 0916,40707.0,66740.0,326146.0,,False,False,0.0086
4620,188.528105,12.74157,1506,1186,2131,PGC041782,IC 3506,41782.0,66836.0,326490.0,,False,False,0.004
4621,183.018199,12.7411,2203,2471,2471,PGC038872,VCC 0041,38872.0,,,,False,False,0.0082
4622,187.423147,12.741,1314,2509,2509,[KHL2017]UCD39,SDSS J122941.55+124427.5,6727671.0,,,,False,False,0.0084
4623,185.515012,12.74093,1922,2261,2261,NGC4305,NGC 4305,40030.0,66615.0,325498.0,,False,False,0.0075
4624,188.417979,12.73714,1171,957,957,SDSSJ123340.31+124413.5,VCCA 040,3550706.0,66839.0,326497.0,,False,False,0.0032
4625,186.80557,12.7348,1892,1262,2243,NGC4425,NGC 4425,40816.0,66746.0,326168.0,,False,False,0.0042
4626,185.250747,12.7258,672,317,317,PGC039883,VCC 0448,39883.0,161541.0,667205.0,220419.0,False,True,0.0011
4627,187.294434,12.71781,1328,2444,2444,[KHL2017]UCD35,SDSS J122910.66+124304.1,6727667.0,,,,False,False,0.0082
4628,186.334854,12.71249,1053,957,957,[KHL2017]UCD07,WISEA J122520.07+124246.3,6727641.0,,,,False,False,0.0032
4629,159.099422,12.70753,602,404,435,NGC3299,NGC 3299,31442.0,137710.0,599852.0,5761.0,False,True,0.0013
4630,187.508119,12.70747,1178,957,957,[KHL2017]M87UCD-10,WISEA J123001.96+124226.6,6727687.0,,,,False,False,0.0032
4631,187.88208,12.69177,1119,957,957,[KHL2017]M87UCD-16,SDSS J123131.35+124137.7,6727734.0,,,,False,False,0.0032
4632,184.037785,12.69129,1104,957,957,IC3081,IC 3081,39282.0,66508.0,325105.0,,False,False,0.0032
4633,183.450948,12.69055,839,270,270,PGC039031,IC 3052,39031.0,170602.0,693812.0,223286.0,False,True,0.0009
4634,187.799521,12.68365,1290,957,957,VIRGOUCD5,[OA2016] J187.7992+12.6819,5067079.0,,,,False,False,0.0032
4635,189.87522,12.6808,596,303,303,PGC042357,VCC 1796,42357.0,141808.0,628724.0,,False,False,0.001
4636,187.627161,12.67105,1158,957,957,[KHL2017]UCD53,WISEA J123030.45+124016.4,6727681.0,,,,False,False,0.0032
4637,153.210387,12.66666,2811,2719,2949,NGC3153,NGC 3153,29747.0,136774.0,651090.0,5505.0,False,True,0.0091
4638,166.565606,12.66579,3182,3331,3331,SDSSJ110615.73+123956.8,WISEA J110615.75+123956.6,4000325.0,66060.0,322289.0,,False,False,0.0111
4639,187.525236,12.665,1162,957,957,[KHL2017]UCD47,WISEA J123006.02+123953.7,6727676.0,,,,False,False,0.0032
4640,187.422168,12.66457,1754,2165,2165,[KHL2017]M87UCD-20,WISEA J122941.31+123952.3,6727685.0,,,,False,False,0.0072
4641,186.444823,12.6621,2515,1346,2745,NGC4388,NGC 4388,40581.0,66736.0,326132.0,7520.0,False,True,0.0045
4642,187.242221,12.66171,1415,2215,2215,PGC041098,VCC 1148,41098.0,66694.0,325879.0,,False,False,0.0074
4643,187.963964,12.65686,1292,957,957,IC3457,IC 3457,41494.0,66827.0,326461.0,,False,False,0.0032
4644,159.292535,12.65252,2943,3463,3088,NGC3306,NGC 3306,31528.0,158560.0,653890.0,5774.0,False,True,0.0116
4645,151.795752,12.65138,2795,2931,2931,UGC05454,UGC 05454,29413.0,74233.0,361340.0,5454.0,False,True,0.0098
4646,187.249232,12.64841,844,222,222,PGC041102,VCC 1153,41102.0,,,,False,False,0.0007
4647,168.687582,12.64765,633,771,396,SDSSJ111445.01+123851.7,SDSS J111445.01+123851.7,4000549.0,,,202256.0,False,True,0.0026
4648,187.585953,12.64584,1594,2118,2118,[KHL2017]UCD50,WISEA J123020.55+123844.7,6727678.0,,,,False,False,0.0071
4649,187.624632,12.63949,845,220,220,[KHL2017]M87UCD-11,WISEA J123029.79+123828.1,6727696.0,,,,False,False,0.0007
4650,186.368952,12.63657,2424,2664,2664,PGC040519,VPC 0415,40519.0,141325.0,628281.0,,False,False,0.0089
4651,159.928928,12.63476,780,640,640,PGC083286,WISEA J103942.94+123805.3,83286.0,,,,False,False,0.0021
4652,193.298507,12.63467,1818,2195,2195,PGC166148,LSBC D646-09,166148.0,,,223247.0,False,True,0.0073
4653,168.030829,12.63333,3258,3407,3407,AGC215277,AGC 215277,5060209.0,,,215277.0,False,True,0.0114
4654,155.952139,12.6298,3124,3605,3255,UGC05625,UGC 05625,30464.0,137233.0,624493.0,5625.0,False,True,0.012
4655,162.070416,12.62934,563,750,378,NGC3384,NGC 3384,32292.0,158790.0,,,False,False,0.0025
4656,187.467832,12.62716,905,94,94,[KHL2017]M87UCD-22,SDSS J122952.27+123737.7,6727686.0,,,,False,False,0.0003
4657,192.414552,12.62528,791,302,302,UGC07979,UGC 07979,43386.0,70368.0,345407.0,,False,False,0.001
4658,155.914053,12.62374,2718,2866,2866,SDSSJ102339.35+123725.5,SDSS J102339.36+123725.5,3999303.0,74288.0,361540.0,202242.0,False,True,0.0096
4659,187.705333,12.62171,1605,2119,2119,[KHL2017]M87UCD-13,SDSS J123048.93+123721.2,6727630.0,,,,False,False,0.0071
4660,187.831581,12.6115,1850,2218,2218,PGC041433,MESSIER 087 DW12,41433.0,141562.0,628494.0,,False,False,0.0074
4661,186.634272,12.61066,96,1148,-17,NGC4413,NGC 4407,40705.0,,,,False,False,0.0038
4662,233.915214,12.60638,3178,3700,3388,UGC09919,UGC 09919,55532.0,166301.0,685581.0,9919.0,False,True,0.0123
4663,198.166318,12.5999,3259,3450,3450,SDSSJ131239.57+123645.0,NGC 5020,4359714.0,,,,False,False,0.0115
4664,184.71381,12.59773,1565,2110,2110,PGC039584,VCC 0309,39584.0,170470.0,693680.0,220336.0,False,True,0.007
4665,155.859594,12.59502,2739,2886,2886,PGC1412440,WISEA J102326.31+123542.5,1412440.0,137218.0,624478.0,,False,False,0.0096
4666,187.606919,12.59489,1101,957,957,[KHL2017]UCD52,WISEA J123025.64+123541.1,6727680.0,,,,False,False,0.0032
4667,152.6414,12.59439,2784,2922,2922,SDSSJ101033.92+123539.7,SDSS J101033.91+123539.7,3998924.0,74226.0,361310.0,202731.0,False,True,0.0097
4668,186.347275,12.59236,971,-173,-173,[KHL2017]UCD08,WISEA J122523.34+123532.8,6727642.0,,,,False,False,
4669,186.735672,12.59228,610,305,305,[KHL2017]UCD23,SDSS J122656.03+123532.0,6727656.0,,,,False,False,0.001
4670,187.700887,12.58637,919,48,48,VIRGOUCD2,WISEA J123048.19+123510.8,5067076.0,,,,False,False,0.0002
4671,187.468353,12.58447,1245,957,957,[KHL2017]UCD41,WISEA J122952.40+123504.8,6727673.0,,,,False,False,0.0032
4672,187.896379,12.58316,950,-85,-85,[KHL2017]M87UCD-17,SSTSL2 J123134.85+123455.1,6727735.0,,,,False,False,
4673,217.219769,12.58167,1966,2247,2247,SDSSJ142852.74+123454.0,WISEA J142852.76+123454.6,4114218.0,71235.0,349888.0,244386.0,False,True,0.0075
4674,161.956653,12.58164,919,748,834,NGC3379,MESSIER 105,32256.0,158774.0,,,False,False,0.0025
4675,155.409301,12.57613,2906,2298,3044,UGC05595,UGC 05595,30310.0,158206.0,652196.0,5595.0,False,True,0.0077
4676,155.932797,12.56793,2809,2953,2953,NGC3230,NGC 3230,30463.0,137227.0,624487.0,,False,False,0.0099
4677,169.676007,12.56175,979,813,813,SDSSJ111842.18+123341.7,IC 2709,4569113.0,,,,False,False,0.0027
4678,186.762932,12.56068,827,247,247,IC3363,IC 3363,40786.0,161784.0,667834.0,,False,False,0.0008
4679,186.523477,12.55966,2484,1216,2717,PGC040636,VCC 0871,40636.0,66735.0,326131.0,,False,False,0.0041
4680,188.916041,12.55624,323,1135,157,NGC4552,MESSIER 089,41968.0,,,,False,False,0.0038
4681,187.697491,12.55047,1341,2396,2396,[KHL2017]F6,WISEA J123047.39+123302.2,6727708.0,,,,False,False,0.008
4682,187.177644,12.54982,1874,2231,2231,PGC041059,VCC 1123,41059.0,141457.0,628396.0,,False,False,0.0074
4683,186.845322,12.54976,1161,957,957,[KHL2017]UCD24,WISEA J122722.86+123259.4,6727657.0,,,,False,False,0.0032
4684,234.740577,12.54872,1773,2037,2037,2MASXJ15385767+1232564,WISEA J153857.67+123256.0,3850707.0,,,257929.0,False,True,0.0068
4685,199.217894,12.54831,968,603,603,NGC5058,NGC 5058,46241.0,169982.0,693186.0,8345.0,False,True,0.002
4686,187.413451,12.54827,1093,957,957,PGC041195,VCC 1213,41195.0,66696.0,325883.0,,False,False,0.0032
4687,181.362709,12.54526,771,333,333,SDSSJ120527.06+123243.2,SDSS J120527.05+123243.2,3547872.0,140734.0,627745.0,,False,False,0.0011
4688,162.11636,12.53316,1301,1546,1554,NGC3389,NGC 3389,32306.0,74625.0,362651.0,5914.0,False,True,0.0052
4689,187.595706,12.53021,556,287,287,[KHL2017]M87UCD-9,[OA2016] J187.5942+12.5308,6727692.0,,,,False,False,0.001
4690,189.228533,12.52006,1717,1469,2148,IC3586,IC 3586,42099.0,66790.0,326333.0,,False,False,0.0049
4691,186.665874,12.51356,-276,1346,-337,PGC040723,VCC 0928,40723.0,,,,False,False,0.0045
4692,173.548603,12.51229,3195,4178,3356,NGC3731,NGC 3731,35731.0,66222.0,322977.0,,False,False,0.0139
4693,236.433393,12.51047,1123,2137,1375,UGC10014,UGC 10014,55975.0,146391.0,632849.0,10014.0,False,True,0.0071
4694,188.78317,12.50555,1692,2139,2139,AGC225874,AGC 225874,4720541.0,,,225874.0,False,True,0.0071
4695,182.086262,12.50126,2320,2566,2566,AGC226030,AGC 226030,4720567.0,,,226030.0,False,True,0.0086
4696,187.79709,12.5003,1207,957,957,[KHL2017]M87UCD-36,SDSS J123111.30+123001.0,6727633.0,,,,False,False,0.0032
4697,182.945004,12.4939,691,326,326,PGC1410554,WISEA J121146.76+122937.9,1410554.0,66459.0,324851.0,,False,False,0.0011
4698,187.633218,12.49019,1500,1140,2136,NGC4486B,NGC 4486B,41327.0,141522.0,628456.0,,False,False,0.0038
4699,195.043908,12.4835,1363,1177,2103,NGC4880,NGC 4880,44719.0,70418.0,345675.0,,False,False,0.0039
4700,187.96666,12.4818,875,168,168,PGC041495,MESSIER 087 DW08,41495.0,161947.0,668334.0,,False,False,0.0006
4701,187.155063,12.47934,1543,2121,2121,[KHL2017]UCD31,SDSS J122837.20+122845.6,6727663.0,,,,False,False,0.0071
4702,185.934937,12.4775,-430,1079,-479,IC3258,IC 3258,40264.0,,,,False,False,0.0036
4703,160.235175,12.47192,1009,1024,1024,UGC05812,UGC 05812,31801.0,158626.0,625082.0,5812.0,False,True,0.0034
4704,159.391698,12.46502,2830,2980,2980,SDSSJ103734.02+122753.8,2MASS J10373399+1227541,4534523.0,,,205224.0,False,True,0.0099
4705,170.746249,12.46056,1613,1315,1975,AGC215290,SDSS J112259.13+122737.6,5060228.0,,,215290.0,False,True,0.0044
4706,187.418306,12.45781,1436,2190,2190,[KHL2017]UCD38,WISEA J122940.47+122729.3,6727670.0,,,,False,False,0.0073
4707,222.177357,12.45719,1782,2923,2069,NGC5762,NGC 5762,52887.0,72044.0,352211.0,9535.0,False,True,0.0098
4708,186.696138,12.45401,1392,1309,2257,IC3349,IC 3349,40744.0,66624.0,325568.0,,False,False,0.0044
4709,184.288595,12.45391,2122,2552,2407,IC3099,IC 3099,39390.0,169861.0,693066.0,7313.0,False,True,0.0085
4710,187.347996,12.45074,445,1188,233,PGC041156,MESSIER 087 DW07,41156.0,,,,False,False,0.004
4711,233.694078,12.4472,2700,2923,2923,PGC3091021,TOLOLO 1532+126,3091021.0,122400.0,562505.0,257920.0,False,True,0.0098
4712,157.720354,12.44669,915,729,875,AGC205156,WISEA J103052.91+122647.8,5059096.0,,,205156.0,False,True,0.0024
4713,162.868332,12.43944,2871,3026,3026,AGC205205,AGC 205205,5059793.0,,,205205.0,False,True,0.0101
4714,178.552181,12.43487,1004,448,448,HIPASSJ1154+12,PGC1 4668303 NED001,4668303.0,,,215145.0,False,True,0.0015
4715,275.721743,12.42965,2649,2855,2855,UGC11214,UGC 11214,61802.0,,,,False,False,0.0095
4716,162.321638,12.42197,1380,993,1658,PGC032371,CGCG 066-029,32371.0,138121.0,625337.0,200603.0,False,True,0.0033
4717,187.6913,12.41709,1467,2158,2158,[KHL2017]S999,WISEA J123045.42+122501.4,6727704.0,,,,False,False,0.0072
4718,187.525529,12.40982,1870,2229,2229,[KHL2017]M87UCD-28,WISEA J123005.94+122441.3,6727688.0,,,,False,False,0.0074
4719,162.270221,12.40737,1365,1639,1639,PGC083348,WISEA J104904.86+122426.7,83348.0,138116.0,625333.0,,False,False,0.0055
4720,187.590958,12.40067,1279,957,957,[KHL2017]M87UCD-4,WISEA J123021.81+122402.2,6727691.0,,,,False,False,0.0032
4721,159.36963,12.39611,1330,1750,1568,PGC092915,FGC 125A,92915.0,,,202262.0,False,True,0.0058
4722,177.417148,12.39402,3196,3363,3363,SDSSJ114940.09+122338.3,SDSS J114940.09+122338.3,4001464.0,66338.0,323977.0,215158.0,False,True,0.0112
4723,187.706364,12.39052,1283,1197,957,NGC4486,MESSIER 087,41361.0,141541.0,,,False,False,0.004
4724,184.390428,12.3878,-156,988,-234,IC3105,IC 3105,39431.0,,,,False,False,0.0033
4725,161.833595,12.38745,1146,1290,1290,SDSSJ104720.05+122314.9,WISEA J104720.17+122313.5,4094769.0,,,,False,False,0.0043
4726,188.905198,12.38203,282,1094,128,PGC041959,VCC 1627,41959.0,,,,False,False,0.0036
4727,187.830291,12.37554,1136,957,957,[KHL2017]M87UCD-1,WISEA J123119.01+122227.9,6727731.0,,,,False,False,0.0032
4728,151.928753,12.36972,2806,2940,2940,AGC205113,AGC 205113,5059067.0,,,205113.0,False,True,0.0098
4729,166.383459,12.36205,3218,3364,3364,SDSSJ110532.03+122143.2,WISEA J110532.05+122143.3,4000301.0,66015.0,322095.0,213397.0,False,True,0.0112
4730,189.370575,12.35299,1454,2162,2162,PGC042147,VCC 1717,42147.0,141744.0,628662.0,,False,False,0.0072
4731,191.189316,12.35169,849,475,236,IC3718,IC 3718,42944.0,142154.0,629051.0,7920.0,False,True,0.0016
4732,188.152038,12.3492,1349,2369,2369,[KHL2017]T15886,SDSS J123236.49+122057.2,6727743.0,,,,False,False,0.0079
4733,187.496226,12.34865,1959,1219,2288,NGC4476,NGC 4476,41255.0,66751.0,326190.0,,False,False,0.0041
4734,170.711084,12.34486,1547,1927,1928,PGC1407849,IC 2781,1407849.0,66178.0,322720.0,213512.0,False,True,0.0064
4735,153.112577,12.34371,2868,3001,3001,PGC1407829,WISEA J101227.04+122037.3,1407829.0,74222.0,361286.0,,False,False,0.01
4736,186.192642,12.34179,955,-72,-72,[KHL2017]UCD04,SDSS J122446.23+122030.4,6727638.0,,,,False,False,
4737,188.01833,12.34171,1608,2119,2119,,WISEA J123204.33+122030.3,,141587.0,628517.0,,False,False,0.0071
4738,233.783074,12.33697,1842,2103,2103,AGC257921,SDSS J153507.89+122013.4,5058810.0,121181.0,557704.0,257921.0,False,True,0.007
4739,160.501463,12.33499,772,621,621,PGC031877,CGCG 065-086,31877.0,65817.0,321197.0,200532.0,False,True,0.0021
4740,188.105664,12.33246,1272,957,957,[KHL2017]M87UCD-27,SDSS J123225.36+121956.7,6727742.0,,,,False,False,0.0032
4741,187.815515,12.33178,1785,2180,2180,IC3443,IC 3443,41421.0,161927.0,668267.0,,False,False,0.0073
4742,187.572539,12.32861,1390,1184,2264,NGC4478,NGC 4478,41297.0,66750.0,326184.0,,False,False,0.0039
4743,161.671995,12.32714,1030,1054,1054,PGC083336,WISEA J104641.39+121937.0,83336.0,138018.0,625239.0,,False,False,0.0035
4744,187.855209,12.32549,1632,2122,2122,[KHL2017]M87UCD-32,SDSSCGB 06842,6727733.0,,,,False,False,0.0071
4745,187.486032,12.32539,1602,2118,2118,[KHL2017]UCD42,[JPB2009] J187.484168+12.32457,6727674.0,,,,False,False,0.0071
4746,151.667917,12.31667,1487,1693,1693,AGC205108,SDSS J100640.35+121900.4,5059065.0,,,205108.0,False,True,0.0056
4747,186.921931,12.31597,1115,1177,957,NGC4436,NGC 4436,40903.0,66749.0,326172.0,,False,False,0.0039
4748,162.180592,12.31545,888,774,774,,WISEA J104843.34+121855.4,,138104.0,,,False,False,0.0026
4749,186.412181,12.31377,1709,2144,2144,PGC040556,IC 3315,40556.0,141331.0,628287.0,,False,False,0.0072
4750,190.711722,12.30863,1703,2140,2140,PGC042737,VCC 1942,42737.0,142019.0,628920.0,,False,False,0.0071
4751,168.485387,12.30111,3245,4158,3394,IC0677,IC 0677,34211.0,66084.0,322400.0,6262.0,False,True,0.0139
4752,187.90599,12.29465,1484,2146,2146,[KHL2017]M87UCD-21,SDSS J123137.05+121733.1,6727736.0,,,,False,False,0.0072
4753,186.973193,12.29326,725,1210,311,NGC4440,NGC 4440,40927.0,161820.0,667930.0,,False,False,0.004
4754,186.864094,12.29032,930,1109,21,NGC4431,NGC 4431,40852.0,141405.0,600496.0,,False,False,0.0037
4755,184.273149,12.28983,533,278,278,,IC 3100,,141048.0,628029.0,,False,False,0.0009
4756,190.740746,12.28691,1678,2131,2131,NGC4640,NGC 4640,42753.0,70354.0,345345.0,,False,False,0.0071
4757,157.925491,12.28236,2861,3005,3005,SDSSJ103142.10+121656.6,WISEA J103142.06+121655.8,3999559.0,65630.0,320553.0,,False,False,0.01
4758,151.865368,12.2745,2817,3040,2950,IC0591,IC 0591,29435.0,157857.0,650525.0,5458.0,False,True,0.0101
4759,187.740521,12.27046,757,1194,300,NGC4486A,NGC 4486A,41377.0,,,,False,False,0.004
4760,233.61225,12.27033,3161,3812,3370,UGC09901,UGC 09901,55475.0,146245.0,632724.0,9901.0,False,True,0.0127
4761,187.970419,12.26642,985,-305,-305,SDSSJ123152.89+121559.0,VCCA 039,3550540.0,,,,False,False,
4762,108.300784,12.26609,1902,2223,1982,NGC2350,NGC 2350,20416.0,,,,False,False,0.0074
4763,187.568922,12.26579,2030,2339,2339,[KHL2017]M87UCD-26,WISEA J123016.50+121556.7,6727689.0,,,,False,False,0.0078
4764,188.908161,12.26398,1200,1212,957,NGC4551,NGC 4551,41963.0,66800.0,326354.0,,False,False,0.004
4765,184.242799,12.2635,1999,2311,2311,PGC039370,VCC 0215,39370.0,66551.0,325277.0,,False,False,0.0077
4766,187.827951,12.26247,1323,2475,2475,[KHL2017]H30401,SDSS J123118.71+121544.7,6727730.0,,,,False,False,0.0083
4767,186.387739,12.26047,-139,1486,-218,IC3311,IC 3311,40530.0,,,,False,False,0.005
4768,162.361192,12.25775,1324,1587,1587,PGC083352,WISEA J104926.76+121528.2,83352.0,65916.0,321547.0,,False,False,0.0053
4769,193.142651,12.25753,1686,2126,2126,PGC043698,CGCG 071-063,43698.0,70385.0,345523.0,,False,False,0.0071
4770,190.4142,12.24741,926,778,58,PGC042586,IC 3663,42586.0,70339.0,345300.0,,False,False,0.0026
4771,269.269626,12.23968,2946,3396,3150,UGC11055,UGC 11055,61161.0,,,,False,False,0.0113
4772,188.811256,12.23748,748,304,304,PGC041917,VCC 1606,41917.0,141680.0,628599.0,,False,False,0.001
4773,187.71521,12.2361,1299,957,957,[KHL2017]H27916,SDSS J123051.65+121409.9,6727714.0,,,,False,False,0.0032
4774,191.437762,12.2357,1606,2109,2109,SDSSJ124545.05+121408.5,LSBVCC 329,4106517.0,142224.0,629120.0,,False,False,0.007
4775,166.647176,12.23013,1606,1925,1925,AGC215262,SDSS J110635.40+121350.2,5060202.0,,,215262.0,False,True,0.0064
4776,188.87739,12.2209,410,1109,213,NGC4550,NGC 4550,41943.0,,,,False,False,0.0037
4777,185.919038,12.21185,867,200,200,[KHL2017]UCD01,SDSS J122340.56+121242.6,6727635.0,,,,False,False,0.0007
4778,186.006084,12.20465,2306,2111,2559,NGC4351,NGC 4351,40306.0,169885.0,693089.0,7476.0,False,True,0.007
4779,178.496852,12.19846,3007,3184,3184,PGC037323,CGCG 068-088,37323.0,170290.0,693497.0,210894.0,False,True,0.0106
4780,162.237021,12.1956,1322,2393,1582,PGC032346,MRK 1263,32346.0,65865.0,321308.0,200598.0,False,True,0.008
4781,185.09081,12.18785,274,1225,118,PGC039803,VCC 0410,39803.0,,,,False,False,0.0041
4782,234.62479,12.18661,1957,2075,2211,NGC5970,NGC 5970,55665.0,166330.0,685629.0,9943.0,True,True,0.0069
4783,230.247805,12.18149,1167,1426,1426,PGC1405127,WISEA J152059.46+121052.2,1405127.0,121062.0,557148.0,257898.0,False,True,0.0048
4784,188.939624,12.18143,800,274,274,PGC041979,VCC 1637,41979.0,,628608.0,,False,False,0.0009
4785,183.684246,12.18073,2342,1694,2587,NGC4200,NGC 4200,39124.0,161283.0,666359.0,,False,False,0.0057
4786,269.311968,12.17943,2863,2471,3068,UGC11057,UGC 11057,61165.0,,,,False,False,0.0082
4787,155.333991,12.17582,2851,2990,2990,PGC030281,VIII Zw 066,30281.0,137153.0,624419.0,202240.0,False,True,0.01
4788,190.352389,12.17582,1160,957,957,,WISEA J124124.57+121032.9,,141920.0,,,False,False,0.0032
4789,187.603868,12.17335,1616,2120,2120,[KHL2017]UCD51,SDSS J123024.92+121024.0,6727679.0,,,,False,False,0.0071
4790,188.372788,12.17151,1230,957,957,[KHL2017]F16,WISEA J123329.49+121017.5,6727744.0,,,,False,False,0.0032
4791,191.83582,12.16648,1165,1161,957,IC3779,IC 3779,43154.0,70301.0,345201.0,,False,False,0.0039
4792,185.649425,12.15792,9,1225,-92,PGC040100,IC 3224,40100.0,,,,False,False,0.0041
4793,159.347325,12.15656,2866,3012,3012,PGC031554,CGCG 065-072,31554.0,65722.0,320882.0,200496.0,False,True,0.01
4794,150.661668,12.15583,2965,3089,3089,AGC205072,AGC 205072,5059690.0,,,205072.0,False,True,0.0103
4795,187.698579,12.14034,1288,957,957,[KHL2017]M87UCD-2,WISEA J123047.64+120825.8,6727709.0,,,,False,False,0.0032
4796,277.433375,12.13853,2518,2724,2724,PGC1404402,WISEA J182943.99+120818.7,1404402.0,,,,False,False,0.0091
4797,173.381148,12.13732,3208,3366,3366,PGC1404385,IC 2929,1404385.0,66188.0,322765.0,213152.0,False,True,0.0112
4798,191.934629,12.13338,1919,2261,2261,PGC043183,VCC 2056,43183.0,,,,False,False,0.0075
4799,194.013037,12.13293,1873,2227,2227,AGC225878,WISEA J125603.15+120757.8,5059715.0,142547.0,629424.0,225878.0,False,True,0.0074
4800,183.134726,12.12372,2210,2660,2474,IC0769,IC 0769,38916.0,66555.0,325312.0,7209.0,False,True,0.0089
4801,187.346848,12.12113,1759,2166,2166,[KHL2017]UCD36,WISEA J122923.23+120717.0,6727668.0,,,,False,False,0.0072
4802,108.969,12.1149,2140,2213,2213,UGC03775,UGC 03775,20530.0,,,,False,False,0.0074
4803,191.040132,12.11454,996,-211,-211,UGC07906,IC 3710,42881.0,169945.0,693149.0,7906.0,False,True,
4804,174.553883,12.11202,988,1234,658,NGC3773,NGC 3773,36043.0,169793.0,692998.0,6605.0,False,True,0.0041
4805,182.761405,12.10396,1878,2224,2224,IC0767,IC 0767,38792.0,66460.0,324854.0,,False,False,0.0074
4806,183.637216,12.1032,2115,2398,2398,PGC039104,VCC 0113,39104.0,170616.0,693826.0,224094.0,False,True,0.008
4807,187.693186,12.09909,1265,957,957,PGC169451,VPC 0766,169451.0,66710.0,325950.0,,False,False,0.0032
4808,187.035828,12.09329,1922,1654,2261,IC0794,IC 0794,40964.0,66621.0,325541.0,,False,False,0.0055
4809,272.952152,12.0886,2240,2529,2454,UGC11141,UGC 11141,61534.0,,,,False,False,0.0084
4810,192.980109,12.08316,1780,2338,2172,NGC4746,NGC 4746,43601.0,169954.0,693158.0,8007.0,False,True,0.0078
4811,234.715393,12.08062,1980,2233,2233,IC1131,IC 1131,55683.0,114200.0,525092.0,,False,False,0.0074
4812,191.1975,12.0647,1720,2146,2146,IC3720,IC 3720,42949.0,,,,False,False,0.0072
4813,233.495254,12.06408,2641,2865,2865,AGC253923,AGC 253923,5059638.0,,,253923.0,False,True,0.0096
4814,187.889012,12.06392,777,290,290,PGC041458,VCC 1369,41458.0,141570.0,628501.0,,False,False,0.001
4815,188.050992,12.06152,988,-320,-320,IC3465,IC 3465,41548.0,66821.0,326441.0,,False,False,
4816,166.76402,12.06011,1550,2426,1879,UGC06169,UGC 06169,33642.0,159300.0,657731.0,6169.0,False,True,0.0081
4817,192.778364,12.06003,1787,2176,2176,SDSSJ125106.78+120335.4,SDSS J125106.78+120335.4,4579163.0,142441.0,629323.0,223205.0,False,True,0.0073
4818,190.781982,12.05108,2017,2331,2331,NGC4641,NGC 4641,42769.0,169942.0,345258.0,7889.0,False,True,0.0078
4819,188.548024,12.04897,2064,1248,2365,IC3509,IC 3509,41797.0,66807.0,326380.0,,False,False,0.0042
4820,233.846739,12.04757,1820,2081,2081,NGC5957,NGC 5957,55520.0,166297.0,685575.0,9915.0,True,True,0.0069
4821,187.702382,12.0452,1253,1225,957,PGC041360,VCC 1313,41360.0,66712.0,325956.0,220704.0,False,True,0.0041
4822,179.450501,12.03895,2750,2945,2945,SDSSJ115748.11+120218.5,SDSS J115748.11+120218.5,4001653.0,66363.0,324133.0,213385.0,False,True,0.0098
4823,181.669542,12.03448,1428,2118,2118,PGC1402698,WISEA J120640.66+120204.7,1402698.0,66414.0,324536.0,,False,False,0.0071
4824,191.24141,12.02978,1540,2108,2108,AGC225876,AGC 225876,4720542.0,,,225876.0,False,True,0.007
4825,233.054068,12.0224,2969,3182,3182,AGC253922,AGC 253922,5058831.0,,,253922.0,False,True,0.0106
4826,183.778278,12.01661,2408,2643,2643,IC3063,IC 3063,39160.0,66553.0,325290.0,,False,False,0.0088
4827,167.688379,12.01615,3238,2700,3384,NGC3559,NGC 3559,33940.0,66075.0,322370.0,6217.0,False,True,0.009
4828,164.057915,12.01109,1000,962,962,PGC087256,LSBC D640-13,87256.0,159002.0,656422.0,202035.0,False,True,0.0032
4829,187.910539,11.98996,1264,957,957,[KHL2017]M87UCD-25,[OA2016] J187.9085+11.9910,6727737.0,,,,False,False,0.0032
4830,189.67084,11.97861,1019,957,957,,LSBVCC 079,,,,224219.0,False,True,0.0032
4831,187.984802,11.97252,1104,957,957,PGC041508,VCC 1396,41508.0,,,,False,False,0.0032
4832,172.46258,11.97019,3245,3399,3399,SDSSJ112951.03+115812.8,WISEA J112950.97+115813.3,3543660.0,66194.0,322806.0,213312.0,False,True,0.0113
4833,192.182191,11.9693,2101,2396,2396,PGC043285,VCC 2078,43285.0,,,,False,False,0.008
4834,188.09787,11.96527,1007,957,957,[KHL2017]M87UCD-35,WISEA J123223.34+115754.6,6727741.0,,,,False,False,0.0032
4835,169.809944,11.95199,862,818,595,SDSSJ111914.39+115707.7,IC 2715,4017710.0,66128.0,322528.0,202257.0,False,True,0.0027
4836,188.442961,11.95064,1351,2364,2364,[KHL2017]M87UCD-39,WISEA J123346.28+115703.6,6727745.0,,,,False,False,0.0079
4837,187.001753,11.9498,2248,2511,2511,PGC040946,VCC 1059,40946.0,141432.0,628377.0,,False,False,0.0084
4838,187.768685,11.94349,916,69,69,VIRGOUCD4,SDSS J123104.36+115630.5,5067078.0,,,,False,False,0.0002
4839,184.331895,11.94348,1430,1247,2174,IC3101,IC 3101,39405.0,66545.0,325239.0,,False,False,0.0042
4840,175.985593,11.94058,3094,3261,3261,PGC1401182,WISEA J114356.51+115625.1,1401182.0,170347.0,693555.0,213336.0,False,True,0.0109
4841,194.182589,11.93168,563,301,301,UGC08061,UGC 08061,44170.0,162632.0,671835.0,8061.0,False,True,0.001
4842,142.465857,11.92659,1626,2747,1789,SDSSJ092951.83+115535.7,WISEA J092951.85+115536.0,3530253.0,135923.0,623278.0,192137.0,False,True,0.0092
4843,187.583541,11.92186,1404,2240,2240,[KHL2017]M87UCD-3,SDSS J123019.67+115519.4,6727690.0,,,,False,False,0.0075
4844,161.239665,11.91615,871,792,756,PGC083326,WISEA J104457.41+115500.3,83326.0,,,202024.0,False,True,0.0026
4845,190.239663,11.91169,1646,988,2121,NGC4606,NGC 4606,42516.0,162229.0,669464.0,7839.0,False,True,0.0033
4846,156.155324,11.90804,2428,4265,2591,PGC091012,FGC 1063,91012.0,65535.0,320071.0,200970.0,False,True,0.0142
4847,156.674694,11.89732,2284,2459,2459,SDSSJ102641.98+115350.0,WISEA J102641.93+115350.9,3999413.0,65612.0,320424.0,202243.0,False,True,0.0082
4848,187.311963,11.89551,905,106,106,[KHL2017]M87UCD-34,WISEA J122914.82+115344.5,6727684.0,,,,False,False,0.0004
4849,188.098056,11.89329,832,242,242,PGC041570,VCC 1426,41570.0,141597.0,628526.0,,False,False,0.0008
4850,185.990694,11.89227,582,296,296,PGC040300,VCC 0687,40300.0,,,,False,False,0.001
4851,188.011421,11.89005,1007,1479,957,IC3461,IC 3461,41529.0,161956.0,668357.0,,False,False,0.0049
4852,241.687719,11.88806,3266,5289,3471,PGC057181,CGCG 079-047,57181.0,114968.0,527765.0,260232.0,False,True,0.0176
4853,190.301214,11.88647,2256,1377,2521,NGC4607,NGC 4607,42544.0,141902.0,628809.0,7843.0,False,True,0.0046
4854,172.301523,11.86508,3230,3384,3384,UGC06486,IC 2870,35377.0,139513.0,626636.0,6486.0,False,True,0.0113
4855,183.7442,11.8642,1380,2231,2231,PGC039144,VCC 0127,39144.0,,,,False,False,0.0074
4856,183.644729,11.85961,1366,2252,2252,PGC039108,VCC 0115,39108.0,140974.0,627965.0,,False,False,0.0075
4857,186.310374,11.84957,2439,2674,2674,IC3305,IC 3305,40488.0,141313.0,600441.0,,False,False,0.0089
4858,186.233799,11.83213,1833,2203,2203,PGC040444,VCC 0760,40444.0,141303.0,628261.0,,False,False,0.0073
4859,118.128722,11.82777,1984,2075,2075,AGC174514,AGC 174514,5060082.0,,,174514.0,False,True,0.0069
4860,161.690407,11.81992,892,757,785,NGC3368,MESSIER 096,32192.0,138021.0,,5882.0,False,True,0.0025
4861,189.431379,11.81813,1517,1364,2125,NGC4579,MESSIER 058,42168.0,141753.0,,7796.0,False,True,0.0045
4862,188.023533,11.81787,894,1188,133,IC3466,IC 3466,41536.0,170519.0,693729.0,220739.0,False,True,0.004
4863,186.522226,11.8122,1234,957,957,IC3331,IC 3331,40638.0,161744.0,667740.0,,False,False,0.0032
4864,185.631926,11.80257,1305,2537,2537,PGC040096,VCC 0560,40096.0,,,,False,False,0.0085
4865,185.660499,11.80098,1434,993,2186,NGC4313,NGC 4313,40105.0,66517.0,325137.0,7445.0,False,True,0.0033
4866,170.597592,11.79398,1571,2018,1941,PGC1398872,WISEA J112223.45+114738.2,1398872.0,66103.0,322487.0,213511.0,False,True,0.0067
4867,187.06209,11.78984,659,1194,313,IC3381,IC 3381,40985.0,66717.0,,,False,False,0.004
4868,126.626962,11.78623,1893,2002,2002,AGC188875,AGC 188875,5059002.0,109734.0,505737.0,188875.0,False,True,0.0067
4869,189.862731,11.77639,1228,957,957,PGC042350,VCC 1794,42350.0,141807.0,628723.0,,False,False,0.0032
4870,149.908672,11.77324,2993,3112,3112,PGC2807015,LSBC D709-11,2807015.0,136338.0,623644.0,,False,False,0.0104
4871,182.648715,11.76081,1287,2244,2369,PGC038747,IC 3028,38747.0,170436.0,693646.0,220171.0,False,True,0.0075
4872,191.817177,11.76037,1093,86,86,UGC07953,IC 3775,43148.0,70296.0,345193.0,,False,False,0.0003
4873,166.110231,11.75622,776,719,553,PGC033447,CGCG 066-109,33447.0,65963.0,321828.0,210023.0,False,True,0.0024
4874,187.180431,11.75505,162,1135,33,NGC4452,NGC 4452,41060.0,,,,False,False,0.0038
4875,185.270012,11.75465,1445,2170,2170,PGC039893,IC 3192,39893.0,161543.0,667217.0,,False,False,0.0072
4876,190.536105,11.75429,196,1124,63,IC0809,IC 0809,42638.0,,,,False,False,0.0037
4877,150.244147,11.75411,2969,3090,3090,SDSSJ100058.57+114514.5,WISEA J100058.58+114514.3,3998742.0,74109.0,360893.0,202468.0,False,True,0.0103
4878,233.743912,11.75028,1893,2149,2149,NGC5956,NGC 5956,55501.0,121129.0,557491.0,9908.0,True,True,0.0072
4879,190.610496,11.74029,1127,965,965,PGC042679,IC 3684,42679.0,70335.0,345287.0,,False,False,0.0032
4880,156.424347,11.73919,2329,3217,2499,UGC05642,UGC 05642,30604.0,65549.0,320123.0,5642.0,False,True,0.0107
4881,188.626645,11.73438,986,-279,-279,PGC041826,VCC 1565,41826.0,141659.0,628583.0,,False,False,
4882,269.380791,11.73242,2908,2748,3110,UGC11059,UGC 11059,61169.0,,,,False,False,0.0092
4883,185.789952,11.72599,744,310,310,IC3239,IC 3239,40187.0,170495.0,325620.0,220479.0,False,True,0.001
4884,182.513644,11.71355,2568,2782,2782,PGC1397674,WISEA J121003.28+114248.6,1397674.0,170669.0,693881.0,224602.0,False,True,0.0093
4885,186.230853,11.70423,913,1183,100,NGC4371,NGC 4371,40442.0,161686.0,667615.0,,False,False,0.0039
4886,160.990417,11.70368,778,700,619,NGC3351,MESSIER 095,32007.0,65825.0,321223.0,5850.0,False,True,0.0023
4887,187.078055,11.70029,1472,2155,2155,PGC040995,VCC 1093,40995.0,66718.0,326050.0,,False,False,0.0072
4888,190.759255,11.69799,1110,957,957,PGC042758,VCC 1951,42758.0,70328.0,345269.0,,False,False,0.0032
4889,231.053587,11.69389,2849,3064,3064,PGC1397368,SDSS J152412.84+114137.9,1397368.0,121050.0,557099.0,258126.0,False,True,0.0102
4890,187.408035,11.68282,1748,2160,2160,[KHL2017]UCD37,SDSS J122937.92+114058.0,6727669.0,,,,False,False,0.0072
4891,188.971431,11.68191,1330,2429,2429,PGC041993,VCC 1642,41993.0,,,,False,False,0.0081
4892,223.181306,11.67221,1803,2082,2082,SDSSJ145243.51+114019.9,WISEA J145243.54+114019.2,4117578.0,71957.0,352043.0,245076.0,False,True,0.0069
4893,190.480527,11.66772,709,318,318,SDSSJ124155.33+114003.7,WISEA J124155.33+114003.8,4106189.0,,,,False,False,0.0011
4894,186.726498,11.66384,2106,2395,2395,IC3358,IC 3358,40764.0,66719.0,326066.0,,False,False,0.008
4895,149.931228,11.66076,2818,4753,2944,PGC028887,CGCG 064-021,28887.0,74130.0,360954.0,,False,False,0.0159
4896,187.117981,11.64979,1019,957,957,[KHL2017]UCD28,WISEA J122828.07+113858.7,6727660.0,,,,False,False,0.0032
4897,190.509333,11.64727,438,1112,230,NGC4621,MESSIER 059,42628.0,,,,False,False,0.0037
4898,178.314226,11.63409,2732,4182,2925,UGC06862,UGC 06862,37259.0,169814.0,693019.0,6862.0,False,True,0.0139
4899,187.885539,11.6247,1042,957,957,NGC4497,NGC 4497,41457.0,66708.0,325915.0,,False,False,0.0032
4900,165.115913,11.62098,2842,3001,3001,SDSSJ110027.84+113715.1,SDSS J110027.83+113715.1,4000181.0,65982.0,321875.0,213235.0,False,True,0.01
4901,141.910788,11.62073,3208,3304,3304,PGC1396285,WISEA J092738.59+113715.1,1396285.0,73878.0,359799.0,192132.0,False,True,0.011
4902,186.88332,11.61519,1378,2296,2296,PGC040872,VCC 1020,40872.0,,628357.0,,False,False,0.0077
4903,187.236588,11.6135,1217,957,957,[KHL2017]UCD33,WISEA J122856.59+113649.4,6727665.0,,,,False,False,0.0032
4904,187.882188,11.60303,1838,2207,2207,PGC041454,VCC 1366,41454.0,,,,False,False,0.0074
4905,185.275171,11.59532,935,58,58,PGC039894,VCC 0453,39894.0,161547.0,667224.0,220422.0,False,True,0.0002
4906,218.223087,11.59502,2226,2478,2478,UGC09356,UGC 09356,51984.0,71387.0,350511.0,9356.0,False,True,0.0083
4907,190.8857,11.58213,1411,1211,2191,NGC4647,NGC 4647,42816.0,142069.0,628969.0,7896.0,False,True,0.004
4908,176.516886,11.58131,2961,3135,3135,2MASXJ11460404+1134529,2MASX J11460404+1134529,3545711.0,66329.0,323877.0,213339.0,False,True,0.0105
4909,219.170584,11.57691,1797,2086,2086,PGC052212,LSBC D723-05,52212.0,165296.0,682232.0,240523.0,False,True,0.007
4910,186.710614,11.55889,1101,1236,957,IC3356,IC 3356,40761.0,169898.0,693102.0,7547.0,False,True,0.0041
4911,218.13028,11.55278,2168,2425,2425,PGC087297,LSBC D723-04,87297.0,145247.0,631887.0,241275.0,False,True,0.0081
4912,190.916504,11.55271,1107,1208,957,NGC4649,MESSIER 060,42831.0,142078.0,,,False,False,0.004
4913,261.797796,11.54362,2765,2449,2973,NGC6368,NGC 6368,60315.0,,,,False,False,0.0082
4914,190.899885,11.53467,1292,2493,2493,M60UCD1,SSTSL2 J124335.39+113201.4,5065687.0,,,,False,False,0.0083
4915,186.052054,11.52942,1640,2120,2120,PGC040335,VCC 0706,40335.0,141285.0,628243.0,,False,False,0.0071
4916,185.324265,11.51062,339,1264,162,NGC4294,NGC 4294,39925.0,,,,False,False,0.0042
4917,185.418999,11.50284,242,1262,92,NGC4299,NGC 4299,39968.0,,,,False,False,0.0042
4918,240.090834,11.49444,2641,2861,2861,AGC262396,AGC 262396,5059418.0,,,262396.0,False,True,0.0095
4919,187.845699,11.49255,1254,3198,957,IC3446,IC 3446,41440.0,170517.0,693727.0,220724.0,False,True,0.0107
4920,158.733847,11.49235,1176,1330,1330,SDSSJ103456.13+112932.5,SDSS J103456.12+112932.5,3537249.0,65723.0,320886.0,202248.0,False,True,0.0044
4921,185.978231,11.49035,2235,2497,2497,,VCC 0679,,,600430.0,,False,False,0.0083
4922,190.444655,11.48839,1202,957,957,IC3665,IC 3665,42598.0,141944.0,669606.0,,False,False,0.0032
4923,187.738002,11.48345,513,266,266,NGC4491,NGC 4491,41376.0,,600484.0,,False,False,0.0009
4924,175.244841,11.47112,992,1250,628,NGC3810,NGC 3810,36243.0,160362.0,662628.0,6644.0,False,True,0.0042
4925,190.962701,11.46702,932,74,74,PGC042846,VCC 1982,42846.0,162323.0,670002.0,,False,False,0.0002
4926,141.452081,11.45422,3236,3330,3330,NGC2873,NGC 2873,26742.0,73873.0,359785.0,,False,False,0.0111
4927,169.329585,11.44889,3059,3213,3213,AGC215246,WISEA J111719.10+112655.4,5060219.0,,,215246.0,False,True,0.0107
4928,169.911046,11.44539,3038,3195,3195,SDSSJ111938.66+112643.3,WISEA J111938.65+112643.9,4000703.0,66107.0,322498.0,213284.0,False,True,0.0107
4929,190.697583,11.44249,1163,1190,957,NGC4638,NGC 4638,42728.0,142017.0,628918.0,,False,False,0.004
4930,171.641838,11.44013,3206,3899,3358,IC2822,IC 2822,35196.0,159836.0,660067.0,6449.0,False,True,0.013
4931,189.11241,11.4393,1132,1172,605,NGC4564,NGC 4564,42051.0,141703.0,628622.0,,False,False,0.0039
4932,190.725417,11.43823,1524,2114,2114,,NGC 4637,,162296.0,669842.0,,False,False,0.0071
4933,186.942781,11.43516,1313,2535,2535,PGC040917,VCC 1044,40917.0,141423.0,628369.0,,False,False,0.0085
4934,187.343769,11.43385,1327,2460,2470,IC3413,IC 3413,41155.0,141489.0,600492.0,,False,False,0.0082
4935,141.42722,11.43214,3240,3863,3334,NGC2872,NGC 2872,26733.0,73866.0,359772.0,,False,False,0.0129
4936,187.099864,11.4205,1625,2119,2119,PGC041006,VCC 1099,41006.0,,,,False,False,0.0071
4937,231.483694,11.41034,1878,2136,2136,SDSSJ152556.08+112437.3,WISEA J152556.12+112436.6,4463378.0,121043.0,557065.0,,False,False,0.0071
4938,222.594294,11.40389,1779,2060,2060,PGC1393069,TOLOLO 1448+116,1393069.0,145641.0,632249.0,,False,False,0.0069
4939,175.862477,11.39842,905,1422,473,PGC1393002,WISEA J114326.96+112354.6,1393002.0,170346.0,693554.0,213333.0,False,True,0.0047
4940,149.696388,11.38868,2916,3169,3036,UGC05358,UGC 05358,28821.0,74135.0,360979.0,5358.0,False,True,0.0106
4941,190.315539,11.38723,557,1084,289,IC3653,IC 3653,42550.0,,,,False,False,0.0036
4942,166.633746,11.3854,1357,1679,1679,NGC3524,NGC 3524,33604.0,65954.0,321776.0,,False,False,0.0056
4943,186.68512,11.37974,1291,957,957,PGC040739,IC 3346,40739.0,66619.0,325527.0,,False,False,0.0032
4944,185.82114,11.36784,1604,1423,2114,NGC4330,NGC 4330,40201.0,66625.0,325572.0,7456.0,False,True,0.0047
4945,184.048022,11.36036,2615,2826,2826,PGC039286,VCC 0179,39286.0,141019.0,628002.0,,False,False,0.0094
4946,188.291916,11.34762,133,1262,10,IC3483,IC 3483,41670.0,,,,False,False,0.0042
4947,165.999618,11.34748,2827,2987,2987,AGC215235,WISEA J110359.88+112050.7,5060195.0,,,215235.0,False,True,0.01
4948,187.691277,11.3432,1739,2155,2155,IC3437,IC 3437,41350.0,141532.0,600485.0,,False,False,0.0072
4949,171.108575,11.34214,1060,1339,990,NGC3666,NGC 3666,35043.0,159770.0,659830.0,6420.0,False,True,0.0045
4950,168.497093,11.32919,2943,3101,3101,PGC166109,PGC1 0166109 NED001,166109.0,138996.0,626156.0,212824.0,False,True,0.0103
4951,188.525353,11.32123,1369,1131,2312,NGC4528,NGC 4528,41781.0,,,,False,False,0.0038
4952,261.570406,11.31766,2780,2890,2987,UGC10852,UGC 10852,60286.0,,,,False,False,0.0096
4953,193.072885,11.31394,1317,1227,2254,NGC4754,NGC 4754,43656.0,162517.0,671360.0,,False,False,0.0041
4954,147.915417,11.30194,3199,3305,3305,AGC191906,WISEA J095139.60+111810.5,5059052.0,,,191906.0,False,True,0.011
4955,187.410411,11.299,1484,2147,2147,PGC041192,VCC 1210,41192.0,66716.0,326028.0,,False,False,0.0072
4956,190.314039,11.29853,1657,2123,2123,PGC042547,VCC 1870,42547.0,141909.0,600574.0,,False,False,0.0071
4957,232.737913,11.2855,3209,3412,3412,AGC258133,PGC1 5058829 NED001,5058829.0,,557535.0,258133.0,False,True,0.0114
4958,189.815475,11.26975,1544,2115,2115,PGC042332,VCC 1785,42332.0,141798.0,628714.0,,False,False,0.0071
4959,188.097426,11.26295,1489,1223,2143,IC3470,IC 3470,41573.0,170758.0,693976.0,,False,False,0.0041
4960,188.394387,11.26193,836,1285,244,PGC041723,VCC 1512,41723.0,141631.0,668544.0,,False,False,0.0043
4961,189.136434,11.25796,2261,1575,2521,NGC4567,NGC 4567,42064.0,66785.0,326322.0,7777.0,False,True,0.0053
4962,189.14284,11.2389,2236,1319,2500,NGC4568,NGC 4568,42069.0,162105.0,668883.0,,False,False,0.0044
4963,151.706482,11.23579,3128,3244,3244,PGC1390693,WISEA J100649.54+111408.9,1390693.0,52131.0,254313.0,,False,False,0.0108
4964,193.233212,11.23086,973,1248,113,NGC4762,NGC 4762,43733.0,142468.0,,,False,False,0.0042
4965,186.020843,11.21807,2083,1288,2374,NGC4352,NGC 4352,40313.0,49025.0,239097.0,,False,False,0.0043
4966,218.404986,11.21731,1863,2146,2146,SDSSJ143337.18+111302.2,WISEA J143337.17+111300.8,4115054.0,71422.0,350654.0,244512.0,False,True,0.0072
4967,119.212686,11.21674,1959,2049,2049,SDSSJ075651.05+111300.3,WISEA J075651.04+111300.2,4573239.0,109421.0,504221.0,,False,False,0.0068
4968,186.934576,11.2146,1432,2197,2197,PGC040912,VCC 1039,40912.0,49053.0,239176.0,,False,False,0.0073
4969,176.181093,11.20732,2949,3121,3121,SDSSJ114443.48+111226.3,SDSS J114443.48+111226.3,4001324.0,66265.0,323368.0,213338.0,False,True,0.0104
4970,158.678177,11.19745,1390,2465,1628,NGC3279,NGC 3279,31302.0,65649.0,320627.0,5741.0,False,True,0.0082
4971,190.453915,11.19141,1048,957,957,PGC042602,VCC 1891,42602.0,76955.0,375450.0,,False,False,0.0032
4972,191.133249,11.19051,1095,1152,957,NGC4660,NGC 4660,42917.0,142137.0,629034.0,,False,False,0.0038
4973,190.244011,11.18447,630,1117,311,IC3652,IC 3652,42521.0,49219.0,239934.0,,False,False,0.0037
4974,191.039055,11.17661,1660,2121,2121,PGC042878,IC 3711,42878.0,76972.0,375526.0,,False,False,0.0071
4975,188.025891,11.17641,1353,822,2365,NGC4503,NGC 4503,41538.0,141590.0,628520.0,,False,False,0.0027
4976,186.381114,11.15834,892,160,160,PGC169259,VCCA 031,169259.0,49037.0,239115.0,224232.0,False,True,0.0005
4977,190.364124,11.14589,1070,957,957,PGC042566,VCC 1879,42566.0,76958.0,375458.0,,False,False,0.0032
4978,134.848365,11.13525,2016,2576,2137,UGC04712,UGC 04712,25245.0,116085.0,531567.0,4712.0,False,True,0.0086
4979,186.860444,11.10774,992,1262,-268,NGC4429,NGC 4429,40850.0,141403.0,,,False,False,0.0042
4980,189.164243,11.10189,661,315,315,IC3578,IC 3578,42079.0,162108.0,668895.0,,False,False,0.0011
4981,151.545119,11.10034,2499,2642,2642,PGC1388812,SDSS J100610.82+110602.1,1388812.0,52135.0,254326.0,202488.0,False,True,0.0088
4982,150.966015,11.09998,3285,3393,3393,PGC2807200,WISEA J100351.90+110600.9,2807200.0,52090.0,254087.0,,False,False,0.0113
4983,135.263427,11.09834,2067,2187,2187,NGC2725,NGC 2725,25332.0,156995.0,648071.0,4732.0,False,True,0.0073
4984,194.92711,11.07713,2808,3014,3014,PGC1388496,SDSS J125942.46+110436.9,1388496.0,170744.0,693962.0,225851.0,False,True,0.0101
4985,161.922752,11.07711,2714,2870,2869,UGC05897,UGC 05897,32251.0,65780.0,321111.0,5897.0,False,True,0.0096
4986,142.067316,11.07705,3248,3341,3341,SDSSJ092816.16+110437.4,WISEA J092816.15+110437.3,3995262.0,73883.0,359811.0,192133.0,False,True,0.0111
4987,141.353334,11.07394,3198,5635,3290,UGC05017,UGC 05017,26721.0,73870.0,359780.0,5017.0,False,True,0.0188
4988,188.561716,11.07153,1389,2264,2264,IC3510,IC 3510,41803.0,141651.0,668614.0,,False,False,0.0076
4989,140.248523,11.05914,1331,2735,1473,PGC026453,CGCG 062-024,26453.0,,,190238.0,False,True,0.0091
4990,229.855161,11.05444,3240,3491,3441,UGC09814,UGC 09814,54691.0,72597.0,354483.0,9814.0,False,True,0.0116
4991,190.878739,11.0471,1414,2186,2186,PGC042812,IC 3701,42812.0,76964.0,375499.0,,False,False,0.0073
4992,163.081228,11.04317,827,657,657,PGC1388083,WISEA J105219.46+110236.3,1388083.0,65764.0,321026.0,,False,False,0.0022
4993,190.793166,11.03697,1078,957,957,PGC042779,VCC 1958,42779.0,76961.0,375492.0,,False,False,0.0032
4994,119.551719,11.02059,2344,2422,2422,PGC1387750,WISEA J075812.43+110114.1,1387750.0,109397.0,504185.0,171483.0,False,True,0.0081
4995,173.722565,11.01956,880,519,518,PGC2807142,SDSS J113453.11+110116.1,2807142.0,160109.0,661583.0,212838.0,False,True,0.0017
4996,179.136764,11.00779,2785,2972,2972,PGC1387598,WISEA J115632.83+110028.2,1387598.0,48739.0,237663.0,213142.0,False,True,0.0099
4997,143.512901,11.00592,2496,2685,2618,PGC027189,MRK 0706,27189.0,73888.0,359909.0,190362.0,False,True,0.009
4998,188.437094,10.9953,1170,957,957,IC3499,IC 3499,41738.0,162015.0,668571.0,,False,False,0.0032
4999,192.062869,10.98349,1164,1092,2167,NGC4694,NGC 4694,43241.0,142350.0,629238.0,7969.0,False,True,0.0036
5000,121.911537,10.98066,1785,1884,1884,PGC1387217,SDSS J080738.77+105850.2,1387217.0,109357.0,504095.0,712516.0,False,True,0.0063
5001,189.907099,10.97575,1350,2335,2335,IC3625B,VCC 1803,42372.0,49214.0,239904.0,,False,False,0.0078
5002,195.968613,10.9724,2936,3655,3134,UGC08166,UGC 08166,45137.0,162923.0,693178.0,8166.0,False,True,0.0122
5003,192.000401,10.9703,1143,1636,1636,PGC043211,VCC 2062,43211.0,142338.0,629226.0,221026.0,False,True,0.0055
5004,193.718202,10.96199,1412,2118,2118,[SDV2005]230,WISEA J125452.50+105741.8,5056892.0,77144.0,376265.0,,False,False,0.0071
5005,202.197046,10.96147,1092,1216,1216,AGC233559,SDSS J132847.21+105739.7,5059250.0,143517.0,630317.0,233559.0,False,True,0.0041
5006,188.307941,10.92855,245,1307,95,IC3490,IC 3490,41681.0,,,,False,False,0.0044
5007,192.778225,10.91209,928,1024,171,NGC4733,NGC 4733,43516.0,142440.0,629322.0,,False,False,0.0034
5008,186.683357,10.90473,559,285,285,PGC040732,VCC 0931,40732.0,141367.0,628320.0,,False,False,0.001
5009,191.273497,10.90091,1066,957,957,IC3727,IC 3727,42969.0,76971.0,375522.0,,False,False,0.0032
5010,161.974758,10.89779,2802,2952,2952,PGC032257,CGCG 066-017,32257.0,158778.0,655439.0,200581.0,False,True,0.0098
5011,186.842585,10.86672,916,2437,101,IC3371,IC 3371,40839.0,169902.0,693106.0,7565.0,False,True,0.0081
5012,183.192895,10.86571,375,1045,183,NGC4178,NGC 4178,38943.0,,,,False,False,0.0035
5013,181.048035,10.85438,2415,2917,2640,NGC4067,NGC 4067,38168.0,169827.0,693032.0,7048.0,False,True,0.0097
5014,187.912681,10.84041,634,309,309,PGC041469,VCC 1377,41469.0,141573.0,628504.0,,False,False,0.001
5015,188.287464,10.83622,1956,2281,2281,PGC041664,VCC 1481,41664.0,141622.0,628551.0,,False,False,0.0076
5016,162.249088,10.83543,1940,2685,2167,PGC032345,CGCG 066-024,32345.0,65768.0,321040.0,200600.0,False,True,0.009
5017,167.346975,10.83407,1555,1884,1884,PGC033816,CGCG 067-014,33816.0,66049.0,322248.0,210082.0,False,True,0.0063
5018,176.439832,10.82459,3003,3171,3171,NGC3869,NGC 3869,36669.0,160524.0,663227.0,,False,False,0.0106
5019,196.824204,10.81022,3260,3442,3442,SDSSJ130717.81+104836.6,WISEA J130717.84+104836.9,4355676.0,77599.0,377883.0,,False,False,0.0115
5020,172.394257,10.80987,744,436,436,SDSSJ112934.60+104835.4,SDSS J112934.60+104835.4,3472517.0,139532.0,626653.0,,False,False,0.0015
5021,143.087817,10.8092,3194,3676,3289,UGC05082,UGC 05082,27088.0,135946.0,623299.0,5082.0,False,True,0.0123
5022,147.745091,10.80159,3155,3259,3259,PGC1384653,WISEA J095058.83+104805.6,1384653.0,51991.0,253769.0,192057.0,False,True,0.0109
5023,151.337916,10.79944,3073,3187,3187,AGC205073,WISEA J100521.05+104758.3,5060433.0,,,,False,False,0.0106
5024,218.485,10.79472,2265,2511,2511,AGC249180,AGC 249180,5059290.0,,,249180.0,False,True,0.0084
5025,187.543084,10.7795,1825,1285,2197,NGC4482,NGC 4482,41272.0,49057.0,239195.0,,False,False,0.0043
5026,150.764448,10.74598,3009,3124,3124,UGC05409,UGC 05409,29126.0,52130.0,254309.0,5409.0,False,True,0.0104
5027,190.972058,10.74557,1342,2315,2315,PGC042853,VCC 1983,42853.0,76973.0,375528.0,,False,False,0.0077
5028,193.8963,10.7384,1842,2202,2202,AGC225849,WISEA J125535.16+104420.6,5059230.0,170742.0,629408.0,225849.0,False,True,0.0073
5029,194.925038,10.7271,1157,1647,1647,PGC1383640,SDSS J125942.04+104336.5,1383640.0,170745.0,693963.0,225852.0,False,True,0.0055
5030,167.483002,10.72084,1582,1981,1906,NGC3547,NGC 3547,33866.0,138862.0,626031.0,6209.0,False,True,0.0066
5031,211.768326,10.71263,1183,1469,1469,PGC1383447,SDSS J140704.36+104245.2,1383447.0,71037.0,349050.0,243852.0,False,True,0.0049
5032,183.942213,10.69951,1979,2371,2290,IC3074,IC 3074,39233.0,169855.0,693060.0,7279.0,False,True,0.0079
5033,190.741828,10.68195,1611,1214,2110,PGC042754,IC 3693,42754.0,162298.0,669847.0,,False,False,0.004
5034,186.727209,10.66582,1275,957,957,PGC040759,IC 3361,40759.0,161772.0,667805.0,,False,False,0.0032
5035,261.29076,10.65285,2786,2990,2990,UGC10841,UGC 10841,60252.0,,,,False,False,0.01
5036,151.51599,10.6376,1556,1753,1753,PGC1382354,WISEA J100603.83+103815.7,1382354.0,52094.0,254108.0,202297.0,False,True,0.0058
5037,191.290325,10.62979,936,99,99,PGC042978,VCC 2014,42978.0,76982.0,375560.0,,False,False,0.0003
5038,181.196234,10.62666,2555,2764,2764,PGC1382204,WISEA J120447.07+103735.7,1382204.0,48827.0,238281.0,224237.0,False,True,0.0092
5039,185.3051,10.6256,2606,2816,2816,AGC226131,SDSS J122113.27+103727.5,5059194.0,141206.0,628171.0,226131.0,False,True,0.0094
5040,185.590204,10.60203,2072,2362,2362,PGC040074,IC 3220,40074.0,141239.0,628202.0,,False,False,0.0079
5041,278.328151,10.60171,3165,3352,3352,PGC1381842,CGMW 5-04913,1381842.0,,,,False,False,0.0112
5042,181.198458,10.59561,2559,3422,2767,NGC4078,NGC 4078,38238.0,161007.0,665345.0,,False,False,0.0114
5043,176.551527,10.59555,3064,3228,3228,PGC036704,CGCG 068-062,36704.0,170275.0,663277.0,210768.0,False,True,0.0108
5044,192.243418,10.58664,1532,2098,2098,PGC043309,VCC 2080,43309.0,77105.0,376136.0,,False,False,0.007
5045,130.645767,10.5849,2055,2162,2162,UGC04540,UGC 04540,24457.0,116032.0,531239.0,4540.0,False,True,0.0072
5046,186.414093,10.58379,1714,2141,2141,PGC040560,VCC 0825,40560.0,49048.0,239165.0,,False,False,0.0071
5047,186.603851,10.58188,1022,957,957,PGC040680,VCC 0895,40680.0,49049.0,239166.0,,False,False,0.0032
5048,192.851271,10.57968,1573,2092,2092,UGC08001,UGC 08001,43544.0,77119.0,376183.0,,False,False,0.007
5049,190.57584,10.56762,1864,2220,2220,PGC042669,VCC 1919,42669.0,141986.0,628888.0,,False,False,0.0074
5050,192.112764,10.55792,1153,1833,1833,PGC043261,VCC 2073,43261.0,77108.0,376145.0,,False,False,0.0061
5051,130.693437,10.55674,3112,3185,3185,AGC188884,SDSS J084246.42+103324.2,5059020.0,116030.0,531234.0,188884.0,False,True,0.0106
5052,130.652415,10.55388,3093,3167,3167,SDSSJ084236.57+103313.9,WISEA J084236.53+103313.7,5064929.0,116031.0,531238.0,,False,False,0.0106
5053,188.635672,10.54819,1746,2156,2156,PGC041835,VCC 1573,41835.0,,600536.0,,False,False,0.0072
5054,192.560279,10.54003,868,256,256,PGC043436,VCC 2083,43436.0,77115.0,376169.0,,False,False,0.0009
5055,183.679339,10.53305,2086,2369,2369,SDSSJ121443.03+103159.1,WISEA J121443.02+103159.2,4002127.0,48916.0,238681.0,,False,False,0.0079
5056,187.0535,10.52601,1828,2197,2197,PGC040969,VCC 1076,40969.0,141439.0,628383.0,,False,False,0.0073
5057,243.604472,10.515,3257,3456,3456,PGC057586,CGCG 079-085,57586.0,146839.0,686573.0,260342.0,False,True,0.0115
5058,130.500207,10.51472,2016,2123,2123,SDSSJ084200.04+103052.9,WISEA J084200.09+103054.1,5064928.0,116028.0,531227.0,,False,False,0.0071
5059,183.863811,10.51238,1994,2300,2300,SDSSJ121527.31+103044.4,SDSS J121527.31+103044.4,3477084.0,48921.0,238693.0,224249.0,False,True,0.0077
5060,218.288318,10.51082,2223,2471,2471,NGC5666,NGC 5666,51995.0,165186.0,681834.0,9360.0,False,True,0.0082
5061,180.233558,10.49877,2658,2855,2855,PGC1380373,SDSS J120056.04+102955.8,1380373.0,170618.0,693828.0,224234.0,False,True,0.0095
5062,146.880929,10.49217,3124,3226,3226,SDSSJ094731.39+102931.5,WISEA J094731.27+102931.5,3998431.0,51988.0,253752.0,192039.0,False,True,0.0108
5063,191.3887,10.4905,970,11,11,EVCC1141,WISEA J124533.24+102925.8,5098428.0,,,,False,False,0.0
5064,190.220637,10.47622,695,320,320,IC3647,IC 3647,42503.0,141882.0,628791.0,,False,False,0.0011
5065,186.461103,10.45905,1099,1832,957,NGC4390,NGC 4390,40597.0,169889.0,693093.0,7519.0,False,True,0.0061
5066,144.999033,10.45729,2916,3022,3022,SDSSJ093959.76+102726.1,WISEA J093959.76+102726.1,3998253.0,51884.0,253332.0,,False,False,0.0101
5067,196.5966,10.4338,930,380,380,PGC045370,CGCG 071-109,45370.0,77344.0,629835.0,230077.0,False,True,0.0013
5068,188.808013,10.43145,1073,957,957,PGC041918,VCC 1605,41918.0,141679.0,628598.0,220815.0,False,True,0.0032
5069,142.951651,10.40826,3218,3310,3310,SDSSJ093148.40+102429.7,WISEA J093148.40+102429.7,3530471.0,73892.0,359922.0,,False,False,0.011
5070,183.00492,10.39836,1630,2102,2102,SDSSJ121201.19+102354.4,WISEA J121201.17+102353.8,4017882.0,48859.0,238441.0,224241.0,False,True,0.007
5071,143.389545,10.3873,3088,3184,3184,PGC1378773,WISEA J093333.49+102314.2,1378773.0,73884.0,359881.0,,False,False,0.0106
5072,187.419247,10.38493,1454,2170,2170,PGC041193,VCC 1209,41193.0,141495.0,628429.0,,False,False,0.0072
5073,189.103257,10.38467,1416,1239,2208,PGC042046,VCC 1661,42046.0,162101.0,668862.0,,False,False,0.0041
5074,159.53329,10.38085,1162,2552,1299,PGC031610,CGCG 065-074,31610.0,65677.0,320706.0,200499.0,False,True,0.0085
5075,182.040018,10.3789,1652,931,2101,NGC4119,NGC 4119,38527.0,48849.0,238372.0,,False,False,0.0031
5076,187.050116,10.36512,1467,2158,2158,PGC040972,VCC 1079,40972.0,141438.0,628382.0,,False,False,0.0072
5077,151.831092,10.3627,540,456,399,UGC05456,UGC 05456,29428.0,157855.0,650513.0,5456.0,False,True,0.0015
5078,187.474559,10.33802,652,313,313,PGC041240,VCC 1238,41240.0,,,,False,False,0.001
5079,191.299371,10.32436,2208,1188,2475,PGC042980,IC 3732,42980.0,142190.0,629087.0,,False,False,0.004
5080,183.382842,10.31083,1469,2123,2123,PGC039008,VCC 0082,39008.0,,,,False,False,0.0071
5081,187.051352,10.29766,1816,1130,2189,IC3383,IC 3383,40970.0,49118.0,239454.0,,False,False,0.0038
5082,143.698054,10.2837,2522,3040,2640,NGC2919,NGC 2919,27232.0,157326.0,648592.0,5102.0,False,True,0.0101
5083,187.634903,10.261,1101,957,957,PGC041325,VCC 1295,41325.0,,,223771.0,False,True,0.0032
5084,188.059213,10.25146,1300,1079,2582,IC3468,IC 3468,41552.0,49184.0,239782.0,,False,False,0.0036
5085,169.516093,10.24441,957,749,749,SDSSJ111803.87+101439.9,WISEA J111803.82+101440.1,3471336.0,139110.0,626262.0,,False,False,0.0025
5086,143.032305,10.23702,3282,3371,3371,SDSSJ093207.76+101413.4,WISEA J093207.73+101413.3,3530521.0,135941.0,623294.0,,False,False,0.0112
5087,184.141831,10.20636,2071,2357,2357,PGC1376175,WISEA J121634.05+101222.6,1376175.0,48929.0,238725.0,224251.0,False,True,0.0079
5088,191.563751,10.20551,1136,519,1287,PGC043072,VCC 2037,43072.0,76994.0,693766.0,221004.0,False,True,0.0017
5089,191.813754,10.20357,1086,1057,72,IC3773,IC 3773,43146.0,77111.0,376154.0,,False,False,0.0035
5090,178.853773,10.20156,3165,3326,3326,SDSSJ115524.91+101205.6,WISEA J115524.89+101206.2,4001590.0,48735.0,237614.0,213046.0,False,True,0.0111
5091,168.216726,10.20003,1286,1588,1588,UGC06248,UGC 06248,34124.0,138957.0,626119.0,6248.0,False,True,0.0053
5092,198.331935,10.19406,1163,878,1541,UGC08298,UGC 08298,45931.0,169980.0,693184.0,8298.0,False,True,0.0029
5093,158.330126,10.1894,1433,1667,1667,PGC4689204,WISEA J103319.16+101121.4,4689204.0,,,202016.0,False,True,0.0056
5094,194.082797,10.18885,2688,2899,2899,UGC08056,UGC 08056,44125.0,169961.0,693165.0,8056.0,False,True,0.0097
5095,182.596311,10.18855,483,1403,248,IC3025,IC 3025,38726.0,,,,False,False,0.0047
5096,191.731205,10.18244,1310,2344,2344,PGC043119,IC 3767,43119.0,77001.0,375613.0,,False,False,0.0078
5097,143.279973,10.17825,3223,3314,3314,SDSSJ093307.20+101041.8,WISEA J093307.17+101041.7,3530623.0,51858.0,253227.0,,False,False,0.0111
5098,189.983087,10.17616,1879,1048,2228,NGC4596,NGC 4596,42401.0,141826.0,628741.0,,False,False,0.0035
5099,189.528711,10.16541,1138,1188,1108,PGC042204,VCC 1744,42204.0,49206.0,239872.0,220856.0,False,True,0.004
5100,191.5328,10.1623,1503,2109,2109,PGC043056,VCC 2034,43056.0,,,221001.0,False,True,0.007
5101,143.463679,10.15936,3232,3322,3322,PGC027167,WISEA J093351.29+100932.9,27167.0,,,,False,False,0.0111
5102,190.305291,10.15571,1841,1257,2204,NGC4608,NGC 4608,42545.0,141904.0,628811.0,,False,False,0.0042
5103,143.442054,10.1525,3226,3971,3317,NGC2911,NGC 2911,27159.0,51816.0,252926.0,5092.0,False,True,0.0132
5104,120.932975,10.14935,2567,2637,2637,PGC1375316,SDSS J080343.90+100857.3,1375316.0,109374.0,504124.0,182460.0,False,True,0.0088
5105,163.016072,10.14828,2713,2957,2867,NGC3433,NGC 3433,32605.0,158901.0,655977.0,5981.0,False,True,0.0099
5106,118.453332,10.1475,1941,1285,2024,AGC174616,AGC 174616,5060085.0,,,174616.0,False,True,0.0043
5107,169.261187,10.14324,1765,3111,2062,SDSSJ111702.67+100836.1,WISEA J111702.72+100837.9,4272480.0,,,215241.0,False,True,0.0104
5108,176.996028,10.14049,3016,3180,3180,SDSSJ114759.03+100825.8,SDSS J114759.03+100825.7,4011206.0,48636.0,236939.0,,False,False,0.0106
5109,167.605015,10.12548,1315,1309,1625,PGC033905,CGCG 067-022,33905.0,48421.0,235435.0,210111.0,False,True,0.0044
5110,143.511573,10.10869,3145,2506,3238,NGC2914,NGC 2914,27185.0,51864.0,253251.0,,False,False,0.0084
5111,180.812819,10.10784,2534,2742,2742,PGC1374673,WISEA J120315.07+100628.3,1374673.0,48757.0,237761.0,224235.0,False,True,0.0091
5112,186.267034,10.1012,904,161,161,PGC1374571,WISEA J122504.10+100604.1,1374571.0,141307.0,628264.0,,False,False,0.0005
5113,143.085763,10.09984,3212,3303,3303,SDSSJ093220.58+100559.2,SDSS J093220.52+100559.4,4089452.0,51817.0,252930.0,191989.0,False,True,0.011
5114,190.871041,10.09318,1324,2357,2357,PGC042811,VCC 1970,42811.0,142062.0,628962.0,,False,False,0.0079
5115,188.162553,10.09207,1201,957,957,PGC041603,VCC 1446,41603.0,49186.0,239788.0,,False,False,0.0032
5116,189.528519,10.08241,1273,1233,957,IC3602,IC 3602,42205.0,49205.0,239871.0,,False,False,0.0041
5117,213.681247,10.07472,1218,1510,1510,AGC243830,AGC 243830,5057596.0,,,243830.0,False,True,0.005
5118,186.021952,10.06774,1257,957,957,PGC040315,VCC 0695,40315.0,49034.0,239111.0,,False,False,0.0032
5119,146.082918,10.05861,1472,1927,1637,AGC193802,AGC 193802,5060152.0,,,193802.0,False,True,0.0064
5120,201.754699,10.05568,1068,1085,1085,SDSSJ132701.12+100320.4,SDSS J132701.18+100321.3,5076975.0,169991.0,693195.0,8450.0,False,True,0.0036
5121,186.491231,10.05376,1001,1216,957,IC3328,IC 3328,40616.0,49041.0,239134.0,,False,False,0.0041
5122,136.315294,10.04265,2045,2164,2164,PGC1373747,SDSS J090515.68+100233.5,1373747.0,73773.0,359361.0,191916.0,False,True,0.0072
5123,131.824596,10.04264,3295,3364,3364,PGC1373744,WISEA J084717.86+100233.1,1373744.0,115995.0,531038.0,,False,False,0.0112
5124,143.500584,10.02953,3133,3863,3226,UGC05093,UGC 05093,27175.0,51829.0,252985.0,5093.0,False,True,0.0129
5125,186.342285,10.0168,951,1435,32,NGC4380,NGC 4380,40507.0,161700.0,667650.0,7503.0,False,True,0.0048
5126,146.154816,10.01281,1483,1648,1649,SDSSJ094437.12+100046.3,SDSS J094437.11+100046.3,4010299.0,136059.0,623389.0,191849.0,False,True,0.0055
5127,143.359818,10.01145,3265,3354,3354,SDSSJ093326.36+100041.2,WISEA J093326.36+100041.4,3530650.0,51867.0,253255.0,,False,False,0.0112
5128,184.26762,10.00549,1186,1262,957,UGC07307,UGC 07307,39380.0,161382.0,666683.0,7307.0,False,True,0.0042
5129,186.889099,10.00344,881,200,200,IC3374,IC 3374,40876.0,161811.0,667899.0,220616.0,False,True,0.0007
5130,194.399161,9.99185,2737,2943,2943,PGC1373048,WISEA J125735.76+095930.9,1373048.0,170746.0,693964.0,225853.0,False,True,0.0098
5131,187.344358,9.9886,741,313,313,IC3412,IC 3412,41152.0,141490.0,628424.0,220661.0,False,True,0.001
5132,171.472863,9.98742,1157,1205,1302,IC0692,IC 0692,35151.0,48515.0,236016.0,6438.0,False,True,0.004
5133,274.320243,9.98733,2189,2394,2394,PGC2801041,GALEXASC J181717.15+095918.4,2801041.0,,,,False,False,0.008
5134,114.042871,9.98643,356,553,329,AGC174585,GALEXASC J073610.24+095910.4,5060050.0,,,,False,False,0.0018
5135,146.080942,9.98476,3072,3172,3172,PGC3091260,WISEA J094419.43+095904.7,3091260.0,51928.0,253537.0,191848.0,False,True,0.0106
5136,147.003289,9.97099,3117,3217,3217,SDSSJ094800.79+095815.4,WISEA J094800.76+095816.1,3998447.0,51976.0,,,False,False,0.0107
5137,144.268345,9.96638,1517,1676,1676,AGC198335,SDSS J093704.41+095758.7,5060142.0,,,198335.0,False,True,0.0056
5138,168.461688,9.96096,1610,1364,1936,SDSSJ111350.75+095739.4,WISEA J111350.79+095739.5,4270300.0,,,215240.0,False,True,0.0045
5139,197.010268,9.9564,3143,3327,3327,PGC1372513,SDSS J130802.47+095722.9,1372513.0,77610.0,377945.0,233780.0,False,True,0.0111
5140,138.107742,9.95553,2116,2773,2236,UGC04845,UGC 04845,25956.0,135740.0,359423.0,4845.0,False,True,0.0092
5141,147.679711,9.95088,2975,3081,3081,SDSSJ095043.15+095703.8,SDSS J095043.15+095703.6,4010349.0,51938.0,253609.0,191882.0,False,True,0.0103
5142,222.461409,9.94174,1809,2081,2081,SDSSJ144950.70+095630.0,WISEA J144950.68+095629.9,4434567.0,,,249197.0,False,True,0.0069
5143,225.057017,9.93772,3143,3341,3341,PGC053586,CGCG 076-123,53586.0,72182.0,352679.0,241016.0,False,True,0.0111
5144,218.086745,9.93348,1398,1705,1705,PGC051945,KUG 1429+101,51945.0,71329.0,350262.0,240441.0,False,True,0.0057
5145,189.044022,9.92255,2055,1404,2350,IC3562,IC 3562,42021.0,170532.0,693742.0,220832.0,False,True,0.0047
5146,189.981083,9.9224,1434,2172,2172,SDSSJ123955.45+095520.7,WISEA J123955.45+095520.4,3479346.0,49154.0,239652.0,,False,False,0.0072
5147,147.332563,9.92048,3064,3166,3166,SDSSJ094919.82+095513.7,WISEA J094919.81+095513.6,3998484.0,51970.0,253698.0,,False,False,0.0106
5148,143.610993,9.91642,3145,3238,3238,PGC027212,CGCG 063-012,27212.0,51830.0,252987.0,190365.0,False,True,0.0108
5149,243.545077,9.90343,3249,3445,3445,PGC1371714,SDSS J161410.82+095412.4,1371714.0,115322.0,528894.0,268147.0,False,True,0.0115
5150,176.474016,9.89981,2922,3090,3090,SDSSJ114553.76+095359.1,WISEA J114553.74+095359.1,4001361.0,170328.0,693536.0,213124.0,False,True,0.0103
5151,190.046886,9.89611,1973,1140,2290,IC3633,IC 3633,42426.0,49148.0,239626.0,,False,False,0.0038
5152,144.589015,9.89546,3278,3369,3369,PGC1371594,WISEA J093821.38+095343.6,1371594.0,51877.0,253306.0,,False,False,0.0112
5153,185.535832,9.89446,1562,2109,2109,PGC040046,VCC 0529,40046.0,141230.0,628193.0,,False,False,0.007
5154,218.182772,9.89143,1374,1528,1679,NGC5669,NGC 5669,51973.0,145251.0,631891.0,9353.0,False,True,0.0051
5155,188.149446,9.88626,1753,2156,2156,PGC041593,VCC 1444,41593.0,49180.0,239764.0,,False,False,0.0072
5156,186.73212,9.88228,994,-164,-164,PGC040766,VCC 0952,40766.0,49046.0,239152.0,220594.0,False,True,
5157,192.6574,9.879,1663,2112,2112,EVCC1194,WISEA J125037.74+095244.2,5098433.0,,,,False,False,0.007
5158,148.626879,9.87006,1493,1670,1670,SDSSJ095430.46+095212.1,SDSS J095430.46+095212.0,3998585.0,51954.0,253661.0,192423.0,False,True,0.0056
5159,157.231961,9.86262,1190,818,1336,PGC1371096,WISEA J102855.81+095144.3,1371096.0,124384.0,572234.0,202218.0,False,True,0.0027
5160,146.773916,9.85163,2954,3059,3059,SDSSJ094705.74+095105.8,WISEA J094705.76+095105.9,3531884.0,51981.0,253733.0,,False,False,0.0102
5161,163.500081,9.8312,1189,1354,1354,SDSSJ105400.01+094952.3,WISEA J105400.00+094954.0,5064823.0,124839.0,574110.0,,False,False,0.0045
5162,187.016184,9.8037,532,1082,272,NGC4442,NGC 4442,40950.0,,,,False,False,0.0036
5163,185.083799,9.79731,1189,957,957,SDSSJ122020.13+094750.0,WISEA J122020.13+094750.1,4002298.0,48888.0,238536.0,,False,False,0.0032
5164,130.274619,9.79171,2058,2160,2160,SDSSJ084105.90+094730.1,WISEA J084105.91+094730.4,5064937.0,116000.0,531067.0,,False,False,0.0072
5165,200.159418,9.78702,1133,1470,1355,UGC08385,UGC 08385,46563.0,169986.0,693190.0,8385.0,False,True,0.0049
5166,231.73082,9.78259,1858,2109,2109,SDSSJ152655.37+094657.5,WISEA J152655.35+094657.4,4464040.0,146168.0,632659.0,,False,False,0.007
5167,146.344379,9.76746,3284,3377,3377,UGC05216,UGC 05216,27959.0,136074.0,,5216.0,False,True,0.0113
5168,187.04718,9.76026,558,284,284,PGC040974,VCC 1078,40974.0,,,,False,False,0.0009
5169,183.766639,9.75365,2191,1188,2449,PGC039153,VCC 0130,39153.0,161295.0,666406.0,220241.0,False,True,0.004
5170,185.458566,9.73913,563,286,286,PGC039996,VCC 0504,39996.0,,,,False,False,0.001
5171,146.703919,9.7361,2997,4931,3100,PGC028085,CGCG 063-066,28085.0,51980.0,253729.0,,False,False,0.0164
5172,140.312449,9.73118,1381,1519,1519,SDSSJ092114.98+094352.2,WISEA J092115.02+094352.0,3997755.0,51790.0,252590.0,191894.0,False,True,0.0051
5173,163.427795,9.7278,1138,1188,1248,UGC06014,UGC 06014,32708.0,158951.0,656157.0,6014.0,False,True,0.004
5174,190.254458,9.71841,1361,2281,2281,SDSSJ124101.06+094306.4,SDSS J124101.06+094306.3,3479459.0,49144.0,239603.0,,False,False,0.0076
5175,143.43373,9.71077,1168,1281,1281,SDSSJ093344.10+094239.0,WISEA J093344.15+094238.0,4015439.0,135952.0,623304.0,,False,False,0.0043
5176,193.461819,9.71003,2844,2851,3041,NGC4779,NGC 4779,43837.0,162547.0,671507.0,8022.0,False,True,0.0095
5177,231.935282,9.69914,1820,2072,2072,PGC1368772,WISEA J152744.45+094156.3,1368772.0,72849.0,355092.0,251585.0,False,True,0.0069
5178,183.653532,9.68985,1292,2398,2398,PGC039112,VCC 0118,39112.0,140977.0,627967.0,,False,False,0.008
5179,232.540581,9.6809,3224,3419,3419,SDSSJ153009.73+094051.0,SDSS J153009.73+094051.0,4466155.0,72954.0,355520.0,,False,False,0.0114
5180,189.656488,9.67513,1471,2141,2141,PGC042265,VCC 1767,42265.0,141778.0,628694.0,,False,False,0.0071
5181,243.714513,9.67333,3185,3381,3381,AGC268148,SDSS J161451.49+094023.9,5060393.0,115324.0,528899.0,268148.0,False,True,0.0113
5182,183.723031,9.66984,1705,2126,2126,PGC1368352,WISEA J121453.51+094011.5,1368352.0,48902.0,238601.0,224248.0,False,True,0.0071
5183,145.9635,9.655,3177,3272,3272,UGC05204,UGC 05204,27851.0,136053.0,623384.0,5204.0,False,True,0.0109
5184,183.9852,9.65075,2220,659,2473,PGC039255,VCC 0169,39255.0,141012.0,627997.0,220258.0,False,True,0.0022
5185,120.533334,9.64917,2365,2437,2437,AGC188848,AGC 188848,5058970.0,,,188848.0,False,True,0.0081
5186,138.956046,9.64734,2733,2828,2828,SDSSJ091549.46+093850.4,SDSS J091549.45+093850.5,3997615.0,73775.0,359373.0,192311.0,False,True,0.0094
5187,145.713737,9.63321,1461,1574,1622,AGC198337,SDSS J094251.25+093757.6,5060150.0,,,198337.0,False,True,0.0053
5188,188.630391,9.62342,1292,2580,2580,IC3518,IC 3518,41828.0,49171.0,239734.0,,False,False,0.0086
5189,167.727098,9.62182,1590,2192,1910,PGC033981,TOLOLO 1108+098,33981.0,48433.0,235463.0,213064.0,False,True,0.0073
5190,119.845626,9.61827,2582,2647,2647,SDSSJ075922.94+093705.9,2MASS J07592293+0937063,4150559.0,109532.0,,174621.0,False,True,0.0088
5191,146.1825,9.616,541,659,424,IC0559,IC 0559,27910.0,136062.0,623392.0,190472.0,False,True,0.0022
5192,169.867066,9.59563,986,1442,799,PGC1367320,WISEA J111928.02+093544.4,1367320.0,48484.0,235757.0,213074.0,False,True,0.0048
5193,188.910335,9.58943,757,312,312,PGC041962,VCC 1629,41962.0,,,,False,False,0.001
5194,183.877018,9.58493,607,1210,304,NGC4207,NGC 4207,39206.0,169853.0,693058.0,7268.0,False,True,0.004
5195,190.477541,9.58463,1884,2228,2228,PGC042609,VCC 1896,42609.0,162260.0,669633.0,,False,False,0.0074
5196,186.710768,9.5843,816,1119,284,NGC4417,NGC 4417,40756.0,141374.0,628325.0,,False,False,0.0037
5197,196.412998,9.56643,3272,3447,3447,PGC1366921,SDSS J130539.13+093359.0,1366921.0,77597.0,377880.0,735108.0,False,True,0.0115
5198,189.37733,9.55509,2273,1189,2524,NGC4578,NGC 4578,42149.0,162133.0,669020.0,,False,False,0.004
5199,185.078294,9.54536,1876,2219,2219,IC3167,IC 3167,39795.0,161518.0,667132.0,,False,False,0.0074
5200,243.566309,9.53721,3245,3631,3439,IC1205,IC 1205,57574.0,115320.0,528891.0,260337.0,False,True,0.0121
5201,131.275418,9.53,3156,3224,3224,AGC181495,ADBS J084504+0932,5058717.0,,,181495.0,False,True,0.0108
5202,146.977031,9.51274,3080,3179,3179,SDSSJ094754.48+093045.8,WISEA J094754.50+093045.6,3998444.0,51975.0,253715.0,,False,False,0.0106
5203,190.691643,9.51072,953,80,80,PGC042723,VCC 1936,42723.0,76946.0,375400.0,,False,False,0.0003
5204,224.199877,9.50911,3057,3255,3255,UGC09614,UGC 09614,53419.0,72174.0,352630.0,9614.0,False,True,0.0109
5205,218.847138,9.50148,2086,2340,2340,PGC087316,LSBC D723-06,87316.0,165254.0,682050.0,242042.0,False,True,0.0078
5206,184.546145,9.49969,1575,2101,2101,IC3118,IC 3118,39503.0,141089.0,600391.0,,False,False,0.007
5207,147.404397,9.49491,3101,3200,3200,PGC1365943,WISEA J094937.00+092942.8,1365943.0,51969.0,253697.0,192402.0,False,True,0.0107
5208,145.722621,9.4949,3182,3427,3276,PGC027776,UGC 05189 NED01,27776.0,157392.0,253466.0,5189.0,False,True,0.0114
5209,186.221223,9.4935,728,319,319,PGC040435,VCC 0756,40435.0,141301.0,628259.0,,False,False,0.0011
5210,143.511303,9.47921,3051,3591,3144,NGC2913,NGC 2913,27184.0,51826.0,252978.0,5095.0,False,True,0.012
5211,187.852809,9.47435,603,301,301,PGC041442,VCC 1357,41442.0,141567.0,628498.0,,False,False,0.001
5212,145.736456,9.47117,3248,3340,3340,PGC027784,UGC 05189,27784.0,51913.0,253463.0,,False,False,0.0111
5213,185.035791,9.46785,1788,2167,2167,PGC039766,VCC 0394,39766.0,141167.0,628138.0,,False,False,0.0072
5214,188.38175,9.45924,810,287,287,PGC041720,VCC 1509,41720.0,49178.0,239761.0,,False,False,0.001
5215,145.678588,9.45606,3171,3265,3265,PGC1365365,SDSS J094242.88+092722.0,1365365.0,51915.0,253468.0,,False,False,0.0109
5216,193.509055,9.44724,1824,2187,2187,PGC1365234,WISEA J125402.16+092650.3,1365234.0,170743.0,693961.0,225850.0,False,True,0.0073
5217,233.822916,9.44667,2836,3042,3042,AGC258136,AGC 258136,5059370.0,,,258136.0,False,True,0.0101
5218,187.283981,9.44377,1136,551,551,PGC041124,VCC 1141,41124.0,141479.0,628415.0,,False,False,0.0018
5219,187.066433,9.4363,349,1371,164,NGC4445,NGC 4445,40987.0,,,,False,False,0.0046
5220,187.22895,9.42112,1051,1610,957,PGC041090,VCC 1164,41090.0,161855.0,668021.0,220645.0,False,True,0.0054
5221,145.874175,9.42077,3288,3378,3378,PGC027823,CGCG 063-052,27823.0,51908.0,253443.0,,False,False,0.0113
5222,186.7987,9.42044,441,1069,222,NGC4424,NGC 4424,40809.0,,,,False,False,0.0036
5223,172.100092,9.40766,1710,2636,2042,NGC3692,NGC 3692,35314.0,159895.0,660369.0,6474.0,False,True,0.0088
5224,184.254573,9.40758,1253,957,957,IC3097,IC 3097,39375.0,161380.0,666674.0,,False,False,0.0032
5225,191.417501,9.4062,1296,2376,2376,PGC043019,VCC 2029,43019.0,,,,False,False,0.0079
5226,187.510947,9.40328,899,180,180,PGC1364593,VCCA 038,1364593.0,48962.0,238853.0,,False,False,0.0006
5227,190.466555,9.40292,970,1114,27,UGC07854,UGC 07854,42605.0,162257.0,669626.0,,False,False,0.0037
5228,189.917137,9.39882,1886,2229,2229,PGC042378,VCC 1804,42378.0,162193.0,669266.0,,False,False,0.0074
5229,188.306045,9.3973,1075,1300,957,IC3487,IC 3487,41680.0,49179.0,239763.0,,False,False,0.0043
5230,194.264449,9.38306,2657,2867,2867,SDSSJ125703.47+092258.9,WISEA J125703.43+092259.1,4348354.0,77294.0,376812.0,,False,False,0.0096
5231,146.012149,9.37426,3092,3188,3188,PGC1364168,SDSS J094402.90+092227.1,1364168.0,51907.0,253440.0,191867.0,False,True,0.0106
5232,214.936341,9.36261,1274,668,1576,UGC09169,UGC 09169,51207.0,78832.0,383468.0,9169.0,False,True,0.0022
5233,211.614314,9.35989,3262,3448,3448,,WISEA J140627.42+092136.9,,144510.0,631213.0,,False,False,0.0115
5234,148.530459,9.35986,1520,1694,1694,SDSSJ095407.30+092135.5,WISEA J095407.29+092135.2,3998577.0,51946.0,253631.0,,False,False,0.0057
5235,186.875608,9.3404,1710,2135,2135,PGC040867,VCC 1013,40867.0,141408.0,628355.0,220609.0,False,True,0.0071
5236,185.675957,9.33259,1252,1954,957,NGC4316,NGC 4316,40119.0,169881.0,693085.0,7447.0,False,True,0.0065
5237,194.402199,9.31282,1938,2261,2261,SDSSJ125736.51+091846.1,WISEA J125736.51+091846.0,4348708.0,77063.0,376023.0,735001.0,False,True,0.0075
5238,191.659366,9.30727,853,275,275,UGC07942,UGC 07942,43100.0,162396.0,670499.0,,False,False,0.0009
5239,214.722961,9.29138,1203,1334,1478,SDSSJ141853.47+091728.7,WISEA J141853.50+091729.5,4112777.0,78833.0,383475.0,244129.0,False,True,0.0044
5240,172.531068,9.27668,1018,1315,801,NGC3705,NGC 3705,35440.0,139552.0,626672.0,6498.0,False,True,0.0044
5241,148.706706,9.2714,1484,1892,1658,NGC3049,NGC 3049,28590.0,51939.0,253614.0,5325.0,False,True,0.0063
5242,136.399583,9.26389,2473,2570,2570,AGC198347,AGC 198347,5060105.0,,,198347.0,False,True,0.0086
5243,203.528899,9.26202,1120,1311,1311,SDSSJ133406.94+091543.2,SDSS J133406.94+091543.2,4544337.0,78271.0,380009.0,,False,False,0.0044
5244,187.16892,9.25892,860,1928,245,NGC4451,NGC 4451,41050.0,169907.0,693111.0,7600.0,False,True,0.0064
5245,145.757746,9.25261,3217,3308,3308,AGC193782,WISEA J094301.83+091508.9,5060151.0,,,193782.0,False,True,0.011
5246,185.4358,9.2367,1504,2120,2120,PGC039985,VCC 0499,39985.0,,,,False,False,0.0071
5247,123.88625,9.23278,1905,1995,1995,AGC182466,AGC 182466,5060094.0,,,182466.0,False,True,0.0067
5248,182.737926,9.21943,2245,3727,2490,PGC038784,VCC 0031,38784.0,170438.0,693648.0,220176.0,False,True,0.0124
5249,164.392437,9.21482,2685,2839,2839,SDSSJ105734.18+091253.3,WISEA J105734.23+091252.5,5065013.0,124784.0,573886.0,,False,False,0.0095
5250,176.1911,9.213,2869,3037,3037,UGC06717,UGC 06717,36571.0,169804.0,693009.0,6717.0,False,True,0.0101
5251,143.473122,9.20473,2336,2456,2456,SDSSJ093353.55+091216.9,WISEA J093353.57+091215.9,3998095.0,51847.0,253139.0,192354.0,False,True,0.0082
5252,231.523208,9.20416,1896,2978,2143,UGC09845,UGC 09845,55078.0,166193.0,685085.0,9845.0,False,True,0.0099
5253,183.648676,9.19974,1787,2162,2162,PGC039109,VCC 0117,39109.0,161278.0,666343.0,220231.0,False,True,0.0072
5254,197.174582,9.19471,3128,3309,3309,SDSSJ130841.90+091140.9,SDSS J130841.89+091140.8,4573302.0,77561.0,377766.0,233783.0,False,True,0.011
5255,188.754,9.18604,1269,957,957,PGC041890,VCC 1596,41890.0,141675.0,600531.0,220812.0,False,True,0.0032
5256,111.412418,9.18313,1174,1250,1250,PGC020981,CGCG 057-013,20981.0,,,170328.0,False,True,0.0042
5257,188.41543,9.17486,2320,1183,2561,NGC4522,NGC 4522,41729.0,162012.0,668561.0,7711.0,False,True,0.0039
5258,164.364084,9.17445,2723,2875,2875,AGC205061,SDSS J105727.36+091027.8,5059136.0,,,205061.0,False,True,0.0096
5259,188.139582,9.17368,1146,1225,1253,PGC041587,UGCA 284,41587.0,170520.0,693730.0,220751.0,False,True,0.0041
5260,139.128915,9.17338,1295,1419,1419,AGC198354,AGC 198354,5059988.0,,,198354.0,False,True,0.0047
5261,217.632498,9.16806,2221,2464,2464,AGC249177,AGC 249177,5058815.0,,,249177.0,False,True,0.0082
5262,176.342174,9.16207,2927,3091,3091,SDSSJ114522.09+090943.6,SDSS J114522.09+090943.6,4001344.0,,,,False,False,0.0103
5263,176.361102,9.16078,2894,3060,3060,NGC3876,NGC 3876,36644.0,160520.0,663187.0,6730.0,False,True,0.0102
5264,191.913819,9.15762,1583,2094,2094,PGC043180,VCC 2054,43180.0,76917.0,375321.0,,False,False,0.007
5265,188.628755,9.15451,442,1426,224,IC3517,IC 3517,41829.0,,,,False,False,0.0048
5266,235.714467,9.15351,2148,2378,2378,SDSSJ154251.47+090912.7,SDSS J154251.47+090912.7,4474867.0,,356102.0,258151.0,False,True,0.0079
5267,219.801896,9.13495,1763,1991,2041,PGC1360237,SDSS J143912.44+090805.7,1360237.0,79008.0,384171.0,714204.0,False,True,0.0066
5268,132.422501,9.12306,2080,2183,2183,AGC188857,AGC 188857,5059024.0,,,188857.0,False,True,0.0073
5269,188.328212,9.12054,1302,2509,2509,PGC041697,VCC 1496,41697.0,141626.0,628555.0,,False,False,0.0084
5270,144.258502,9.10272,3072,3164,3164,PGC1359643,WISEA J093702.07+090609.7,1359643.0,51801.0,252717.0,191046.0,False,True,0.0106
5271,187.570105,9.08524,2116,2392,2392,IC3430,IC 3430,41294.0,141515.0,628449.0,,False,False,0.008
5272,192.748057,9.07737,1118,887,887,PGC1359187,WISEA J125059.59+090438.8,1359187.0,77088.0,376106.0,225857.0,False,True,0.003
5273,168.165926,9.05578,1416,1403,1755,IC0676,IC 0676,34107.0,159449.0,658402.0,6245.0,False,True,0.0047
5274,147.855177,9.05159,3159,3255,3255,SDSSJ095125.19+090305.8,SDSS J095125.19+090305.8,4017430.0,136134.0,623456.0,,False,False,0.0109
5275,164.656551,9.05043,2624,2783,2783,UGC06062,UGC 06062,33030.0,159063.0,656681.0,,False,False,0.0093
5276,185.52355,9.04371,1059,1538,957,NGC4307,NGC 4307,40033.0,49010.0,239029.0,7431.0,False,True,0.0051
5277,187.669357,9.01567,883,1203,217,NGC4483,NGC 4483,41339.0,49076.0,239292.0,,False,False,0.004
5278,183.422577,9.01118,1804,2169,2169,SDSSJ121341.42+090040.2,WISEA J121341.44+090040.4,3476994.0,48910.0,238637.0,,False,False,0.0072
5279,175.077084,9.00987,1830,2213,2144,IC0719,IC 0719,36205.0,169795.0,693000.0,6633.0,False,True,0.0074
5280,208.991937,8.99528,1220,1534,1534,PGC087294,LSBC D721-10,87294.0,,,238643.0,False,True,0.0051
5281,186.199013,8.99144,954,80,80,PGC040424,VCC 0747,40424.0,141298.0,628256.0,,False,False,0.0003
5282,191.1918,8.9802,1273,2426,2426,PGC042945,VCC 2004,42945.0,,,,False,False,0.0081
5283,203.939807,8.9692,1162,1661,1441,UGC08575,UGC 08575,47947.0,170002.0,693206.0,8575.0,False,True,0.0055
5284,185.303166,8.96317,1562,2103,2103,PGC039905,VCC 0458,39905.0,141204.0,628169.0,,False,False,0.007
5285,190.8365,8.9507,1495,2111,2111,PGC042796,VCC 1964,42796.0,142050.0,628950.0,,False,False,0.007
5286,184.310483,8.94231,1351,2270,2270,UGC07314,UGC 07314,39397.0,48899.0,238589.0,,False,False,0.0076
5287,138.194511,8.9389,1299,1420,1420,SDSSJ091246.67+085619.9,SDSS J091246.59+085620.1,4088225.0,135747.0,623135.0,192475.0,False,True,0.0047
5288,217.968674,8.93301,2175,3867,2420,PGC051912,CGCG 075-061,51912.0,78918.0,383831.0,240431.0,False,True,0.0129
5289,145.275417,8.92167,3152,3243,3243,AGC198336,SDSS J094106.14+085517.9,5060146.0,,,198336.0,False,True,0.0108
5290,183.557207,8.90822,1939,2254,2254,SDSSJ121413.79+085429.7,SDSS J121413.78+085429.7,4015889.0,170622.0,693832.0,224244.0,False,True,0.0075
5291,144.643545,8.8879,3229,3316,3316,2MASXJ09383447+0853159,WISEA J093834.46+085316.5,3531206.0,51843.0,253092.0,,False,False,0.0111
5292,204.38342,8.88518,1152,934,1408,NGC5248,NGC 5248,48130.0,143701.0,,8616.0,True,True,0.0031
5293,186.696671,8.88459,1272,1262,957,NGC4411B,NGC 4411b,40745.0,48967.0,238886.0,7546.0,False,True,0.0042
5294,192.981988,8.87821,1130,1111,1111,PGC1355373,WISEA J125155.68+085241.6,1355373.0,77086.0,376082.0,,False,False,0.0037
5295,174.969838,8.87452,1982,1805,2255,IC0718,IC 0718,36174.0,169794.0,692999.0,6626.0,False,True,0.006
5296,186.624412,8.87224,1279,1262,957,NGC4411,NGC 4411,40695.0,,,7537.0,False,True,0.0042
5297,184.763136,8.85603,2468,2317,2684,IC0776,IC 0776,39613.0,67299.0,329718.0,7352.0,False,True,0.0077
5298,186.799689,8.84002,1259,957,957,PGC040810,VCC 0976,40810.0,141392.0,628342.0,,False,False,0.0032
5299,184.16499,8.83444,1979,2283,2283,,SDSS J121639.61+085004.4,,,,223361.0,False,True,0.0076
5300,186.684638,8.82379,1380,2257,2257,PGC040737,VCC 0933,40737.0,141368.0,628321.0,,False,False,0.0075
5301,187.230716,8.81698,1306,2477,2477,PGC041091,VCC 1142,41091.0,,,222021.0,False,True,0.0083
5302,187.31369,8.81451,983,-24,-24,PGC041137,UGC 07622 NOTES01,41137.0,49094.0,239349.0,,False,False,
5303,211.197228,8.80083,1235,1645,1540,UGC08995,UGC 08995,50194.0,78505.0,381772.0,8995.0,False,True,0.0055
5304,189.3687,8.7945,888,219,219,PGC042144,VCC 1715,42144.0,141743.0,628661.0,,False,False,0.0007
5305,203.657502,8.79358,1224,1152,1602,PGC047826,CGCG 073-036,47826.0,170911.0,694131.0,230436.0,False,True,0.0038
5306,150.289515,8.78209,1265,1412,1412,SDSSJ100109.46+084655.6,WISEA J100109.48+084654.9,3998748.0,49338.0,240778.0,,False,False,0.0047
5307,185.409888,8.77714,1396,2213,2213,SDSSJ122138.38+084638.0,SDSS J122138.37+084638.2,4015920.0,67314.0,329838.0,,False,False,0.0074
5308,242.336416,8.76327,3049,3244,3244,UGC10225,UGC 10225,57302.0,73406.0,357135.0,10225.0,False,True,0.0108
5309,190.950081,8.76062,1673,2116,2116,PGC042842,VCC 1980,42842.0,76942.0,375385.0,,False,False,0.0071
5310,187.366731,8.75004,582,1217,293,NGC4469,NGC 4469,41164.0,49095.0,239350.0,7622.0,False,True,0.0041
5311,148.047222,8.73633,3286,3377,3377,SDSSJ095211.34+084410.7,WISEA J095211.36+084410.9,3461370.0,51955.0,253665.0,191884.0,False,True,0.0113
5312,147.676583,8.73148,2828,2933,2933,SDSSJ095042.36+084353.6,WISEA J095042.37+084352.7,3998512.0,49289.0,240483.0,191881.0,False,True,0.0098
5313,171.795561,8.7311,1037,993,873,IC2828,IC 2828,35225.0,48499.0,235882.0,210340.0,False,True,0.0033
5314,187.078255,8.7295,1121,2118,85,UGC07590,UGC 07590,40993.0,169906.0,693110.0,7590.0,False,True,0.0071
5315,122.32425,8.72757,1089,1168,1168,AGC188862,AGC 188862,5058978.0,,,188862.0,False,True,0.0039
5316,162.487488,8.71998,2588,2742,2742,PGC1352430,WISEA J104956.98+084311.6,1352430.0,124745.0,573740.0,208349.0,False,True,0.0091
5317,146.534975,8.71806,2581,2695,2695,AGC198338,SDSS J094608.35+084305.0,5060158.0,,,198338.0,False,True,0.009
5318,217.529987,8.70448,1424,1728,1728,SDSSJ143007.17+084216.0,WISEA J143007.18+084216.3,4419400.0,78909.0,383797.0,,False,False,0.0058
5319,188.352982,8.6908,1434,2172,2172,NGC4519A,NGC 4519A,41706.0,141628.0,668525.0,,False,False,0.0072
5320,144.359573,8.68948,3288,3372,3372,,SDSS J093726.08+084121.4,,51846.0,253134.0,,False,False,0.0112
5321,216.749044,8.68362,1370,1299,1675,UGC09249,UGC 09249,51587.0,165007.0,681364.0,9249.0,False,True,0.0043
5322,180.437998,8.68312,2188,2435,2435,PGC1351666,WISEA J120145.10+084059.2,1351666.0,67178.0,328971.0,224978.0,False,True,0.0081
5323,185.489527,8.67498,851,276,276,UGC07424,UGC 07424,40014.0,169876.0,693080.0,7424.0,False,True,0.0009
5324,188.376054,8.65472,1222,1861,957,NGC4519,NGC 4519,41719.0,67485.0,330896.0,7709.0,False,True,0.0062
5325,187.141357,8.63964,564,321,286,UGC07596,UGC 07596,41036.0,161839.0,667985.0,7596.0,False,True,0.0011
5326,120.195879,8.63892,2550,4275,2611,PGC090815,FGC 0699,90815.0,,,171243.0,False,True,0.0143
5327,186.133505,8.6375,1089,957,957,PGC040388,VCC 0733,40388.0,67367.0,330149.0,,False,False,0.0032
5328,233.003481,8.63321,3159,3351,3351,PGC1350642,WISEA J153200.84+083758.9,1350642.0,72965.0,355562.0,,False,False,0.0112
5329,215.185519,8.62664,1300,1808,1602,SDSSJ142044.53+083735.8,WISEA J142044.51+083735.7,4112990.0,78808.0,383366.0,714055.0,False,True,0.006
5330,187.982395,8.60223,1026,957,957,PGC041507,VCC 1395,41507.0,67445.0,,,False,False,0.0032
5331,222.886782,8.59999,1761,2029,2029,PGC1350028,WISEA J145132.80+083559.8,1350028.0,79143.0,384548.0,,False,False,0.0068
5332,165.944788,8.5722,1738,2008,2008,SDSSJ110346.81+083420.5,WISEA J110346.80+083420.5,4262841.0,,,219117.0,False,True,0.0067
5333,103.5237,8.5717,2633,2671,2671,PGC136560,ZOAG G205.59+04.48,136560.0,156095.0,,,False,False,0.0089
5334,111.509168,8.56417,3043,3081,3081,AGC174579,AGC 174579,5060037.0,,,174579.0,False,True,0.0103
5335,189.422183,8.5588,1057,1060,957,PGC042160,VCC 1725,42160.0,170535.0,693745.0,220849.0,False,True,0.0035
5336,195.467523,8.55803,2838,3031,3031,PGC1349187,WISEA J130152.18+083328.9,1349187.0,77258.0,376708.0,735052.0,False,True,0.0101
5337,204.182704,8.54688,1166,914,1445,PGC048046,CGCG 073-051,48046.0,170967.0,694190.0,232025.0,False,True,0.003
5338,185.45985,8.54175,1102,2,2,PGC039994,VCC 0503,39994.0,141221.0,628186.0,,False,False,0.0
5339,186.060915,8.53638,1093,1731,957,NGC4356,NGC 4356,40342.0,141287.0,628245.0,7482.0,False,True,0.0058
5340,184.370585,8.53282,1400,2182,2182,PGC039420,VCC 0236,39420.0,67296.0,329700.0,,False,False,0.0073
5341,231.137082,8.51556,1846,2093,2093,AGC258127,AGC 258127,5059733.0,,,258127.0,False,True,0.007
5342,241.50887,8.50663,1370,2724,1614,PGC057120,CGCG 079-046,57120.0,,,261969.0,False,True,0.0091
5343,186.164765,8.50399,875,249,249,PGC040409,VCC 0740,40409.0,,693710.0,220525.0,False,True,0.0008
5344,192.095606,8.48744,1009,1639,119,NGC4698,NGC 4698,43254.0,142357.0,629245.0,7970.0,False,True,0.0055
5345,158.954114,8.48333,1152,1264,1264,SDSSJ103548.98+082859.9,SDSS J103548.97+082859.7,4017582.0,,,202017.0,False,True,0.0042
5346,264.0463,8.48212,815,1032,1032,,WISEA J173611.11+082855.5,,167443.0,688054.0,,False,False,0.0034
5347,189.3928,8.482,1554,2102,2102,PGC042155,VCC 1722,42155.0,141746.0,628664.0,,False,False,0.007
5348,191.518446,8.47626,1482,687,2104,PGC043051,VCC 2033,43051.0,162386.0,670394.0,221000.0,False,True,0.0023
5349,143.036912,8.4697,2340,2456,2456,SDSSJ093208.81+082810.8,WISEA J093208.77+082810.3,3998045.0,135943.0,623296.0,,False,False,0.0082
5350,143.407447,8.46388,3292,3373,3373,PGC1347399,WISEA J093337.78+082749.7,1347399.0,51802.0,252725.0,,False,False,0.0113
5351,204.627678,8.44236,1021,1759,986,UGC08629,UGC 08629,48212.0,170007.0,693211.0,8629.0,False,True,0.0059
5352,143.025937,8.44181,2279,2735,2397,NGC2906,NGC 2906,27074.0,157300.0,648556.0,5081.0,False,True,0.0091
5353,186.668666,8.43568,908,1157,201,NGC4415,NGC 4415,40727.0,67419.0,330489.0,,False,False,0.0039
5354,187.497906,8.43182,616,305,305,PGC1346685,2MFGC 09847,1346685.0,67437.0,330579.0,227861.0,False,True,0.001
5355,148.873694,8.39063,1281,1673,1425,PGC028627,UGCA 188,28627.0,157565.0,649147.0,190600.0,False,True,0.0056
5356,186.791313,8.38992,1433,2170,2170,PGC040803,VCC 0974,40803.0,67421.0,330499.0,,False,False,0.0072
5357,190.049768,8.38373,1960,1901,2274,NGC4598,NGC 4598,42427.0,67524.0,331038.0,,False,False,0.0063
5358,184.049614,8.37344,862,288,288,PGC039260,VCC 0171,39260.0,141020.0,628003.0,220261.0,False,True,0.001
5359,146.245522,8.36983,1738,1894,1894,2MASXJ09445892+0822116,WISEA J094458.92+082211.6,3460270.0,49247.0,240208.0,191869.0,False,True,0.0063
5360,187.714081,8.3601,980,564,24,NGC4488,NGC 4488,41363.0,67447.0,330633.0,,False,False,0.0019
5361,147.626304,8.36,2761,2868,2868,SDSSJ095030.30+082136.0,WISEA J095030.29+082135.9,3998507.0,49284.0,240469.0,,False,False,0.0096
5362,193.556445,8.35867,2893,3080,3080,PGC1345197,SDSS J125413.56+082130.3,1345197.0,77202.0,376534.0,734948.0,False,True,0.0103
5363,186.57714,8.34962,1088,1268,957,PGC040670,VCC 0888,40670.0,170507.0,693717.0,220572.0,False,True,0.0042
5364,240.968595,8.34256,3120,3311,3311,PGC056904,CGCG 051-027,56904.0,73371.0,356990.0,261297.0,False,True,0.011
5365,185.770141,8.33337,1295,2437,2437,PGC040177,VCC 0611,40177.0,67365.0,330121.0,,False,False,0.0081
5366,219.255312,8.31794,1712,1993,1993,PGC1344367,WISEA J143701.29+081904.7,1344367.0,78851.0,383609.0,,False,False,0.0066
5367,135.534999,8.3017,2582,2786,2669,NGC2731,NGC 2731,25376.0,135615.0,599341.0,4741.0,False,True,0.0093
5368,185.6575,8.2964,1409,2188,2188,PGC040107,VCC 0566,40107.0,170492.0,693702.0,220457.0,False,True,0.0073
5369,186.021097,8.2939,1370,2254,2254,SDSSJ122405.09+081737.7,WISEA J122405.08+081738.3,4324871.0,170737.0,329873.0,225022.0,False,True,0.0075
5370,183.912535,8.28353,2588,2787,2787,PGC039230,VCC 0159,39230.0,170453.0,329416.0,220255.0,False,True,0.0093
5371,216.101371,8.27619,1254,1833,1536,UGC09225,UGC 09225,51449.0,164939.0,681156.0,9225.0,False,True,0.0061
5372,193.890285,8.24047,2775,2970,2970,NGC4803,NGC 4803,44061.0,142529.0,629407.0,,False,False,0.0099
5373,193.837464,8.21932,2829,3019,3019,SDSSJ125520.99+081309.5,WISEA J125520.99+081309.6,4347217.0,77221.0,376581.0,,False,False,0.0101
5374,186.827876,8.21284,1446,2153,2153,PGC040834,NGC 4472 DW09,40834.0,141396.0,628346.0,,False,False,0.0072
5375,207.094839,8.21151,1160,1189,1414,PGC1341784,SDSS J134822.75+081241.7,1341784.0,78363.0,380642.0,713655.0,False,True,0.004
5376,184.001721,8.20227,715,331,331,PGC039264,VCC 0173,39264.0,161337.0,666527.0,,False,False,0.0011
5377,148.14632,8.19908,2720,2829,2829,PGC1341454,WISEA J095235.10+081155.6,1341454.0,49293.0,240513.0,191885.0,False,True,0.0094
5378,185.680361,8.19828,1212,1742,957,NGC4318,NGC 4318,40122.0,67317.0,329850.0,,False,False,0.0058
5379,188.584509,8.19798,1962,1151,2274,NGC4535,NGC 4535,41812.0,,,7727.0,False,True,0.0038
5380,186.505301,8.1935,1304,2423,2423,PGC040631,VCC 0867,40631.0,141344.0,628300.0,220561.0,False,True,0.0081
5381,204.009395,8.18644,1242,2454,1624,PGC091299,FGC 1642,91299.0,170945.0,694167.0,231022.0,False,True,0.0082
5382,157.113343,8.17387,1490,1707,1707,AGC208295,WISEA J102827.20+081025.8,5059695.0,,,208295.0,False,True,0.0057
5383,218.034711,8.16903,2281,2514,2514,SDSSJ143208.28+081008.9,SDSS J143208.28+081008.9,4420962.0,,,249178.0,False,True,0.0084
5384,184.490237,8.16619,2001,2296,2296,,WISEA J121757.66+080958.3,,141081.0,,,False,False,0.0077
5385,184.5013,8.1653,2001,2296,2296,AGC226127,WISEA J121800.25+080955.4,5059185.0,,,226127.0,False,True,0.0077
5386,194.222691,8.16148,2593,2803,2803,PGC044211,CGCG 043-078,44211.0,77220.0,376574.0,222259.0,False,True,0.0093
5387,241.712551,8.15795,2800,2999,2999,SDSSJ160651.01+080928.6,WISEA J160651.00+080928.7,4120535.0,73400.0,357110.0,262533.0,False,True,0.01
5388,187.33873,8.15659,1266,1106,957,NGC4464,NGC 4464,41148.0,141486.0,628421.0,,False,False,0.0037
5389,186.902841,8.15432,1070,1577,957,NGC4434,NGC 4434,40886.0,161812.0,667905.0,,False,False,0.0053
5390,185.370681,8.15094,2534,2740,2740,PGC039947,VCC 0479,39947.0,161563.0,667262.0,,False,False,0.0091
5391,194.279166,8.14528,2630,2836,2836,AGC229050,AGC 229050,5059231.0,,,229050.0,False,True,0.0095
5392,218.126381,8.13591,2108,2354,2354,SDSSJ143230.31+080809.0,WISEA J143230.33+080809.9,4421246.0,78876.0,383683.0,249224.0,False,True,0.0079
5393,204.711648,8.10806,1188,1493,1493,AGC233601,WISEA J133850.72+080628.6,5059258.0,171065.0,694295.0,233601.0,False,True,0.005
5394,191.197986,8.10694,1859,2205,2205,IC3716,IC 3716,42947.0,162358.0,670192.0,220987.0,False,True,0.0074
5395,188.149329,8.09241,786,314,314,PGC041592,VCC 1441,41592.0,67448.0,330637.0,,False,False,0.001
5396,186.978478,8.09042,607,1279,302,UGC07580,UGC 07580,40931.0,67430.0,330541.0,,False,False,0.0043
5397,218.107317,8.07857,2233,1849,2469,NGC5665,NGC 5665,51953.0,165162.0,681768.0,9352.0,False,True,0.0062
5398,187.748878,8.07784,1743,1262,2143,NGC4492,NGC 4492,41383.0,169911.0,693115.0,7656.0,False,True,0.0042
5399,171.514147,8.07557,1567,1442,1929,AGC219119,WISEA J112603.28+080433.5,5060230.0,,,219119.0,False,True,0.0048
5400,187.521296,8.07356,1306,2005,2419,PGC041264,VIII Zw 189,41264.0,,,,False,False,0.0067
5401,189.7989,8.0726,1653,2109,2109,PGC042318,VCC 1781,42318.0,141793.0,628709.0,,False,False,0.007
5402,193.761927,8.06553,2785,2978,2978,NGC4795,NGC 4795,43998.0,162580.0,671655.0,,False,False,0.0099
5403,187.395787,8.05798,1392,1140,2218,PGC041180,VCC 1199,41180.0,,,,False,False,0.0038
5404,189.145602,8.05469,1795,526,2168,PGC042068,VCC 1675,42068.0,170534.0,693744.0,220837.0,False,True,0.0018
5405,193.683111,8.05311,2524,2740,2740,NGC4791,NGC 4791,43950.0,77218.0,376568.0,221597.0,False,True,0.0091
5406,184.199503,8.04901,2588,2244,2787,PGC039351,VCC 0207,39351.0,161371.0,666637.0,222200.0,False,True,0.0075
5407,165.757911,8.04832,1359,2636,1639,PGC4689209,PGC1 4689209 NED001,4689209.0,,,202040.0,False,True,0.0088
5408,188.134901,8.0454,609,304,304,UGC07688,UGC 07688,41586.0,141605.0,628534.0,,False,False,0.001
5409,142.44232,8.04332,2112,2234,2234,SDSSJ092946.17+080235.8,WISEA J092946.21+080236.7,3997986.0,46988.0,228505.0,,False,False,0.0075
5410,193.358409,8.03553,2892,3077,3077,PGC1337305,WISEA J125326.01+080207.9,1337305.0,77212.0,376556.0,,False,False,0.0103
5411,185.748582,8.03094,652,316,316,PGC1337184,VCCA 028,1337184.0,67378.0,330206.0,,False,False,0.0011
5412,148.244642,8.02816,2641,2753,2753,PGC087189,LSBC D709-09,87189.0,136160.0,623480.0,191817.0,False,True,0.0092
5413,187.0864,8.0118,1100,957,957,PGC041000,VCC 1095,41000.0,,,,False,False,0.0032
5414,190.292316,8.00401,1680,2115,2115,PGC042537,VCC 1866,42537.0,77027.0,375821.0,,False,False,0.0071
5415,166.986314,8.00112,3258,3881,3383,SDSSJ110755.34+080036.1,SDSS J110755.34+080036.0,5075237.0,,,,False,False,0.0129
5416,187.444536,7.99972,979,1135,60,NGC4472,MESSIER 049,41220.0,,,,False,False,0.0038
5417,254.160532,7.99874,1473,2214,1702,PGC2801031,PGC1 2801031 NED001,2801031.0,,,,False,False,0.0074
5418,161.18877,7.99873,2534,2685,2685,SDSSJ104445.31+075955.7,SDSS J104445.31+075955.7,4010749.0,40384.0,194445.0,203364.0,False,True,0.009
5419,257.877885,7.99458,2570,2335,2768,UGC10743,UGC 10743,59782.0,,,,False,False,0.0078
5420,112.74875,7.99306,1872,1937,1937,AGC171462,LSBC D702-01,5059763.0,,,171462.0,False,True,0.0065
5421,187.376091,7.99288,1390,1181,2218,NGC4467,NGC 4467,41169.0,,,,False,False,0.0039
5422,241.804109,7.97897,2845,3198,3042,NGC6063,NGC 6063,57205.0,73393.0,357095.0,10210.0,False,True,0.0107
5423,189.8532,7.96544,2076,1120,2358,IC3617,IC 3617,42348.0,,,7822.0,False,True,0.0037
5424,141.650307,7.95444,2144,2685,2262,NGC2882,NGC 2882,26781.0,46967.0,228275.0,5030.0,False,True,0.009
5425,185.671449,7.95036,1101,1667,126,PGC040115,VCC 0571,40115.0,161616.0,667403.0,,False,False,0.0056
5426,187.404438,7.93274,873,258,258,PGC041185,NGC 4471,41185.0,,,,False,False,0.0009
5427,184.054314,7.92916,2240,2482,2482,PGC039288,VCC 0180,39288.0,161342.0,666555.0,222297.0,False,True,0.0083
5428,168.219572,7.92196,1390,1790,1715,PGC1334441,WISEA J111252.68+075518.9,1334441.0,40715.0,195718.0,213796.0,False,True,0.006
5429,186.694584,7.91885,1391,2213,2213,NGC4416,NGC 4416,40743.0,169896.0,693100.0,7541.0,False,True,0.0074
5430,193.792841,7.91793,2652,2855,2855,UGC08042,UGC 08042,44008.0,169959.0,693163.0,8042.0,False,True,0.0095
5431,185.70111,7.91361,1297,2390,2390,PGC040136,VCC 0584,40136.0,67373.0,330191.0,,False,False,0.008
5432,193.847592,7.9099,2801,2992,2992,UGC08045,UGC 08045,44033.0,142524.0,629402.0,8045.0,False,True,0.01
5433,195.9078,7.904,2968,3150,3150,PGC045112,CGCG 043-122,45112.0,,,,False,False,0.0105
5434,142.542933,7.90271,2041,2469,2167,IC0540,IC 0540,26968.0,46990.0,228511.0,5064.0,False,True,0.0082
5435,186.212073,7.89898,797,315,315,AGC227889,VCCA 084,5060270.0,,,227889.0,False,True,0.0011
5436,189.586883,7.8915,1774,1687,2157,UGC07802,UGC 07802,42230.0,169930.0,693134.0,7802.0,False,True,0.0056
5437,130.091667,7.89,2004,2760,2098,AGC182493,AGC 182493,5060095.0,,,182493.0,False,True,0.0092
5438,183.741822,7.88443,2415,2631,2631,SDSSJ121458.02+075304.2,WISEA J121458.02+075303.8,5064852.0,67239.0,329383.0,,False,False,0.0088
5439,187.31103,7.87752,1544,2102,2102,PGC041130,VCC 1167,41130.0,67432.0,330562.0,,False,False,0.007
5440,188.407151,7.87149,578,292,292,PGC041726,VCC 1514,41726.0,141632.0,628558.0,,False,False,0.001
5441,184.840614,7.87069,2480,2690,2690,IC3148,IC 3148,39658.0,170474.0,693684.0,220358.0,False,True,0.009
5442,182.687522,7.86797,2043,2322,2322,SDSSJ121044.99+075205.0,WISEA J121045.01+075204.5,4314583.0,67232.0,329288.0,,False,False,0.0077
5443,184.208824,7.86245,2207,2455,2455,LSBVCC378,LSBVCC 378,5098375.0,,,,False,False,0.0082
5444,221.339337,7.86239,1690,1755,1964,UGC09500,UGC 09500,52689.0,145564.0,632180.0,9500.0,False,True,0.0059
5445,184.712052,7.86198,1530,2094,2094,IC3131,IC 3131,39583.0,141116.0,600410.0,,False,False,0.007
5446,168.250908,7.86198,1396,1588,1723,PGC034135,CGCG 039-068,34135.0,40716.0,195730.0,212097.0,False,True,0.0053
5447,188.336935,7.85448,2131,2399,2399,PGC041699,VCC 1498,41699.0,67449.0,330640.0,,False,False,0.008
5448,195.754536,7.85219,2858,3047,3047,PGC045057,CGCG 043-113,45057.0,77416.0,377240.0,,False,False,0.0102
5449,147.8203,7.82875,556,640,425,,UGC 05288,,136132.0,240413.0,5288.0,False,True,0.0021
5450,187.407519,7.82411,2337,1203,2568,NGC4470,NGC 4470,41189.0,161886.0,668117.0,7627.0,False,True,0.004
5451,124.200832,7.81917,2400,2469,2469,AGC188869,AGC 188869,5058986.0,,,188869.0,False,True,0.0082
5452,129.397785,7.80856,2002,3126,2093,PGC1331483,WISEA J083735.45+074831.0,1331483.0,51676.0,251369.0,181770.0,False,True,0.0104
5453,187.173077,7.80427,847,285,285,PGC041056,NGC 4472 DW05,41056.0,67436.0,330577.0,,False,False,0.001
5454,195.81128,7.80226,2923,3107,3107,UGC08155,UGC 08155,45079.0,142893.0,629759.0,8155.0,False,True,0.0104
5455,184.096666,7.79969,2352,2577,2577,PGC039309,VCC 0190,39309.0,,,223355.0,False,True,0.0086
5456,188.194597,7.79912,1339,2306,2306,PGC041619,VCC 1455,41619.0,161984.0,668440.0,220755.0,False,True,0.0077
5457,117.590298,7.79447,351,714,298,AGC174605,GALEXASC J075021.71+074740.3,5060076.0,,,,False,False,0.0024
5458,220.329985,7.79298,1772,1867,2042,PGC084268,KUG 1438+080,84268.0,78970.0,384031.0,249303.0,False,True,0.0062
5459,178.433442,7.79241,2563,2753,2753,PGC037301,TOLOLO 1151+080,37301.0,67119.0,328735.0,210891.0,False,True,0.0092
5460,148.258335,7.79083,2595,2707,2707,PGC2807014,LSBC D709-10,2807014.0,,,191818.0,False,True,0.009
5461,186.4635,7.7875,659,318,318,EVCC0580,VCCA 032,5098426.0,141338.0,628294.0,,False,False,0.0011
5462,257.483524,7.78687,2591,2788,2788,PGC1330929,PGC1 0059782 NED002,1330929.0,,,,False,False,0.0093
5463,186.001105,7.78517,1116,2230,343,NGC4353,NGC 4353,40303.0,161653.0,667524.0,220502.0,False,True,0.0074
5464,183.538143,7.77652,1222,1866,2115,UGC07239,UGC 07239,39067.0,67293.0,329690.0,7239.0,False,True,0.0062
5465,152.585556,7.75376,1280,1432,1432,SDSSJ101020.51+074513.6,SDSS J101020.52+074513.6,4091939.0,49375.0,240996.0,,False,False,0.0048
5466,184.520406,7.74582,2185,2437,2437,SDSSJ121804.89+074444.9,VCCA 015,5065036.0,67300.0,329741.0,,False,False,0.0081
5467,185.519348,7.73943,1276,2403,2403,SDSSJ122204.66+074422.0,VCCA 026,4323370.0,,330170.0,,False,False,0.008
5468,184.279841,7.73374,2282,2517,2517,SDSSJ121707.14+074401.9,LSBVCC 384,5064851.0,67298.0,329717.0,,False,False,0.0084
5469,185.734357,7.73304,1054,957,957,PGC040156,VCC 0598,40156.0,67375.0,330197.0,,False,False,0.0032
5470,186.411802,7.73235,1547,2098,2098,PGC040554,VCC 0820,40554.0,67394.0,330253.0,,False,False,0.007
5471,187.754539,7.72321,1248,957,957,PGC041391,NGC 4472 DW04,41391.0,67442.0,330602.0,,False,False,0.0032
5472,193.766852,7.72144,1406,2080,2080,SDSSJ125504.03+074316.9,WISEA J125504.06+074318.0,5064846.0,77219.0,376569.0,,False,False,0.0069
5473,142.376043,7.71817,2145,3027,2264,NGC2894,NGC 2894,26932.0,135916.0,623272.0,5056.0,False,True,0.0101
5474,188.512545,7.69926,577,1112,292,NGC4526,NGC 4526,41772.0,162027.0,,7718.0,False,True,0.0037
5475,187.377319,7.69642,751,2123,325,NGC4466,NGC 4466,41170.0,67441.0,330599.0,7626.0,False,True,0.0071
5476,177.764736,7.69365,2730,2903,2903,PGC1328402,SDSS J115103.50+074137.3,1328402.0,67112.0,328669.0,215654.0,False,True,0.0097
5477,185.03115,7.69168,2617,2813,2813,NGC4276,NGC 4276,39765.0,67272.0,329574.0,7385.0,False,True,0.0094
5478,193.265471,7.68326,1624,2083,2083,PGC043746,CGCG 043-053,43746.0,77210.0,376550.0,,False,False,0.0069
5479,190.544589,7.67698,1788,1210,2162,NGC4623,NGC 4623,42647.0,141977.0,628880.0,,False,False,0.004
5480,186.699763,7.67152,610,304,304,PGC1327818,VCCA 034,1327818.0,67333.0,329954.0,,False,False,0.001
5481,186.82344,7.66995,1844,2193,2193,PGC040831,VCC 0989,40831.0,141394.0,628344.0,220603.0,False,True,0.0073
5482,190.781092,7.65465,1314,2272,2272,PGC042768,VCC 1952,42768.0,77034.0,375846.0,220956.0,False,True,0.0076
5483,204.358835,7.64557,1047,1262,1054,UGC08614,UGC 08614,48122.0,,,8614.0,False,True,0.0042
5484,186.871395,7.64369,866,2027,274,UGC07567,UGC 07567,40861.0,161806.0,667888.0,7567.0,False,True,0.0068
5485,186.80337,7.63929,1166,1587,1587,PGC213995,WISEA J122712.78+073821.5,213995.0,67431.0,330542.0,226357.0,False,True,0.0053
5486,169.441669,7.63865,2685,2844,2844,PGC034501,CGCG 039-106,34501.0,66905.0,326806.0,213810.0,False,True,0.0095
5487,184.781727,7.63424,2678,2867,2867,SDSSJ121907.33+073805.5,SDSS J121907.71+073802.5,4321211.0,67273.0,329588.0,225059.0,False,True,0.0096
5488,184.282029,7.62436,2275,2637,2511,NGC4233,NGC 4233,39384.0,67251.0,329472.0,,False,False,0.0088
5489,195.842082,7.61608,3058,3234,3234,PGC1326378,WISEA J130322.11+073658.3,1326378.0,77421.0,377255.0,238730.0,False,True,0.0108
5490,191.314275,7.61568,1304,2256,2256,PGC042982,VCC 2017,42982.0,77041.0,375898.0,,False,False,0.0075
5491,187.697064,7.6054,1508,2108,2108,PGC041356,VCC 1311,41356.0,67443.0,330608.0,,False,False,0.007
5492,185.903742,7.59501,1246,2425,2425,,VCC 0653,,67259.0,329524.0,,False,False,0.0081
5493,186.225332,7.55693,1251,2441,2441,PGC040437,VCC 0755,40437.0,67342.0,329984.0,,False,False,0.0081
5494,186.475479,7.55478,1187,1466,2008,IC3322,IC 3322,40607.0,67340.0,329976.0,7518.0,False,True,0.0049
5495,142.047081,7.54361,1374,1815,1504,AGC198454,AGC 198454,5060129.0,,,198454.0,False,True,0.0061
5496,242.072007,7.53861,1364,1718,1602,IC1197,IC 1197,57261.0,73392.0,357094.0,10219.0,False,True,0.0057
5497,142.982885,7.53624,2217,2333,2333,PGC1324298,WISEA J093155.97+073210.2,1324298.0,135939.0,623292.0,,False,False,0.0078
5498,120.325833,7.51167,2535,2591,2591,AGC188992,AGC 188992,5058967.0,,,188992.0,False,True,0.0086
5499,186.262387,7.50375,1274,2413,2413,PGC040453,VCC 0762,40453.0,67424.0,330509.0,,False,False,0.008
5500,231.047737,7.48818,1812,2724,2055,PGC1323063,SDSS J152411.45+072917.6,1323063.0,79847.0,386523.0,258405.0,False,True,0.0091
5501,184.1036,7.4878,2214,2459,2459,EVCC0248,WISEA J121624.88+072916.5,5098421.0,141026.0,628009.0,,False,False,0.0082
5502,232.250415,7.47139,2164,2388,2388,AGC258413,AGC 258413,5058827.0,,,258413.0,False,True,0.008
5503,184.140759,7.46208,2587,3133,2783,NGC4224,NGC 4224,39328.0,67248.0,329441.0,7292.0,False,True,0.0105
5504,184.0531,7.45601,2347,2570,2570,SDSSJ121612.76+072721.6,SDSS J121612.76+072721.6,4318928.0,,,,False,False,0.0086
5505,186.5036,7.4553,1133,708,708,PGC040630,VCC 0862,40630.0,,,,False,False,0.0024
5506,183.471606,7.45436,2097,2363,2363,PGC039041,VCC 0096,39041.0,67240.0,329389.0,,False,False,0.0079
5507,185.992488,7.45046,1235,2382,2382,SDSSJ122358.19+072701.7,WISEA J122358.24+072701.4,4324796.0,67344.0,329988.0,226326.0,False,True,0.0079
5508,186.228848,7.4447,773,2517,326,NGC4370,NGC 4370,40439.0,161685.0,667614.0,,False,False,0.0084
5509,134.683122,7.44215,2018,2120,2120,SDSSJ085843.92+072631.8,PGC1 4532577 NED001,4532577.0,,,189001.0,False,True,0.0071
5510,262.037234,7.42238,1691,1964,1906,UGC10862,UGC 10862,60346.0,148030.0,634356.0,,False,False,0.0066
5511,244.695784,7.40943,1450,1820,1685,NGC6106,NGC 6106,57799.0,,,10328.0,False,True,0.0061
5512,166.498233,7.37363,1634,1920,1920,SDSSJ110559.59+072225.0,SDSS J110559.58+072225.1,4000316.0,159273.0,657620.0,213757.0,False,True,0.0064
5513,140.363222,7.36408,1388,1648,1513,AGC193816,AGC 193816,5057575.0,,,193816.0,False,True,0.0055
5514,186.195765,7.35302,1273,2390,2390,NGC4366,NGC 4366,40421.0,,,,False,False,0.008
5515,190.687101,7.33877,2407,2630,2630,PGC042717,VCC 1933,42717.0,142015.0,669807.0,220944.0,False,True,0.0088
5516,170.030454,7.33582,2666,2826,2826,PGC034686,CGCG 039-122,34686.0,66918.0,326847.0,213818.0,False,True,0.0094
5517,184.366032,7.32709,2202,2448,2448,SDSSJ121727.85+071937.6,SDSS J121727.85+071937.6,4319903.0,,,221988.0,False,True,0.0082
5518,187.127001,7.32476,1559,2094,2094,PGC041027,VCC 1107,41027.0,67411.0,330424.0,,False,False,0.007
5519,186.11692,7.31675,1221,1531,2298,NGC4365,NGC 4365,40375.0,,,,False,False,0.0051
5520,190.386459,7.31488,1876,1239,2212,NGC4612,NGC 4612,42574.0,141931.0,628836.0,,False,False,0.0041
5521,143.092257,7.30229,2123,2243,2243,SDSSJ093222.16+071808.2,SDSS J093222.15+071808.2,3998055.0,46979.0,228423.0,192607.0,False,True,0.0075
5522,183.249363,7.29899,2177,5740,2426,PGC091181,FGC 1384,91181.0,161232.0,666154.0,222671.0,False,True,0.0191
5523,271.094189,7.28028,1958,2158,2158,PGC061359,CGCG 056-009,61359.0,,,,False,False,0.0072
5524,217.663975,7.27509,1366,1406,1656,NGC5645,NGC 5645,51846.0,165115.0,681654.0,9328.0,True,True,0.0047
5525,131.551885,7.26708,2952,3014,3014,SDSSJ084612.45+071601.4,WISEA J084612.46+071601.5,3525601.0,51686.0,251423.0,181777.0,False,True,0.0101
5526,186.797201,7.263,933,1262,207,UGC07557,UGC 07557,40807.0,141389.0,593858.0,7557.0,False,True,0.0042
5527,177.195417,7.25806,3048,3197,3197,AGC219245,AGC 219245,5060250.0,,,219245.0,False,True,0.0107
5528,185.413686,7.25368,2762,2944,2944,PGC039966,VCC 0488,39966.0,67270.0,329566.0,,False,False,0.0098
5529,189.222507,7.24667,1745,1216,2139,NGC4570,NGC 4570,42096.0,162119.0,668930.0,,False,False,0.0041
5530,186.483799,7.23472,964,160,160,PGC040615,VCC 0855,40615.0,141341.0,628297.0,,False,False,0.0005
5531,183.29454,7.21953,2136,2393,2393,PGC038980,VCC 0077,38980.0,67227.0,329173.0,,False,False,0.008
5532,186.427237,7.21714,995,1892,107,IC3322A,IC 3322A,40566.0,67417.0,330483.0,7513.0,False,True,0.0063
5533,189.5771,7.2171,1097,281,281,PGC042225,VCC 1755,42225.0,,,,False,False,0.0009
5534,137.674378,7.2067,1481,1799,1601,NGC2777,NGC 2777,25876.0,157080.0,648204.0,4823.0,False,True,0.006
5535,183.459961,7.2009,2641,3160,2829,NGC4191,NGC 4191,39034.0,161252.0,666243.0,7233.0,False,True,0.0105
5536,189.011856,7.20027,992,108,108,PGC042008,VCC 1649,42008.0,67480.0,330844.0,223913.0,False,True,0.0004
5537,128.075418,7.19908,2009,2094,2094,PGC1316080,WISEA J083218.04+071155.8,1316080.0,,,188998.0,False,True,0.007
5538,233.539582,7.19167,2180,2401,2401,AGC258420,AGC 258420,5058833.0,,,258420.0,False,True,0.008
5539,184.291204,7.19156,2423,1285,2636,NGC4235,NGC 4235,39389.0,67215.0,329091.0,,False,False,0.0043
5540,137.61984,7.1883,1549,1670,1670,PGC213577,WISEA J091028.76+071117.3,213577.0,46945.0,227808.0,,False,False,0.0056
5541,185.952129,7.18666,1414,1366,2157,IC3259,IC 3259,40273.0,67256.0,329518.0,7469.0,False,True,0.0046
5542,198.13871,7.18428,903,1379,475,UGC08285,UGC 08285,45875.0,77723.0,378227.0,8285.0,False,True,0.0046
5543,186.057701,7.1751,1503,2100,2100,PGC040338,VCC 0711,40338.0,141286.0,628244.0,,False,False,0.007
5544,166.735925,7.17391,1418,1455,1718,NGC3526,NGC 3526,33635.0,159297.0,657717.0,6167.0,False,True,0.0049
5545,185.561457,7.1671,755,1610,332,PGC040059,NGC 4309A,40059.0,161599.0,667356.0,,False,False,0.0054
5546,188.6646,7.16016,594,1172,299,IC3521,IC 3521,41847.0,162052.0,668667.0,7736.0,False,True,0.0039
5547,217.702863,7.15719,1364,1653,1653,SDSSJ143048.66+070925.9,WISEA J143048.62+070926.1,4419943.0,78870.0,383666.0,716018.0,False,True,0.0055
5548,185.551584,7.1443,1043,91,91,NGC4309,NGC 4309,40051.0,67350.0,330019.0,,False,False,0.0003
5549,269.780512,7.14146,1896,1850,2098,UGC11074,UGC 11074,61214.0,,,,False,False,0.0062
5550,187.4779,7.1382,724,330,330,PGC041243,VCC 1240,41243.0,141501.0,628435.0,,False,False,0.0011
5551,151.519584,7.13528,2487,2610,2610,AGC208434,AGC 208434,5059063.0,,,208434.0,False,True,0.0087
5552,146.676668,7.13528,1886,2030,2030,AGC198456,AGC 198456,5060162.0,,,198456.0,False,True,0.0068
5553,165.64054,7.13524,3230,3349,3349,PGC1314627,WISEA J110233.73+070806.9,1314627.0,40564.0,195077.0,213746.0,False,True,0.0112
5554,147.024651,7.12864,526,390,390,PGC1314481,SDSS J094805.89+070744.8,1314481.0,49222.0,239983.0,191803.0,False,True,0.0013
5555,184.574869,7.12803,2693,2878,2878,PGC1314461,WISEA J121818.01+070740.8,1314461.0,67281.0,329615.0,225058.0,False,True,0.0096
5556,184.9139,7.1197,2606,2799,2799,EVCC0352,WISEA J121939.29+070711.7,5098424.0,141143.0,628116.0,,False,False,0.0093
5557,185.630511,7.11892,907,257,257,PGC040094,VCC 0558,40094.0,67263.0,329541.0,,False,False,0.0009
5558,186.1088,7.1135,2908,3079,3079,PGC040371,VCC 0727,40371.0,141290.0,628248.0,,False,False,0.0103
5559,185.97291,7.10716,913,247,247,NGC4341,NGC 4341,40280.0,67257.0,329521.0,,False,False,0.0008
5560,187.408068,7.10656,799,321,321,PGC041191,VCC 1204,41191.0,,330431.0,,False,False,0.0011
5561,153.204886,7.10379,1545,2128,1731,UGC05504,UGC 05504,29746.0,157953.0,651084.0,5504.0,False,True,0.0071
5562,240.548415,7.08607,2654,2852,2852,PGC056772,CGCG 051-021,56772.0,73372.0,356999.0,,False,False,0.0095
5563,185.26523,7.07769,2369,2589,2589,PGC039889,VCC 0450,39889.0,161544.0,667219.0,,False,False,0.0086
5564,185.833175,7.06811,1139,877,877,PGC040210,VCC 0632,40210.0,,329996.0,,False,False,0.0029
5565,185.825039,7.06796,1140,894,894,,VCC 0632,,67347.0,,,False,False,0.003
5566,263.10108,7.06033,1664,1832,1878,NGC6384,NGC 6384,60459.0,148065.0,634391.0,,False,False,0.0061
5567,185.213142,7.05917,2307,2536,2536,PGC039863,VCC 0439,39863.0,67269.0,329564.0,,False,False,0.0085
5568,185.912518,7.05395,751,1262,332,NGC4342,NGC 4342,40252.0,141271.0,628229.0,,False,False,0.0042
5569,131.548335,7.04972,2931,2993,2993,AGC189000,AGC 189000,5059022.0,,,189000.0,False,True,0.01
5570,184.1465,7.0416,2306,2534,2534,PGC039333,VCC 0201,39333.0,141032.0,628014.0,,False,False,0.0085
5571,186.02305,7.04133,1235,2293,2293,IC3267,IC 3267,40317.0,67253.0,329487.0,7474.0,False,True,0.0076
5572,271.064913,7.04086,1797,2055,2000,PGC061353,CGCG 056-008,61353.0,,,,False,False,0.0069
5573,183.262782,7.03894,2176,2648,2423,NGC4180,NGC 4180,38964.0,67221.0,329145.0,7219.0,False,True,0.0088
5574,137.583835,7.03797,1354,1120,1467,NGC2775,NGC 2775,25861.0,157077.0,648200.0,4820.0,False,True,0.0037
5575,160.358857,7.03785,1175,1294,1294,AGC205078,AGC 205078,5059121.0,,,205078.0,False,True,0.0043
5576,153.495426,7.02399,1220,3156,1349,UGC05522,UGC 05522,29835.0,158024.0,651258.0,5522.0,False,True,0.0105
5577,146.911027,7.01801,3023,3112,3112,PGC1312117,WISEA J094738.66+070105.0,1312117.0,49221.0,239981.0,,False,False,0.0104
5578,127.840122,6.99998,1862,2075,1951,PGC023907,CGCG 032-035,23907.0,,,181765.0,False,True,0.0069
5579,183.094481,6.97951,2077,2345,2345,PGC038899,VCC 0052,38899.0,161215.0,666090.0,220195.0,False,True,0.0078
5580,270.465319,6.9683,1963,1687,2162,UGC11093,UGC 11093,61300.0,,,,False,False,0.0056
5581,187.447181,6.96529,968,163,163,PGC041223,VCC 1225,41223.0,141497.0,628431.0,,False,False,0.0005
5582,185.911263,6.95408,997,1919,140,NGC4343,NGC 4343,40251.0,67255.0,329512.0,7465.0,False,True,0.0064
5583,137.100055,6.95149,1561,1679,1679,PGC1310754,WISEA J090823.99+065706.0,1310754.0,46940.0,227754.0,192558.0,False,True,0.0056
5584,187.113447,6.94597,878,279,279,PGC041016,VCC 1102,41016.0,67329.0,329919.0,223691.0,False,True,0.0009
5585,185.58134,6.92791,1063,141,141,IC3218,IC 3218,40067.0,161602.0,667366.0,,False,False,0.0005
5586,189.261666,6.92613,1634,974,2096,IC3591,IC 3591,42108.0,141727.0,628646.0,7790.0,False,True,0.0032
5587,162.281538,6.91734,719,1559,514,UGC05923,UGC 05923,32364.0,40452.0,194670.0,5923.0,False,True,0.0052
5588,185.105396,6.90856,2560,2757,2757,PGC039813,VCC 0415,39813.0,67361.0,667137.0,220399.0,False,True,0.0092
5589,167.867726,6.90751,1603,2437,1904,UGC06233,UGC 06233,34015.0,40659.0,195512.0,6233.0,False,True,0.0081
5590,236.540482,6.89845,1407,2145,1649,UGC10023,UGC 10023,55989.0,80042.0,387376.0,10023.0,False,True,0.0072
5591,186.2843,6.8906,1440,2130,2130,PGC040468,VCC 0773,40468.0,141309.0,628266.0,,False,False,0.0071
5592,239.981076,6.88412,1562,1991,1798,SDSSJ155955.46+065302.6,SDSS J155955.46+065302.6,4573815.0,73363.0,356953.0,258430.0,False,True,0.0066
5593,190.0388,6.8837,1008,146,146,PGC042420,VCC 1821,42420.0,,,,False,False,0.0005
5594,218.339814,6.87769,2157,2393,2393,UGC09364,UGC 09364,52016.0,145263.0,631903.0,9364.0,False,True,0.008
5595,240.699636,6.87523,1451,1688,1688,SDSSJ160247.91+065230.6,WISEA J160247.90+065230.3,4487080.0,73355.0,356926.0,,False,False,0.0056
5596,198.751721,6.87104,3084,3258,3258,,SDSS J131500.39+065215.8,,143177.0,,,False,False,0.0109
5597,146.425336,6.86988,3113,3196,3196,SDSSJ094542.06+065211.6,WISEA J094542.05+065211.7,3998393.0,49225.0,240003.0,,False,False,0.0107
5598,192.517663,6.84741,563,292,292,AGC227897,AGC 227897,5060288.0,,,227897.0,False,True,0.001
5599,190.043382,6.84678,1005,566,152,PGC042422,VCC 1822,42422.0,162203.0,669322.0,220903.0,False,True,0.0019
5600,183.169732,6.84109,2198,2441,2441,SDSSJ121240.72+065027.7,VCCA 005,4316118.0,67217.0,329105.0,,False,False,0.0081
5601,214.461248,6.83972,1248,2019,1524,AGC243881,AGC 243881,5057599.0,,,243881.0,False,True,0.0067
5602,240.451512,6.83846,1755,1985,1985,SDSSJ160148.36+065018.4,WISEA J160148.36+065018.7,4568096.0,73361.0,356939.0,716496.0,False,True,0.0066
5603,188.706171,6.83628,711,331,331,PGC041874,VCC 1587,41874.0,67401.0,330340.0,,False,False,0.0011
5604,277.248959,6.80769,1234,1444,1444,PGC166900,WISEA J182859.73+064827.2,166900.0,,,,False,False,0.0048
5605,153.997731,6.80472,1620,2143,1808,PGC2807134,WISEA J101559.71+064817.4,2807134.0,,,201993.0,False,True,0.0071
5606,239.806626,6.78754,2464,2668,2668,SDSSJ155913.58+064715.2,SDSS J155913.58+064715.2,4550875.0,73362.0,356951.0,258429.0,False,True,0.0089
5607,185.526925,6.7825,2492,2696,2696,PGC040037,VCC 0525,40037.0,67355.0,330029.0,,False,False,0.009
5608,224.657719,6.77515,1676,1973,1936,PGC053512,KUG 1456+069,53512.0,80623.0,390803.0,241727.0,False,True,0.0066
5609,187.369893,6.77152,529,1090,268,IC3414,IC 3414,41166.0,67324.0,329892.0,7621.0,False,True,0.0036
5610,183.597923,6.76422,2037,2314,2314,PGC1307035,VCCA 006,1307035.0,67223.0,329153.0,,False,False,0.0077
5611,186.206508,6.75956,1059,129,129,PGC040428,VCC 0750,40428.0,67337.0,329962.0,,False,False,0.0004
5612,178.988949,6.74953,2497,2529,2689,NGC3976,NGC 3976,37483.0,140458.0,627488.0,6906.0,False,True,0.0084
5613,247.692918,6.74917,2132,2342,2342,AGC268225,AGC 268225,5060404.0,,,268225.0,False,True,0.0078
5614,224.536632,6.74659,1666,1490,1926,SDSSJ145808.78+064447.4,WISEA J145808.86+064447.1,4574053.0,79176.0,384741.0,736339.0,False,True,0.005
5615,119.774946,6.73459,2589,2639,2639,PGC1306467,PGC1 1306467 NED001,1306467.0,,,174720.0,False,True,0.0088
5616,190.073684,6.73191,933,242,242,PGC042436,VCC 1829,42436.0,141847.0,628760.0,,False,False,0.0008
5617,185.203503,6.72356,2227,2467,2467,PGC039861,VCC 0436,39861.0,67359.0,330070.0,,False,False,0.0082
5618,183.509093,6.72319,2433,2641,2641,PGC039052,VCC 0099,39052.0,67222.0,329152.0,220217.0,False,True,0.0088
5619,178.705589,6.70955,1369,1952,1952,SDSSJ115449.32+064234.5,WISEA J115449.40+064233.7,4301895.0,67085.0,328530.0,,False,False,0.0065
5620,184.661012,6.70829,2002,3334,2289,PGC039556,VCC 0297,39556.0,67277.0,329601.0,220328.0,False,True,0.0111
5621,184.836122,6.70511,2220,2461,2461,PGC039653,VCC 0339,39653.0,67266.0,329553.0,,False,False,0.0082
5622,176.1337,6.7041,1455,1926,1926,AGC215601,SDSS J114432.07+064214.4,4293712.0,,,,False,False,0.0064
5623,184.3779,6.6975,2293,2521,2521,PGC039424,VCC 0238,39424.0,,,,False,False,0.0084
5624,184.357539,6.69004,2227,2063,2466,IC3102,NGC 4223,39412.0,67287.0,329646.0,7319.0,False,True,0.0069
5625,185.719973,6.67996,1543,2084,2084,IC3229,IC 3229,40147.0,67252.0,329478.0,7448.0,False,True,0.007
5626,179.010261,6.67794,2504,2695,2695,PGC037490,NGC 3976A,37490.0,67071.0,328500.0,,False,False,0.009
5627,185.662582,6.67732,2373,2592,2592,IC3225,IC 3225,40111.0,67356.0,330043.0,7441.0,False,True,0.0086
5628,179.280114,6.67543,2507,2698,2698,AGC215716,WISEA J115707.28+064032.2,5060256.0,67073.0,328502.0,215716.0,False,True,0.009
5629,186.589807,6.66964,1499,1610,2096,PGC040674,VCC 0890,40674.0,161757.0,667769.0,,False,False,0.0054
5630,170.347622,6.66709,2667,2824,2824,PGC1305231,SDSS J112123.42+064001.6,1305231.0,,,213927.0,False,True,0.0094
5631,206.670851,6.65426,1311,2234,1675,PGC1304980,SDSS J134641.00+063915.5,1304980.0,78308.0,380272.0,238771.0,False,True,0.0075
5632,184.499817,6.65409,734,1172,338,IC3115,NGC 4241,39483.0,67282.0,329616.0,7333.0,False,True,0.0039
5633,185.128816,6.63994,1857,2192,2192,SDSSJ122030.92+063823.7,VCCA 022,4322243.0,67262.0,329534.0,,False,False,0.0073
5634,185.050799,6.62319,2442,2650,2650,PGC039772,VCC 0397,39772.0,67261.0,329531.0,,False,False,0.0088
5635,189.157373,6.62166,1073,1262,203,IC3576,IC 3576,42074.0,141710.0,330783.0,7781.0,False,True,0.0042
5636,188.360436,6.61659,1749,2136,2136,PGC041712,VCC 1503,41712.0,67484.0,330883.0,,False,False,0.0071
5637,186.03098,6.60802,727,1633,334,IC3268,IC 3268,40321.0,141282.0,628240.0,7477.0,False,True,0.0054
5638,184.560089,6.60373,2565,2759,2759,PGC039509,VCC 0278,39509.0,161434.0,666854.0,,False,False,0.0092
5639,130.607589,6.59403,2260,2339,2339,PGC1303757,SDSS J084225.82+063538.5,1303757.0,51689.0,251443.0,181874.0,False,True,0.0078
5640,241.670829,6.58097,1750,1470,1978,PGC057169,CGCG 051-043,57169.0,73352.0,356915.0,261313.0,False,True,0.0049
5641,277.270666,6.553,2957,3129,3129,PGC202504,2MASX J18290496+0633108,202504.0,,,,False,False,0.0104
5642,218.92083,6.55167,2504,2714,2714,AGC243914,AGC 243914,5060372.0,,,243914.0,False,True,0.0091
5643,243.085424,6.54361,1723,1695,1950,AGC268216,AGC 268216,5060390.0,,,268216.0,False,True,0.0057
5644,190.330628,6.52336,1716,2120,2120,PGC042553,VCC 1873,42553.0,77015.0,375783.0,224009.0,False,True,0.0071
5645,206.277083,6.51944,1017,1003,1003,AGC238769,AGC 238769,5060334.0,,,238769.0,False,True,0.0033
5646,151.036375,6.51049,1254,736,1385,PGC029198,MRK 0714,29198.0,40057.0,192859.0,200879.0,False,True,0.0025
5647,189.6525,6.5034,1475,2096,2096,PGC042257,VCC 1764,42257.0,141777.0,628693.0,,False,False,0.007
5648,183.150604,6.50205,2044,2317,2317,PGC038926,VCC 0061,38926.0,67229.0,329190.0,,False,False,0.0077
5649,180.761681,6.50135,1315,1997,1997,PGC3091844,WISEA J120302.80+063005.2,3091844.0,67155.0,328898.0,225078.0,False,True,0.0067
5650,186.130323,6.48791,656,321,321,SDSSJ122431.27+062916.5,WISEA J122431.29+062916.3,4325181.0,67348.0,330001.0,,False,False,0.0011
5651,138.212155,6.47577,1469,1587,1587,SDSSJ091250.88+062833.1,SDSS J091250.88+062833.1,3997542.0,135748.0,623136.0,,False,False,0.0053
5652,188.580624,6.46805,2014,966,2302,NGC4532,NGC 4532,41811.0,,,7726.0,False,True,0.0032
5653,184.896332,6.45302,2923,3088,3088,PGC039685,VCC 0357,39685.0,67267.0,329555.0,,False,False,0.0103
5654,185.48144,6.45095,1267,2460,2225,UGC07423,UGC 07423,40004.0,161579.0,667307.0,7423.0,False,True,0.0082
5655,184.294641,6.43181,2085,2244,2350,PGC039392,VCC 0223,39392.0,161388.0,666698.0,220289.0,False,True,0.0075
5656,143.686314,6.42553,546,910,427,PGC027228,CGCG 035-007,27228.0,,191857.0,191249.0,False,True,0.003
5657,278.061081,6.42507,2823,2996,2996,HIPASSJ1832+06,HIPASS J1832+06,4668286.0,,,,False,False,0.01
5658,166.807157,6.4118,2559,2715,2715,PGC033652,CGCG 038-131,33652.0,40569.0,195112.0,212032.0,False,True,0.0091
5659,184.833593,6.40893,1968,2264,2264,SDSSJ121920.09+062432.4,WISEA J121920.12+062432.4,4321374.0,,,227894.0,False,True,0.0076
5660,184.618804,6.40577,2076,2344,2344,PGC039533,VCC 0287,39533.0,67276.0,329600.0,,False,False,0.0078
5661,183.977157,6.40114,2070,2112,2338,NGC4215,NGC 4215,39251.0,141011.0,627996.0,,False,False,0.007
5662,183.821354,6.3932,2114,2372,2372,SDSSJ121517.12+062335.3,VCCA 010,4318207.0,67213.0,329078.0,,False,False,0.0079
5663,184.801572,6.3816,2826,2998,2998,PGC039634,VCC 0327,39634.0,67265.0,329551.0,,False,False,0.01
5664,146.376162,6.37684,3097,3983,3179,UGC05218,UGC 05218,27968.0,39991.0,192172.0,5218.0,False,True,0.0133
5665,275.464179,6.35898,1999,2190,2190,PGC166899,WISEA J182151.39+062131.8,166899.0,,,,False,False,0.0073
5666,185.240991,6.33943,811,334,334,PGC039878,VCC 0446,39878.0,161538.0,667194.0,220418.0,False,True,0.0011
5667,188.878577,6.33399,1603,2085,2085,PGC041942,VCC 1617,41942.0,67477.0,330830.0,220819.0,False,True,0.007
5668,184.813911,6.30708,2249,2483,2483,PGC039647,VCC 0332,39647.0,141134.0,593842.0,,False,False,0.0083
5669,136.642853,6.3038,1450,1903,1562,UGC04781,UGC 04781,25556.0,46920.0,227286.0,4781.0,False,True,0.0063
5670,188.6877,6.3009,2037,1140,2319,UGC07739,Holmberg VII,41861.0,141668.0,628591.0,7739.0,False,True,0.0038
5671,184.814828,6.2939,662,324,324,PGC039646,VCC 0331,39646.0,67264.0,329549.0,220354.0,False,True,0.0011
5672,269.855543,6.28699,1813,2304,2014,NGC6509,NGC 6509,61230.0,,,,False,False,0.0077
5673,198.268146,6.28523,892,1719,483,AGC238737,AGC 238737,5057635.0,,,238737.0,False,True,0.0057
5674,184.868778,6.27297,1549,2074,2074,PGC039669,VCC 0349,39669.0,67268.0,329558.0,,False,False,0.0069
5675,184.688044,6.26313,2496,2696,2696,SDSSJ121845.12+061547.3,WISEA J121845.18+061547.9,5064919.0,67274.0,329597.0,,False,False,0.009
5676,186.859668,6.26297,1448,1144,2111,NGC4430,NGC 4430,40851.0,67328.0,329908.0,7566.0,False,True,0.0038
5677,144.035754,6.25707,2401,2505,2505,PGC1297331,WISEA J093608.61+061525.9,1297331.0,39952.0,191873.0,192730.0,False,True,0.0084
5678,217.989144,6.25045,2354,3471,2573,NGC5661,NGC 5661,51921.0,165147.0,681734.0,9346.0,True,True,0.0116
5679,184.849189,6.23305,1870,2197,2197,PGC039662,VCC 0346,39662.0,30834.0,149966.0,,False,False,0.0073
5680,185.665564,6.22661,2826,2998,2998,PGC040114,VCC 0568,40114.0,161613.0,667399.0,220461.0,False,True,0.01
5681,201.182299,6.20912,830,507,507,LAMOSTJ132443.75+061232.8,WISEA J132443.77+061232.4,6719648.0,,,,False,False,0.0017
5682,239.153478,6.19406,1928,2318,2150,SDSSJ155636.84+061138.6,WISEA J155636.84+061137.7,4013145.0,80087.0,387571.0,252891.0,False,True,0.0077
5683,218.034107,6.18976,2384,2600,2600,PGC051933,VIII Zw 432,51933.0,80351.0,389234.0,240438.0,False,True,0.0087
5684,164.037815,6.17283,1015,1329,949,PGC032861,MRK 1271,32861.0,,625586.0,200688.0,False,True,0.0044
5685,228.1875,6.16417,1487,1679,1740,AGC258278,AGC 258278,5059801.0,,,258278.0,False,True,0.0056
5686,217.934058,6.15815,2303,4158,2524,UGC09345,UGC 09345,51909.0,165140.0,681718.0,9345.0,False,True,0.0139
5687,183.686911,6.15448,2069,2335,2335,SDSSJ121444.86+060916.2,VCCA 009,3394279.0,30779.0,149516.0,,False,False,0.0078
5688,178.27541,6.15393,2535,2719,2719,PGC037251,CGCG 040-060,37251.0,160712.0,664006.0,212523.0,False,True,0.0091
5689,184.441695,6.13937,2953,3114,3114,SDSSJ121746.00+060821.7,WISEA J121745.97+060822.3,3394493.0,30805.0,149834.0,,False,False,0.0104
5690,185.096476,6.1349,2334,2555,2555,PGC039804,VCC 0409,39804.0,30843.0,149988.0,,False,False,0.0085
5691,157.684557,6.12627,638,546,456,SDSSJ103044.29+060737.0,SDSS J103044.29+060737.0,3466489.0,137544.0,624797.0,203709.0,False,True,0.0018
5692,172.101191,6.11785,1567,1244,1921,SDSSJ112824.27+060704.2,WISEA J112824.36+060704.9,4281130.0,,,213939.0,False,True,0.0041
5693,188.834303,6.11512,2374,2594,2594,NGC4543,NGC 4543,41923.0,30893.0,150399.0,,False,False,0.0087
5694,184.481829,6.11273,2486,2686,2686,PGC1294753,WISEA J121755.68+060645.7,1294753.0,30806.0,149835.0,,False,False,0.009
5695,184.842823,6.09884,1789,2646,2148,NGC4260,NGC 4260,39656.0,30828.0,149959.0,,False,False,0.0088
5696,239.060106,6.09815,1798,2024,2024,SDSSJ155614.43+060553.4,SDSS J155614.43+060553.4,4018662.0,80090.0,387579.0,,False,False,0.0068
5697,184.752291,6.0946,1590,2074,2074,PGC039606,VCC 0315,39606.0,161456.0,666962.0,,False,False,0.0069
5698,191.087129,6.08968,1290,2149,2149,SDSSJ124420.88+060522.5,SDSS J124420.87+060522.5,4550282.0,77012.0,375755.0,227896.0,False,True,0.0072
5699,184.436487,6.08266,2473,2675,2675,SDSSJ121744.76+060457.6,VCCA 013,3394489.0,30804.0,149830.0,,False,False,0.0089
5700,185.895588,6.08176,1293,1177,2209,NGC4339,NGC 4339,40240.0,141268.0,628226.0,,False,False,0.0039
5701,184.618,6.07608,2246,2479,2479,SDSSJ121828.33+060433.9,VCCA 017,4011473.0,141103.0,628081.0,,False,False,0.0083
5702,165.320587,6.07274,2494,2650,2650,SDSSJ110116.94+060421.7,WISEA J110116.90+060422.1,3469624.0,40481.0,194751.0,,False,False,0.0088
5703,185.958008,6.0598,1163,1285,1285,PGC040274,VCC 0669,40274.0,124502.0,572760.0,,False,False,0.0043
5704,184.112501,6.05219,2036,2311,2311,SDSSJ121626.98+060307.6,WISEA J121626.96+060308.5,4002181.0,30802.0,149805.0,224250.0,False,True,0.0077
5705,188.388335,6.04972,1872,2202,2202,AGC227895,VCCA 104,5060278.0,,,227895.0,False,True,0.0073
5706,234.264934,6.04017,2642,2838,2838,SDSSJ153703.58+060224.6,WISEA J153703.60+060224.6,4470984.0,79908.0,386679.0,,False,False,0.0095
5707,186.147204,6.03292,1135,857,857,PGC1293380,WISEA J122435.33+060158.5,1293380.0,124514.0,572797.0,,False,False,0.0029
5708,184.973861,6.03231,1983,2273,2273,SDSSJ121953.72+060156.4,VCCA 021,3394572.0,,,,False,False,0.0076
5709,211.632965,6.02932,1020,1783,1098,NGC5470,NGC 5470,50317.0,80186.0,388013.0,9020.0,True,True,0.0059
5710,232.88887,6.02534,1942,2169,2169,SDSSJ153133.32+060131.2,SDSS J153133.32+060131.2,5064882.0,79787.0,386300.0,,False,False,0.0072
5711,184.954905,6.01494,2074,2341,2341,NGC4269,NGC 4269,39719.0,141152.0,628124.0,,False,False,0.0078
5712,185.659833,6.01446,871,671,315,PGC040109,VCC 0565,40109.0,161612.0,667397.0,220460.0,False,True,0.0022
5713,189.801774,6.01227,2428,3335,2641,NGC4591,NGC 4577,42319.0,30944.0,150674.0,7821.0,False,True,0.0111
5714,185.014443,6.01058,2124,2380,2380,PGC039757,VCC 0388,39757.0,141165.0,628137.0,,False,False,0.0079
5715,184.938789,6.0059,2243,2476,2476,IC3155,IC 3155,39708.0,30829.0,149960.0,,False,False,0.0083
5716,138.738849,6.00518,1375,1487,1487,SDSSJ091457.33+060018.6,WISEA J091457.33+060019.1,3455766.0,46923.0,227505.0,,False,False,0.005
5717,185.074233,6.00176,2098,2359,2359,PGC039792,VCC 0405,39792.0,,,,False,False,0.0079
5718,218.220061,5.99905,2275,2497,2497,PGC051983,MRK 1384,51983.0,80472.0,389714.0,241156.0,False,True,0.0083
5719,239.314326,5.99836,1796,2170,2022,NGC6017,NGC 6017,56475.0,146511.0,632953.0,,False,False,0.0072
5720,184.9647,5.9965,1452,2090,2090,PGC039727,VCC 0379,39727.0,,623454.0,222118.0,False,True,0.007
5721,185.446168,5.98902,747,341,341,PGC1292607,WISEA J122147.09+055920.6,1292607.0,124488.0,572709.0,,False,False,0.0011
5722,184.807674,5.98668,1609,2077,2077,PGC039639,VCC 0329,39639.0,141132.0,628106.0,220352.0,False,True,0.0069
5723,185.20382,5.98175,1775,2141,2141,PGC1292491,SDSS J122048.92+055854.4,1292491.0,30842.0,149986.0,224273.0,False,True,0.0071
5724,225.976308,5.97707,3193,3371,3371,SDSSJ150354.32+055837.3,WISEA J150354.32+055837.5,4445977.0,80647.0,390874.0,258436.0,False,True,0.0112
5725,234.40091,5.97401,1447,1936,1687,NGC5964,NGC 5964,55637.0,,,9935.0,False,True,0.0065
5726,187.365192,5.97359,1468,2095,2095,SDSSJ122927.63+055825.0,WISEA J122927.62+055825.7,4011579.0,30872.0,150213.0,,False,False,0.007
5727,239.154168,5.96861,1862,2124,2086,AGC258349,AGC 258349,5059413.0,,,258349.0,False,True,0.0071
5728,195.674174,5.95828,2878,3056,3056,PGC1292036,WISEA J130241.77+055730.4,1292036.0,162896.0,672708.0,232129.0,False,True,0.0102
5729,191.690751,5.95533,837,1443,343,UGC07943,UGC 07943,43106.0,142279.0,593878.0,7943.0,False,True,0.0048
5730,188.50605,5.95284,648,320,320,PGC041770,VCC 1533,41770.0,,,223873.0,False,True,0.0011
5731,185.343773,5.9477,1794,2151,2151,PGC1291858,VCCA 025,1291858.0,,,,False,False,0.0072
5732,146.038038,5.93692,3026,3107,3107,SDSSJ094409.09+055612.7,WISEA J094409.10+055611.6,4010292.0,39990.0,192162.0,715606.0,False,True,0.0104
5733,238.989084,5.93183,2487,2686,2686,NGC6014,NGC 6014,56413.0,166521.0,686000.0,,False,False,0.009
5734,184.530499,5.93037,1837,2244,2174,PGC039501,VCC 0274,39501.0,30810.0,149867.0,223390.0,False,True,0.0075
5735,137.043971,5.92762,1310,1469,1412,UGC04797,UGC 04797,25679.0,135691.0,623086.0,4797.0,False,True,0.0049
5736,187.438384,5.92019,822,330,330,PGC041216,VCC 1218,41216.0,30874.0,150220.0,,False,False,0.0011
5737,182.997803,5.91738,754,352,352,SDSSJ121159.46+055502.6,VCCA 004,3394197.0,30773.0,149401.0,224231.0,False,True,0.0012
5738,184.842173,5.9105,1508,2072,2072,PGC039655,VCC 0340,39655.0,30826.0,149956.0,220360.0,False,True,0.0069
5739,185.160834,5.90891,978,258,258,SDSSJ122038.59+055432.3,SDSS J122038.59+055432.2,4002310.0,141190.0,628158.0,224272.0,False,True,0.0009
5740,183.617259,5.90862,1917,2223,2223,SDSSJ121428.14+055431.1,VCCA 007,4002122.0,30798.0,149780.0,224245.0,False,True,0.0074
5741,248.276801,5.89894,1395,1620,1620,ABELL2204_18:[PSE2006]0877,NSA 147113,4720250.0,147113.0,633480.0,,False,False,0.0054
5742,167.091687,5.89067,2571,2724,2724,SDSSJ110822.02+055326.2,SDSS J110822.02+055326.1,4000387.0,17809.0,86179.0,214009.0,False,True,0.0091
5743,186.787635,5.88066,1122,1294,678,NGC4423,NGC 4423,40801.0,124519.0,572832.0,7556.0,False,True,0.0043
5744,187.674949,5.87879,2313,2538,2538,PGC1290662,WISEA J123041.98+055243.7,1290662.0,30876.0,150245.0,224281.0,False,True,0.0085
5745,215.931978,5.87683,1387,1679,1679,SDSSJ142343.66+055236.6,WISEA J142343.68+055236.4,4113467.0,80253.0,388838.0,244252.0,False,True,0.0056
5746,184.823289,5.8759,3064,3218,3218,PGC039649,VCC 0336,39649.0,30827.0,149958.0,,False,False,0.0107
5747,184.632172,5.84982,2284,2510,2510,PGC039539,VCC 0292,39539.0,30811.0,149868.0,,False,False,0.0084
5748,184.899027,5.84676,2512,2708,2708,NGC4264,NGC 4264,39687.0,30832.0,149964.0,,False,False,0.009
5749,162.809734,5.84005,1005,822,941,NGC3423,NGC 3423,32529.0,40396.0,194501.0,5962.0,False,True,0.0027
5750,230.66125,5.82917,1796,2033,2033,AGC258471,AGC 258471,5059731.0,,,258471.0,False,True,0.0068
5751,184.846542,5.82496,2222,2264,2458,NGC4261,NGC 4261,39659.0,141139.0,628112.0,,False,False,0.0076
5752,187.686552,5.82203,2346,2567,2567,SDSSJ123044.76+054919.5,WISEA J123044.84+054920.0,4329875.0,,,227967.0,False,True,0.0086
5753,180.43479,5.82147,1350,1979,1979,PGC037954,VV 462,37954.0,30704.0,148781.0,211013.0,False,True,0.0066
5754,192.496716,5.821,618,317,317,PGC1289726,CGCG 406-054,1289726.0,31030.0,151054.0,224226.0,False,True,0.0011
5755,185.868967,5.81631,916,1610,293,PGC040229,VCC 0641,40229.0,141266.0,628225.0,220493.0,False,True,0.0054
5756,190.175607,5.81515,1772,2142,2142,SDSSJ124042.09+054856.1,SDSS J124042.09+054856.1,4002741.0,141870.0,628779.0,,False,False,0.0071
5757,186.468716,5.80952,1529,2076,2076,PGC040604,VCC 0848,40604.0,161734.0,667715.0,220558.0,False,True,0.0069
5758,185.145935,5.8076,2190,2432,2432,PGC1289492,VCCA 023,1289492.0,30844.0,149990.0,,False,False,0.0081
5759,183.660571,5.80557,2080,1910,2341,NGC4197,NGC 4197,39114.0,140978.0,593840.0,7247.0,False,True,0.0064
5760,184.846223,5.79485,2033,2308,2308,PGC039660,VCC 0344,39660.0,30830.0,149961.0,,False,False,0.0077
5761,116.759167,5.78944,2983,3015,3015,AGC174672,AGC 174672,5060072.0,,,174672.0,False,True,0.0101
5762,184.678775,5.78886,2573,2763,2763,PGC039565,VCC 0303,39565.0,30821.0,149935.0,,False,False,0.0092
5763,185.76358,5.78596,2045,2319,2319,PGC040175,VCC 0606,40175.0,124496.0,572738.0,,False,False,0.0077
5764,208.332642,5.77169,1046,845,1112,UGC08799,UGC 08799,49343.0,78409.0,381026.0,,False,False,0.0028
5765,185.40405,5.76576,2425,2632,2632,IC0782,IC 0782,39962.0,124482.0,572673.0,,False,False,0.0088
5766,190.845169,5.76531,1749,2129,2129,SDSSJ124322.80+054555.2,WISEA J124322.87+054554.5,4011678.0,30968.0,150760.0,224296.0,False,True,0.0071
5767,208.023535,5.76502,984,955,955,SDSSJ135205.63+054554.1,WISEA J135205.63+054553.8,4389504.0,78415.0,381058.0,,False,False,0.0032
5768,183.82635,5.76108,2016,2440,2293,PGC039188,HARO 06,39188.0,161309.0,666436.0,220250.0,False,True,0.0081
5769,190.0216,5.759,1122,792,792,PGC042417,VCC 1819,42417.0,,,,False,False,0.0026
5770,247.787598,5.74285,2375,2572,2572,ABELL2204_19:[PSE2006]1878,WISEA J163108.99+054434.6,4720256.0,,,,False,False,0.0086
5771,186.325307,5.74114,1138,1671,912,NGC4376,NGC 4376,40494.0,124516.0,572805.0,7498.0,False,True,0.0056
5772,190.57748,5.73934,971,276,276,PGC042666,VCC 1918,42666.0,30959.0,150733.0,220939.0,False,True,0.0009
5773,184.7745,5.7388,1227,1930,1930,PGC039620,VCC 0321,39620.0,141127.0,628101.0,,False,False,0.0064
5774,190.628817,5.73172,2601,2795,2795,SDSSJ124230.91+054354.1,WISEA J124230.87+054354.0,4002771.0,30958.0,150732.0,,False,False,0.0093
5775,184.776944,5.72593,2695,2873,2873,NGC4257,NGC 4257,39624.0,161463.0,666978.0,,False,False,0.0096
5776,186.980784,5.72116,2248,2541,2483,UGC07579,UGC 07579,40933.0,161822.0,667933.0,7579.0,False,True,0.0085
5777,188.482047,5.71886,1749,2130,2130,PGC041761,VCC 1530,41761.0,141644.0,628570.0,,False,False,0.0071
5778,146.571305,5.70871,3077,3062,3156,NGC2990,NGC 2990,28026.0,136083.0,623411.0,5229.0,False,True,0.0102
5779,146.585145,5.69186,3173,3249,3249,PGC028029,CGCG 035-052,28029.0,39959.0,191921.0,,False,False,0.0108
5780,146.5854,5.68729,2967,3050,3050,PGC213631,SDSS J094620.49+054113.8,213631.0,40000.0,192360.0,,False,False,0.0102
5781,184.52833,5.68454,2544,2736,2736,PGC039488,VCC 0270,39488.0,30809.0,149864.0,,False,False,0.0091
5782,183.647001,5.67707,2068,574,2332,PGC039107,VCC 0114,39107.0,140975.0,666341.0,220230.0,False,True,0.0019
5783,184.675712,5.66547,1517,2065,2065,PGC039564,VCC 0300,39564.0,,,,False,False,0.0069
5784,149.349168,5.66111,2167,2296,2296,AGC198437,AGC 198437,5060180.0,,,198437.0,False,True,0.0077
5785,188.106276,5.65543,1143,1003,1003,PGC041574,VCC 1430,41574.0,,,,False,False,0.0033
5786,156.443588,5.65189,1154,1990,1245,PGC030608,CGCG 037-033,30608.0,137297.0,624555.0,203913.0,False,True,0.0066
5787,185.201988,5.6398,2140,2142,2391,NGC4287,NGC 4287,39860.0,141193.0,628161.0,220412.0,False,True,0.0071
5788,130.060207,5.63487,1940,2448,2024,UGC04524,UGC 04524,24374.0,156838.0,647761.0,4524.0,False,True,0.0082
5789,112.302915,5.63278,2063,2110,2110,AGC174656,AGC 174656,5057570.0,,,174656.0,False,True,0.007
5790,114.591251,5.63194,1813,1870,1870,AGC174661,AGC 174661,5060055.0,,,174661.0,False,True,0.0062
5791,184.42187,5.62075,2624,2807,2807,PGC1286394,WISEA J121741.23+053714.8,1286394.0,30813.0,149882.0,,False,False,0.0094
5792,171.87021,5.61719,1512,1872,1872,AGC219203,SDSS J112728.93+053701.5,5059973.0,,,219203.0,False,True,0.0062
5793,184.617022,5.61576,1788,2144,2144,PGC039532,VCC 0286,39532.0,161444.0,666896.0,,False,False,0.0072
5794,119.967956,5.60831,2617,2661,2661,NGC2504,NGC 2504,22414.0,134766.0,622246.0,4152.0,False,True,0.0089
5795,185.826782,5.60715,1802,2154,2154,PGC1286175,WISEA J122318.41+053625.7,1286175.0,124501.0,572759.0,227958.0,False,True,0.0072
5796,184.49749,5.5986,2608,2794,2794,NGC4249,NGC 4249,39481.0,30783.0,149549.0,,False,False,0.0093
5797,184.8213,5.57844,2489,2687,2687,SDSSJ121917.10+053442.3,SDSS J121917.10+053442.4,4002274.0,30822.0,149939.0,,False,False,0.009
5798,209.348354,5.57377,1012,1044,1044,PGC1285591,GALEXASC J135723.76+053428.6,1285591.0,144161.0,630890.0,,False,False,0.0035
5799,185.101221,5.57286,937,300,300,NGC4282,NGC 4282,39809.0,30845.0,149999.0,,False,False,0.001
5800,184.628723,5.55948,873,335,335,NGC4252,NGC 4252,39537.0,30815.0,149889.0,7343.0,False,True,0.0011
5801,201.323306,5.54323,989,773,773,AGC238691,AGC 238691,5060310.0,,,238691.0,False,True,0.0026
5802,209.039086,5.54277,1096,1084,1238,SDSSJ135609.37+053233.9,SDSS J135609.35+053233.2,4019959.0,31532.0,153519.0,232142.0,False,True,0.0036
5803,184.926154,5.53836,1538,2064,2064,NGC4266,NGC 4266,39699.0,141145.0,593835.0,,False,False,0.0069
5804,220.114782,5.53192,1557,1830,1830,SDSSJ144027.54+053154.8,WISEA J144027.54+053154.1,4116082.0,80440.0,389554.0,,False,False,0.0061
5805,134.725417,5.52611,1977,2071,2071,AGC182489,AGC 182489,5060099.0,,,182489.0,False,True,0.0069
5806,170.630832,5.52472,1575,1903,1903,AGC219201,SDSS J112231.35+053129.3,5060227.0,,,219201.0,False,True,0.0063
5807,237.491614,5.51722,1949,1982,2168,PGC1284712,WISEA J154958.01+053101.1,1284712.0,,,258343.0,False,True,0.0066
5808,208.045087,5.50346,1237,2234,1531,PGC1284444,WISEA J135210.83+053011.7,1284444.0,31524.0,153410.0,232162.0,False,True,0.0075
5809,192.42544,5.48946,738,354,354,SDSSJ124942.06+052922.2,WISEA J124942.15+052920.8,3395363.0,31026.0,151040.0,225197.0,False,True,0.0012
5810,196.04495,5.48709,2816,2996,2996,SDSSJ130410.81+052913.1,SDSS J130410.81+052913.1,4353444.0,,,238685.0,False,True,0.01
5811,263.475033,5.47609,2835,3012,3012,UGC10901,UGC 10901,60507.0,,,,False,False,0.01
5812,198.0261,5.4758,913,1759,507,UGC08276,UGC 08276,45840.0,,629953.0,8276.0,False,True,0.0059
5813,184.834277,5.46677,2426,2631,2631,PGC039652,VCC 0338,39652.0,30823.0,149942.0,,False,False,0.0088
5814,184.95596,5.4634,2372,2040,2584,NGC4270,NGC 4270,39718.0,141153.0,628125.0,7376.0,False,True,0.0068
5815,239.009998,5.45694,2307,2510,2510,AGC258348,AGC 258348,5059412.0,,,258348.0,False,True,0.0084
5816,184.9389,5.4566,2362,2575,2575,PGC039711,VCC 0367,39711.0,,,,False,False,0.0086
5817,185.681565,5.45637,2293,2517,2517,SDSSJ122243.57+052723.0,VCCA 027,5064801.0,124497.0,572741.0,,False,False,0.0084
5818,207.928853,5.44649,1241,1538,1538,PGC1283560,WISEA J135142.87+052647.7,1283560.0,31522.0,153390.0,,False,False,0.0051
5819,222.143475,5.43122,1698,1956,1956,SDSSJ144834.42+052552.5,SDSS J144834.42+052552.4,4117210.0,,389922.0,245015.0,False,True,0.0065
5820,191.174818,5.43023,2536,2736,2736,PGC1283313,WISEA J124441.96+052548.8,1283313.0,30967.0,150758.0,,False,False,0.0091
5821,184.342679,5.42918,2147,2394,2394,SDSSJ121722.25+052545.2,WISEA J121722.18+052544.6,4002211.0,30814.0,149886.0,,False,False,0.008
5822,188.76051,5.42539,849,331,331,PGC041893,VCC 1597,41893.0,162062.0,668711.0,222310.0,False,True,0.0011
5823,189.279327,5.42167,1168,1392,1392,PGC042110,VCC 1701,42110.0,162128.0,668970.0,,False,False,0.0046
5824,185.016659,5.41463,2468,2667,2667,PGC039760,VCC 0390,39760.0,30836.0,149973.0,223262.0,False,True,0.0089
5825,184.981887,5.41115,3136,3284,3284,PGC1283020,WISEA J121955.65+052439.8,1283020.0,30837.0,149975.0,,False,False,0.011
5826,200.133648,5.40816,965,906,669,UGC08382,UGC 08382,46556.0,163380.0,152272.0,8382.0,False,True,0.003
5827,152.322421,5.40377,1709,2624,1877,PGC092910,FGC 120A,92910.0,,192908.0,205076.0,False,True,0.0088
5828,188.150781,5.3881,894,312,312,PGC041595,VCC 1443,41595.0,141608.0,628537.0,,False,False,0.001
5829,185.089749,5.3864,2728,2568,2902,NGC4281,NGC 4281,39801.0,141177.0,628146.0,,False,False,0.0086
5830,185.422779,5.38484,2270,2496,2496,NGC4300,NGC 4300,39972.0,124483.0,572680.0,,False,False,0.0083
5831,186.397209,5.38102,2321,2542,2542,PGC1282537,WISEA J122535.33+052251.2,1282537.0,124513.0,572791.0,,False,False,0.0085
5832,184.444218,5.37675,1976,2263,2263,SDSSJ121746.61+052236.2,VCCA 014,3394520.0,30812.0,149875.0,,False,False,0.0075
5833,184.842576,5.37638,2475,3990,2673,NGC4259,NGC 4259,39657.0,30825.0,149946.0,,False,False,0.0133
5834,189.451583,5.36849,1036,1254,296,NGC4580,NGC 4580,42174.0,30897.0,150414.0,7794.0,False,True,0.0042
5835,219.796212,5.36349,1506,1954,1780,NGC5701,NGC 5701,52365.0,145398.0,632028.0,9436.0,True,True,0.0065
5836,183.459534,5.35356,1689,2090,2090,PGC166126,GR 05,166126.0,161253.0,666244.0,223219.0,False,True,0.007
5837,219.935317,5.35335,1761,2020,2020,PGC1282083,SDSS J143944.45+052111.9,1282083.0,80438.0,389552.0,241893.0,False,True,0.0067
5838,192.666238,5.34783,675,340,340,AGC227973,AGC 227973,5060290.0,,,227973.0,False,True,0.0011
5839,184.983664,5.34337,2379,2277,2589,NGC4273,NGC 4273,39738.0,161509.0,667102.0,7380.0,False,True,0.0076
5840,185.313926,5.3418,2355,2569,2569,PGC039923,VCC 0464,39923.0,124486.0,572693.0,,False,False,0.0086
5841,185.015535,5.34095,2187,2427,2427,NGC4277,NGC 4277,39759.0,30838.0,149978.0,,False,False,0.0081
5842,208.743529,5.3337,1370,1840,1709,NGC5356,NGC 5356,49468.0,31560.0,153757.0,8831.0,True,True,0.0061
5843,186.273373,5.32912,1986,2273,2273,PGC040461,VCC 0764,40461.0,161692.0,667631.0,220537.0,False,True,0.0076
5844,209.088811,5.32899,1402,1742,1742,SDSSJ135621.34+051944.3,SDSS J135621.31+051944.2,4012227.0,31567.0,153781.0,,False,False,0.0058
5845,151.850281,5.3253,1603,1771,1771,SDSSJ100724.05+051931.0,WISEA J100724.03+051931.5,3463267.0,,,,False,False,0.0059
5846,192.490988,5.31134,651,1167,331,NGC4713,NGC 4713,43413.0,31028.0,151045.0,7985.0,False,True,0.0039
5847,137.152287,5.29108,595,469,512,PGC2807128,SDSS J090836.54+051726.8,2807128.0,,648174.0,191702.0,False,True,0.0016
5848,184.946751,5.28373,2012,2152,2290,NGC4268,NGC 4268,39712.0,30840.0,149981.0,,False,False,0.0072
5849,218.844782,5.27642,1637,2084,1908,UGC09385,UGC 09385,52141.0,145309.0,631944.0,9385.0,False,True,0.007
5850,129.171387,5.27353,3127,3172,3172,SDSSJ083641.13+051624.9,WISEA J083641.15+051624.8,4015299.0,46792.0,226118.0,,False,False,0.0106
5851,209.030166,5.25469,1134,1436,1320,NGC5363,NGC 5363,49547.0,144114.0,630849.0,8847.0,True,True,0.0048
5852,185.775741,5.25045,1664,2162,2088,NGC4324,NGC 4324,40179.0,161632.0,667444.0,7451.0,False,True,0.0072
5853,177.770087,5.24615,1465,1944,1944,PGC1280390,WISEA J115104.84+051445.8,1280390.0,30615.0,147976.0,213174.0,False,True,0.0065
5854,185.217661,5.23203,2379,2589,2589,PGC039866,VCC 0440,39866.0,,,,False,False,0.0086
5855,208.546919,5.22729,1450,1346,1795,NGC5348,NGC 5348,49411.0,144056.0,630795.0,8821.0,True,True,0.0045
5856,146.359293,5.20806,3152,3226,3226,SDSSJ094526.24+051229.2,SDSS J094526.24+051229.2,4211781.0,,,198433.0,False,True,0.0108
5857,208.360602,5.20776,810,923,636,NGC5338,NGC 5338,49353.0,164171.0,678196.0,8800.0,False,True,0.0031
5858,168.302169,5.19635,2542,2698,2698,PGC034151,CGCG 039-073,34151.0,30365.0,146510.0,212102.0,False,True,0.009
5859,208.768792,5.1895,1405,1065,1747,PGC1279452,WISEA J135504.45+051121.7,1279452.0,31562.0,153767.0,232141.0,False,True,0.0036
5860,185.234686,5.18903,2369,2580,2580,SDSSJ122056.32+051120.5,VCCA 024,5064800.0,124485.0,572685.0,,False,False,0.0086
5861,237.255394,5.18876,2169,2371,2378,UGC10041,UGC 10041,56111.0,166462.0,,10041.0,False,True,0.0079
5862,186.862377,5.18794,1218,1869,1869,PGC1279440,WISEA J122726.96+051116.5,1279440.0,124521.0,572837.0,,False,False,0.0062
5863,184.954811,5.18503,1951,2245,2245,2MASXJ12194916+0511061,VCCA 020,3394582.0,30841.0,149984.0,,False,False,0.0075
5864,186.013312,5.18059,2048,2318,2318,PGC040310,VCC 0693,40310.0,124504.0,572763.0,220506.0,False,True,0.0077
5865,129.139229,5.17825,1863,1990,1945,SDSSJ083633.23+051042.5,SDSS J083633.22+051042.3,4086026.0,46791.0,226116.0,181949.0,False,True,0.0066
5866,187.974584,5.17311,2308,2531,2531,PGC041502,VCC 1391,41502.0,,,223819.0,False,True,0.0084
5867,145.224651,5.1658,1959,2293,2083,NGC2962,NGC 2962,27635.0,157374.0,648669.0,5167.0,False,True,0.0076
5868,209.066256,5.16515,1499,1835,1835,VVDS140422444,SDSS J135615.94+050954.0,4710651.0,,,,False,False,0.0061
5869,209.231583,5.15189,1517,1850,1850,PGC049602,CGCG 046-013,49602.0,31534.0,153530.0,,False,False,0.0062
5870,171.795415,5.14889,1518,1871,1871,AGC219202,WISEA J112710.83+050855.7,5057582.0,,,219202.0,False,True,0.0062
5871,192.096115,5.13777,2515,2716,2716,SDSSJ124823.09+050816.3,SDSS J124823.09+050816.3,4018022.0,31023.0,151015.0,224517.0,False,True,0.0091
5872,216.794965,5.13455,1602,1410,1883,UGC09252,UGC 09252,51604.0,145080.0,631739.0,9252.0,False,True,0.0047
5873,143.781177,5.12005,2005,2576,2122,UGC05107,UGC 05107,27248.0,157330.0,648597.0,5107.0,False,True,0.0086
5874,184.58451,5.11684,2676,2853,2853,SDSSJ121820.26+050700.4,WISEA J121820.28+050700.6,4002248.0,141096.0,628074.0,,False,False,0.0095
5875,122.199582,5.11556,2626,2671,2671,AGC182490,AGC 182490,5060092.0,,,182490.0,False,True,0.0089
5876,185.167273,5.10506,1690,2095,2095,PGC1278179,WISEA J122040.08+050618.3,1278179.0,,592860.0,227954.0,False,True,0.007
5877,185.505438,5.10021,1882,2199,2199,UGC07422,UGC 07422,40021.0,124493.0,572723.0,7422.0,False,True,0.0073
5878,212.406826,5.09619,1810,2086,2086,PGC1278091,SDSS J140937.63+050546.5,1278091.0,144604.0,631306.0,242151.0,False,True,0.007
5879,208.761233,5.09032,1397,1737,1737,PGC1277985,SDSS J135502.70+050525.1,1277985.0,31561.0,153763.0,,False,False,0.0058
5880,230.485344,5.07063,1440,1679,1682,NGC5921,NGC 5921,54849.0,166141.0,684773.0,9824.0,False,True,0.0056
5881,188.851785,5.04829,1817,2162,2162,SDSSJ123524.43+050253.8,TOLOLO 1232+052,3395075.0,30936.0,150612.0,224516.0,False,True,0.0072
5882,184.865748,5.04749,1850,2620,2177,PGC039672,MRK 1321,39672.0,30791.0,149626.0,,False,False,0.0087
5883,145.234771,5.04491,1871,1999,1999,PGC1277283,SDSS J094056.30+050240.5,1277283.0,39963.0,191990.0,192833.0,False,True,0.0067
5884,185.067327,5.03925,2507,2700,2700,PGC039788,VCC 0402,39788.0,141172.0,628142.0,,False,False,0.009
5885,121.830834,5.03667,2831,2869,2869,AGC188728,AGC 188728,5058974.0,,,188728.0,False,True,0.0096
5886,145.759122,5.02862,1963,2088,2088,SDSSJ094302.21+050144.1,SDSS J094302.17+050144.4,4019931.0,136044.0,623378.0,192835.0,False,True,0.007
5887,184.470356,5.02713,1767,2128,2128,PGC039468,VCC 0260,39468.0,30750.0,666801.0,220304.0,False,True,0.0071
5888,185.057853,5.01847,1781,2137,2137,SDSSJ122013.89+050106.1,WISEA J122013.91+050106.4,3394319.0,141170.0,628140.0,,False,False,0.0071
5889,209.04989,5.01466,1240,1270,1523,NGC5364,NGC 5364,49555.0,144118.0,593369.0,8853.0,True,True,0.0042
5890,151.768706,5.00686,1730,792,1892,PGC1276691,SDSS J100704.47+050024.6,1276691.0,17205.0,83583.0,203862.0,False,True,0.0026
5891,194.325495,4.99134,883,399,399,AGC227975,AGC 227975,5060294.0,,,227975.0,False,True,0.0013
5892,208.911392,4.98499,1175,1632,1403,NGC5360,NGC 5360,49513.0,164223.0,678412.0,8838.0,True,True,0.0054
5893,116.435166,4.98125,2768,3593,2800,UGC04010,UGC 04010,21730.0,,,4010.0,False,True,0.012
5894,130.382815,4.98034,1944,1510,2025,NGC2644,NGC 2644,24425.0,135430.0,594558.0,4533.0,False,True,0.005
5895,173.826687,4.95484,1416,1416,1815,PGC1275866,WISEA J113518.39+045716.3,1275866.0,30566.0,147360.0,213169.0,False,True,0.0047
5896,144.842976,4.9524,1892,2017,2017,PGC1275824,2MASX J09392231+0457091,1275824.0,39964.0,192008.0,192830.0,False,True,0.0067
5897,185.545688,4.95187,1967,2256,2256,PGC040050,VCC 0531,40050.0,161597.0,667350.0,,False,False,0.0075
5898,189.830264,4.94389,1960,2255,2255,PGC1275680,WISEA J123919.27+045638.0,1275680.0,,,,False,False,0.0075
5899,134.837502,4.94194,2469,2541,2541,AGC188732,AGC 188732,5059034.0,,,188732.0,False,True,0.0085
5900,189.841164,4.93667,1613,2070,2070,PGC042340,VCC 1789,42340.0,,,220883.0,False,True,0.0069
5901,186.325235,4.92495,2558,2032,2747,NGC4378,NGC 4378,40490.0,141315.0,628271.0,7497.0,False,True,0.0068
5902,160.044576,4.90892,747,1462,562,AGC208399,PGC1 5059118 NED001,5059118.0,,,208399.0,False,True,0.0049
5903,192.600063,4.9061,650,332,332,AGC227972,AGC 227972,5060289.0,,,227972.0,False,True,0.0011
5904,192.694929,4.88993,720,356,356,SDSSJ125046.77+045323.7,WISEA J125046.76+045323.1,3395373.0,31032.0,151057.0,,False,False,0.0012
5905,220.74156,4.88968,1584,2167,1850,IC1048,IC 1048,52564.0,18301.0,88064.0,9483.0,True,True,0.0072
5906,145.712079,4.88962,1939,2685,2065,HIPASSJ0942+04,SDSS J094250.75+045327.5,4668301.0,136041.0,623375.0,193813.0,False,True,0.009
5907,208.474164,4.88778,1281,894,1591,AGC238709,AGC 238709,5057594.0,,,238709.0,False,True,0.003
5908,169.0,4.87583,2524,2681,2681,AGC219198,AGC 219198,5060216.0,,,219198.0,False,True,0.0089
5909,194.014521,4.86681,1371,1994,1994,AGC227974,AGC 227974,5057592.0,,,227974.0,False,True,0.0067
5910,184.585698,4.85379,2077,2336,2336,SDSSJ121820.56+045113.6,VCCA 016,3394017.0,30748.0,149184.0,,False,False,0.0078
5911,214.281036,4.83704,1642,1929,1929,PGC3126117,WISEA J141707.44+045013.3,3126117.0,17934.0,86908.0,242152.0,False,True,0.0064
5912,146.91084,4.82167,3299,3368,3368,,2MASX J09473857+0449179,,,,192950.0,False,True,0.0112
5913,181.018294,4.81292,2240,2460,2460,SDSSJ120404.33+044847.2,SDSS J120404.33+044847.2,4001803.0,30738.0,149035.0,224236.0,False,True,0.0082
5914,186.3895,4.8078,2473,2671,2671,PGC040531,VCC 0806,40531.0,141327.0,628283.0,,False,False,0.0089
5915,150.500009,4.79096,1678,1834,1834,PGC1273344,WISEA J100200.00+044727.0,1273344.0,17155.0,83429.0,,False,False,0.0061
5916,184.733978,4.78602,1977,2165,2261,NGC4255,NGC 4255,39592.0,141118.0,628092.0,,False,False,0.0072
5917,185.392002,4.77948,2122,2372,2372,UGC07411,UGC 07411,39951.0,124477.0,572659.0,,False,False,0.0079
5918,184.838019,4.77342,2065,2327,2327,PGC1273077,WISEA J121921.13+044623.9,1273077.0,30790.0,149621.0,,False,False,0.0078
5919,220.761804,4.76545,1700,2255,1958,UGC09485,UGC 09485,52574.0,,,9485.0,False,True,0.0075
5920,235.276496,4.75278,1977,2194,2194,SDSSJ154106.34+044510.1,SDSS J154106.34+044510.1,4473692.0,,,258331.0,False,True,0.0073
5921,189.371076,4.75112,1642,505,2078,PGC042143,VCC 1713,42143.0,30847.0,150024.0,222314.0,False,True,0.0017
5922,145.088049,4.73512,1987,2133,2107,SDSSJ094021.13+044406.3,WISEA J094021.13+044406.7,3998262.0,17030.0,82770.0,192937.0,False,True,0.0071
5923,157.182455,4.73435,1182,1283,1283,AGC208394,AGC 208394,5059697.0,,,208394.0,False,True,0.0043
5924,221.584272,4.73294,1516,1443,1779,SDSSJ144620.21+044358.4,SDSS J144620.20+044358.4,3360387.0,18316.0,88152.0,242625.0,False,True,0.0048
5925,111.975012,4.69623,2088,2130,2130,HIPASSJ0727+04,AGC 171494,4668298.0,,,171494.0,False,True,0.0071
5926,191.99925,4.69486,1020,428,428,PGC043215,CGCG 043-030,43215.0,162423.0,670728.0,,False,False,0.0014
5927,169.556441,4.69185,2628,2777,2777,SDSSJ111813.55+044130.6,SDSS J111813.55+044130.6,4000656.0,30459.0,146741.0,214282.0,False,True,0.0093
5928,145.578957,4.68921,2036,2155,2155,SDSSJ094218.93+044121.8,WISEA J094218.99+044121.5,3355936.0,136037.0,623372.0,,False,False,0.0072
5929,171.416696,4.6765,1506,1850,1850,SDSSJ112539.99+044035.4,WISEA J112540.02+044036.0,3393428.0,30413.0,146655.0,214318.0,False,True,0.0062
5930,145.547834,4.67314,2042,1663,2160,NGC2966,NGC 2966,27734.0,136035.0,623370.0,5181.0,False,True,0.0055
5931,185.632083,4.66972,2214,2447,2447,AGC227956,VCCA 080,5060267.0,,,227956.0,False,True,0.0082
5932,179.753069,4.66967,1608,1358,2024,PGC1271536,WISEA J115900.77+044010.6,1271536.0,30668.0,148528.0,213178.0,False,True,0.0045
5933,169.254919,4.66227,1462,1776,1776,SDSSJ111701.18+043944.1,WISEA J111701.15+043944.2,3391758.0,30296.0,146353.0,215186.0,False,True,0.0059
5934,170.546302,4.66155,1305,1587,1587,SDSSJ112211.07+043941.4,WISEA J112211.06+043941.7,4011025.0,139263.0,626400.0,,False,False,0.0053
5935,184.771383,4.6608,2348,2559,2559,PGC039621,VCC 0320,39621.0,141126.0,628100.0,220344.0,False,True,0.0085
5936,192.3156,4.65615,2670,2854,2854,UGC07976,UGC 07976,43338.0,142392.0,150855.0,7976.0,False,True,0.0095
5937,184.001649,4.65089,2188,2244,2422,PGC039265,VCC 0172,39265.0,,,220264.0,False,True,0.0075
5938,184.548428,4.64457,2089,2344,2344,SDSSJ121811.60+043840.2,WISEA J121811.65+043840.3,4002239.0,30745.0,149175.0,224258.0,False,True,0.0078
5939,169.536324,4.61618,2338,2513,2513,UGC06317,UGC 06317,34529.0,30458.0,146740.0,6317.0,False,True,0.0084
5940,219.594008,4.61323,1704,1964,1964,SDSSJ143822.55+043647.7,WISEA J143822.57+043647.9,4004906.0,18227.0,87834.0,,False,False,0.0066
5941,169.363211,4.60479,1747,2017,2017,UGC06306,UGC 06306,34476.0,,,6306.0,False,True,0.0067
5942,223.180995,4.60462,1589,1649,1845,SDSSJ145243.39+043616.7,SDSS J145243.39+043616.7,4436980.0,,,249264.0,False,True,0.0055
5943,185.318612,4.59568,2260,1140,2484,NGC4292,NGC 4292,39922.0,124480.0,572665.0,,False,False,0.0038
5944,162.896287,4.58319,1040,1832,1003,UGC05974,UGC 05974,32570.0,138215.0,625427.0,5974.0,False,True,0.0061
5945,235.487232,4.57986,1973,1946,2189,AGC258332,SDSS J154157.11+043444.9,5059379.0,81254.0,392731.0,258332.0,False,True,0.0065
5946,184.86558,4.57847,1711,2098,2098,PGC1270208,VCCA 018,1270208.0,30789.0,149620.0,,False,False,0.007
5947,188.241799,4.5784,1228,1865,1865,PGC041647,VCC 1468,41647.0,141618.0,628547.0,220762.0,False,True,0.0062
5948,157.905297,4.57277,1169,1261,1261,SDSSJ103137.27+043422.0,WISEA J103137.28+043421.5,3999555.0,17449.0,84739.0,,False,False,0.0042
5949,185.613404,4.56627,1279,2019,2019,NGC4303A,NGC 4301,40087.0,141242.0,628205.0,7439.0,False,True,0.0067
5950,169.375652,4.55553,1614,2397,1911,NGC3611,NGC 3604,34478.0,139090.0,626246.0,6305.0,False,True,0.008
5951,113.552625,4.54642,1237,1341,1293,UGC03912,UGC 03912,21303.0,,,3912.0,False,True,0.0045
5952,220.871601,4.53156,1727,1982,1982,SDSSJ144329.17+043153.5,WISEA J144329.24+043153.9,4004996.0,18303.0,88070.0,242618.0,False,True,0.0066
5953,160.696059,4.53114,3213,3310,3310,SDSSJ104247.04+043152.0,WISEA J104247.04+043152.1,3358164.0,17487.0,84933.0,,False,False,0.011
5954,230.753546,4.52949,1830,2552,2058,UGC09830,UGC 09830,54909.0,,632620.0,9830.0,False,True,0.0085
5955,149.318787,4.5266,2138,3098,2262,UGC05347,UGC 05347,28741.0,157619.0,649436.0,5347.0,False,True,0.0103
5956,190.209731,4.52581,746,353,353,PGC042497,VCC 1855,42497.0,162226.0,669441.0,,False,False,0.0012
5957,236.602357,4.48908,1861,2080,2080,SDSSJ154624.57+042920.5,WISEA J154624.61+042920.4,4477253.0,125042.0,575155.0,,False,False,0.0069
5958,184.447356,4.47837,2068,2327,2327,PGC039460,VCC 0256,39460.0,161408.0,666794.0,,False,False,0.0078
5959,148.907308,4.47672,1944,1686,2078,PGC1268744,WISEA J095537.76+042836.7,1268744.0,17095.0,83118.0,192960.0,False,True,0.0056
5960,185.478414,4.47378,1567,1016,2053,NGC4303,MESSIER 061,40001.0,141222.0,628187.0,7420.0,False,True,0.0034
5961,157.805164,4.47184,1176,1489,1272,UGC05708,UGC 05708,31037.0,,,5708.0,False,True,0.005
5962,193.310358,4.46333,717,1133,361,NGC4765,NGC 4765,43775.0,30972.0,150802.0,8018.0,False,True,0.0038
5963,193.064169,4.4575,701,354,354,AGC226122,AGC 226122,5059229.0,,,226122.0,False,True,0.0012
5964,218.351295,4.4505,1583,1951,1855,NGC5668,NGC 5668,52018.0,165200.0,681862.0,9363.0,True,True,0.0065
5965,191.9984,4.4334,1038,488,488,PGC043205,CGCG 043-029,43205.0,142337.0,629225.0,222216.0,False,True,0.0016
5966,236.606694,4.42751,3295,3899,3464,UGC10027,UGC 10027,56005.0,125037.0,575140.0,,False,False,0.013
5967,186.286249,4.41431,1234,1847,1847,PGC040469,VCC 0772,40469.0,161693.0,667633.0,220538.0,False,True,0.0062
5968,169.147083,4.41417,2582,2732,2732,AGC219199,AGC 219199,5060218.0,,,219199.0,False,True,0.0091
5969,232.187691,4.40572,1736,1965,1965,SDSSJ152845.04+042420.6,2MASS J15284512+0424205,4465222.0,81130.0,392409.0,,False,False,0.0066
5970,184.574583,4.40238,1985,2264,2264,PGC039515,VCC 0282,39515.0,141094.0,628072.0,223392.0,False,True,0.0076
5971,209.110912,4.39666,1116,1272,1272,UGC08857,UGC 08857,49571.0,,,,False,False,0.0042
5972,185.414892,4.39269,1142,1004,1004,PGC039967,VCC 0489,39967.0,124479.0,572663.0,,False,False,0.0033
5973,192.357132,4.39242,2642,2828,2828,PGC1267592,WISEA J124925.74+042332.2,1267592.0,30987.0,150856.0,224304.0,False,True,0.0094
5974,148.648785,4.38554,1775,2722,1917,SDSSJ095435.70+042307.8,WISEA J095435.69+042308.2,3356448.0,17137.0,83316.0,192959.0,False,True,0.0091
5975,191.505832,4.38111,643,328,328,AGC227970,AGC 227970,5059984.0,,,227970.0,False,True,0.0011
5976,158.005365,4.34611,1147,1223,1223,SDSSJ103201.29+042045.9,SDSS J103201.28+042045.8,4010658.0,137594.0,,204139.0,False,True,0.0041
5977,154.287694,4.34436,1308,1451,1451,PGC213680,SDSS J101709.01+042039.4,213680.0,136962.0,624231.0,,False,False,0.0048
5978,191.944191,4.33683,986,1279,402,NGC4688,NGC 4688,43189.0,162419.0,670682.0,7961.0,False,True,0.0043
5979,169.109398,4.33652,1099,2786,1074,PGC034382,CGCG 039-094,34382.0,159545.0,146373.0,212132.0,False,True,0.0093
5980,154.299742,4.33017,1342,1244,1494,UGC05551,UGC 05551,30042.0,158115.0,651671.0,5551.0,False,True,0.0041
5981,189.618414,4.31909,783,1151,358,NGC4586,NGC 4586,42241.0,162160.0,669150.0,7804.0,False,True,0.0038
5982,125.403965,4.31701,758,757,757,AGC188955,AGC 188955,5058991.0,,,188955.0,False,True,0.0025
5983,209.589333,4.31694,869,752,752,VVDS140092139,LEDA 4702879,4702879.0,,,,False,False,0.0025
5984,186.602274,4.31686,2325,2539,2539,SDSSJ122624.54+041900.8,WISEA J122624.55+041900.5,5064799.0,124448.0,572529.0,,False,False,0.0085
5985,206.989362,4.31407,954,859,859,SDSSJ134757.44+041850.5,WISEA J134757.41+041849.5,4018203.0,143883.0,630644.0,,False,False,0.0029
5986,154.51542,4.30972,1322,1470,1470,AGC208392,SDSS J101803.73+041838.1,5059081.0,,,208392.0,False,True,0.0049
5987,209.308486,4.30731,1215,1471,1471,PGC1266441,WISEA J135714.02+041826.3,1266441.0,31551.0,153620.0,,False,False,0.0049
5988,193.953987,4.30418,761,1378,379,NGC4808,NGC 4808,44086.0,142539.0,592928.0,8054.0,False,True,0.0046
5989,148.825201,4.27,1818,2096,1958,NGC3055,NGC 3055,28617.0,157560.0,649119.0,5328.0,False,True,0.007
5990,186.816015,4.26351,1633,2069,2069,PGC040825,VCC 0985,40825.0,161797.0,667867.0,220602.0,False,True,0.0069
5991,218.663376,4.26256,1683,1560,1946,UGC09380,UGC 09380,52092.0,145294.0,631932.0,9380.0,False,True,0.0052
5992,187.611602,4.24649,2432,2878,2633,NGC4480,NGC 4480,41317.0,161911.0,668202.0,7647.0,False,True,0.0096
5993,157.200268,4.23425,2154,1883,2304,PGC030852,VIII Zw 081,30852.0,137435.0,624691.0,200426.0,False,True,0.0063
5994,186.060513,4.22596,1179,1694,1382,PGC040339,UGCA 279,40339.0,124464.0,572608.0,220510.0,False,True,0.0057
5995,185.072505,4.20196,1732,3030,2105,UGC07387,UGC 07387,39794.0,161514.0,667129.0,7387.0,False,True,0.0101
5996,236.405836,4.18295,2083,2291,2291,UGC10009,UGC 10009,55965.0,146387.0,632845.0,10009.0,False,True,0.0076
5997,217.38943,4.17044,1793,2050,2050,SDSSJ142933.41+041013.3,SDSS J142933.39+041013.1,4004746.0,,,,False,False,0.0068
5998,114.168504,4.17021,2777,2802,2802,PGC021383,CGCG 030-004,21383.0,,,170793.0,False,True,0.0093
5999,193.430436,4.15399,761,376,376,PGC1264260,GALEXASC J232008.00+083708.4,1264260.0,31063.0,151158.0,224230.0,False,True,0.0013
6000,215.18142,4.14362,1670,1946,1946,PGC3125420,WISEA J142043.55+040837.5,3125420.0,,,,False,False,0.0065
6001,186.814999,4.1275,2335,2547,2547,AGC227991,WISEA J122715.52+040738.7,5808014.0,,,227991.0,False,True,0.0085
6002,171.272636,4.121,1608,1924,1924,PGC1263785,WISEA J112505.49+040715.3,1263785.0,30412.0,146649.0,214317.0,False,True,0.0064
6003,211.066069,4.11214,1240,1502,1502,UGC08986,UGC 08986,50144.0,17848.0,86341.0,,False,False,0.005
6004,168.480063,4.1052,1604,1422,1890,PGC1263558,WISEA J111355.20+040619.2,1263558.0,,593138.0,219197.0,False,True,0.0047
6005,189.204175,4.10452,842,360,360,PGC042087,VCC 1687,42087.0,30927.0,150578.0,,False,False,0.0012
6006,144.347917,4.09861,2016,1901,2129,AGC198430,AGC 198430,5060143.0,,,198430.0,False,True,0.0063
6007,185.327411,4.07634,1977,2258,2258,PGC039929,VCC 0468,39929.0,161556.0,667244.0,220432.0,False,True,0.0075
6008,193.417506,4.07564,900,407,407,PGC1263098,WISEA J125340.19+040432.2,1263098.0,31064.0,151160.0,224229.0,False,True,0.0014
6009,194.237841,4.06482,834,403,403,PGC044215,CGCG 043-077,44215.0,31039.0,151092.0,222260.0,False,True,0.0013
6010,217.418591,4.06259,2360,2568,2568,UGC09305,UGC 09305,51782.0,,,9305.0,False,True,0.0086
6011,171.534598,4.06238,1523,1216,1859,PGC1262899,SDSS J112608.29+040344.5,1262899.0,30411.0,146638.0,214319.0,False,True,0.0041
6012,190.108034,4.05018,794,364,364,PGC042454,VCC 1839,42454.0,141854.0,628764.0,,False,False,0.0012
6013,191.006,4.02,1016,430,430,EVCC1111,SDSS J124401.48+040111.6,5098432.0,,,,False,False,0.0014
6014,193.955094,4.01325,709,1517,364,UGC08053,UGC 08053,44089.0,162610.0,592917.0,8053.0,False,True,0.0051
6015,190.43832,4.00657,797,366,366,PGC042596,VCC 1887,42596.0,30912.0,150467.0,,False,False,0.0012
6016,157.983264,4.00334,2809,2915,2915,2MASXJ10315596+0400122,WISEA J103155.98+040011.9,3357980.0,17445.0,84716.0,,False,False,0.0097
6017,186.164342,3.99551,1757,2118,2118,PGC040408,VCC 0737,40408.0,124450.0,572542.0,220524.0,False,True,0.0071
6018,215.018397,3.99275,1730,1417,2000,NGC5560,NGC 5560,51223.0,164836.0,680808.0,9172.0,True,True,0.0047
6019,195.774573,3.99195,2861,3169,3031,UGC08153,UGC 08153,45071.0,31135.0,151456.0,8153.0,False,True,0.0106
6020,215.133768,3.9832,1780,1216,2044,NGC5569,NGC 5569,51241.0,164850.0,680849.0,9176.0,False,True,0.0041
6021,229.949583,3.97806,1712,1944,1944,PGC091432,FGC 1883,91432.0,,,252596.0,False,True,0.0065
6022,195.704834,3.97674,2877,3046,3046,SDSSJ130249.15+035836.2,SDSS J130249.15+035836.2,4003051.0,31134.0,151448.0,232136.0,False,True,0.0102
6023,186.650277,3.96479,2259,2660,2481,NGC4412,NGC 4412,40715.0,161765.0,667785.0,7536.0,False,True,0.0089
6024,190.629699,3.95976,735,1151,357,NGC4630,NGC 4630,42688.0,162274.0,669756.0,7871.0,False,True,0.0038
6025,223.312624,3.95976,1477,1539,1731,NGC5770,NGC 5770,53201.0,145672.0,632272.0,,True,False,0.0051
6026,145.180089,3.95925,1305,1588,1415,IC0549,IC 0549,27622.0,136014.0,623354.0,191287.0,False,True,0.0053
6027,170.828515,3.95522,1584,1898,1898,PGC034965,CGCG 039-161,34965.0,30416.0,146666.0,,False,False,0.0063
6028,207.066859,3.95088,1171,1452,1386,NGC5300,NGC 5300,48959.0,31426.0,152846.0,8727.0,True,True,0.0048
6029,115.786732,3.94989,934,1596,971,PGC021644,CGCG 030-012,21644.0,,,170834.0,False,True,0.0053
6030,111.875418,3.94167,2821,2841,2841,AGC174655,AGC 174655,5060038.0,,,174655.0,False,True,0.0095
6031,187.913545,3.93961,1730,1094,2106,NGC4496A,NGC 4496A,41471.0,141574.0,628505.0,7668.0,False,True,0.0036
6032,189.957373,3.93552,1447,2038,2038,PGC1260930,SDSS J123949.76+035607.6,1260930.0,30924.0,150530.0,,False,False,0.0068
6033,215.082691,3.93353,1529,1371,1815,NGC5566,NGC 5566,51233.0,17878.0,86572.0,9175.0,True,True,0.0046
6034,170.583333,3.89889,1301,1568,1568,AGC219200,AGC 219200,5060226.0,,,219200.0,False,True,0.0052
6035,125.920833,3.89722,2169,2227,2227,AGC188957,AGC 188957,5058995.0,,,188957.0,False,True,0.0074
6036,159.742084,3.87416,763,582,582,AGC208397,PGC1 5059116 NED001,5059116.0,,,208397.0,False,True,0.0019
6037,156.674193,3.86196,2146,2438,2292,NGC3246,NGC 3246,30684.0,17313.0,83931.0,5661.0,False,True,0.0081
6038,184.791168,3.85615,1527,1094,2034,UGC07354,UGC 07354,39628.0,30785.0,149579.0,7354.0,False,True,0.0036
6039,217.232832,3.8516,1678,1944,1944,SDSSJ142855.87+035105.7,WISEA J142855.89+035105.7,4012432.0,18057.0,87370.0,,False,False,0.0065
6040,192.445906,3.84238,694,659,352,UGC07983,UGC 07983,43390.0,30973.0,150804.0,7983.0,False,True,0.0022
6041,186.557907,3.83712,809,364,364,SDSSJ122613.89+035013.6,WISEA J122613.90+035013.0,5076756.0,124445.0,572516.0,,False,False,0.0012
6042,214.238679,3.83609,1483,1773,1773,PGC140287,SDSS J141657.05+035003.1,140287.0,17963.0,87059.0,240228.0,False,True,0.0059
6043,232.775871,3.83011,1762,2245,1987,PGC2801023,PGC1 2801023 NED001,2801023.0,146212.0,632696.0,252522.0,False,True,0.0075
6044,190.487735,3.81929,881,372,372,PGC042613,VCC 1898,42613.0,30905.0,150439.0,,False,False,0.0012
6045,194.018599,3.8128,616,325,325,UGC08055,UGC 08055,44102.0,142548.0,629425.0,8055.0,False,True,0.0011
6046,217.700868,3.79707,1676,1940,1940,SDSSJ143048.23+034749.4,SDSS J143048.22+034749.6,4012444.0,18046.0,87346.0,242159.0,False,True,0.0065
6047,188.372919,3.7939,920,359,359,PGC041716,VCC 1507,41716.0,30854.0,150096.0,220780.0,False,True,0.0012
6048,217.50768,3.7729,1719,2874,1980,IC1022,IC 1022,51808.0,18052.0,87358.0,9311.0,True,True,0.0096
6049,169.710312,3.76356,1702,1978,1978,SDSSJ111850.46+034548.8,SDSS J111850.46+034548.8,4097588.0,30276.0,146305.0,214498.0,False,True,0.0066
6050,185.328803,3.75082,2437,2632,2632,,WISEA J122118.91+034502.9,,141209.0,,,False,False,0.0088
6051,188.572092,3.73902,2426,2626,2626,,VCC 1550,,141653.0,,,False,False,0.0088
6052,171.035374,3.73448,1764,2037,2037,SDSSJ112408.46+034404.4,WISEA J112408.43+034404.5,4011040.0,139348.0,626483.0,,False,False,0.0068
6053,188.570501,3.7339,2425,2626,2626,PGC041807,VCC 1550,41807.0,162037.0,668619.0,220793.0,False,True,0.0088
6054,142.94067,3.72863,3214,3741,3272,UGC05078,UGC 05078,27059.0,16987.0,82517.0,5078.0,False,True,0.0125
6055,168.460757,3.72823,2273,2448,2448,PGC1257521,WISEA J111350.62+034341.1,1257521.0,30333.0,146429.0,214468.0,False,True,0.0082
6056,185.259471,3.72208,2610,2971,2786,NGC4289,NGC 4289,39886.0,141200.0,592854.0,7403.0,False,True,0.0099
6057,186.172116,3.72146,1859,2176,2176,PGC040414,VCC 0741,40414.0,14136.0,68927.0,220527.0,False,True,0.0073
6058,154.245879,3.70979,1204,1304,1304,SDSSJ101659.00+034235.2,WISEA J101659.05+034234.9,3999095.0,17236.0,83692.0,,False,False,0.0043
6059,147.175267,3.69006,3022,3095,3095,SDSSJ094842.05+034124.2,SDSS J094842.05+034124.2,4017419.0,17077.0,82986.0,193106.0,False,True,0.0103
6060,184.287972,3.6829,2017,2471,2283,NGC4234,NGC 4234,39388.0,30796.0,149735.0,7309.0,False,True,0.0082
6061,190.734705,3.67658,974,398,398,PGC042748,VCC 1947,42748.0,14267.0,69679.0,,False,False,0.0013
6062,179.78706,3.66865,3265,3391,3391,SDSSJ115908.90+034007.6,SDSS J115908.90+034007.6,4015848.0,13947.0,67728.0,214640.0,False,True,0.0113
6063,167.898333,3.66667,1656,1925,1925,AGC219447,WISEA J111135.65+034001.5,5807923.0,,,219447.0,False,True,0.0064
6064,194.193753,3.66583,2799,2970,2970,AGC229205,WISEA J125646.50+033954.8,5808030.0,,,229205.0,False,True,0.0099
6065,153.714662,3.6479,993,978,978,SDSSJ101451.51+033852.5,WISEA J101451.50+033852.6,4010552.0,,624189.0,204288.0,False,True,0.0033
6066,154.259598,3.64603,1038,1048,1048,PGC1256137,WISEA J101702.33+033845.6,1256137.0,17332.0,84032.0,204302.0,False,True,0.0035
6067,189.145547,3.64211,1783,2132,2132,SDSSJ123634.93+033831.3,WISEA J123634.95+033831.6,4002645.0,14261.0,69549.0,,False,False,0.0071
6068,194.968422,3.63293,1039,675,675,SDSSJ125952.41+033758.5,WISEA J125952.40+033759.7,3395480.0,31152.0,151518.0,224310.0,False,True,0.0023
6069,165.317483,3.6281,1130,1375,1171,NGC3495,NGC 3495,33234.0,138579.0,,6098.0,False,True,0.0046
6070,170.517194,3.61437,1442,1763,1763,SDSSJ112204.13+033651.6,WISEA J112204.12+033651.9,3471732.0,13736.0,66429.0,,False,False,0.0059
6071,187.412983,3.61277,1307,2000,2000,PGC041196,VCC 1208,41196.0,161890.0,668124.0,220670.0,False,True,0.0067
6072,222.826665,3.61167,1664,1912,1912,AGC238947,WISEA J145118.69+033640.1,5808105.0,,,238947.0,False,True,0.0064
6073,191.048706,3.6068,829,378,378,PGC1255427,WISEA J124411.71+033623.9,1255427.0,14282.0,69716.0,,False,False,0.0013
6074,170.109414,3.5857,2596,2924,2743,NGC3633,NGC 3633,34711.0,159637.0,659287.0,6351.0,False,True,0.0098
6075,153.882918,3.58556,1018,1016,1016,AGC208329,AGC 208329,5807881.0,,,208329.0,False,True,0.0034
6076,229.372683,3.58551,1883,2106,2106,PGC3124577,WISEA J151729.43+033507.7,3124577.0,18647.0,89255.0,,False,False,0.007
6077,223.427109,3.58252,1566,2009,1816,NGC5774,NGC 5774,53231.0,,,9576.0,False,True,0.0067
6078,187.245915,3.5706,885,1026,368,NGC4457,NGC 4457,41101.0,161859.0,668031.0,7609.0,False,True,0.0034
6079,157.158996,3.56024,1153,1538,1227,UGC05677,UGC 05677,30832.0,,624683.0,5677.0,False,True,0.0051
6080,188.481977,3.54595,1138,1003,1003,UGC07715,UGC 07715,41758.0,141643.0,628569.0,7715.0,False,True,0.0033
6081,223.489992,3.54426,1675,1383,1920,NGC5775,NGC 5775,53247.0,145682.0,632279.0,9579.0,False,True,0.0046
6082,220.945405,3.54289,1663,1916,1916,SDSSJ144346.89+033234.3,SDSS J144346.89+033234.3,4005004.0,18249.0,87961.0,,False,False,0.0064
6083,220.390441,3.49669,1682,1935,1935,PGC1253386,WISEA J144133.71+032948.2,1253386.0,18094.0,87563.0,,False,False,0.0065
6084,125.121621,3.49306,2920,2954,2954,SDSSJ082029.19+032934.9,WISEA J082029.19+032934.3,3447503.0,46642.0,225326.0,182121.0,False,True,0.0099
6085,190.574361,3.46874,734,360,360,PGC042668,VCC 1917,42668.0,14268.0,69682.0,,False,False,0.0012
6086,170.278727,3.46871,1506,1820,1820,SDSSJ112106.93+032807.8,WISEA J112106.91+032807.3,4097805.0,139224.0,626370.0,,False,False,0.0061
6087,153.561621,3.46647,1232,1479,1341,NGC3169,NGC 3169,29855.0,158036.0,651297.0,5525.0,False,True,0.0049
6088,150.246045,3.46443,1964,2098,2098,SDSSJ100059.08+032751.4,SDSS J100059.08+032751.4,3998743.0,17117.0,83199.0,204222.0,False,True,0.007
6089,162.883354,3.45422,1066,1618,1049,PGC2807138,PGC1 2807138 NED001,2807138.0,,,201997.0,False,True,0.0054
6090,193.295232,3.44111,2787,2956,2956,PGC166147,WISEA J125310.50+032623.7,166147.0,162536.0,671450.0,223246.0,False,True,0.0099
6091,215.304571,3.43584,1489,1718,1771,NGC5577,NGC 5577,51286.0,144923.0,87038.0,9187.0,True,True,0.0057
6092,190.688903,3.43055,596,306,306,PGC042724,VCC 1934,42724.0,14269.0,69685.0,,False,False,0.001
6093,186.493609,3.42967,1422,2724,2028,UGC07522,UGC 07522,40621.0,14135.0,68926.0,7522.0,False,True,0.0091
6094,217.672888,3.42573,1761,2016,2016,PGC051845,CGCG 047-069,51845.0,,681656.0,241992.0,False,True,0.0067
6095,153.440411,3.42482,1332,1648,1472,NGC3166,NGC 3166,29814.0,136847.0,624128.0,5516.0,False,True,0.0055
6096,190.837651,3.42022,954,402,402,PGC042799,VCC 1965,42799.0,14276.0,69707.0,220964.0,False,True,0.0013
6097,197.846823,3.41151,3051,2917,3208,UGC08263,UGC 08263,45779.0,143093.0,629945.0,8263.0,False,True,0.0097
6098,219.575478,3.41031,1601,1850,1861,NGC5692,NGC 5692,52317.0,18153.0,87646.0,9427.0,True,True,0.0062
6099,170.46394,3.40489,1186,1296,1296,SDSSJ112151.33+032417.4,NGC 3640 COMP,4011019.0,13735.0,66428.0,214529.0,False,True,0.0043
6100,178.565459,3.40385,2482,2658,2658,PGC1251547,WISEA J115415.71+032414.2,1251547.0,13898.0,67436.0,213175.0,False,True,0.0089
6101,185.227564,3.40287,2198,2425,2425,SDSSJ122054.58+032409.7,WISEA J122054.56+032410.4,4002322.0,14112.0,68812.0,224514.0,False,True,0.0081
6102,223.477497,3.39583,1547,1796,1796,AGC238948,WISEA J145354.55+032344.4,5808109.0,,,238948.0,False,True,0.006
6103,192.298292,3.38874,721,1758,363,NGC4701,NGC 4701,43331.0,142389.0,629277.0,7975.0,False,True,0.0059
6104,217.970767,3.3801,1529,1798,1798,SDSSJ143153.00+032248.2,SDSS J143152.98+032248.3,4004781.0,18026.0,87294.0,,False,False,0.006
6105,153.38041,3.37499,1316,1250,1452,NGC3165,NGC 3165,29798.0,157994.0,651191.0,,False,False,0.0042
6106,150.112829,3.37439,2054,3119,2181,UGC05376,UGC 05376,28939.0,17113.0,83186.0,5376.0,False,True,0.0104
6107,188.231847,3.36041,753,361,361,PGC041644,VCC 1465,41644.0,,69289.0,220761.0,False,True,0.0012
6108,217.681248,3.345,1526,1796,1796,AGC249448,GALEXASC J143043.52+032043.4,5808088.0,,,249448.0,False,True,0.006
6109,153.533336,3.34472,1346,1489,1489,AGC208457,GALEXASC J101408.02+032041.6,5807880.0,,,208457.0,False,True,0.005
6110,223.271821,3.33176,1566,1815,1815,IC1067,IC 1067,53178.0,165750.0,683613.0,9574.0,True,True,0.0061
6111,171.101177,3.32513,1387,1832,1703,NGC3664,NGC 3664,35041.0,159767.0,659826.0,6419.0,False,True,0.0061
6112,114.498399,3.31613,1196,1064,1245,UGC03946,UGC 03946,21450.0,,,3946.0,False,True,0.0035
6113,186.166778,3.30307,928,381,381,PGC040411,VCC 0739,40411.0,14138.0,68929.0,220526.0,False,True,0.0013
6114,191.638207,3.2988,766,374,374,PGC1249354,WISEA J164710.69+265258.3,1249354.0,14342.0,69971.0,,False,False,0.0012
6115,223.261903,3.29602,1566,2382,1815,IC1066,IC 1066,53176.0,18363.0,88271.0,,True,False,0.0079
6116,232.569483,3.28931,1797,2017,2017,PGC3123706,WISEA J153016.68+031721.4,3123706.0,,,253363.0,False,True,0.0067
6117,129.725418,3.28472,1936,2007,2007,AGC189143,SDSS J083854.07+031704.8,5807814.0,,,189143.0,False,True,0.0067
6118,218.147715,3.28104,1531,1798,1798,PGC1248951,2MASS J14323540+0316523,1248951.0,18205.0,87737.0,,False,False,0.006
6119,219.814476,3.27262,1587,1846,1846,PGC1248765,WISEA J143915.36+031621.3,1248765.0,18155.0,87648.0,242866.0,False,True,0.0062
6120,215.265411,3.27101,1422,1574,1701,NGC5576,NGC 5576,51275.0,164865.0,680903.0,9183.0,True,True,0.0053
6121,217.412577,3.26629,1651,1915,1915,NGC5636,NGC 5636,51785.0,18048.0,87352.0,,True,False,0.0064
6122,217.818928,3.25671,1518,1786,1786,PGC1248433,WISEA J143116.51+031524.7,1248433.0,18025.0,87290.0,,False,False,0.006
6123,218.55938,3.25057,1546,1811,1811,SDSSJ143414.24+031501.6,WISEA J143414.26+031501.6,4012467.0,145286.0,631924.0,242162.0,False,True,0.006
6124,215.233216,3.23796,1586,1807,1864,NGC5574,NGC 5574,51270.0,164860.0,680889.0,,True,False,0.006
6125,170.278748,3.23482,1315,1854,1578,NGC3640,NGC 3640,34778.0,,,,False,False,0.0062
6126,217.418328,3.2333,1657,1858,1920,NGC5638,NGC 5638,51787.0,165082.0,681573.0,,True,False,0.0062
6127,172.374883,3.22872,1512,1852,1852,PGC3123526,WISEA J112929.93+031343.3,3123526.0,,,,False,False,0.0062
6128,171.104208,3.22127,1328,1840,1614,NGC3664A,NGC 3664A,35042.0,,,6418.0,False,True,0.0061
6129,125.895708,3.22085,2927,2960,2960,PGC023540,CGCG 032-017,23540.0,46677.0,225564.0,181007.0,False,True,0.0099
6130,217.5047,3.22049,1848,1894,2094,UGC09310,UGC 09310,51809.0,,,9310.0,False,True,0.0063
6131,150.131553,3.20529,2148,2267,2267,UGC05377,UGC 05377,28947.0,157711.0,649822.0,5377.0,False,True,0.0076
6132,170.286736,3.19455,1761,2014,2025,NGC3641,NGC 3641,34780.0,,,,False,False,0.0067
6133,125.366482,3.1693,2683,3867,2721,IC2327,IC 2327,23447.0,135021.0,622471.0,4356.0,False,True,0.0129
6134,220.51708,3.16194,1787,2030,2030,AGC249452,SDSS J144204.12+030944.4,5808098.0,,,249452.0,False,True,0.0068
6135,217.2663,3.14898,1854,1788,2099,UGC09285,UGC 09285,51741.0,165062.0,681515.0,9285.0,False,True,0.006
6136,153.504168,3.14083,1484,1644,1644,AGC208443,SDSS J101401.19+030827.7,5807879.0,,,208443.0,False,True,0.0055
6137,153.171894,3.12934,1346,1553,1486,NGC3156,NGC 3156,29730.0,157950.0,651067.0,,False,False,0.0052
6138,193.037208,3.12081,1012,543,543,SDSSJ125208.90+030714.6,SDSS J125208.90+030714.6,4002904.0,142451.0,629333.0,,False,False,0.0018
6139,190.095729,3.11772,835,607,382,NGC4600,NGC 4600,42447.0,141850.0,592905.0,,False,False,0.002
6140,189.175356,3.10848,1449,2018,2018,UGC07780,UGC 07780,42080.0,14215.0,69339.0,7780.0,False,True,0.0067
6141,176.779132,3.1064,1017,695,695,SDSSJ114706.99+030623.0,WISEA J114706.98+030622.2,4015807.0,13849.0,67112.0,,False,False,0.0023
6142,129.039798,3.10093,3074,3108,3108,SDSSJ083609.56+030603.0,GALEXMSC J083609.58+030603.9,4170884.0,,,189142.0,False,True,0.0104
6143,220.452844,3.08974,1611,1865,1865,SDSSJ144148.71+030523.1,SDSS J144148.69+030523.2,4004973.0,145442.0,632069.0,242930.0,False,True,0.0062
6144,185.976035,3.08492,1871,2179,2179,PGC040285,MRK 1323,40285.0,14132.0,68908.0,220501.0,False,True,0.0073
6145,231.208829,3.08142,1754,1977,1977,PGC3123131,SHOC 505,3123131.0,18772.0,89681.0,,False,False,0.0066
6146,147.287826,3.06695,3147,3212,3212,SDSSJ094909.09+030401.1,AGC 198548,4214058.0,,,198548.0,False,True,0.0107
6147,191.2747,3.0555,896,1339,402,NGC4624,NGC 4665,42970.0,142177.0,629074.0,,False,False,0.0045
6148,227.389898,3.05274,1803,1919,2031,NGC5864,NGC 5864,54111.0,165956.0,684070.0,,True,False,0.0064
6149,219.287054,3.04713,1759,2007,2007,PGC052256,SHOC 474,52256.0,15220.0,74289.0,242846.0,False,True,0.0067
6150,220.011975,3.04113,1690,1941,1941,SDSSJ144002.87+030228.2,SDSS J144002.87+030228.2,4012516.0,18136.0,87622.0,,False,False,0.0065
6151,218.95192,3.03838,1788,1340,2035,UGC09392,UGC 09392,52178.0,15217.0,682110.0,9392.0,False,True,0.0045
6152,188.902527,3.03456,1156,1426,1162,NGC4544,NGC 4544,41958.0,14212.0,69316.0,7756.0,False,True,0.0048
6153,179.813736,3.03279,1753,2083,2083,ABELL1437_09:[PSE2006]0685,WISEA J115915.27+030158.2,4719924.0,140564.0,627591.0,,False,False,0.0069
6154,169.88825,3.01484,1239,1418,1418,PGC034653,CGCG 039-120,34653.0,139165.0,66369.0,211541.0,False,True,0.0047
6155,170.354139,3.01393,1742,2009,2009,NGC3643,NGC 3643,34802.0,13725.0,66417.0,,False,False,0.0067
6156,182.100711,3.01328,881,419,419,PGC3122921,WISEA J120824.18+030047.7,3122921.0,14046.0,68193.0,,False,False,0.0014
6157,217.862684,3.00819,1420,1626,1684,IC1024,IC 1024,51895.0,145218.0,631861.0,9341.0,True,True,0.0054
6158,191.705866,3.0065,1232,1688,1688,PGC043108,CGCG 043-022,43108.0,,670527.0,222214.0,False,True,0.0056
6159,191.033175,3.00617,1348,1967,1967,PGC1242969,SDSS J124407.95+030022.1,1242969.0,14329.0,69909.0,,False,False,0.0066
6160,198.035872,2.98894,3034,3191,3191,UGC08275,UGC 08275,45844.0,143106.0,629956.0,8275.0,False,True,0.0106
6161,185.882497,2.98417,2425,2618,2618,AGC229201,GALEXASC J122331.94+025901.5,5808010.0,,,229201.0,False,True,0.0087
6162,231.724167,2.98278,1780,2001,2001,AGC258598,WISEA J152653.79+025859.0,5808124.0,,,258598.0,False,True,0.0067
6163,223.008105,2.97825,1814,2049,2049,SDSSJ145201.94+025841.8,WISEA J145202.00+025842.9,3359930.0,18369.0,88285.0,,False,False,0.0068
6164,146.467558,2.97769,1932,2163,2050,UGC05224,UGC 05224,27997.0,136078.0,623407.0,5224.0,False,True,0.0072
6165,146.474596,2.97321,1885,2163,2006,,CGCG 035-048 NED02,,,592744.0,,False,False,0.0072
6166,224.692008,2.96899,1650,1890,1890,PGC1242097,KUG 1456+031,1242097.0,18464.0,88594.0,243026.0,False,True,0.0063
6167,185.141428,2.96777,2385,2582,2582,PGC039833,VCC 0423,39833.0,,,222234.0,False,True,0.0086
6168,170.070808,2.96432,1481,2143,1788,NGC3630,NGC 3630,34698.0,139189.0,626336.0,,False,False,0.0071
6169,222.595368,2.95836,1698,1941,1941,PGC1241857,SDSS J145022.84+025730.5,1241857.0,145642.0,632250.0,242986.0,False,True,0.0065
6170,219.768593,2.94956,1564,1999,1822,UGC09432,UGC 09432,52356.0,15229.0,74335.0,9432.0,False,True,0.0067
6171,183.088751,2.93972,2218,2436,2436,AGC229200,SDSS J121221.30+025622.8,5808004.0,,,229200.0,False,True,0.0081
6172,183.829517,2.92761,1365,1958,1958,SDSSJ121518.94+025538.2,WISEA J121519.11+025540.0,4103522.0,161310.0,666442.0,,False,False,0.0065
6173,182.8642,2.92565,1297,1840,1840,UGC07185,UGC 07185,38822.0,14069.0,68448.0,7185.0,False,True,0.0061
6174,238.843357,2.92081,2009,2212,2212,SDSSJ155522.38+025515.1,WISEA J155522.44+025513.5,4013134.0,,,253579.0,False,True,0.0074
6175,218.187975,2.91479,1528,1792,1792,PGC051971,CGCG 047-085,51971.0,15180.0,74134.0,240444.0,False,True,0.006
6176,187.015558,2.91003,1487,2018,2018,PGC040951,VCC 1060,40951.0,161826.0,667940.0,220628.0,False,True,0.0067
6177,246.517833,2.90653,1513,1723,1723,PGC058114,CGCG 052-015,58114.0,,,260508.0,False,True,0.0057
6178,227.035552,2.90502,1652,1886,1886,NGC5846:[MTT2005]258,SDSS J150808.43+025416.5,4609743.0,145852.0,,,False,False,0.0063
6179,193.814721,2.89662,2783,2950,2950,NGC4799,NGC 4799,44017.0,14409.0,70245.0,8043.0,False,True,0.0098
6180,183.045489,2.88218,2095,2336,2336,SDSSJ121210.92+025255.6,WISEA J121210.93+025255.3,4002041.0,14072.0,68475.0,224242.0,False,True,0.0078
6181,268.642606,2.88078,1757,2084,1943,UGC11030,UGC 11030,61082.0,,,,False,False,0.007
6182,182.046336,2.8783,1327,1596,1870,NGC4123,NGC 4123,38531.0,14044.0,68187.0,7116.0,False,True,0.0053
6183,148.497489,2.86907,1754,1888,1888,SDSSJ095359.32+025209.1,SDSS J095359.32+025209.1,4017435.0,12428.0,58913.0,193363.0,False,True,0.0063
6184,198.110835,2.855,3103,3255,3255,AGC238975,WISEA J131226.65+025118.2,5808037.0,,,238975.0,False,True,0.0109
6185,192.459324,2.85186,1156,1470,1226,UGC07982,UGC 07982,43397.0,142416.0,629300.0,7982.0,False,True,0.0049
6186,236.600239,2.84404,1521,2600,1742,UGC10025,UGC 10025,56001.0,146402.0,581761.0,10025.0,False,True,0.0087
6187,183.1064,2.81,884,413,413,PGC135791,PGC1 0135791 NED001,135791.0,140912.0,627908.0,225487.0,False,True,0.0014
6188,188.210698,2.79742,1076,633,633,PGC041626,VCC 1457,41626.0,14202.0,69276.0,,False,False,0.0021
6189,194.592644,2.79249,2776,3118,2945,UGC08084,UGC 08084,44450.0,142641.0,629516.0,8084.0,False,True,0.0104
6190,127.919584,2.78944,2039,2100,2100,AGC189139,WISEA J083140.76+024724.2,5807807.0,,,189139.0,False,True,0.007
6191,110.782596,2.76579,1562,1604,1604,PGC020885,CGCG 001-004,20885.0,,,,False,False,0.0054
6192,193.566226,2.76241,905,447,447,PGC1236745,WISEA J125415.88+024544.5,1236745.0,,,229204.0,False,True,0.0015
6193,228.789296,2.75182,1764,1989,1989,PGC1236445,WISEA J151509.40+024506.2,1236445.0,18665.0,89331.0,,False,False,0.0066
6194,219.992739,2.74792,1750,1995,1995,PGC1236341,SDSS J143958.22+024451.9,1236341.0,15225.0,74327.0,243216.0,False,True,0.0067
6195,185.735948,2.74701,1836,2153,2153,PGC040157,VCC 0597,40157.0,14128.0,68881.0,220471.0,False,True,0.0072
6196,190.714007,2.74374,1224,1642,1642,SDSSJ124251.40+024437.0,SDSS J124251.40+024437.0,4106290.0,,,,False,False,0.0055
6197,222.781054,2.7244,1523,1771,1771,PGC1235691,SDSSCGB 38563,1235691.0,,,238946.0,False,True,0.0059
6198,187.259366,2.72286,1572,1732,2031,UGC07612,UGC 07612,41109.0,141474.0,628410.0,7612.0,False,True,0.0058
6199,190.693773,2.71788,1042,564,564,,[DSR2005] J124245.91+024301.2,,,592901.0,,False,False,0.0019
6200,191.705892,2.71367,946,441,441,SDSSJ124649.44+024248.3,SDSS J124649.44+024248.3,3348944.0,142281.0,629175.0,,False,False,0.0015
6201,217.331583,2.71056,1799,2047,2047,PGC1235336,WISEA J142919.58+024238.3,1235336.0,15164.0,74043.0,,False,False,0.0068
6202,187.066157,2.7008,2220,2443,2443,PGC139866,WISEA J122815.88+024202.8,139866.0,14187.0,69206.0,225513.0,False,True,0.0081
6203,153.961394,2.69377,1293,1419,1419,,UGC 05539 NOTES01,,136940.0,,,False,False,0.0047
6204,181.903626,2.69204,1309,1596,1824,NGC4116,NGC 4116,38492.0,161086.0,665632.0,7111.0,False,True,0.0053
6205,229.024869,2.69195,1464,1696,1696,PGC1234821,SDSS J151605.97+024130.9,1234821.0,125154.0,575752.0,733959.0,False,True,0.0057
6206,194.435817,2.69194,921,1633,478,UGC08074,UGC 08074,44354.0,14421.0,70288.0,8074.0,False,True,0.0054
6207,170.012823,2.68968,1629,1914,1914,PGC1234729,WISEA J112003.06+024122.8,1234729.0,,,214730.0,False,True,0.0064
6208,190.706964,2.6887,925,1102,416,NGC4636,NGC 4636,42734.0,14272.0,69698.0,,False,False,0.0037
6209,153.979208,2.68585,1276,1715,1397,UGC05539,UGC 05539,29969.0,13358.0,64555.0,5539.0,False,True,0.0057
6210,126.137349,2.68326,2666,2704,2704,PGC1234571,SDSS J082432.99+024059.5,1234571.0,,,189024.0,False,True,0.009
6211,191.072409,2.66736,1084,742,742,PGC1234100,WISEA J124417.39+024002.4,1234100.0,14285.0,69723.0,,False,False,0.0025
6212,188.1521,2.6613,1732,1380,2095,IC3474,IC 3474,41599.0,,,7687.0,False,True,0.0046
6213,189.64762,2.65731,907,1279,402,NGC4587,NGC 4587,42253.0,141775.0,628691.0,,False,False,0.0043
6214,141.405835,2.65444,1630,1738,1738,AGC198542,WISEA J092537.40+023918.8,5807844.0,,,198542.0,False,True,0.0058
6215,193.712862,2.65389,975,1663,518,NGC4809,NGC 4809,43969.0,162575.0,671634.0,8034.0,False,True,0.0055
6216,188.535251,2.65379,1736,962,2097,NGC4527,NGC 4527,41789.0,162032.0,668608.0,7721.0,False,True,0.0032
6217,180.917232,2.64148,1228,1529,1529,UGC07035,UGC 07035,38117.0,160963.0,665200.0,7035.0,False,True,0.0051
6218,193.7133,2.6406,906,1618,453,NGC4810,NGC 4810,43971.0,142514.0,629392.0,,False,False,0.0054
6219,181.893755,2.64007,1311,1824,1824,PGC1233241,WISEA J120734.50+023824.5,1233241.0,13961.0,67914.0,,False,False,0.0061
6220,190.97303,2.63323,1382,1970,1970,PGC1233057,SDSS J124353.57+023759.1,1233057.0,,69916.0,,False,False,0.0066
6221,188.213717,2.62867,1772,1188,2117,PGC041631,VCC 1459,41631.0,141616.0,628545.0,,False,False,0.004
6222,146.93899,2.62712,1877,2113,1998,UGC05249,UGC 05249,28148.0,12387.0,58706.0,5249.0,False,True,0.007
6223,163.328793,2.62683,1044,1303,997,PGC032687,LSBC L1-137,32687.0,,,201667.0,False,True,0.0043
6224,187.5575,2.6249,1636,2051,2051,UGC07642,UGC 07642,41283.0,141511.0,628445.0,7642.0,False,True,0.0068
6225,226.962812,2.62337,1829,2053,2053,NGC5846:[MTT2005]248,SDSS J150750.86+023721.4,4609855.0,,,251918.0,False,True,0.0068
6226,179.725734,2.62283,3233,3354,3354,PGC135787,SDSS J115854.13+023724.9,135787.0,,,214857.0,False,True,0.0112
6227,106.410952,2.62206,1745,1777,1777,PGC2802325,PGC1 2802325 NED001,2802325.0,,,,False,False,0.0059
6228,110.877286,2.61584,1361,1135,1405,UGC03830,UGC 03830,20894.0,,,,False,False,0.0038
6229,190.099592,2.6085,1333,1944,1944,PGC042449,VCC 1837,42449.0,,,,False,False,0.0065
6230,218.958756,2.60539,1559,1525,1818,PGC135851,SDSS J143549.94+023618.4,135851.0,15193.0,74161.0,243207.0,False,True,0.0051
6231,141.349582,2.58333,1630,1738,1738,AGC198541,GALEXASC J092523.89+023458.9,5807843.0,,,198541.0,False,True,0.0058
6232,219.913769,2.58182,1646,1897,1897,PGC1231422,WISEA J143939.33+023454.5,1231422.0,15228.0,74334.0,243215.0,False,True,0.0063
6233,215.500212,2.57281,1721,1982,1982,PGC1231137,WISEA J142200.02+023423.0,1231137.0,144943.0,631618.0,,False,False,0.0066
6234,126.572363,2.57047,2586,2626,2626,PGC1231065,SDSS J082617.38+023413.7,1231065.0,,,189135.0,False,True,0.0088
6235,188.645778,2.56871,1846,1188,2161,PGC041840,VCC 1572,41840.0,162047.0,668651.0,,False,False,0.004
6236,226.948796,2.56862,1730,1628,1959,NGC5854,NGC 5854,54013.0,145846.0,632410.0,,True,False,0.0054
6237,151.104489,2.55871,1126,1183,1183,PGC1230703,WISEA J100425.10+023331.0,1230703.0,13310.0,64326.0,,False,False,0.0039
6238,225.934421,2.55232,1783,2011,2011,PGC1230503,WISEA J150344.28+023308.4,1230503.0,15418.0,75017.0,,False,False,0.0067
6239,229.805577,2.545,1877,2094,2094,PGC1230249,WISEA J151913.33+023241.8,1230249.0,125163.0,575858.0,,False,False,0.007
6240,226.054488,2.54297,1910,2130,2130,PGC1230189,2MASX J15041305+0232351,1230189.0,15420.0,75020.0,,False,False,0.0071
6241,170.065235,2.52525,1596,1439,1886,UGC06345,UGC 06345,34696.0,139185.0,626332.0,6345.0,False,True,0.0048
6242,222.778254,2.52416,2068,2283,2283,SDSSJ145106.77+023127.0,SDSS J145106.74+023126.9,4018414.0,15288.0,74578.0,243241.0,False,True,0.0076
6243,217.225833,2.51944,2403,2600,2600,AGC249447,GALEXASC J142854.21+023109.5,5808084.0,,,249447.0,False,True,0.0087
6244,192.484998,2.51012,754,383,383,PGC1229213,WISEA J124956.41+023035.6,1229213.0,14354.0,70022.0,224225.0,False,True,0.0013
6245,182.083386,2.50555,1996,2254,2254,PGC1229057,WISEA J120820.04+023020.0,1229057.0,14045.0,68189.0,224239.0,False,True,0.0075
6246,195.163311,2.50106,964,1671,550,NGC4900,NGC 4900,44797.0,14368.0,70062.0,8116.0,False,True,0.0056
6247,186.743694,2.4944,1648,1288,2053,NGC4409,NGC 4409,40775.0,161779.0,667820.0,7549.0,False,True,0.0043
6248,163.263618,2.49346,1052,1012,1012,PGC135768,LSBC L1-137A,135768.0,138277.0,625485.0,202000.0,False,True,0.0034
6249,174.085715,2.48169,861,530,530,,WISEA J113620.56+022853.9,,,592707.0,,False,False,0.0018
6250,173.183556,2.47354,1034,835,835,PGC1228108,WISEA J113244.08+022824.9,1228108.0,13813.0,66832.0,213168.0,False,True,0.0028
6251,224.005089,2.46357,2104,2315,2315,PGC053384,CGCG 048-072,53384.0,165805.0,683707.0,,False,False,0.0077
6252,152.043027,2.46341,2055,2184,2184,PGC029471,CGCG 036-042,29471.0,,,,False,False,0.0073
6253,191.0622,2.462,858,405,405,PGC1227738,SDSS J124414.95+022743.2,1227738.0,,,,False,False,0.0014
6254,195.472235,2.4606,886,477,477,PGC1227695,WISEA J130153.25+022738.1,1227695.0,14367.0,70061.0,232135.0,False,True,0.0016
6255,201.567042,2.45898,1030,958,909,PGC135826,SDSS J132615.73+022729.5,135826.0,163505.0,630277.0,232015.0,False,True,0.0032
6256,130.34721,2.42115,1913,1982,1982,AGC189144,WISEA J084123.33+022517.0,5807815.0,,,189144.0,False,True,0.0066
6257,170.441162,2.42094,2585,2728,2728,UGC06379,UGC 06379,34827.0,159674.0,659456.0,6379.0,False,True,0.0091
6258,150.473998,2.41388,2034,2158,2158,PGC3121233,SDSS J100153.77+022449.8,3121233.0,,,,False,False,0.0072
6259,217.90624,2.41165,1703,1956,1956,PGC1226108,SDSS J143137.47+022442.3,1226108.0,,,249449.0,False,True,0.0065
6260,163.913235,2.39577,1022,1517,946,PGC032833,CGCG 038-051,32833.0,158985.0,656355.0,201685.0,False,True,0.0051
6261,169.175448,2.36362,1601,1879,1879,PGC1224534,WISEA J111642.12+022149.3,1224534.0,,,,False,False,0.0063
6262,235.195195,2.3601,2991,3157,3157,PGC1224445,SDSS J154046.84+022136.3,1224445.0,,576765.0,734081.0,False,True,0.0105
6263,149.695044,2.34725,1727,1865,1865,PGC135733,LSBC L1-100,135733.0,136315.0,623621.0,193373.0,False,True,0.0062
6264,152.028906,2.34513,1965,2099,2099,PGC1223942,WISEA J100807.00+022041.9,1223942.0,,,204483.0,False,True,0.007
6265,185.490777,2.34508,1830,1188,2146,PGC040015,VCC 0513,40015.0,161582.0,667314.0,220443.0,False,True,0.004
6266,223.64343,2.34392,2158,2365,2365,PGC1223887,SDSS J145434.44+022038.0,1223887.0,145694.0,632289.0,,False,False,0.0079
6267,224.670372,2.33986,1561,1800,1800,PGC1223766,WISEA J145840.85+022023.5,1223766.0,15383.0,74928.0,,False,False,0.006
6268,222.749409,2.3379,1528,1773,1773,SDSSJ145059.85+022016.4,SDSS J145059.85+022016.4,3350682.0,15280.0,74563.0,,False,False,0.0059
6269,188.591772,2.32545,1760,2107,2107,NGC4533,NGC 4533,41816.0,162039.0,668626.0,7725.0,False,True,0.007
6270,225.06909,2.3007,1821,2047,2047,PGC053587,CGCG 020-042,53587.0,15390.0,74944.0,,False,False,0.0068
6271,188.562166,2.29644,1722,2087,2087,PGC041802,VCC 1547,41802.0,162033.0,668612.0,,False,False,0.007
6272,219.421188,2.29089,1757,1435,2000,NGC5690,NGC 5690,52273.0,145372.0,632003.0,9416.0,False,True,0.0048
6273,202.050846,2.27844,1008,1167,864,PGC135827,SDSS J132811.81+021643.7,135827.0,,,232016.0,False,True,0.0039
6274,180.58725,2.26625,2107,2336,2336,[PM2007]J1202+0215,WISEA J120220.84+021557.6,5074573.0,,,,False,False,0.0078
6275,131.563359,2.26603,1924,1995,1995,AGC189025,GAMA 417511,5807819.0,,,189025.0,False,True,0.0067
6276,228.894191,2.24826,1906,2121,2121,PGC054452,CGCG 021-058,54452.0,125153.0,575741.0,,True,False,0.0071
6277,192.530424,2.24788,1074,764,764,PGC043421,SDSS J125007.32+021452.5,43421.0,14291.0,69754.0,,False,False,0.0025
6278,225.137583,2.23034,1278,1501,1501,SDSSJ150033.02+021349.1,SDSS J150033.02+021349.1,3350778.0,15389.0,74943.0,,False,False,0.005
6279,134.680591,2.22351,2419,2479,2479,GAMA346697,WISEA J085843.36+021324.9,5882589.0,,,,False,False,0.0083
6280,146.998046,2.22269,1928,2044,2044,PGC1219995,WISEA J094759.52+021321.5,1219995.0,12381.0,58675.0,193338.0,False,True,0.0068
6281,153.365104,2.20322,1759,1911,1911,,WISEA J101327.51+021211.5,,157984.0,651180.0,,False,False,0.0064
6282,168.521952,2.19874,1376,1634,1634,PGC1219195,SDSS J111405.22+021155.4,1219195.0,,,214695.0,False,True,0.0055
6283,134.670794,2.1935,2465,2523,2523,PGC1219017,WISEA J085841.01+021135.4,1219017.0,11986.0,56712.0,182304.0,False,True,0.0084
6284,131.343651,2.1901,1871,1942,1942,PGC1218919,WISEA J084522.50+021124.7,1218919.0,11847.0,56227.0,182263.0,False,True,0.0065
6285,202.891359,2.18816,1136,1256,1256,PGC135829,SDSS J133134.02+021118.6,135829.0,143577.0,630372.0,233202.0,False,True,0.0042
6286,188.612838,2.18795,1807,1064,2134,NGC4536,NGC 4536,41823.0,141657.0,628581.0,7732.0,False,True,0.0035
6287,179.35472,2.18779,1020,648,648,PGC1218832,WISEA J115725.12+021116.6,1218832.0,13857.0,67179.0,213176.0,False,True,0.0022
6288,220.243176,2.18683,1627,1759,1876,NGC5725,NGC 5725,52456.0,145433.0,632063.0,9466.0,True,True,0.0059
6289,180.342897,2.18572,975,979,543,PGC3120683,SHOC 357,3120683.0,13935.0,67623.0,224512.0,False,True,0.0033
6290,226.513901,2.18491,1657,1888,1888,PGC1218738,WISEA J150603.26+021105.1,1218738.0,15431.0,75046.0,252555.0,False,True,0.0063
6291,152.302652,2.18336,2624,2717,2717,,WISEA J100912.62+021100.2,,157893.0,650701.0,,False,False,0.0091
6292,175.618133,2.18063,1799,2082,2082,PGC1218595,WISEA J114228.34+021050.2,1218595.0,140097.0,627191.0,,False,False,0.0069
6293,193.37149,2.16835,1038,1981,664,NGC4772,NGC 4772,43798.0,162541.0,671481.0,8021.0,False,True,0.0066
6294,179.396929,2.16782,993,595,595,PGC1218144,WISEA J115735.27+021004.2,1218144.0,13858.0,67184.0,213177.0,False,True,0.002
6295,150.612818,2.16687,1859,1993,1993,PGC3279243,WISEA J100227.11+020959.9,3279243.0,136431.0,623737.0,,False,False,0.0066
6296,176.226101,2.1632,1011,712,712,PGC036594,SDSS J114454.07+020949.3,36594.0,140185.0,627259.0,211331.0,False,True,0.0024
6297,186.421587,2.15923,1505,936,2001,UGC07512,UGC 07512,40563.0,172679.0,697519.0,7512.0,False,True,0.0031
6298,150.043203,2.15595,1793,1928,1928,PGC028923,ARK 227,28923.0,136361.0,623667.0,,False,False,0.0064
6299,227.005731,2.15105,1062,1231,1231,PGC1217593,WISEA J150801.38+020904.0,1217593.0,15491.0,75212.0,,False,False,0.0041
6300,224.936473,2.13106,1458,1695,1695,SDSSJ145944.77+020752.1,WISEA J145944.78+020751.5,4578659.0,,,,False,False,0.0057
6301,220.691502,2.1238,1604,1852,1852,PGC1216689,WISEA J144245.97+020725.9,1216689.0,15236.0,74363.0,243220.0,False,True,0.0062
6302,266.568022,2.11624,2988,3144,3144,PGC2801036,PGC1 2801036 NED001,2801036.0,,,,False,False,0.0105
6303,226.102938,2.11461,1703,1933,1933,PGC1216386,WISEA J150424.70+020652.6,1216386.0,15425.0,75032.0,,False,False,0.0064
6304,193.673381,2.1041,858,438,438,PGC043940,CGCG 015-036,43940.0,14384.0,70148.0,,False,False,0.0015
6305,190.749024,2.10099,861,411,411,PGC1215961,WISEA J124259.69+020603.2,1215961.0,142027.0,628928.0,,False,False,0.0014
6306,201.582573,2.10055,1090,1618,1094,NGC5147,NGC 5147,47027.0,,,8443.0,False,True,0.0054
6307,226.359564,2.09947,1252,1993,1469,NGC5838,NGC 5838,53862.0,165896.0,683934.0,,True,False,0.0066
6308,226.546974,2.09597,1824,2046,2046,PGC1215798,SDSS J150611.22+020544.2,1215798.0,165910.0,683960.0,252399.0,False,True,0.0068
6309,150.814312,2.0952,1744,1884,1884,PGC3279188,WISEA J100315.44+020543.2,3279188.0,13307.0,64320.0,201901.0,False,True,0.0063
6310,186.02634,2.09307,2099,2339,2339,PGC3293423,WISEA J122406.32+020535.0,3293423.0,141281.0,628239.0,,False,False,0.0078
6311,225.279042,2.09033,1945,2162,2162,SDSSJ150106.96+020525.1,WISEA J150106.96+020525.1,3350784.0,15397.0,74960.0,,False,False,0.0072
6312,224.600003,2.0863,2369,2561,2561,NGC5846:[MTT2005]014,SDSS J145824.22+020511.0,4609638.0,,,,False,False,0.0085
6313,184.917808,2.08003,2208,1920,2426,UGC07370,UGC 07370,39697.0,141144.0,628117.0,7370.0,False,True,0.0064
6314,228.100141,2.08003,1683,1909,1909,PGC1215336,WISEA J151224.03+020448.4,1215336.0,15511.0,75285.0,,False,False,0.0064
6315,190.588602,2.06667,1318,1885,1885,PGC042673,VCC 1920,42673.0,14327.0,69899.0,,False,False,0.0063
6316,157.179101,2.06349,2068,2213,2213,PGC1214845,SDSS J102842.99+020348.5,1214845.0,,,204538.0,False,True,0.0074
6317,194.992217,2.04931,874,467,467,PGC044685,UGC 08105,44685.0,142772.0,629644.0,8105.0,False,True,0.0016
6318,188.325942,2.04655,640,327,327,PGC041695,VCC 1492,41695.0,141625.0,628554.0,,False,False,0.0011
6319,191.568511,2.04617,896,432,432,PGC1214263,WISEA J124616.47+020245.9,1214263.0,14306.0,69824.0,,False,False,0.0014
6320,148.902733,2.04359,2656,2738,2738,,WISEA J095536.81+020234.8,,157569.0,,,False,False,0.0091
6321,195.934158,2.03991,997,648,648,PGC135818,SDSS J130344.21+020223.1,135818.0,142906.0,629771.0,232137.0,False,True,0.0022
6322,187.460715,2.03161,1776,2113,2113,PGC1213772,WISEA J122950.57+020154.1,1213772.0,14170.0,69116.0,,False,False,0.007
6323,225.650178,2.0276,1993,2207,2207,SDSSJ150236.05+020139.6,WISEA J150236.09+020139.0,3350792.0,,75001.0,,False,False,0.0074
6324,224.703024,2.02351,1805,2031,2031,PGC053521,CGCG 020-039,53521.0,15329.0,74758.0,,False,False,0.0068
6325,226.904991,2.01949,1923,2139,2139,PGC054004,CGCG 021-009,54004.0,15489.0,75210.0,,False,False,0.0071
6326,185.874955,2.00806,1810,2131,2131,PGC091195,FGC 1424,91195.0,14106.0,68731.0,224137.0,False,True,0.0071
6327,226.471721,2.00773,1292,1514,1514,PGC1213020,SDSS J150553.22+020028.2,1213020.0,15432.0,75047.0,252550.0,False,True,0.0051
6328,182.765142,2.00564,1334,1901,1853,UGC07178,UGC 07178,38793.0,161171.0,665962.0,7178.0,False,True,0.0063
6329,226.64583,2.00486,1257,1473,1473,NGC5841,NGC 5841,53941.0,15438.0,75061.0,,False,False,0.0049
6330,148.496565,2.00477,1754,1883,1883,PGC135729,GALEXASC J095359.09+020019.1,135729.0,136183.0,623498.0,193362.0,False,True,0.0063
6331,173.875824,1.99555,1608,1931,1931,PGC3291071,GALEXASC J113530.32+015943.4,3291071.0,,,215922.0,False,True,0.0064
6332,226.742979,1.99454,1307,1530,1530,NGC5846:[MTT2005]226,WISEA J150658.40+015939.9,4609703.0,145833.0,632399.0,,False,False,0.0051
6333,191.396937,1.98871,1241,1663,1663,PGC1212399,SDSS J124535.26+015919.2,1212399.0,14304.0,69819.0,,False,False,0.0055
6334,226.202256,1.98084,1960,2174,2174,SDSSJ150448.49+015851.3,WISEA J150448.51+015850.9,4009173.0,145800.0,632369.0,,False,False,0.0073
6335,190.833783,1.97848,1328,1927,1892,NGC4643,NGC 4643,42797.0,172734.0,697621.0,7895.0,False,True,0.0064
6336,193.740234,1.97819,1081,843,843,PGC043987,GALEXASC J125457.75+015844.1,43987.0,162576.0,671645.0,229185.0,False,True,0.0028
6337,180.676083,1.97682,1968,2270,2226,NGC4045,NGC 4045,38031.0,13927.0,67580.0,7021.0,False,True,0.0076
6338,226.268293,1.96428,2381,2571,2571,PGC1211621,SDSS J150504.39+015751.7,1211621.0,,,252473.0,False,True,0.0086
6339,185.047718,1.95854,2034,2286,2286,PGC1211453,SDSS J122011.43+015730.7,1211453.0,141168.0,628139.0,224268.0,False,True,0.0076
6340,221.233062,1.95491,1711,2189,1951,NGC5746,NGC 5746,52665.0,145554.0,683040.0,9499.0,True,True,0.0073
6341,225.637478,1.93582,1647,1879,1879,SDSSJ150233.03+015608.3,WISEA J150233.11+015608.0,4018466.0,145768.0,632349.0,,False,False,0.0063
6342,227.569701,1.93382,1735,2168,1960,UGC09746,UGC 09746,54134.0,165962.0,684090.0,9746.0,False,True,0.0072
6343,219.610489,1.93372,1721,1964,1964,GAMA251645,SDSS J143826.51+015601.3,5835236.0,,,,False,False,0.0066
6344,193.350896,1.93142,890,455,455,PGC135812,WISEA J165013.30+262223.2,135812.0,14390.0,70160.0,,False,False,0.0015
6345,148.616667,1.93028,1811,1938,1938,AGC191795,GALEXASC J095427.85+015551.2,5807865.0,,,191795.0,False,True,0.0065
6346,227.312268,1.92142,1726,1952,1952,PGC1210284,2MASS J15091497+0155175,1210284.0,15495.0,75225.0,,False,False,0.0065
6347,105.263791,1.91129,1763,1901,1790,UGC03630,UGC 03630,20008.0,,,,False,False,0.0063
6348,150.024429,1.91102,1868,1997,1997,PGC1209966,WISEA J100005.88+015439.9,1209966.0,,,,False,False,0.0067
6349,226.460631,1.90832,1721,1948,1948,PGC1209872,NGC 5846 CH05,1209872.0,15429.0,75043.0,,False,False,0.0065
6350,227.196612,1.90005,1990,2201,2201,PGC1209573,2MASX J15084716+0154003,1209573.0,15497.0,75231.0,,False,False,0.0073
6351,155.875005,1.89589,2216,2343,2343,,WISEA J102330.00+015350.0,,158255.0,652435.0,,False,False,0.0078
6352,225.001655,1.89127,1349,1841,1579,NGC5806,NGC 5806,53578.0,15333.0,74772.0,9645.0,True,True,0.0061
6353,173.929272,1.8903,1562,1896,1896,PGC1209232,WISEA J113543.04+015324.9,1209232.0,,,,False,False,0.0063
6354,225.247099,1.8767,2196,2397,2397,SDSSJ150059.35+015236.1,SDSS J150059.35+015236.1,4018458.0,145754.0,632337.0,,False,False,0.008
6355,225.410874,1.87018,2152,2355,2355,PGC1208589,WISEA J150138.57+015212.0,1208589.0,15405.0,74989.0,,False,False,0.0079
6356,128.996733,1.86579,3043,3072,3072,PGC1208440,WISEA J083559.20+015156.1,1208440.0,,,189084.0,False,True,0.0102
6357,197.447309,1.85129,1680,2032,2032,,WISEA J130947.31+015104.8,,172799.0,,,False,False,0.0068
6358,203.128198,1.84767,3277,2792,3420,UGC08521,UGC 08521,47641.0,163661.0,676078.0,8521.0,False,True,0.0093
6359,192.750846,1.8459,952,497,497,PGC1207820,WISEA J125100.20+015045.1,1207820.0,14393.0,70172.0,,False,False,0.0017
6360,224.58822,1.84537,1869,2091,2091,PGC184851,WISEA J145821.15+015043.4,184851.0,15327.0,74755.0,,False,False,0.007
6361,187.9957,1.8437,2368,2565,2565,PGC1207749,WISEA J123159.01+015037.5,1207749.0,141584.0,628514.0,,False,False,0.0086
6362,225.514689,1.8411,1242,1457,1457,UGC09661,UGC 09661,53683.0,165862.0,683836.0,9661.0,True,True,0.0049
6363,185.417308,1.84033,1963,2233,2233,AGC229177,SDSS J122140.15+015025.1,5808008.0,,,229177.0,False,True,0.0074
6364,190.413213,1.83792,1527,1996,1996,PGC1207559,SDSS J124139.12+015016.7,1207559.0,14242.0,69436.0,224291.0,False,True,0.0067
6365,180.660312,1.8315,2114,2338,2338,GAMA288932,WISEA J120238.44+014952.8,5835244.0,,,,False,False,0.0078
6366,187.066503,1.8289,912,422,422,PGC1207185,SDSS J122815.96+014944.0,1207185.0,14177.0,69153.0,224278.0,False,True,0.0014
6367,217.036036,1.8238,1729,1979,1979,PGC1206999,WISEA J142808.56+014926.4,1206999.0,145114.0,631771.0,,False,False,0.0066
6368,276.160071,1.81882,2878,3029,3029,PGC090302,WISEA J182438.44+014907.3,90302.0,148419.0,634744.0,,False,False,0.0101
6369,185.847543,1.81504,1890,2182,2182,PGC1206706,SDSS J122323.41+014854.1,1206706.0,14104.0,68726.0,224275.0,False,True,0.0073
6370,161.552466,1.8133,995,1297,916,NGC3365,NGC 3365,32153.0,,,5878.0,False,True,0.0043
6371,236.282915,1.80611,1523,1738,1738,AGC258574,WISEA J154507.83+014824.0,5808129.0,,,258574.0,False,True,0.0058
6372,227.09451,1.79853,1741,1965,1965,PGC1206166,WISEA J150822.72+014754.7,1206166.0,15496.0,75226.0,,False,False,0.0066
6373,179.342865,1.78199,1978,2228,2228,PGC135785,LSBC L1-163,135785.0,140486.0,627514.0,214986.0,False,True,0.0074
6374,225.316296,1.77349,1342,1570,1570,PGC1205406,WISEA J150115.88+014624.7,1205406.0,15359.0,74856.0,,False,False,0.0052
6375,184.971603,1.77343,1998,2257,2257,PGC039730,UM 491,39730.0,161506.0,667090.0,221638.0,False,True,0.0075
6376,188.508624,1.7655,2481,2664,2664,PGC1205134,WISEA J123402.13+014555.1,1205134.0,14159.0,69047.0,224282.0,False,True,0.0089
6377,186.574179,1.74168,2458,2642,2642,PGC1204412,WISEA J122617.82+014429.7,1204412.0,14089.0,68676.0,224276.0,False,True,0.0088
6378,191.139301,1.73691,986,511,511,PGC042920,SDSS J124433.42+014412.9,42920.0,14218.0,69358.0,,False,False,0.0017
6379,193.20583,1.7345,836,429,429,PGC135811,SDSS J125249.39+014404.3,135811.0,142465.0,629345.0,,False,False,0.0014
6380,215.863088,1.72626,1396,1859,1658,UGC09215,UGC 09215,51400.0,164911.0,681071.0,9215.0,True,True,0.0062
6381,225.409938,1.72209,2290,2484,2484,SDSSJ150138.39+014319.8,SDSS J150138.38+014319.8,3350757.0,,,,False,False,0.0083
6382,140.93966,1.72186,1660,1761,1761,PGC1203824,SDSS J092345.52+014318.7,1203824.0,,,198494.0,False,True,0.0059
6383,178.770438,1.71978,1301,1875,1678,PGC037392,CGCG 012-116,37392.0,160745.0,664205.0,212377.0,False,True,0.0063
6384,159.855,1.71866,708,775,508,UGC05797,UGC 05797,31693.0,,,5797.0,False,True,0.0026
6385,240.391895,1.70779,1926,2133,2124,IC1158,IC 1158,56723.0,146543.0,632982.0,10133.0,False,True,0.0071
6386,227.106873,1.70693,2049,2255,2255,NGC5846:[MTT2005]268,WISEA J150825.51+014224.3,4609877.0,145860.0,632422.0,,False,False,0.0075
6387,194.650283,1.70647,2804,1959,2965,PGC044474,CGCG 015-050,44474.0,142657.0,629532.0,222358.0,False,True,0.0065
6388,244.825326,1.70337,1525,2154,1730,PGC057818,CGCG 024-001,57818.0,,,261382.0,False,True,0.0072
6389,225.297001,1.702,1956,2189,2170,NGC5813,NGC 5813,53643.0,145756.0,581364.0,,True,False,0.0073
6390,228.009834,1.69805,2022,2001,2229,UGC09760,UGC 09760,54262.0,,,9760.0,False,True,0.0067
6391,149.62139,1.69423,1815,1482,1944,PGC135732,LSBC L1-099,135732.0,157649.0,623613.0,191796.0,False,True,0.0049
6392,227.082771,1.68963,2088,2292,2292,NGC5846:[MTT2005]264,WISEA J150819.90+014123.6,4609879.0,145857.0,632420.0,,False,False,0.0076
6393,227.755519,1.6806,1653,1879,1879,PGC1202458,WISEA J151101.37+014050.0,1202458.0,15469.0,75127.0,,False,False,0.0063
6394,221.101833,1.67976,1567,2123,1813,NGC5740,NGC 5740,52641.0,15199.0,74176.0,9493.0,True,True,0.0071
6395,171.5034,1.6767,570,313,313,PGC3287913,WISEA J112600.83+014037.8,3287913.0,,,,False,False,0.001
6396,187.76558,1.67586,1104,671,827,PGC041395,CGCG 014-054,41395.0,141553.0,628485.0,221570.0,False,True,0.0022
6397,189.960049,1.67235,1221,1560,1560,UGC07824,UGC 07824,42393.0,141821.0,669283.0,7824.0,False,True,0.0052
6398,226.598749,1.67083,1886,2103,2103,NGC5846:[CMI2006]F02-1600,WISEA J150623.24+014010.4,5065450.0,,,,False,False,0.007
6399,146.515055,1.66836,1772,2317,1890,UGC05228,UGC 05228,28010.0,12378.0,58655.0,5228.0,False,True,0.0077
6400,129.252499,1.665,1883,1946,1946,AGC189086,GALEXMSC J083700.54+013953.2,5807813.0,,,189086.0,False,True,0.0065
6401,189.36042,1.66167,1411,1957,1957,AGC229180,WISEA J123726.64+013940.6,5808022.0,,,229180.0,False,True,0.0065
6402,183.527754,1.6612,514,255,255,PGC135794,WISEA J121406.49+013941.4,135794.0,,,,False,False,0.0009
6403,227.023395,1.65158,1832,2051,2051,PGC054037,CGCG 021-013,54037.0,15339.0,74788.0,,True,False,0.0068
6404,178.75734,1.65007,1799,2095,2095,PGC3291881,WISEA J115501.72+013900.6,3291881.0,140434.0,627465.0,,False,False,0.007
6405,225.247377,1.64915,2361,2551,2551,SDSSJ150059.35+013857.0,WISEA J150059.36+013857.5,3350761.0,15364.0,74868.0,,False,False,0.0085
6406,151.323306,1.64111,1268,1371,1371,PGC1201224,GALEXASC J100517.41+013824.0,1201224.0,,,201910.0,False,True,0.0046
6407,222.534768,1.63722,1478,1719,1719,GAMA321325,WISEA J145008.34+013813.7,5881704.0,,,,False,False,0.0057
6408,226.364419,1.63475,1229,1753,1439,NGC5839,NGC 5839,53865.0,145804.0,632372.0,,True,False,0.0058
6409,226.503162,1.63391,1450,2133,1681,NGC5845,NGC 5845,53901.0,145814.0,632382.0,,True,False,0.0071
6410,226.312083,1.63111,1073,1241,1241,NGC5846:[CMI2006]F01-1591,WISEA J150514.96+013751.7,5065428.0,145803.0,632371.0,,False,False,0.0041
6411,225.112773,1.62358,1523,1758,1758,NGC5811,NGC 5811,53597.0,145752.0,581366.0,241022.0,False,True,0.0059
6412,228.172461,1.62326,1873,2088,2088,PGC1200646,WISEA J151241.39+013723.7,1200646.0,15448.0,75097.0,,False,False,0.007
6413,216.340519,1.62179,1736,1986,1986,GAMA239072,GALEXASC J142521.70+013718.3,5878371.0,,,,False,False,0.0066
6414,226.601667,1.61889,2278,2472,2472,NGC5846:[CMI2006]F02-2139,CXOGSG J150624.2+013716,5065451.0,,,,False,False,0.0082
6415,146.420771,1.61779,1918,2029,2029,SDSSJ094540.98+013703.9,WISEA J094540.96+013704.1,3998391.0,12362.0,58533.0,,False,False,0.0068
6416,189.228966,1.61501,590,1968,303,PGC091215,FGC 1475,91215.0,162121.0,668937.0,222680.0,False,True,0.0066
6417,137.333991,1.61427,1323,1402,1402,PGC1200328,WISEA J090920.14+013651.4,1200328.0,12050.0,56948.0,193398.0,False,True,0.0047
6418,227.839647,1.61079,2029,2235,2235,SDSSJ151121.37+013639.5,SDSS J151121.37+013639.5,4117901.0,145906.0,632460.0,,False,False,0.0075
6419,148.687456,1.60947,1959,2076,2076,PGC1200167,WISEA J095445.00+013634.1,1200167.0,13262.0,63994.0,193548.0,False,True,0.0069
6420,227.038538,1.60851,2158,2358,2358,PGC054045,CGCG 021-015,54045.0,15338.0,74786.0,,False,False,0.0079
6421,226.621887,1.60619,1749,1860,1973,NGC5846,NGC 5846,53932.0,15345.0,74805.0,,True,False,0.0062
6422,220.984904,1.60417,1723,1960,1960,NGC5738,NGC 5738,52614.0,165468.0,682959.0,,False,False,0.0065
6423,182.36739,1.60114,659,341,341,,GALEXASC J120928.06+013604.9,,161122.0,665796.0,,False,False,0.0011
6424,186.9429,1.5996,1297,1826,1826,PGC135803,HI 1225+01,135803.0,141424.0,628370.0,221639.0,False,True,0.0061
6425,226.621404,1.59496,2310,2133,2502,NGC5846A,NGC 5846A,53930.0,145824.0,632392.0,,False,False,0.0071
6426,226.366378,1.59425,1707,1933,1933,NGC5846:[MTT2005]161,SDSS J150527.98+013540.1,4609811.0,145806.0,632374.0,,False,False,0.0064
6427,272.593924,1.59172,1806,1981,1981,UGC11131,UGC 11131,61487.0,,,,False,False,0.0066
6428,226.382589,1.58769,920,1024,1024,PGC1199471,WISEA J150531.82+013515.6,1199471.0,15343.0,74803.0,,False,False,0.0034
6429,228.034203,1.58588,1941,2152,2152,PGC1199418,WISEA J151208.23+013509.4,1199418.0,15460.0,75111.0,,False,False,0.0072
6430,148.420374,1.57959,1290,1637,1390,NGC3044,NGC 3044,28517.0,136179.0,592738.0,5311.0,False,True,0.0055
6431,194.504935,1.57591,1099,1393,954,NGC4845,NGC 4845,44392.0,14373.0,70081.0,8078.0,False,True,0.0046
6432,193.41592,1.57476,1087,867,867,PGC1199069,SDSS J125339.79+013428.6,1199069.0,14386.0,70153.0,,False,False,0.0029
6433,188.193698,1.56904,1525,1996,1996,PGC1198892,SDSS J123246.60+013408.1,1198892.0,14164.0,69070.0,224515.0,False,True,0.0067
6434,226.642704,1.55883,1509,1739,1739,PGC3119319,WISEA J150634.27+013331.7,3119319.0,,74785.0,,False,False,0.0058
6435,190.32998,1.54811,1684,2057,2057,PGC042352,KDG 174,42352.0,,,229183.0,False,True,0.0069
6436,149.483538,1.5463,2099,2211,2211,PGC3279575,WISEA J095756.05+013247.0,3279575.0,157635.0,649509.0,,False,False,0.0074
6437,226.781914,1.54455,2546,1244,2726,NGC5850,NGC 5850,53979.0,15340.0,74793.0,9715.0,False,True,0.0041
6438,202.482288,1.54406,1047,982,982,PGC135828,SDSS J132955.75+013238.3,135828.0,143548.0,630347.0,231872.0,False,True,0.0033
6439,224.619345,1.54303,1494,1730,1730,SDSSJ145828.64+013234.6,WISEA J145828.64+013234.2,4074773.0,145732.0,632319.0,,False,False,0.0058
6440,148.518561,1.53982,1375,1491,1491,PGC135730,SDSS J095404.50+013225.7,135730.0,136184.0,623499.0,,False,False,0.005
6441,168.960858,1.53352,2368,2522,2522,PGC3289097,WISEA J111550.60+013201.2,3289097.0,,,,False,False,0.0084
6442,223.732625,1.52554,1759,1988,1988,PGC1197564,SDSS J145455.76+013131.4,1197564.0,15298.0,74629.0,,False,False,0.0066
6443,226.035174,1.52452,1839,2059,2059,PGC1197513,WISEA J150408.41+013127.4,1197513.0,15349.0,74817.0,251419.0,False,True,0.0069
6444,221.128504,1.52236,1479,1724,1724,PGC052652,CGCG 020-010,52652.0,145541.0,632159.0,,False,False,0.0058
6445,188.336531,1.52186,1668,2051,2051,PGC041700,CGCG 014-064,41700.0,162004.0,668520.0,221576.0,False,True,0.0068
6446,220.623378,1.5004,1912,2136,2136,PGC052534,CGCG 019-084,52534.0,15262.0,74439.0,240610.0,False,True,0.0071
6447,227.051591,1.49973,1537,1766,1766,SDSSJ150812.35+012959.7,SDSS J150812.35+012959.7,4012733.0,15476.0,75150.0,,False,False,0.0059
6448,225.314002,1.49821,2139,2341,2341,PGC1196740,WISEA J150115.30+012953.4,1196740.0,15354.0,74847.0,,False,False,0.0078
6449,179.788466,1.49418,2159,2371,2371,PGC3291730,WISEA J115909.20+012940.6,3291730.0,140561.0,627588.0,,False,False,0.0079
6450,182.992959,1.49295,2170,2388,2388,GAMA220751,WISEA J121158.39+012935.0,5863199.0,,,,False,False,0.008
6451,182.83296,1.49231,2116,2471,2343,UGC07184,UGC 07184,38815.0,161180.0,665988.0,7184.0,False,True,0.0082
6452,218.473036,1.48669,1830,1703,2065,PGC135848,SDSS J143353.30+012905.6,135848.0,,,242019.0,False,True,0.0057
6453,189.521536,1.47774,1842,2445,2150,NGC4581,NGC 4581,42199.0,172742.0,697638.0,7801.0,False,True,0.0082
6454,225.112032,1.47526,1501,1735,1735,NGC5846:[MTT2005]046,LEDA 4609875,4609875.0,,,,False,False,0.0058
6455,185.115348,1.46965,1603,2172,2016,UGC07394,UGC 07394,39819.0,172684.0,697533.0,7394.0,False,True,0.0072
6456,192.662419,1.46437,1270,1909,1715,UGC07991,UGC 07991,43470.0,14289.0,69735.0,7991.0,False,True,0.0064
6457,194.222801,1.4602,2848,3004,3004,PGC3297904,WISEA J125653.46+012736.6,3297904.0,142575.0,629451.0,,False,False,0.01
6458,220.869132,1.45584,2884,3049,3049,GAMA240154,GALEXMSC J144328.58+012721.8,5878628.0,,,,False,False,0.0102
6459,228.928498,1.45577,1584,2372,1808,UGC09787,UGC 09787,54458.0,166043.0,684382.0,9787.0,False,True,0.0079
6460,147.933233,1.44744,1847,2046,1967,PGC028408,UGCA 186,28408.0,,,190553.0,False,True,0.0068
6461,227.743483,1.43772,1554,1946,1781,UGC09751,UGC 09751,54171.0,145893.0,684126.0,9751.0,False,True,0.0065
6462,183.378889,1.42761,2924,3062,3062,PGC3293713,SDSS J121330.93+012539.4,3293713.0,,,229176.0,False,True,0.0102
6463,227.038311,1.42058,2314,2504,2504,NGC5846:[MTT2005]259,WISEA J150809.13+012516.6,4609878.0,145854.0,632417.0,,False,False,0.0084
6464,190.298255,1.41023,1694,2061,2061,UGC07841,UGC 07841,42542.0,14234.0,69402.0,7841.0,False,True,0.0069
6465,225.21912,1.40493,1885,2102,2102,PGC1193898,SDSS J150052.58+012417.7,1193898.0,15370.0,74875.0,,False,False,0.007
6466,223.01166,1.39668,1922,2140,2140,GAMA240539,WISEA J145202.85+012347.9,5878695.0,,,,False,False,0.0071
6467,184.696371,1.38166,1615,2018,2018,PGC1193160,SDSS J121847.13+012254.1,1193160.0,14053.0,68285.0,224263.0,False,True,0.0067
6468,225.617372,1.36422,1516,1748,1748,PGC1192611,WISEA J150228.12+012151.6,1192611.0,145766.0,632347.0,,False,False,0.0058
6469,169.6119,1.3559,959,748,748,PGC1192339,WISEA J111826.90+012120.7,1192339.0,139124.0,626273.0,,False,False,0.0025
6470,173.279117,1.34775,1623,1929,1929,PGC3291243,WISEA J113306.90+012051.7,3291243.0,139701.0,626816.0,215905.0,False,True,0.0064
6471,174.754684,1.33657,1586,1917,1917,PGC1191771,WISEA J113901.17+012012.1,1191771.0,13797.0,66715.0,213172.0,False,True,0.0064
6472,193.657325,1.32587,1181,1346,1346,PGC1191416,WISEA J125437.76+011932.9,1191416.0,14381.0,70138.0,,False,False,0.0045
6473,226.528035,1.32244,2300,2490,2490,PGC1191322,WISEA J150606.72+011920.9,1191322.0,15342.0,74802.0,,False,False,0.0083
6474,226.40718,1.30311,2075,2278,2278,PGC1190714,WISEA J150537.73+011811.4,1190714.0,15482.0,75177.0,,False,False,0.0076
6475,183.217099,1.29971,1262,1457,1646,NGC4179,NGC 4179,38950.0,140930.0,627923.0,,False,False,0.0049
6476,226.369101,1.29239,2304,2494,2494,PGC1190358,SDSS J150528.74+011733.0,1190358.0,145807.0,632375.0,,False,False,0.0083
6477,226.949152,1.29206,2069,2273,2273,PGC054016,CGCG 021-011,54016.0,165938.0,684010.0,,False,False,0.0076
6478,226.178665,1.29089,1967,2177,2177,PGC1190315,WISEA J150442.88+011727.3,1190315.0,15341.0,74798.0,,False,False,0.0073
6479,191.143277,1.27529,1414,1932,1932,PGC1189866,WISEA J124434.39+011631.0,1189866.0,14321.0,69868.0,,False,False,0.0064
6480,193.338444,1.26912,1129,1364,1075,NGC4771,NGC 4771,43784.0,14388.0,70156.0,8020.0,False,True,0.0045
6481,162.53713,1.26497,1604,1814,1814,PGC135767,LSBC L1-134,135767.0,13470.0,65482.0,204770.0,False,True,0.0061
6482,132.07777,1.26418,1759,1830,1830,PGC1189545,SDSS J084818.65+011551.7,1189545.0,11919.0,56466.0,182340.0,False,True,0.0061
6483,183.259108,1.26063,2122,2348,2348,AGC229174,SDSS J121302.18+011538.2,5808006.0,,,229174.0,False,True,0.0078
6484,178.903938,1.23716,1888,2285,2155,UGC06903,UGC 06903,37444.0,1285.0,7131.0,6903.0,False,True,0.0076
6485,146.265868,1.23045,1900,2010,2010,SDSSJ094503.80+011349.5,SDSS J094503.79+011349.4,3998373.0,43.0,250.0,,False,False,0.0067
6486,226.029041,1.21995,1631,2011,1859,NGC5831,NGC 5831,53770.0,165875.0,683888.0,,True,False,0.0067
6487,171.860835,1.2075,951,697,697,AGC219446,GALEXASC J112726.78+011229.2,5807937.0,,,219446.0,False,True,0.0023
6488,189.590471,1.20213,1245,1638,1638,PGC1187621,WISEA J123821.68+011207.3,1187621.0,1551.0,8793.0,,False,False,0.0055
6489,190.112874,1.19689,1863,2162,2162,NGC4599,NGC 4599,42453.0,1604.0,9028.0,,False,False,0.0072
6490,205.086423,1.18832,1199,1413,1413,PGC1187191,SDSS J134020.74+011118.6,1187191.0,,,238960.0,False,True,0.0047
6491,224.142711,1.17922,1918,2133,2133,PGC1186917,WISEA J145634.25+011045.2,1186917.0,2688.0,15179.0,,False,False,0.0071
6492,274.8491,1.17853,2574,2728,2728,PGC202376,2MFGC 14333,202376.0,,,,False,False,0.0091
6493,214.83408,1.16523,2442,2630,2630,PGC051166,CGCG 019-003,51166.0,164820.0,680747.0,241013.0,False,True,0.0088
6494,223.679419,1.16198,1834,2056,2056,PGC135871,WISEA J145443.17+010943.7,135871.0,145696.0,632290.0,242017.0,False,True,0.0069
6495,131.09274,1.16079,1976,2038,2038,GAMA300852,WISEA J084422.21+010938.5,5880815.0,,,,False,False,0.0068
6496,199.297436,1.15235,1199,1421,1421,PGC3298900,WISEA J131711.44+010907.8,3298900.0,163294.0,674393.0,,False,False,0.0047
6497,190.903659,1.15019,809,410,410,PGC1186061,WISEA J124336.85+010901.0,1186061.0,142076.0,628976.0,,False,False,0.0014
6498,225.959552,1.12683,1571,1800,1800,PGC1185375,WISEA J150350.32+010736.4,1185375.0,15348.0,74812.0,,False,False,0.006
6499,211.107288,1.12639,3028,3183,3183,PGC3302747,PGC1 3302747 NED001,3302747.0,164476.0,679392.0,,False,False,0.0106
6500,226.892379,1.1204,1587,1813,1813,PGC1185172,SDSS J150734.14+010714.1,1185172.0,2798.0,15671.0,,False,False,0.006
6501,193.6356,1.1085,2921,3070,3070,PGC3298107,SDSS J125432.32+010632.2,3298107.0,142503.0,629382.0,226721.0,False,True,0.0102
6502,223.78877,1.10064,1714,1943,1943,PGC1184577,WISEA J145509.33+010602.0,1184577.0,2674.0,15150.0,243514.0,False,True,0.0065
6503,153.384881,1.1003,2159,2278,2278,PGC3282143,SDSS J101332.40+010601.4,3282143.0,136832.0,624113.0,,False,False,0.0076
6504,190.619076,1.09763,972,511,511,PGC1184482,SDSS J124228.57+010551.4,1184482.0,1613.0,9074.0,224293.0,False,True,0.0017
6505,167.727798,1.09253,996,1135,846,PGC033959,CGCG 011-018,33959.0,914.0,4736.0,211246.0,False,True,0.0038
6506,178.36423,1.08258,1367,1768,1768,GAMA022651,WISEA J115327.45+010457.5,5865153.0,,,,False,False,0.0059
6507,195.669915,1.07405,903,523,523,PGC045019,UM 538,45019.0,162893.0,672705.0,231868.0,False,True,0.0017
6508,183.406326,1.06374,1529,1968,1968,PGC1183373,SDSS J121337.44+010350.2,1183373.0,140946.0,627937.0,,False,False,0.0066
6509,226.143069,1.03243,2184,2380,2380,NGC5846:[MTT2005]139,WISEA J150434.24+010157.3,4609806.0,145794.0,632364.0,,False,False,0.0079
6510,194.251406,1.02854,2768,2927,2927,UGC08066,UGC 08066,44240.0,14374.0,70098.0,8066.0,False,True,0.0098
6511,186.580446,1.01984,1548,1990,1990,PGC135801,SDSS J122619.20+010111.2,135801.0,161754.0,667766.0,224277.0,False,True,0.0066
6512,225.253554,1.01383,1736,1960,1960,SDSSJ150100.85+010049.8,WISEA J150100.85+010050.7,4016257.0,15362.0,74861.0,,False,False,0.0065
6513,188.627545,1.01151,2260,2468,2468,PGC1181814,WISEA J123430.62+010041.4,1181814.0,1532.0,8695.0,,False,False,0.0082
6514,180.344117,1.00606,1209,1381,1381,SDSSJ120122.61+010021.6,WISEA J120122.58+010021.7,4040315.0,,,,False,False,0.0046
6515,187.8195,0.994,2290,2493,2493,PGC135807,WISEA J123116.74+005939.4,135807.0,141559.0,628491.0,225647.0,False,True,0.0083
6516,177.022314,0.99144,3095,3210,3210,PGC3289858,WISEA J114805.40+005929.5,3289858.0,,6582.0,214976.0,False,True,0.0107
6517,199.300484,0.98558,780,471,471,,WISEA J131712.08+005908.3,,172926.0,698008.0,,False,False,0.0016
6518,148.115561,0.97921,2977,3039,3039,SDSSJ095227.68+005845.5,WISEA J095227.96+005841.7,4216147.0,,,198520.0,False,True,0.0101
6519,225.957856,0.97706,2062,2265,2265,PGC1180802,SDSS J150349.93+005831.7,1180802.0,145779.0,683880.0,252211.0,False,True,0.0076
6520,187.699184,0.97572,2368,2560,2560,PGC1180748,WISEA J123047.75+005832.8,1180748.0,141538.0,628471.0,,False,False,0.0085
6521,146.772999,0.96434,1856,2338,1969,UGC05242,UGC 05242,28101.0,157439.0,648764.0,5242.0,False,True,0.0078
6522,187.726278,0.96413,2321,2519,2519,PGC1180413,WISEA J123054.28+005750.5,1180413.0,141545.0,628478.0,226680.0,False,True,0.0084
6523,225.080082,0.95001,1961,2171,2171,SDSSJ150019.17+005700.3,WISEA J150019.19+005659.6,4443182.0,145749.0,632333.0,,False,False,0.0072
6524,234.869741,0.94355,2981,3140,3140,PGC1179805,WISEA J153928.73+005636.8,1179805.0,125249.0,576666.0,253851.0,False,True,0.0105
6525,154.5933,0.9369,1739,1890,1890,PGC3281551,SDSS J101822.43+005613.1,3281551.0,172267.0,696692.0,,False,False,0.0063
6526,224.47134,0.93426,1893,2108,2108,PGC1179522,2MASX J14575308+0056035,1179522.0,145727.0,632314.0,,False,False,0.007
6527,218.259874,0.92479,664,572,572,,WISEA J143302.57+005530.0,,165183.0,681823.0,,False,False,0.0019
6528,226.099303,0.91839,1657,1882,1882,PGC1179083,PGC1 0053932 NED063,1179083.0,,,,False,False,0.0063
6529,150.292294,0.90851,1267,1362,1362,PGC090975,FGC 0991,90975.0,136392.0,623698.0,191643.0,False,True,0.0045
6530,202.360088,0.9034,3272,3410,3410,UGC08474,UGC 08474,47349.0,,630332.0,8474.0,False,True,0.0114
6531,155.411904,0.90011,701,528,528,PGC1178576,WISEA J102138.91+005359.4,1178576.0,464.0,2256.0,202137.0,False,True,0.0018
6532,133.131033,0.85358,3253,3278,3278,PGC3116940,WISEA J085231.45+005112.7,3116940.0,11907.0,56433.0,,False,False,0.0109
6533,189.760343,0.84969,1594,2006,2006,PGC1177211,WISEA J123902.47+005058.9,1177211.0,1560.0,8820.0,,False,False,0.0067
6534,187.38614,0.83952,2250,2710,2457,UGC07625,UGC 07625,41177.0,161881.0,697510.0,7625.0,False,True,0.009
6535,169.974851,0.83869,1679,1938,1938,PGC3288593,WISEA J111954.09+005020.1,3288593.0,139173.0,626321.0,,False,False,0.0065
6536,227.267892,0.82198,1646,1868,1868,PGC1176385,2MASX J15090433+0049185,1176385.0,2809.0,15726.0,,False,False,0.0062
6537,243.637379,0.82169,1983,2306,2172,UGC10290,UGC 10290,57590.0,,,10290.0,False,True,0.0077
6538,174.152822,0.81677,1102,1204,1007,UGC06578,UGC 06578,35915.0,139877.0,626986.0,6578.0,False,True,0.004
6539,228.132209,0.81258,1866,2077,2077,PGC1176138,WISEA J151231.73+004845.5,1176138.0,2823.0,15816.0,253770.0,False,True,0.0069
6540,129.862459,0.80889,1982,2039,2039,PGC1176036,WISEA J083927.00+004832.0,1176036.0,,,,False,False,0.0068
6541,181.052247,0.80257,2935,3065,3065,PGC1175879,SDSS J120412.53+004809.2,1175879.0,1323.0,7539.0,223256.0,False,True,0.0102
6542,193.552492,0.80256,1193,1388,1388,PGC043888,CGCG 015-035,43888.0,1685.0,9746.0,222350.0,False,True,0.0046
6543,185.140761,0.78807,2120,2346,2346,UGC07396,UGC 07396,39832.0,161525.0,667149.0,7396.0,False,True,0.0078
6544,218.464069,0.77355,2490,2672,2672,,WISEA J143351.40+004620.8,,173235.0,,,False,False,0.0089
6545,145.320962,0.77112,1976,2076,2076,PGC1175027,WISEA J094117.02+004616.2,1175027.0,30.0,195.0,,False,False,0.0069
6546,190.146701,0.7703,1572,1994,1994,PGC1174996,WISEA J124035.20+004613.6,1174996.0,,,226699.0,False,True,0.0067
6547,178.048956,0.74208,2504,2662,2662,PGC1174253,WISEA J115211.76+004431.4,1174253.0,140361.0,627404.0,215991.0,False,True,0.0089
6548,161.234535,0.74086,1613,1809,1809,PGC1174229,SDSS J104456.28+004427.0,1174229.0,137959.0,625184.0,204970.0,False,True,0.006
6549,227.282879,0.72469,1656,1877,1877,SDSSJ150907.83+004329.7,SDSS J150907.83+004329.7,4005496.0,2807.0,15713.0,253747.0,False,True,0.0063
6550,235.498184,0.71295,1915,2027,2113,UGC09977,UGC 09977,55821.0,2977.0,16808.0,9977.0,False,True,0.0068
6551,242.494531,0.70953,2003,2275,2191,NGC6070,NGC 6070,57345.0,,,10230.0,False,True,0.0076
6552,225.262947,0.70765,1731,1953,1953,PGC053636,MRK 1390,53636.0,165858.0,683820.0,241031.0,False,True,0.0065
6553,234.605832,0.70056,2972,3131,3131,AGC258573,AGC 258573,5808127.0,,,258573.0,False,True,0.0104
6554,144.738013,0.6927,2076,2588,2169,SDSSJ093857.11+004134.0,SDSS J093857.12+004133.5,4017364.0,,,193675.0,False,True,0.0086
6555,189.233754,0.69065,2543,2715,2715,PGC1172855,WISEA J123656.07+004125.6,1172905.0,141722.0,628641.0,226695.0,False,True,0.0091
6556,220.452834,0.68696,1887,1490,2109,UGC09470,UGC 09470,52495.0,165427.0,682788.0,9470.0,False,True,0.005
6557,181.738012,0.66295,1330,1763,1763,PGC3291470,SDSS J120657.12+003946.5,3291470.0,,,226593.0,False,True,0.0059
6558,220.695831,0.66185,1801,3184,2028,UGC09482,UGC 09482,52558.0,145464.0,581441.0,9482.0,False,True,0.0106
6559,196.201218,0.65522,2238,2451,2451,,WISEA J130448.22+003919.4,,162951.0,672998.0,,False,False,0.0082
6560,220.593268,0.65171,2009,2221,2221,GAMA016888,SDSS J144222.38+003906.1,5897848.0,,,,False,False,0.0074
6561,226.675113,0.63445,2260,2450,2450,PGC1171244,WISEA J150642.05+003803.3,1171244.0,2750.0,15440.0,,False,False,0.0082
6562,147.422647,0.62111,1884,1995,1995,NGC3018,NGC 3018,28258.0,136109.0,623435.0,5265.0,False,True,0.0067
6563,220.264416,0.61958,2838,3001,3001,PGC135859,LSBC F867-19,135859.0,145434.0,632064.0,243745.0,False,True,0.01
6564,147.469026,0.61817,1906,2192,2017,NGC3023,NGC 3023,28272.0,136112.0,623438.0,5269.0,False,True,0.0073
6565,123.21,0.61667,1771,1819,1819,AGC189095,GALEXASC J081250.32+003700.9,5807802.0,,,189095.0,False,True,0.0061
6566,174.572341,0.61337,948,648,648,PGC1170677,WISEA J113817.41+003648.2,1170677.0,1178.0,6254.0,213171.0,False,True,0.0022
6567,122.350163,0.60948,1804,1694,1850,UGC04254,UGC 04254,22894.0,134885.0,622347.0,4254.0,False,True,0.0057
6568,190.678707,0.59231,1049,694,694,PGC1170050,WISEA J124242.93+003532.4,1170050.0,142013.0,628915.0,,False,False,0.0023
6569,174.62465,0.58542,923,612,612,PGC3290826,GALEXASC J113830.03+003509.2,3290826.0,,,,False,False,0.002
6570,148.318689,0.58202,929,889,889,PGC3279902,WISEA J095316.52+003455.4,3279902.0,157524.0,648927.0,,False,False,0.003
6571,172.43985,0.5735,1109,1049,1049,PGC3287557,GALEXASC J112945.58+003424.8,3287557.0,139536.0,626657.0,,False,False,0.0035
6572,186.428244,0.57266,2146,2506,2368,NGC4385,NGC 4385,40564.0,161726.0,667697.0,7515.0,False,True,0.0084
6573,186.052209,0.56671,2051,2437,2291,PGC040329,DDO 121,40329.0,161659.0,667548.0,220508.0,False,True,0.0081
6574,217.157512,0.55308,1548,1876,1800,PGC051719,CGCG 019-041,51719.0,2401.0,13891.0,241548.0,False,True,0.0063
6575,185.273794,0.55281,2144,2364,2364,PGC039902,CGCG 014-014,39902.0,141203.0,628168.0,221540.0,False,True,0.0079
6576,238.579945,0.54304,2038,1561,2227,NGC6010,NGC 6010,56337.0,146486.0,632934.0,10081.0,False,True,0.0052
6577,229.737687,0.51566,2094,2288,2288,PGC1168006,WISEA J151857.06+003057.1,1168006.0,2879.0,16216.0,,False,False,0.0076
6578,146.723729,0.50693,1776,2264,1889,UGC05238,UGC 05238,28087.0,59.0,315.0,5238.0,False,True,0.0076
6579,198.898898,0.49224,3054,3197,3197,PGC046134,CGCG 016-033,46134.0,143193.0,581231.0,231315.0,False,True,0.0107
6580,178.798626,0.48773,3221,3331,3331,UGC06890,UGC 06890,37407.0,140437.0,627468.0,6890.0,False,True,0.0111
6581,235.580748,0.47464,1963,1964,2158,UGC09979,UGC 09979,55833.0,146349.0,632809.0,9979.0,False,True,0.0066
6582,227.45586,0.4701,2074,2051,2272,NGC5869,NGC 5869,54119.0,145879.0,632438.0,,True,False,0.0068
6583,191.119886,0.4681,1177,1445,1288,UGC07911,UGC 07911,42910.0,1619.0,9149.0,7911.0,False,True,0.0048
6584,185.279317,0.46132,1894,2173,2173,PGC1166504,WISEA J122107.04+002740.9,1166504.0,1438.0,8191.0,222661.0,False,True,0.0072
6585,234.068336,0.45889,2960,3118,3118,AGC258585,GALEXASC J153616.48+002735.7,5808125.0,,,258585.0,False,True,0.0104
6586,190.201989,0.44912,1817,2125,2125,PGC1166209,SDSS J124048.45+002655.5,1166209.0,141879.0,628788.0,,False,False,0.0071
6587,184.38629,0.44622,3082,3207,3207,GAMA085908,SDSS J121732.70+002646.3,5835216.0,,,,False,False,0.0107
6588,184.483509,0.43612,936,1321,491,UGC07332,UGC 07332,39474.0,141080.0,580737.0,7332.0,False,True,0.0044
6589,192.6444,0.4339,2218,2432,2432,PGC3295140,WISEA J125034.62+002602.3,3295140.0,172749.0,697653.0,,False,False,0.0081
6590,225.983089,0.42922,1592,1703,1816,PGC087108,PGC1 0053932 NED076,87108.0,145780.0,632355.0,252519.0,False,True,0.0057
6591,185.791424,0.42699,2421,2600,2600,PGC1165632,WISEA J122309.92+002537.2,1165632.0,1443.0,8223.0,,False,False,0.0087
6592,147.630395,0.40747,1897,2007,2007,SDSSJ095031.29+002427.0,SDSS J095031.29+002427.0,4017428.0,100.0,606.0,,False,False,0.0067
6593,188.117463,0.38885,1515,1807,1965,,NGC 4517A,,1498.0,628532.0,7685.0,False,True,0.006
6594,188.4941,0.3867,1559,1984,1984,PGC1164663,GALEXASC J123358.69+002312.9,1164663.0,141645.0,628571.0,,False,False,0.0066
6595,233.900556,0.3753,2045,2237,2237,PGC1164369,WISEA J153536.15+002230.5,1164369.0,4737.0,,253845.0,False,True,0.0075
6596,134.169495,0.37501,2518,2564,2564,UGC04684,UGC 04684,25128.0,11891.0,56371.0,4684.0,False,True,0.0086
6597,172.344383,0.37204,1678,1953,1953,PGC1164263,SDSS J112922.69+002218.1,1164263.0,139522.0,626644.0,,False,False,0.0065
6598,147.911215,0.36948,1900,1824,2011,PGC135728,LSBC L1-097,135728.0,136142.0,623463.0,193721.0,False,True,0.0061
6599,185.088357,0.36689,901,462,462,PGC039799,CGCG 014-010,39799.0,141176.0,628145.0,221539.0,False,True,0.0015
6600,183.156952,0.35891,2302,2492,2492,PGC3294258,GALEXASC J121237.63+002130.3,3294258.0,140921.0,627916.0,,False,False,0.0083
6601,199.588999,0.3468,1320,1679,1679,EVCC2264,WISEA J131821.53+002056.2,5098418.0,,,,False,False,0.0056
6602,145.513824,0.33647,1892,2317,1995,NGC2967,NGC 2967,27723.0,32.0,217.0,5180.0,False,True,0.0077
6603,218.118742,0.29403,1620,1733,1865,UGC09348,UGC 09348,51957.0,2473.0,14284.0,9348.0,True,True,0.0058
6604,189.872355,0.2852,2988,3125,3125,PGC1161933,WISEA J123929.36+001706.4,1161933.0,1555.0,8809.0,,False,False,0.0104
6605,185.021286,0.26573,2081,2311,2311,GAMA611506,SDSS J122005.10+001556.4,5834125.0,,,,False,False,0.0077
6606,188.150475,0.26248,1037,644,644,PGC1161319,WISEA J123236.19+001544.6,1161319.0,,,,False,False,0.0021
6607,201.926566,0.24212,2910,3062,3062,,WISEA J132742.23+001432.2,,143498.0,630299.0,,False,False,0.0102
6608,215.539355,0.22661,2313,2505,2505,,WISEA J142209.45+001335.7,,164892.0,680985.0,,False,False,0.0084
6609,226.642578,0.21556,2006,2208,2208,SDSSJ150634.25+001255.6,SDSS J150634.24+001255.7,4005431.0,145826.0,632394.0,,False,False,0.0074
6610,189.32835,0.21331,863,443,443,PGC1159978,WISEA J123718.77+001247.8,1159978.0,141738.0,628657.0,,False,False,0.0015
6611,184.857769,0.21257,864,1000,445,PGC091191,FGC 1412,91191.0,141140.0,628113.0,222659.0,False,True,0.0033
6612,220.06363,0.20674,1868,2089,2089,PGC1159795,SDSS J144015.27+001224.1,1159795.0,2519.0,14624.0,243743.0,False,True,0.007
6613,176.3979,0.20173,1427,1784,1784,GAMA069753,WISEA J114535.51+001205.9,5833409.0,,,,False,False,0.006
6614,218.286612,0.20054,1631,1873,1873,GAMA078724,WISEA J143308.88+001201.8,5871070.0,,,,False,False,0.0062
6615,178.735611,0.18501,1123,1020,1020,AGC219433,WISEA J115456.64+001104.8,5807982.0,,,219433.0,False,True,0.0034
6616,178.55113,0.13664,1135,1279,1068,IC0745,IC 0745,37339.0,1286.0,7138.0,6877.0,False,True,0.0043
6617,140.31666,0.11736,1772,1860,1860,GAMA210916,WISEA J092116.03+000703.1,5876749.0,,,,False,False,0.0062
6618,193.802644,0.1166,1321,1140,1752,UGC08041,UGC 08041,44014.0,1654.0,9608.0,8041.0,False,True,0.0038
6619,188.189482,0.11453,1127,723,995,NGC4437,NGC 4517,41618.0,,,7694.0,False,True,0.0024
6620,187.2663,0.1037,1198,1358,1358,PGC083543,2dFGRS N320Z113,83543.0,141476.0,628412.0,225760.0,False,True,0.0045
6621,177.218241,0.09804,2542,2692,2692,GAMA069890,SDSS J114852.37+000552.9,5869651.0,,,,False,False,0.009
6622,226.670693,0.07674,1663,1881,1881,PGC1156476,WISEA J150640.95+000436.3,1156476.0,2796.0,15668.0,,False,False,0.0063
6623,183.06138,0.07231,2346,2529,2529,PGC038886,MRK 1313,38886.0,1380.0,7877.0,221482.0,False,True,0.0084
6624,186.128359,0.07107,2058,2294,2294,PGC040393,WISEA J122430.79+000417.0,40393.0,,,225756.0,False,True,0.0077
6625,166.167558,0.05822,839,612,612,PGC135770,SDSS J110440.08+000329.6,135770.0,138688.0,625869.0,,False,False,0.002
6626,219.927684,0.0562,1718,1950,1950,PGC1155970,WISEA J143942.60+000322.5,1155970.0,2515.0,14609.0,243741.0,False,True,0.0065
6627,112.847546,0.05337,1456,1488,1488,UGC03895,UGC 03895,21201.0,134540.0,622039.0,,False,False,0.005
6628,190.615637,0.0481,1530,1959,1959,PGC1155762,SDSS J124227.74+000253.5,1155762.0,1590.0,8987.0,,False,False,0.0065
6629,164.371325,0.04652,1352,1534,1534,,WISEA J105729.10+000247.7,,159026.0,,,False,False,0.0051
6630,149.626999,0.04535,1897,2013,2013,MGC97052,WISEA J111223.93-001911.9,6688824.0,162.0,870.0,191629.0,False,True,0.0067
6631,145.112332,0.04299,1887,1987,1987,PGC027603,WISEA J094026.90+000232.4,27603.0,,,191708.0,False,True,0.0066
6632,163.202681,0.03453,1810,1455,1997,PGC032664,CGCG 010-041,32664.0,721.0,3874.0,201665.0,False,True,0.0049
6633,187.495202,0.02721,2415,2595,2595,PGC083546,WISEA J122958.90+000137.8,83546.0,1484.0,8456.0,222433.0,False,True,0.0087
6634,218.194792,0.02552,1613,1855,1855,PGC3305620,WISEA J143246.75+000131.3,3305620.0,,,,False,False,0.0062
6635,130.734127,0.01592,3055,3077,3077,GAMA208908,WISEA J084256.16+000056.8,5876334.0,,,,False,False,0.0103
6636,198.959201,0.01384,3112,3250,3250,PGC3299628,WISEA J131550.27+000048.8,3299628.0,,,238957.0,False,True,0.0108
6637,217.394166,-0.01827,1550,2197,1797,UGC09299,UGC 09299,51780.0,2349.0,13685.0,9299.0,False,True,0.0073
6638,163.16923,-0.02118,1772,1963,1963,[RDS2004]J105240.54-000115.9,GALEXASC J105240.64-000116.1,4611391.0,138254.0,625462.0,,False,False,0.0065
6639,180.198752,-0.02336,1941,2317,2190,UGC06998,NGC 4030b,37889.0,,627630.0,6998.0,False,True,0.0077
6640,177.378648,-0.02546,1812,2083,2083,PGC3289704,WISEA J114930.88-000131.0,3289704.0,160617.0,663636.0,,False,False,0.0069
6641,219.694347,-0.02717,1832,2056,2056,PGC3305367,GALEXASC J143846.64-000137.7,3305367.0,,,540925.0,False,True,0.0069
6642,165.660472,-0.02748,719,476,476,,WISEA J110238.51-000138.7,,159182.0,,,False,False,0.0016
6643,195.244342,-0.02757,1187,1442,1350,NGC4904,NGC 4904,44846.0,1659.0,9640.0,8121.0,False,True,0.0048
6644,151.495304,-0.028,2940,3006,3006,,WISEA J100558.87-000140.8,,172171.0,696539.0,,False,False,0.01
6645,166.453122,-0.03476,802,853,563,NGC3521,NGC 3521,33550.0,138723.0,,6150.0,False,True,0.0028
6646,130.486179,-0.06008,3049,3070,3070,PGC1152929,SDSS J084156.67-000335.4,1152929.0,11835.0,56161.0,,False,False,0.0102
6647,190.634704,-0.08179,1720,1183,2058,NGC4632,NGC 4632,42689.0,162275.0,669759.0,7870.0,False,True,0.0039
6648,193.521432,-0.10122,956,575,575,PGC135814,WISEA J125405.12-000604.3,135814.0,1629.0,9289.0,,False,False,0.0019
6649,147.352242,-0.10797,1970,2073,2073,SDSSJ094924.51-000628.7,SDSS J094924.48-000628.6,4214205.0,,,,False,False,0.0069
6650,181.27969,-0.11052,2486,2648,2648,PGC3292163,WISEA J120507.10-000638.5,3292163.0,140725.0,627736.0,,False,False,0.0088
6651,242.433132,-0.11515,1506,1704,1704,UGC10229,UGC 10229,57338.0,,,10229.0,False,True,0.0057
6652,191.867973,-0.13819,1019,662,662,PGC3295235,SDSS J124728.35-000817.5,3295235.0,142318.0,629208.0,,False,False,0.0022
6653,189.979414,-0.13878,3053,3184,3184,PGC1150986,SDSS J123955.06-000819.4,1150986.0,1510.0,8539.0,222694.0,False,True,0.0106
6654,211.408145,-0.13889,941,904,904,,NSA 144483,,144483.0,631186.0,,False,False,0.003
6655,160.730994,-0.14028,2364,2484,2484,PGC1150932,WISEA J104255.43-000825.1,1150932.0,589.0,3031.0,,False,False,0.0083
6656,102.373779,-0.1509,2693,2684,2684,HIZOAJ0649-00,HIZOA J0649-00,5806768.0,,,,False,False,0.009
6657,215.141526,-0.15487,1609,1861,1861,PGC1150546,GALEXASC J142034.09-000917.2,1150546.0,144907.0,631583.0,,False,False,0.0062
6658,221.315943,-0.15959,1660,1889,1889,PGC1150429,LCSB F0044N,1150429.0,2579.0,14784.0,241947.0,False,True,0.0063
6659,193.141944,-0.16787,1021,693,693,PGC1150193,WISEA J125234.11-001004.7,1150193.0,142460.0,629342.0,,False,False,0.0023
6660,222.102699,-0.17362,2350,2533,2533,PGC1150067,WISEA J144824.65-001024.9,1150067.0,,,,False,False,0.0084
6661,148.171717,-0.18326,2926,2985,2985,UGC05299,UGC 05299,28463.0,136156.0,623476.0,,False,False,0.01
6662,219.999562,-0.18613,1859,2079,2079,PGC135858,GALEXASC J143959.93-001110.1,135858.0,145417.0,632047.0,,False,False,0.0069
6663,204.629441,-0.19159,599,376,376,,2dFGRS N335Z195,,163807.0,676520.0,,False,False,0.0013
6664,214.838729,-0.20557,660,528,528,,2MASS J14192128-0012201,,173199.0,,,False,False,0.0018
6665,193.906447,-0.20639,2931,3073,3073,PGC214039,SDSS J125537.58-001222.3,214039.0,1626.0,9273.0,,False,False,0.0103
6666,243.603202,-0.20743,2044,2306,2226,UGC10288,UGC 10288,57582.0,146838.0,633253.0,10288.0,False,True,0.0077
6667,221.546359,-0.22297,1660,2329,1889,NGC5750,NGC 5750,52735.0,165536.0,683144.0,,False,False,0.0078
6668,192.519806,-0.23252,754,406,406,PGC135809,SDSS J125004.75-001357.6,135809.0,142424.0,629308.0,,False,False,0.0014
6669,193.91289,-0.26434,1113,853,1023,UGC08048,UGC 08048,44066.0,1672.0,629412.0,,False,False,0.0028
6670,146.472673,-0.26831,1848,1953,1953,IC0560,IC 0560,27998.0,136079.0,623408.0,,False,False,0.0065
6671,181.361088,-0.28225,1342,1740,1740,PGC3111475,WISEA J120526.62-001656.9,3111475.0,1315.0,7416.0,,False,False,0.0058
6672,183.437826,-0.28265,917,501,501,PGC3294233,SDSS J121345.08-001657.5,3294233.0,140950.0,627941.0,,False,False,0.0017
6673,220.047953,-0.289,1948,1603,2161,NGC5713,NGC 5713,52412.0,165392.0,682644.0,,False,False,0.0053
6674,176.752995,-0.29416,1468,1821,1821,PGC036750,UM 452,36750.0,160553.0,663350.0,,False,False,0.0061
6675,219.919871,-0.30262,1820,2043,2043,PGC135857,SDSS J143940.66-001809.1,135857.0,165375.0,682580.0,,False,False,0.0068
6676,222.918676,-0.30739,570,493,493,,WISEA J145140.50-001826.6,,173237.0,,,False,False,0.0016
6677,220.234844,-0.31817,1727,1875,1955,NGC5719,NGC 5719,52455.0,2493.0,14398.0,,False,False,0.0063
6678,220.87926,-0.32693,3287,3429,3429,SDSSJ144331.02-001936.9,SDSS J144331.02-001936.9,6754734.0,,,,False,False,0.0114
6679,251.996592,-0.32922,2351,2516,2516,PGC1146040,WISEA J164759.11-001946.2,1146040.0,,,,False,False,0.0084
6680,218.725848,-0.34263,1801,2027,2027,PGC1145728,WISEA J143454.19-002033.9,1145728.0,2433.0,14061.0,,False,False,0.0068
6681,227.696778,-0.34828,2159,2348,2348,PGC054159,CGCG 021-030,54159.0,2787.0,15620.0,,False,False,0.0078
6682,234.064495,-0.34936,2982,3135,3135,PGC1145574,WISEA J153615.51-002057.5,1145574.0,4685.0,26680.0,,False,False,0.0105
6683,220.691286,-0.35118,1702,1867,1930,NGC5733,NGC 5733,52550.0,2492.0,14382.0,,False,False,0.0062
6684,190.036785,-0.35143,1699,2044,2044,PGC1145528,6dF J1240088-002104,1145528.0,141837.0,8510.0,,False,False,0.0068
6685,147.176368,-0.35405,1884,1989,1989,PGC1145436,WISEA J094842.34-002114.4,1145436.0,2.0,14.0,,False,False,0.0066
6686,199.302561,-0.36432,3118,3254,3254,PGC1145176,SDSS J131712.54-002152.2,1145176.0,163295.0,674396.0,,False,False,0.0109
6687,220.750968,-0.38324,1740,1965,1965,PGC135860,2dFGRS N348Z124,135860.0,145467.0,632089.0,,False,False,0.0066
6688,215.599054,-0.38763,1650,1574,1897,NGC5584,NGC 5584,51344.0,164896.0,681006.0,,False,False,0.0053
6689,219.472221,-0.39888,1922,2040,2137,NGC5691,NGC 5691,52291.0,,,,False,False,0.0068
6690,202.355092,-0.39911,3237,3370,3370,UGC08473,UGC 08473,47354.0,1843.0,11086.0,,False,False,0.0112
6691,187.508789,-0.41055,2488,2658,2658,PGC1143998,WISEA J123002.11-002438.1,1143998.0,141505.0,628439.0,,False,False,0.0089
6692,125.358434,-0.41896,1813,1859,1859,UGC04358,UGC 04358,23451.0,135020.0,622470.0,,False,False,0.0062
6693,252.034605,-0.42055,2338,2503,2503,PGC3082690,2MASX J16480830-0025136,3082690.0,,,,False,False,0.0083
6694,191.192,-0.42861,1375,1835,1835,PGC3295333,SDSS J124446.12-002544.5,3295333.0,142155.0,629052.0,,False,False,0.0061
6695,191.449618,-0.43223,1667,2022,2022,PGC1143451,SDSS J124547.89-002556.0,1143451.0,1570.0,8931.0,,False,False,0.0067
6696,125.428293,-0.43345,1814,1860,1860,PGC213476,WISEA J082142.73-002559.8,213476.0,135023.0,622473.0,,False,False,0.0062
6697,146.61898,-0.43431,1810,1916,1916,PGC1143397,WISEA J094628.55-002603.5,1143397.0,9.0,54.0,,False,False,0.0064
6698,190.763746,-0.44049,1079,832,832,PGC1143249,WISEA J124303.21-002626.6,1143249.0,142031.0,628932.0,,False,False,0.0028
6699,185.12631,-0.45071,1967,2218,2218,PGC1143004,[ATS2004] 0819,1143004.0,,,,False,False,0.0074
6700,191.285978,-0.46188,1518,1291,1940,NGC4666,NGC 4666,42975.0,142185.0,629082.0,,False,False,0.0043
6701,177.245586,-0.47099,1649,1962,1962,PGC3289762,SDSS J114858.93-002815.5,3289762.0,140296.0,627353.0,,False,False,0.0065
6702,190.88136,-0.47861,2668,2824,2824,PGC3295391,WISEA J124331.55-002843.3,3295391.0,142066.0,628966.0,,False,False,0.0094
6703,181.332915,-0.48018,1371,1777,1777,PGC1142295,WISEA J120519.92-002848.3,1142295.0,1314.0,7409.0,,False,False,0.0059
6704,178.55056,-0.48221,1822,2092,2092,PGC1142230,WISEA J115412.06-002856.4,1142230.0,140417.0,627449.0,,False,False,0.007
6705,220.589833,-0.48796,2878,3034,3034,PGC3305249,WISEA J144221.58-002915.9,3305249.0,145456.0,632079.0,,False,False,0.0101
6706,134.012606,-0.48976,2693,2728,2728,PGC1142061,WISEA J085603.01-002923.6,1142061.0,11886.0,56355.0,,False,False,0.0091
6707,220.698666,-0.49839,1786,2008,2008,PGC1141860,WISEA J144247.75-002954.2,1141860.0,2582.0,14803.0,,False,False,0.0067
6708,189.828048,-0.53189,1067,871,780,NGC4592,NGC 4592,42336.0,162180.0,669229.0,,False,False,0.0029
6709,188.283045,-0.53288,740,389,389,PGC041667,UGCA 285,41667.0,141621.0,628550.0,,False,False,0.0013
6710,191.383203,-0.53551,1623,1205,1995,NGC4668,NGC 4668,42999.0,171348.0,695034.0,,False,False,0.004
6711,177.641736,-0.53782,1834,2096,2096,PGC1140900,UM 456A,1140900.0,1235.0,6759.0,,False,False,0.007
6712,190.962215,-0.56122,2623,2910,2782,NGC4653,NGC 4653,42847.0,1578.0,8960.0,,False,False,0.0097
6713,220.097058,-0.56232,1784,2007,2007,PGC1140314,SDSS J144023.28-003344.3,1140314.0,2495.0,14418.0,,False,False,0.0067
6714,183.066393,-0.56479,2293,2479,2479,PGC1140236,WISEA J121215.91-003353.6,1140236.0,140906.0,627902.0,,False,False,0.0083
6715,177.651476,-0.56722,1752,2036,2036,PGC037019,UM 456,37019.0,140331.0,627382.0,,False,False,0.0068
6716,189.2162,-0.58776,2564,2727,2727,PGC1139671,WISEA J123651.87-003516.7,1139671.0,1514.0,8591.0,,False,False,0.0091
6717,162.256358,-0.64042,1844,2018,2018,UGC05922,UGC 05922,32351.0,738.0,3933.0,,False,False,0.0067
6718,146.007894,-0.64226,1449,1550,1550,PGC027864,CGCG 007-025,27864.0,7.0,50.0,,False,False,0.0052
6719,190.823995,-0.64431,2646,3056,2803,NGC4642,NGC 4642,42791.0,142045.0,628945.0,,False,False,0.0102
6720,195.797424,-0.64561,3180,3308,3308,,SDSS J130311.09-003841.8,,,697871.0,,False,False,0.011
6721,195.798451,-0.64827,3180,3308,3308,,WISEA J130311.61-003853.7,,172843.0,,,False,False,0.011
6722,146.02999,-0.65832,1503,1607,1607,UGC05205,UGC 05205,27875.0,136055.0,623385.0,,False,False,0.0054
6723,178.198003,-0.66878,1379,1733,1733,PGC037227,UM 463,37227.0,1226.0,6692.0,,False,False,0.0058
6724,183.944781,-0.68004,1124,987,987,PGC3294175,SDSS J121546.20-004045.6,3294175.0,,,,False,False,0.0033
6725,146.192611,-0.68843,1228,1296,1296,PGC1137164,SDSS J094446.22-004118.2,1137164.0,6.0,49.0,,False,False,0.0043
6726,181.259112,-0.69235,1329,1699,1699,PGC1137065,WISEA J120502.13-004132.9,1137065.0,,,,False,False,0.0057
6727,219.957401,-0.71842,1760,1991,1984,NGC5705,NGC 5705,52395.0,145409.0,581437.0,,False,False,0.0066
6728,190.371552,-0.71986,1175,1251,1251,PGC1136400,WISEA J124129.12-004311.3,1136400.0,1597.0,9001.0,,False,False,0.0042
6729,220.021726,-0.72255,1877,2092,2092,PGC214314,WISEA J144005.23-004321.1,214314.0,145419.0,632049.0,,False,False,0.007
6730,170.284989,-0.73832,659,391,391,,WISEA J112108.41-004417.8,,159654.0,,,False,False,0.0013
6731,219.984355,-0.74417,1760,1984,1984,PGC214313,SDSS J143956.60-004439.3,214313.0,145415.0,632045.0,,False,False,0.0066
6732,114.78931,-0.7601,1464,1495,1495,PGC021494,PGC1 0021494 NED001,21494.0,,,,False,False,0.005
6733,194.279322,-0.80765,2821,2967,2967,PGC1134210,WISEA J125706.88-004826.0,1134210.0,1669.0,9691.0,,False,False,0.0099
6734,211.276626,-0.81008,1409,1674,1674,PGC3302700,WISEA J140506.41-004836.3,3302700.0,164503.0,679459.0,,False,False,0.0056
6735,193.221659,-0.82267,1426,1855,1855,PGC1133831,SDSS J125253.19-004921.3,1133831.0,1683.0,9728.0,,False,False,0.0062
6736,170.937849,-0.83844,2878,2984,2984,PGC1133411,2dFGRS N304Z017,1133411.0,139331.0,626468.0,,False,False,0.01
6737,183.578137,-0.84757,2044,2272,2272,PGC3294218,WISEA J121418.77-005051.2,3294218.0,140968.0,627959.0,,False,False,0.0076
6738,226.125726,-0.8514,1820,2485,2027,UGC09682,UGC 09682,53802.0,145791.0,581383.0,,False,False,0.0083
6739,168.751781,-0.85445,1003,847,847,,SDSS J111500.42-005115.9,,159506.0,658658.0,,False,False,0.0028
6740,194.938116,-0.87123,1232,1486,1486,PGC1132599,WISEA J125945.16-005215.9,1132599.0,1661.0,9648.0,,False,False,0.005
6741,208.843314,-0.87706,1379,1653,1653,PGC3303692,WISEA J135522.37-005236.7,3303692.0,144087.0,630825.0,,False,False,0.0055
6742,186.727611,-0.87757,2128,1652,2344,NGC4355,NGC 4355,40762.0,1465.0,8343.0,,False,False,0.0055
6743,243.370638,-0.88325,2098,2275,2275,PGC057527,VV 370,57527.0,3963.0,23077.0,,False,False,0.0076
6744,186.768684,-0.90591,2202,2405,2405,PGC040790,VV 655,40790.0,1464.0,628338.0,,False,False,0.008
6745,170.829651,-0.92251,2616,3038,2740,UGC06402,UGC 06402,34967.0,139316.0,626453.0,,False,False,0.0101
6746,189.032079,-0.98829,959,553,553,PGC1129667,SDSS J123607.69-005917.4,1129667.0,141698.0,628617.0,,False,False,0.0018
6747,176.283439,-0.98833,1165,1182,1182,PGC1129663,GALEXASC J114508.00-005919.8,1129663.0,140199.0,627271.0,,False,False,0.0039
6748,171.801039,-0.99464,966,737,737,UGC06457,UGC 06457,35227.0,1072.0,5750.0,,False,False,0.0025
6749,199.428499,-1.0013,1243,1791,1495,PGC046306,UM 559,46306.0,143246.0,630067.0,,False,False,0.006
6750,223.928771,-1.00887,1855,2063,2063,PGC053365,CGCG 020-032,53365.0,2625.0,14957.0,,False,False,0.0069
6751,227.389956,-1.02152,1857,2059,2059,PGC1128787,WISEA J150933.61-010117.4,1128787.0,35627.0,171894.0,,False,False,0.0069
6752,211.01685,-1.0284,2099,2308,2308,PGC3302807,WISEA J140404.08-010142.4,3302807.0,164464.0,679341.0,,False,False,0.0077
6753,199.442701,-1.03769,1285,1586,1586,PGC1128365,UM 559A,1128365.0,143248.0,581218.0,,False,False,0.0053
6754,190.011531,-1.05,1594,1974,1974,PGC1128047,WISEA J124002.73-010258.3,1128047.0,1602.0,9014.0,,False,False,0.0066
6755,272.67562,-1.07412,2102,2257,2257,HIPASSJ1810-01,HIPASS J1810-01,4614839.0,,,,False,False,0.0075
6756,224.594497,-1.09103,1924,1823,2126,NGC5792,NGC 5792,53499.0,145729.0,632316.0,,False,False,0.0061
6757,225.005416,-1.09115,1886,2090,2090,PGC053577,CGCG 020-040,53577.0,35574.0,171561.0,,False,False,0.007
6758,188.04047,-1.09513,2368,2548,2548,PGC1126897,SDSS J123209.67-010543.0,1126897.0,141591.0,628521.0,,False,False,0.0085
6759,180.098356,-1.10007,1462,1901,1842,NGC4030,NGC 4030,37845.0,140594.0,627617.0,,False,False,0.0063
6760,216.287421,-1.11346,2645,2808,2808,PGC051495,CGCG 019-019,51495.0,2367.0,13767.0,,False,False,0.0094
6761,208.226907,-1.11462,1379,2434,1654,NGC5334,NGC 5334,49308.0,1958.0,12064.0,,False,False,0.0081
6762,178.54857,-1.13178,3298,3395,3395,GAMA031130,WISEA J115411.31-010751.5,5950641.0,,627448.0,,False,False,0.0113
6763,212.907674,-1.15788,1534,1702,1792,NGC5496,NGC 5496,50676.0,144661.0,631360.0,,False,False,0.0057
6764,134.4885,-1.15839,2754,2785,2785,PGC1125333,WISEA J085757.23-010929.9,1125333.0,135583.0,622994.0,,False,False,0.0093
6765,212.180385,-1.16165,1538,1799,1799,IC0976,IC 0976,50479.0,35229.0,12656.0,,False,False,0.006
6766,165.659394,-1.164,3260,3336,3336,PGC1125203,SDSS J110238.16-010949.8,1125203.0,138625.0,625812.0,,False,False,0.0111
6767,191.557992,-1.17836,2728,2876,2876,PGC1124896,WISEA J124613.96-011041.9,1124896.0,142249.0,629144.0,,False,False,0.0096
6768,193.091586,-1.19958,1243,1238,1515,NGC4753,NGC 4753,43671.0,142457.0,,,False,False,0.0041
6769,190.789873,-1.20955,3073,3199,3199,PGC1124206,WISEA J124309.57-011234.2,1124206.0,1567.0,8917.0,,False,False,0.0107
6770,190.738627,-1.22938,3214,2994,3332,UGC07883,UGC 07883,42747.0,1568.0,8920.0,,False,False,0.01
6771,215.627868,-1.2294,1745,1979,1979,PGC1123741,WISEA J142230.70-011345.2,1123741.0,144960.0,631635.0,,False,False,0.0066
6772,163.18935,-1.2314,929,779,779,PGC3286596,WISEA J105245.44-011353.0,3286596.0,138257.0,625465.0,,False,False,0.0026
6773,191.587486,-1.25013,2779,2923,2923,PGC1123239,WISEA J124620.96-011500.3,1123239.0,1564.0,8840.0,,False,False,0.0098
6774,186.594532,-1.25427,1983,2227,2227,PGC040683,UM 501,40683.0,141357.0,628312.0,,False,False,0.0074
6775,175.939841,-1.2766,1700,1980,1980,GAMA143446,GAMA 143446,5874065.0,,,,False,False,0.0066
6776,170.0766,-1.2806,2758,2868,2868,PGC3288547,WISEA J112018.30-011650.6,3288547.0,159635.0,659271.0,,False,False,0.0096
6777,183.4117,-1.29353,2430,2595,2595,PGC1122171,WISEA J121338.81-011736.9,1122171.0,140947.0,627938.0,,False,False,0.0087
6778,187.442571,-1.29511,2260,2453,2453,PGC135806,WISEA J122946.30-011741.6,135806.0,3481.0,19673.0,,False,False,0.0082
6779,180.296207,-1.29612,1487,1177,1861,UGC07000,UGC 07000,37914.0,171514.0,695480.0,,False,False,0.0039
